GO Terms Level 1,GO Terms Description,GO Terms Level,GO Terms ID,Mapping,Background,All Mapping,All Background,Fold Enrichment,Fisher's exact test p value,-log10(p value),Related proteins
Cellular Component,intracellular anatomical structure,2,GO:0005622,200,2485,257,2784,0.87,1.779215307937504e-08,7.75,A0A8V0ZBM0 A0A8V1A9L3 F1NBR3 A0A8V0ZRZ8 A0A8V1ABA3 A0A8V1AEJ4 A0A8V0XEP8 A0A8V0Z4R1 A0A8V0ZAP5 A0A1D5NTR5 A0A8V0YGN2 A0A8V0YDT5 A0A3Q2UHS2 R4GGQ4 P15120 A0A1D5PBZ8 A0A8V0YQU2 A0A8V0ZEJ3 A0A8V1ACV0 A0A8V0ZSC5 A0A8V0YTK5 A0A1D5P480 A0A8V0XXW6 A0A1L1RX77 A0A8V0XPE8 A0A8V0YW57 Q5ZJ73 A0A8V0X7J6 A0A8V1A7R0 E1C0K5 A0A8V0Y3L3 A0A8V0Z0B9 A0A8V0Y4Q2 A0A8V1A3N1 A0A8V0Y579 A0A8V0X7P4 A0A8V0Z086 A0A8V0Y9F8 A0A8V0XE48 A0A8V0Y699 A0A1L1S0X5 A0A8V0YXI7 A0A8V0YYQ9 A0A8V0XXK8 A0A8V0Y2G8 Q92182 A0A8V0ZJD3 F1NGB8 A0A8V0ZJ97 A0A3Q2TU24 A0A8V0XM98 A0A8V0ZSN8 A0A8V0ZUA4 A0A8V0ZTR7 A0A8V1A9R2 A0A1D5PSI3 Q9W6H0 A0A8V1A7Y9 A0A8V0XMV0 P28687 A0A1D5NYA8 A0A8V1AG56 E1C744 A0A8V0Z6E4 A0A8V0ZAP0 A0A8V0XXM5 A0A8V0XMI5 A0A8V0YC89 A0A8V0ZUU4 A0A8V0XH99 A0A8V1A0B4 A0A1I7Q3Z0 A0A8V0ZH96 A0A1D5PXI1 P02460 A0A8V0YUF6 A0A8V0X637 F1NTQ2 E1C3Z8 A0A3Q2TTB3 A0A8V0ZP32 Q5ZHQ2 A0A1D5PEW1 A0A8V0ZXC9 A0A8V0YRF2 E1C2T4 A0A8V1A6B5 A0A8V0X1T3 A0A8V0YLZ5 A0A8V0X7D0 A0A8V0ZZZ5 A0A8V0XA92 Q0PVE4 A0A8V0ZE58 A0A8V0YZJ3 A0A8V0XPN5 Q5ZJW4 Q00649 A0A8V0YSF6 A0A8V1ABC9 A0A8V0XKW4 A0A8V0ZRP2 A0A8V0ZE30 A0A8V0Y4M6 A0A1D5PBU5 Q05744 A0A8V1AFR2 A0A1D5P201 P26652 A0A8V1AJI2 A0A8V0YC20 A0A8V0YBE2 A0A8V0YRG2 A0A8V0X4D8 A0A8V0XBD4 A0A8V1A803 A0A8V0YBZ6 A0A8V0Y0X2 A0A8V0ZHL4 A0A8V0ZIF0 A0A8V0Y9B0 A0A1L1RP76 A0A8V0YG88 A0A8V0YC98 A0A8V0YVI8 A0A8V0XYK6 A0A1D5P6Q1 A0A8V0YFT7 A0A8V0XCD2 A0A8V0ZSG8 A0A8V0YK18 A0A8V0X535 A0A8V1A8R2 A0A8V1ADS4 A0A8V0ZSX6 A0A8V0ZI47 A0A8V0ZYC3 A0A1D5P8I8 A0A8V0YRN1 A0A8V0ZY91 A0A8V0ZY42 A0A8V1A6Z0 A0A8V0YPB9 A0A8V0Z865 A0A8V1ALI6 A0A1D5PLP1 A0A8V0ZY56 A0A8V0YHF3 A0A8V0ZKI8 A0A1D5PGC2 A0A8V0Z3U6 A0A8V0YQC4 A0A8V0YLZ8 A0A8V0YDL8 A0A8V1A8L5 Q98938 A0A8V0YDU6 A0A8V1ACH5 A0A8V0ZSD7 A0A8V0ZFG7 Q6ITC7 F1NNN0 A0A8V0ZTC0 A0A8V1AEM5 A0A8V0ZEC1 A0A8V0YMR1 A0A8V0ZYI9 A0A8V1A3H9 A0A1D5P6T3 F1NXR0 A0A1I7Q421 A0A8V0YLX0 A0A8V0YQ88 A0A8V1AAN6 A0A8V0XM02 A0A8V0XZH4 A0A8V0WZN3 A0A8V0XWD4 A0A8V0YGQ5 A0A8V0YLI1 A0A8V0ZCF7 A0A8V0YVB6 A0A8V0X9L0 A0A8V0YIC3 A0A1D5P692 A0A8V0Z189 A0A1L4FLS3 A0A8V0ZJJ7 A0A8V0YHL1 A0A8V0Z8N6 A0A8V1AEJ0 A0A8V0ZDW7 A0A1D5NT61 A0A8V1A3S8 A0A8V0Z9Z7 A0A1D5PMN7 A0A8V0Z938 A0A8V0YDD6 A0A1L1RKY9 A0A8V0YWM3
Cellular Component,extracellular region,2,GO:0005576,109,783,257,2784,1.51,2.739226739731767e-07,6.56,F1NBR3 A0A8V1ABA3 A0A8V0ZAP5 A0A1D5NTR5 A0A8V0XEJ0 P15120 A0A8V1ACV0 A0A8V0Z8V4 A0A8V0ZSC5 A0A1D5P480 A0A1L1RX77 A0A8V0XPE8 Q5ZJ73 A0A8V1ACD6 A0A8V1A3H7 E1C0K5 A0A8V0Y3L3 A0A8V0Y4Q2 A0A8V0ZZD4 A0A8V0X7P4 A0A8V0Z086 A0A8V0Y9F8 A0A8V0YY90 A0A8V0Y699 A0A8V0XXK8 Q92182 A0A3Q2TU24 A0A8V1AHP7 A0A8V0YIR4 A0A8V0Y070 A0A8V0Y357 Q9W6H0 A0A8V1AG56 A0A8V0Z6E4 A0A8V0XXM5 A0A8V0XMI5 A0A8V0XDR8 A0A8V0YC89 A0A8V0XH99 A0A8V0ZH96 P02460 A0A8V0Y0F3 A0A8V0YUF6 A0A8V0X637 F1NTQ2 A0A1D5NZ82 A0A8V0XCW4 A0A8V0ZP32 A0A8V0ZXC9 A0A8V0XS21 A0A1D5P0D7 A0A8V0ZZZ5 A0A8V0ZE58 A0A8V0YZJ3 A0A8V0YSF6 A0A8V1ADF6 A0A8V0YWI5 Q05744 A0A8V1AFR2 P26652 A0A8V0YBE2 P33005 A0A8V0YRG2 A0A8V0X4D8 A0A8V0XBD4 A0A8V0ZBR8 A0A8V1AFP7 A0A8V0Y0X2 A0A8V0ZIF0 A0A8V0ZHX5 E1C733 A0A1D5P8I8 A0A8V0YRN1 A0A8V0ZY42 A0A8V1A6Z0 A0A8V0YPB9 A0A8V0ZGF6 A0A8V0Y8I0 A0A8V0XXZ4 A0A8V0ZF83 A0A8V0ZKI8 A0A8V0YDT4 A0A8V0YG24 A0A8V0YDL8 A0A8V0YLZ8 P01875 A0A8V1A8L5 Q98938 A0A8V0Y290 A0A8V1AAN6 A0A8V1A3H9 A0A1D5P6T3 A0A1I7Q421 A0A8V0YLX0 A0A8V0YQ88 A0A8V1A8N2 A0A8V0XWD4 A0A8V0ZCF7 A0A8V0YVB6 A0A8V0X9L0 A0A8V0Z189 A0A8V0YE20 A0A3Q2TT95 A0A8V0ZJJ7 A0A8V0Z8N6 A0A8V1AEJ0 A0A8V0YDD6 A0A1D5PZ68 A0A8V0YHS1
Cellular Component,extracellular matrix,3,GO:0031012,37,174,257,2784,2.3,5.024235096380338e-07,6.3,A0A8V1AG56 A0A8V0YLZ8 Q98938 A0A8V0ZBR8 A0A8V0XDR8 A0A1D5NTR5 A0A8V0ZAP5 A0A8V0Y290 A0A8V1AAN6 P02460 A0A8V0Y0F3 A0A8V0ZHX5 A0A1D5NZ82 A0A1L1RX77 A0A8V0XCW4 A0A8V0XPE8 A0A8V0ZCF7 A0A8V0YVB6 A0A8V0XS21 A0A8V0Y3L3 A0A1D5P8I8 A0A8V0YE20 A0A8V0ZE58 A0A3Q2TT95 A0A8V0Y9F8 A0A8V0ZGF6 A0A8V0Y699 A0A8V1AEJ0 A0A8V0XXK8 A0A8V0YDT4 A0A8V1AFR2 A0A8V0YIR4 P26652 A0A8V0Y357 A0A8V0YDD6 A0A8V0YG24 P33005
Cellular Component,cytosol,2,GO:0005829,71,1135,257,2784,0.68,5.3048182904132865e-06,5.28,A0A8V1A9L3 A0A8V0XBD4 A0A8V1A803 A0A8V0YBZ6 A0A8V0ZAP0 A0A8V1AEJ4 A0A8V0XMI5 A0A8V0Z4R1 A0A8V1ACH5 A0A8V1A8L5 A0A3Q2UHS2 A0A8V0ZFG7 Q6ITC7 F1NNN0 A0A8V1A0B4 A0A1I7Q3Z0 A0A8V0ZEJ3 A0A8V0ZEC1 A0A8V0ZH96 A0A8V0XYK6 A0A8V0ZYI9 A0A1D5P6T3 A0A8V0YFT7 A0A8V0YTK5 A0A8V0ZSG8 A0A8V0XM02 E1C3Z8 A0A8V1A8R2 A0A1D5PEW1 A0A8V0YGQ5 A0A8V1ADS4 A0A8V0ZSX6 A0A8V0X7J6 A0A8V0YRF2 A0A8V1A6B5 A0A8V1A7R0 A0A8V0X9L0 A0A8V0YIC3 A0A8V0ZZZ5 Q0PVE4 A0A1D5P692 A0A8V0X7P4 A0A8V0XPN5 A0A8V0ZY42 A0A8V1A6Z0 A0A8V0Y9F8 Q00649 A0A8V0XE48 A0A8V0Y699 A0A8V1ABC9 A0A1L1S0X5 A0A8V0YXI7 A0A8V0ZRP2 A0A8V0XKW4 A0A8V0ZY56 A0A8V0ZJD3 A0A8V0ZTR7 A0A1D5PBU5 A0A8V0ZSN8 A0A8V1A9R2 A0A8V0Z9Z7 A0A1D5PSI3 A0A1D5PMN7 A0A8V0YC20 A0A8V0YBE2 A0A8V0YQC4 A0A1L1RKY9 A0A8V1A7Y9 A0A8V0YRG2 A0A1D5NYA8 A0A8V0YWM3
Cellular Component,microtubule cytoskeleton,6,GO:0015630,9,305,257,2784,0.32,1.2833580968916727e-05,4.89,A0A8V0XBD4 A0A1D5PBU5 A0A8V0XZH4 A0A8V0Z3U6 A0A8V0Z9Z7 A0A8V1AEJ4 A0A8V0XE48 A0A8V0ZYC3 A0A8V0Y2G8
Cellular Component,cytoplasm,2,GO:0005737,190,2339,257,2784,0.88,1.4746525194531972e-05,4.83,A0A8V0ZBM0 A0A8V1A9L3 F1NBR3 A0A8V0ZRZ8 A0A8V1ABA3 A0A8V1AEJ4 A0A8V0XEP8 A0A8V0Z4R1 A0A8V0ZAP5 A0A1D5NTR5 A0A8V0YGN2 A0A8V0YDT5 A0A3Q2UHS2 R4GGQ4 P15120 A0A1D5PBZ8 A0A8V0YQU2 A0A8V0ZEJ3 A0A8V1ACV0 A0A8V0ZSC5 A0A8V0YTK5 A0A1D5P480 A0A1L1RX77 A0A8V0XPE8 Q5ZJ73 A0A8V0X7J6 A0A8V1A7R0 E1C0K5 A0A8V0Y3L3 A0A8V0Z0B9 A0A8V0Y4Q2 A0A8V1A3N1 A0A8V0Y579 A0A8V0X7P4 A0A8V0Z086 A0A8V0Y9F8 A0A8V0XE48 A0A8V0Y699 A0A1L1S0X5 A0A8V0YXI7 A0A8V0YYQ9 A0A8V0XXK8 A0A8V0Y2G8 Q92182 A0A8V0ZJD3 F1NGB8 A0A8V0ZJ97 A0A3Q2TU24 A0A8V0XM98 A0A8V0ZSN8 A0A8V0ZUA4 A0A8V0ZTR7 A0A8V1A9R2 A0A1D5PSI3 Q9W6H0 A0A8V1A7Y9 A0A8V0XMV0 P28687 A0A1D5NYA8 A0A8V1AG56 E1C744 A0A8V0ZAP0 A0A8V0XXM5 A0A8V0XMI5 A0A8V0YC89 A0A8V0ZUU4 A0A8V0XH99 A0A8V1A0B4 A0A1I7Q3Z0 A0A8V0ZH96 A0A1D5PXI1 P02460 A0A8V0YUF6 A0A8V0X637 F1NTQ2 E1C3Z8 A0A3Q2TTB3 A0A8V0ZP32 Q5ZHQ2 A0A1D5PEW1 A0A8V0ZXC9 A0A8V0YRF2 E1C2T4 A0A8V1A6B5 A0A8V0YLZ5 A0A8V0X7D0 A0A8V0ZZZ5 A0A8V0XA92 Q0PVE4 A0A8V0ZE58 A0A8V0YZJ3 A0A8V0XPN5 Q5ZJW4 Q00649 A0A8V0YSF6 A0A8V1ABC9 A0A8V0XKW4 A0A8V0ZRP2 A0A8V0ZE30 A0A8V0Y4M6 A0A1D5PBU5 Q05744 A0A8V1AFR2 A0A1D5P201 P26652 A0A8V1AJI2 A0A8V0YC20 A0A8V0YBE2 A0A8V0YRG2 A0A8V0X4D8 A0A8V0XBD4 A0A8V1A803 A0A8V0YBZ6 A0A8V0Y0X2 A0A8V0ZHL4 A0A8V0ZIF0 A0A8V0Y9B0 A0A8V0YG88 A0A8V0YC98 A0A8V0YVI8 A0A8V0XYK6 A0A1D5P6Q1 A0A8V0YFT7 A0A8V0XCD2 A0A8V0ZSG8 A0A8V0X535 A0A8V1A8R2 A0A8V1ADS4 A0A8V0ZSX6 A0A8V0ZI47 A0A1D5P8I8 A0A8V0ZY91 A0A8V0ZY42 A0A8V1A6Z0 A0A8V0YPB9 A0A8V0Z865 A0A8V1ALI6 A0A1D5PLP1 A0A8V0ZY56 A0A8V0YHF3 A0A8V0ZKI8 A0A1D5PGC2 A0A8V0Z3U6 A0A8V0YQC4 A0A8V0YLZ8 A0A8V0YDL8 A0A8V1A8L5 Q98938 A0A8V0YDU6 A0A8V1ACH5 A0A8V0ZSD7 A0A8V0ZFG7 Q6ITC7 F1NNN0 A0A8V0ZTC0 A0A8V0YMR1 A0A8V0ZEC1 A0A8V0ZYI9 A0A8V1A3H9 A0A8V1AAN6 A0A1D5P6T3 F1NXR0 A0A1I7Q421 A0A8V0YLX0 A0A8V0YQ88 A0A8V0XM02 A0A8V0XZH4 A0A8V0WZN3 A0A8V0XWD4 A0A8V0YGQ5 A0A8V0YLI1 A0A8V0ZCF7 A0A8V0YVB6 A0A8V0X9L0 A0A8V0YIC3 A0A1D5P692 A0A8V0Z189 A0A1L4FLS3 A0A8V0ZJJ7 A0A8V0YHL1 A0A8V0Z8N6 A0A8V0ZDW7 A0A1D5NT61 A0A8V1A3S8 A0A8V0Z9Z7 A0A1D5PMN7 A0A8V0Z938 A0A8V0YDD6 A0A1L1RKY9 A0A8V0YWM3
Cellular Component,lysosomal lumen,6,GO:0043202,16,64,257,2784,2.71,0.0001457961407464544,3.84,Q05744 A0A8V1ABA3 A0A8V0X637 A0A8V0XXM5 F1NTQ2 A0A8V0XEP8 A0A8V0YZJ3 A0A8V0YC89 A0A1L1RX77 A0A8V0ZSD7 A0A8V0Z086 A0A8V0XH99 A0A8V0YSF6 Q9W6H0 A0A8V1ALI6 A0A8V0ZIF0
Cellular Component,organelle,2,GO:0043226,186,2262,257,2784,0.89,0.0002844067721615305,3.55,A0A8V0ZBM0 A0A8V1A9L3 F1NBR3 A0A8V0ZRZ8 A0A8V1ABA3 A0A8V1AEJ4 A0A8V0XEP8 A0A1D5NTR5 A0A8V0YGN2 A0A8V0YDT5 A0A3Q2UHS2 R4GGQ4 P15120 A0A1D5PBZ8 A0A8V0YQU2 A0A8V0ZEJ3 A0A8V1ACV0 A0A8V0ZSC5 A0A8V0YTK5 A0A1D5P480 A0A8V0XXW6 A0A1L1RX77 A0A8V0XPE8 A0A8V0YW57 Q5ZJ73 A0A8V0X7J6 A0A8V1A7R0 E1C0K5 A0A8V0Y3L3 A0A8V0Z0B9 A0A8V0Y4Q2 A0A8V1A3N1 A0A8V0Y579 A0A8V0X7P4 A0A8V0Z086 A0A8V0Y9F8 A0A8V0XE48 A0A8V0Y699 A0A1L1S0X5 A0A8V0YXI7 A0A8V0YYQ9 A0A8V0XXK8 A0A8V0Y2G8 Q92182 A0A8V0ZJD3 F1NGB8 A0A8V0ZJ97 A0A3Q2TU24 A0A8V0XM98 A0A8V0ZSN8 A0A8V0ZUA4 A0A8V0ZTR7 A0A8V1A9R2 A0A1D5PSI3 Q9W6H0 A0A8V0XMV0 P28687 A0A8V1AG56 E1C744 A0A8V0Z6E4 A0A8V0ZAP0 A0A8V0XXM5 A0A8V0XMI5 A0A8V0YC89 A0A8V0XH99 A0A8V1A0B4 A0A1I7Q3Z0 A0A8V0ZH96 A0A1D5PXI1 P02460 A0A8V0YUF6 A0A8V0X637 F1NTQ2 E1C3Z8 A0A3Q2TTB3 A0A8V0XCW4 A0A8V0ZP32 A0A8V0ZXC9 A0A8V0YRF2 E1C2T4 A0A8V0X1T3 A0A8V0YLZ5 A0A8V0X7D0 A0A8V0ZZZ5 A0A8V0XA92 Q0PVE4 A0A8V0ZE58 A0A8V0YZJ3 A0A8V0XPN5 Q5ZJW4 Q00649 A0A8V0YSF6 A0A8V1ABC9 A0A8V0XKW4 A0A8V0ZRP2 A0A8V0ZE30 A0A8V0Y4M6 A0A1D5PBU5 Q05744 A0A8V1AFR2 A0A1D5P201 P26652 A0A8V1AJI2 A0A8V0YBE2 A0A8V0YRG2 A0A8V0X4D8 A0A8V0XBD4 A0A8V1A803 A0A8V0Y0X2 A0A8V0ZHL4 A0A8V0ZIF0 A0A8V0Y9B0 A0A1L1RP76 A0A8V0YG88 A0A8V0YC98 A0A8V0YVI8 A0A8V0XYK6 A0A1D5P6Q1 A0A8V0YFT7 A0A8V0XCD2 A0A8V0ZSG8 A0A8V0YK18 A0A8V0X535 A0A8V1A8R2 A0A8V1ADS4 A0A8V0ZSX6 A0A8V0ZI47 A0A8V0ZYC3 A0A1D5P8I8 A0A8V0YRN1 A0A8V0ZY91 A0A8V0ZY42 A0A8V1A6Z0 A0A8V0YPB9 A0A8V0Z865 A0A8V1ALI6 A0A1D5PLP1 A0A8V0ZY56 A0A8V0YHF3 A0A8V0ZKI8 A0A1D5PGC2 A0A8V0Z3U6 A0A8V0YQC4 A0A8V0YLZ8 A0A8V0YDL8 A0A8V1A8L5 Q98938 A0A8V0YDU6 A0A8V1ACH5 A0A8V0ZSD7 Q6ITC7 A0A8V0ZTC0 A0A8V1AEM5 A0A8V0ZEC1 A0A8V0YMR1 A0A8V0ZYI9 A0A8V1A3H9 A0A1D5P6T3 F1NXR0 A0A1I7Q421 A0A8V1AAN6 A0A8V0YQ88 A0A3Q2UGW3 A0A8V0XM02 A0A8V0XZH4 A0A8V0WZN3 A0A8V0XWD4 A0A8V0YLI1 A0A8V0ZCF7 A0A8V0YVB6 A0A8V0X9L0 A0A8V0YIC3 A0A8V0Z189 A0A1L4FLS3 A0A8V0ZJJ7 A0A8V0YHL1 A0A8V0Z8N6 A0A8V1AEJ0 A0A8V0ZDW7 A0A1D5NT61 A0A8V1A3S8 A0A8V0Z9Z7 A0A8V0Z938 A0A8V0YDD6 A0A1L1RKY9 A0A8V0YWM3
Cellular Component,collagen-containing extracellular matrix,4,GO:0062023,21,102,257,2784,2.23,0.0003203813085865533,3.49,A0A8V0ZBR8 A0A8V0XDR8 A0A8V0ZAP5 A0A8V1AAN6 P02460 A0A8V0ZHX5 A0A8V0YVB6 A0A1D5P8I8 A0A8V0XS21 A0A8V0YE20 A0A3Q2TT95 A0A8V0Y9F8 A0A8V0ZGF6 A0A8V0Y699 A0A8V0XXK8 A0A8V0YDT4 A0A8V1AFR2 A0A8V0YIR4 P26652 A0A8V0Y357 A0A8V0YDD6
Cellular Component,basement membrane,5,GO:0005604,18,82,257,2784,2.38,0.00033471504355827924,3.48,A0A8V0ZBR8 A0A8V0YDT4 A0A8V1AFR2 A0A8V0YIR4 A0A8V0YE20 P26652 A0A8V0ZHX5 A0A8V1AAN6 A0A8V0XDR8 A0A8V0Y357 A0A8V0Y9F8 A0A8V0YDD6 A0A8V0ZGF6 A0A3Q2TT95 A0A8V0Y699 A0A8V0ZAP5 A0A8V0XS21 P02460
Cellular Component,anchoring collagen complex,3,GO:0030934,3,3,257,2784,10.83,0.0007783478070446342,3.11,A0A8V0XXK8 A0A1D5P8I8 A0A8V1AFR2
Cellular Component,intracellular organelle,3,GO:0043229,184,2220,257,2784,0.9,0.0010682461349810022,2.97,A0A8V0ZBM0 A0A8V1A9L3 F1NBR3 A0A8V0ZRZ8 A0A8V1ABA3 A0A8V1AEJ4 A0A8V0XEP8 A0A1D5NTR5 A0A8V0YGN2 A0A8V0YDT5 A0A3Q2UHS2 R4GGQ4 P15120 A0A1D5PBZ8 A0A8V0YQU2 A0A8V0ZEJ3 A0A8V1ACV0 A0A8V0ZSC5 A0A8V0YTK5 A0A1D5P480 A0A8V0XXW6 A0A1L1RX77 A0A8V0XPE8 A0A8V0YW57 Q5ZJ73 A0A8V0X7J6 A0A8V1A7R0 E1C0K5 A0A8V0Y3L3 A0A8V0Z0B9 A0A8V0Y4Q2 A0A8V1A3N1 A0A8V0Y579 A0A8V0X7P4 A0A8V0Z086 A0A8V0Y9F8 A0A8V0XE48 A0A8V0Y699 A0A1L1S0X5 A0A8V0YXI7 A0A8V0YYQ9 A0A8V0XXK8 A0A8V0Y2G8 Q92182 A0A8V0ZJD3 F1NGB8 A0A8V0ZJ97 A0A3Q2TU24 A0A8V0XM98 A0A8V0ZSN8 A0A8V0ZUA4 A0A8V0ZTR7 A0A8V1A9R2 A0A1D5PSI3 Q9W6H0 A0A8V0XMV0 P28687 A0A8V1AG56 E1C744 A0A8V0Z6E4 A0A8V0ZAP0 A0A8V0XXM5 A0A8V0XMI5 A0A8V0YC89 A0A8V0XH99 A0A8V1A0B4 A0A1I7Q3Z0 A0A8V0ZH96 A0A1D5PXI1 P02460 A0A8V0YUF6 A0A8V0X637 F1NTQ2 E1C3Z8 A0A3Q2TTB3 A0A8V0ZP32 A0A8V0ZXC9 A0A8V0YRF2 E1C2T4 A0A8V0X1T3 A0A8V0YLZ5 A0A8V0X7D0 A0A8V0ZZZ5 A0A8V0XA92 Q0PVE4 A0A8V0ZE58 A0A8V0YZJ3 A0A8V0XPN5 Q5ZJW4 Q00649 A0A8V0YSF6 A0A8V1ABC9 A0A8V0XKW4 A0A8V0ZRP2 A0A8V0ZE30 A0A8V0Y4M6 A0A1D5PBU5 Q05744 A0A8V1AFR2 A0A1D5P201 P26652 A0A8V1AJI2 A0A8V0YBE2 A0A8V0YRG2 A0A8V0X4D8 A0A8V0XBD4 A0A8V1A803 A0A8V0Y0X2 A0A8V0ZHL4 A0A8V0ZIF0 A0A8V0Y9B0 A0A1L1RP76 A0A8V0YG88 A0A8V0YC98 A0A8V0YVI8 A0A8V0XYK6 A0A1D5P6Q1 A0A8V0YFT7 A0A8V0XCD2 A0A8V0ZSG8 A0A8V0YK18 A0A8V0X535 A0A8V1A8R2 A0A8V1ADS4 A0A8V0ZSX6 A0A8V0ZI47 A0A8V0ZYC3 A0A1D5P8I8 A0A8V0YRN1 A0A8V0ZY91 A0A8V0ZY42 A0A8V1A6Z0 A0A8V0YPB9 A0A8V0Z865 A0A8V1ALI6 A0A1D5PLP1 A0A8V0ZY56 A0A8V0YHF3 A0A8V0ZKI8 A0A1D5PGC2 A0A8V0Z3U6 A0A8V0YQC4 A0A8V0YLZ8 A0A8V0YDL8 A0A8V1A8L5 Q98938 A0A8V0YDU6 A0A8V1ACH5 A0A8V0ZSD7 Q6ITC7 A0A8V0ZTC0 A0A8V1AEM5 A0A8V0ZEC1 A0A8V0YMR1 A0A8V0ZYI9 A0A8V1A3H9 A0A1D5P6T3 F1NXR0 A0A1I7Q421 A0A8V1AAN6 A0A8V0YQ88 A0A8V0XM02 A0A8V0XZH4 A0A8V0WZN3 A0A8V0XWD4 A0A8V0YLI1 A0A8V0ZCF7 A0A8V0YVB6 A0A8V0X9L0 A0A8V0YIC3 A0A8V0Z189 A0A1L4FLS3 A0A8V0ZJJ7 A0A8V0YHL1 A0A8V0Z8N6 A0A8V1AEJ0 A0A8V0ZDW7 A0A1D5NT61 A0A8V1A3S8 A0A8V0Z9Z7 A0A8V0Z938 A0A8V0YDD6 A0A1L1RKY9 A0A8V0YWM3
Cellular Component,microtubule organizing center,2,GO:0005815,5,178,257,2784,0.3,0.0011152564506838095,2.95,A0A1D5PBU5 A0A8V0Z3U6 A0A8V0XE48 A0A8V0ZYC3 A0A8V0Y2G8
Cellular Component,extracellular space,2,GO:0005615,63,469,257,2784,1.46,0.0011354409194895589,2.94,A0A8V1AG56 A0A8V0Z6E4 F1NBR3 Q98938 A0A8V1ABA3 A0A8V1AFP7 A0A8V0XMI5 P33005 A0A8V0Y0X2 A0A8V0ZIF0 A0A8V0YDL8 A0A8V0XEJ0 P15120 A0A8V0Y290 A0A8V1ACV0 A0A8V1A3H9 P02460 A0A1D5P6T3 A0A8V0Z8V4 A0A8V0ZSC5 A0A1I7Q421 A0A8V0Y0F3 A0A8V1A8N2 A0A8V0X637 A0A8V0YQ88 A0A1D5P480 F1NTQ2 A0A8V0YUF6 A0A8V0XWD4 E1C733 A0A8V0ZHX5 A0A8V0XCW4 A0A8V0XPE8 A0A8V0ZP32 Q5ZJ73 A0A8V1ACD6 A0A8V0YVB6 A0A8V1A3H7 E1C0K5 A0A8V0Y3L3 A0A1D5P0D7 A0A8V0Y4Q2 A0A8V0YRN1 A0A8V0X7P4 A0A8V0YZJ3 A0A3Q2TT95 A0A8V0Y9F8 A0A8V0Y8I0 A0A8V0YPB9 A0A8V0ZJJ7 A0A8V0YY90 A0A8V0Z8N6 A0A3Q2TU24 A0A8V0YWI5 A0A8V1AHP7 Q05744 A0A8V0YDT4 P26652 A0A8V0YDD6 Q9W6H0 A0A8V0YLZ8 P01875 A0A1D5PZ68
Cellular Component,nucleus,5,GO:0005634,62,921,257,2784,0.73,0.0013295666740272172,2.88,E1C744 A0A8V0Z6E4 A0A8V1A9L3 A0A8V0XBD4 Q98938 A0A8V0ZAP0 A0A8V0ZRZ8 A0A8V0YDU6 A0A8V0XMI5 A0A1D5NTR5 A0A8V0YGN2 R4GGQ4 A0A1L1RP76 Q6ITC7 A0A8V1A0B4 A0A1I7Q3Z0 A0A8V1AEM5 A0A8V0ZEC1 A0A8V0YVI8 A0A8V0ZH96 A0A1D5P6T3 A0A1I7Q421 A0A8V0ZSC5 A0A8V0YFT7 A0A8V0YTK5 A0A8V0ZSG8 E1C3Z8 A0A8V1A8R2 A0A3Q2TTB3 A0A8V0XXW6 A0A8V0YW57 A0A8V0YLI1 A0A8V0X7J6 A0A8V0YRF2 A0A8V0X1T3 A0A8V1A7R0 A0A8V0Y3L3 Q0PVE4 A0A8V0X7P4 A0A8V0XPN5 A0A8V0ZY42 Q00649 A0A8V0XE48 A0A8V1ABC9 A0A8V0Z8N6 A0A8V1AEJ0 A0A8V0YXI7 A0A1D5PLP1 A0A8V0XKW4 A0A8V0YHF3 A0A8V0ZJD3 A0A8V0ZJ97 A0A1D5PBU5 A0A8V0ZSN8 A0A8V1A9R2 A0A8V0Z3U6 A0A8V0Z9Z7 A0A1D5PSI3 A0A8V0YBE2 A0A8V0YRG2 A0A8V1A8L5 A0A8V0YWM3
Cellular Component,non-membrane-bounded organelle,3,GO:0043228,51,789,257,2784,0.7,0.0013496302386142287,2.87,A0A8V0ZBM0 A0A8V0XBD4 A0A8V0ZAP0 A0A8V1AEJ4 A0A8V0XMI5 A0A8V1ACH5 A0A1D5NTR5 A0A8V0YQU2 A0A3Q2UHS2 R4GGQ4 A0A1D5PBZ8 Q6ITC7 A0A8V0YG88 A0A1I7Q3Z0 A0A8V1AEM5 A0A8V0ZEJ3 A0A8V0YVI8 A0A8V0XYK6 A0A8V0ZH96 A0A1D5P6Q1 A0A8V0YFT7 A0A8V0XZH4 A0A8V0YK18 A0A8V1A8R2 A0A8V0YLI1 A0A8V0ZSX6 A0A8V1A7R0 A0A8V0ZYC3 A0A8V1A3N1 A0A8V0X7P4 A0A8V0XPN5 A0A8V0Y9F8 Q00649 A0A8V0ZJJ7 A0A8V0XE48 A0A8V0Y699 A0A8V0Z865 A0A1L1S0X5 A0A8V0XKW4 A0A8V0ZE30 A0A8V0Y2G8 A0A8V0ZDW7 A0A8V0YHF3 A0A8V0ZJ97 A0A1D5PBU5 A0A8V1A3S8 A0A8V0Z3U6 A0A8V0Z9Z7 A0A1D5PSI3 A0A8V0YQC4 A0A1L1RKY9
Cellular Component,intracellular non-membrane-bounded organelle,4,GO:0043232,51,789,257,2784,0.7,0.0013496302386142287,2.87,A0A8V0ZBM0 A0A8V0XBD4 A0A8V0ZAP0 A0A8V1AEJ4 A0A8V0XMI5 A0A8V1ACH5 A0A1D5NTR5 A0A8V0YQU2 A0A3Q2UHS2 R4GGQ4 A0A1D5PBZ8 Q6ITC7 A0A8V0YG88 A0A1I7Q3Z0 A0A8V1AEM5 A0A8V0ZEJ3 A0A8V0YVI8 A0A8V0XYK6 A0A8V0ZH96 A0A1D5P6Q1 A0A8V0YFT7 A0A8V0XZH4 A0A8V0YK18 A0A8V1A8R2 A0A8V0YLI1 A0A8V0ZSX6 A0A8V1A7R0 A0A8V0ZYC3 A0A8V1A3N1 A0A8V0X7P4 A0A8V0XPN5 A0A8V0Y9F8 Q00649 A0A8V0ZJJ7 A0A8V0XE48 A0A8V0Y699 A0A8V0Z865 A0A1L1S0X5 A0A8V0XKW4 A0A8V0ZE30 A0A8V0Y2G8 A0A8V0ZDW7 A0A8V0YHF3 A0A8V0ZJ97 A0A1D5PBU5 A0A8V1A3S8 A0A8V0Z3U6 A0A8V0Z9Z7 A0A1D5PSI3 A0A8V0YQC4 A0A1L1RKY9
Cellular Component,cytoskeleton,5,GO:0005856,29,495,257,2784,0.63,0.0035066207881562493,2.46,A0A8V0ZBM0 A0A8V0XBD4 A0A8V1AEJ4 A0A8V1ACH5 A0A1D5NTR5 A0A3Q2UHS2 A0A8V0YG88 A0A1I7Q3Z0 A0A8V0YVI8 A0A8V0XYK6 A0A1D5P6Q1 A0A8V0XZH4 A0A8V0YK18 A0A8V0YLI1 A0A8V0ZYC3 A0A8V1A3N1 A0A8V0X7P4 Q00649 A0A8V0ZJJ7 A0A8V0XE48 A0A8V0XKW4 A0A8V0Y2G8 A0A8V0ZDW7 A0A1D5PBU5 A0A8V1A3S8 A0A8V0Z3U6 A0A8V0Z9Z7 A0A8V0YQC4 A0A1L1RKY9
Cellular Component,centrosome,3,GO:0005813,4,141,257,2784,0.31,0.004134728285311008,2.38,A0A8V0Y2G8 A0A8V0Z3U6 A0A8V0XE48 A0A1D5PBU5
Cellular Component,vacuole,5,GO:0005773,38,266,257,2784,1.55,0.005027741846755874,2.3,A0A8V0XBD4 A0A8V1ABA3 A0A8V0XXM5 A0A8V0XEP8 A0A8V0YC89 A0A8V0YGN2 A0A8V0ZSD7 A0A8V0XH99 A0A8V0ZIF0 A0A8V0YC98 A0A1I7Q3Z0 A0A8V0ZTC0 A0A8V1ACV0 A0A8V1A3H9 A0A8V0XYK6 A0A8V0ZSC5 A0A8V0X637 F1NTQ2 A0A8V0XWD4 A0A1L1RX77 Q5ZJ73 A0A8V0YVB6 A0A8V0ZI47 A0A8V0X7D0 A0A8V1A3N1 A0A1L4FLS3 A0A8V0X7P4 A0A8V0YZJ3 A0A8V0ZY91 A0A8V0Z086 A0A8V1A6Z0 A0A8V0YSF6 A0A8V1ALI6 A0A8V0ZRP2 A0A8V0YHF3 A0A8V0XM98 Q05744 Q9W6H0
Cellular Component,vacuolar lumen,5,GO:0005775,19,106,257,2784,1.94,0.005203432108624361,2.28,A0A8V1ABA3 A0A8V0XXM5 A0A8V0XEP8 A0A8V0YC89 A0A8V0ZSD7 A0A8V0XH99 A0A8V0ZIF0 A0A8V0X637 F1NTQ2 A0A1L1RX77 Q5ZJ73 A0A8V0X7P4 A0A8V0YZJ3 A0A8V0Z086 A0A8V1A6Z0 A0A8V0YSF6 A0A8V1ALI6 Q05744 Q9W6H0
Cellular Component,lysosome,7,GO:0005764,34,232,257,2784,1.59,0.005998145517682711,2.22,A0A8V0XBD4 A0A8V1ABA3 A0A8V0XXM5 A0A8V0XEP8 A0A8V0YC89 A0A8V0YGN2 A0A8V0ZSD7 A0A8V0XH99 A0A8V0ZIF0 A0A8V0YC98 A0A1I7Q3Z0 A0A8V1ACV0 A0A8V0XYK6 A0A8V0ZSC5 A0A8V0X637 F1NTQ2 A0A8V0XWD4 A0A1L1RX77 Q5ZJ73 A0A8V0YVB6 A0A8V0X7D0 A0A1L4FLS3 A0A8V0X7P4 A0A8V0YZJ3 A0A8V0ZY91 A0A8V0Z086 A0A8V1A6Z0 A0A8V0YSF6 A0A8V1ALI6 A0A8V0ZRP2 A0A8V0YHF3 A0A8V0XM98 Q05744 Q9W6H0
Cellular Component,lytic vacuole,6,GO:0000323,34,232,257,2784,1.59,0.005998145517682711,2.22,A0A8V0XBD4 A0A8V1ABA3 A0A8V0XXM5 A0A8V0XEP8 A0A8V0YC89 A0A8V0YGN2 A0A8V0ZSD7 A0A8V0XH99 A0A8V0ZIF0 A0A8V0YC98 A0A1I7Q3Z0 A0A8V1ACV0 A0A8V0XYK6 A0A8V0ZSC5 A0A8V0X637 F1NTQ2 A0A8V0XWD4 A0A1L1RX77 Q5ZJ73 A0A8V0YVB6 A0A8V0X7D0 A0A1L4FLS3 A0A8V0X7P4 A0A8V0YZJ3 A0A8V0ZY91 A0A8V0Z086 A0A8V1A6Z0 A0A8V0YSF6 A0A8V1ALI6 A0A8V0ZRP2 A0A8V0YHF3 A0A8V0XM98 Q05744 Q9W6H0
Cellular Component,interleukin-28 receptor complex,4,GO:0032002,2,2,257,2784,10.83,0.00849162195763804,2.07,A0A8V0Y652 K9JA28
Cellular Component,integrin alpha4-beta1 complex,4,GO:0034668,2,2,257,2784,10.83,0.00849162195763804,2.07,A0A8V0Y290 A0A8V0Y0F3
Cellular Component,EMILIN complex,4,GO:1990971,2,2,257,2784,10.83,0.00849162195763804,2.07,A0A8V0Y290 A0A8V0Y0F3
Cellular Component,outer mitochondrial membrane protein complex,3,GO:0098799,2,2,257,2784,10.83,0.00849162195763804,2.07,A0A8V0XMV0 A0A1D5PGC2
Cellular Component,FACIT collagen trimer,3,GO:0005593,2,2,257,2784,10.83,0.00849162195763804,2.07,A0A8V0XXK8 A0A1D5P8I8
Cellular Component,inhibitory synapse,4,GO:0060077,2,2,257,2784,10.83,0.00849162195763804,2.07,A0A3Q2UGW3 A0A8V0ZDW7
Cellular Component,protein complex involved in cell-matrix adhesion,3,GO:0098637,2,2,257,2784,10.83,0.00849162195763804,2.07,A0A8V0Y290 A0A8V0Y0F3
Cellular Component,protein-containing complex,1,GO:0032991,82,1097,257,2784,0.81,0.010787685977960032,1.97,A0A8V0ZRZ8 A0A8V0Z4R1 A0A3Q2UHS2 R4GGQ4 A0A8V0XEJ0 A0A8V0ZEJ3 A0A8V1ACV0 A0A8V0Z8V4 A0A8V0YTK5 A0A8V0XXW6 A0A1L1RX77 A0A8V0XPE8 A0A8V0YW57 Q5ZJ73 A0A8V1A7R0 A0A8V0Y4Q2 A0A8V0X7P4 A0A8V0XE48 A0A1L1S0X5 A0A8V0XXK8 A0A8V0ZJ97 A0A8V0YF36 A0A1D5PSI3 A0A8V1A7Y9 A0A8V0XMV0 P28687 A0A8V0Z6E4 A0A8V0ZAP0 A0A8V0XMI5 A0A8V1A0B4 A0A1I7Q3Z0 A0A8V0ZH96 P02460 A0A8V0Y0F3 A0A8V0YRF2 A0A8V0X1T3 A0A8V1A6B5 Q0PVE4 A0A8V0XPN5 Q5ZJW4 Q00649 A0A8V1ABC9 A0A8V0XKW4 A0A8V0ZRP2 A0A8V0ZE30 A0A1D5PBU5 A0A8V1AFR2 A0A8V0XBD4 A0A8V1A803 A0A8V0ZHL4 A0A8V0YVI8 A0A8V0YFT7 A0A8V0XCD2 A0A8V0ZSG8 A0A8V0X535 A0A8V1A8R2 A0A8V0ZSX6 A0A1D5P8I8 A0A8V0ZY91 A0A8V0ZY42 A0A8V0Z865 A0A8V0ZY56 A0A1D5PGC2 A0A8V0ZKI8 A0A8V0Z3U6 A0A8V0Y652 P01875 A0A8V1A8L5 A0A8V0ZFG7 Q6ITC7 A0A8V0Y290 A0A8V0ZEC1 A0A8V0ZYI9 A0A1D5P6T3 A0A8V1A8N2 A0A8V0YGQ5 A0A8V0YIC3 A0A3Q2TT95 K9JA28 A0A8V0Z9Z7 A0A8V0YDD6 A0A8V0YHS1
Cellular Component,collagen trimer,2,GO:0005581,5,16,257,2784,3.39,0.012022869501667057,1.92,A0A8V1AFR2 A0A1D5P8I8 A0A1L1RX77 A0A8V0XXK8 P02460
Cellular Component,plasma membrane signaling receptor complex,3,GO:0098802,8,35,257,2784,2.48,0.012251648377419476,1.91,A0A1D5P6T3 A0A8V0Y0F3 A0A8V0Y290 A0A8V0X7P4 A0A8V0Y652 A0A3Q2TT95 A0A8V0XKW4 K9JA28
Cellular Component,interstitial matrix,5,GO:0005614,3,6,257,2784,5.42,0.012594962897110734,1.9,A0A3Q2TT95 A0A8V0XXK8 A0A8V1AAN6
Cellular Component,nuclear lumen,5,GO:0031981,36,553,257,2784,0.71,0.013615388757161577,1.87,A0A8V0Z6E4 A0A8V0XBD4 A0A8V0ZAP0 A0A8V0ZRZ8 A0A8V0XMI5 A0A1D5NTR5 R4GGQ4 A0A1L1RP76 Q6ITC7 A0A1I7Q3Z0 A0A8V1AEM5 A0A8V0ZEC1 A0A8V0YVI8 A0A8V0ZH96 A0A8V0ZSC5 A0A8V0YFT7 A0A8V0ZSG8 E1C3Z8 A0A8V1A8R2 A0A8V0XXW6 A0A8V0YW57 A0A8V0YLI1 A0A8V0X7J6 A0A8V0YRF2 A0A8V1A7R0 A0A8V0X7P4 A0A8V0XPN5 A0A8V0ZY42 A0A8V1ABC9 A0A8V0YXI7 A0A8V0ZJ97 A0A1D5PBU5 A0A8V0Z3U6 A0A8V0Z9Z7 A0A1D5PSI3 A0A8V1A8L5
Cellular Component,motile cilium,5,GO:0031514,2,89,257,2784,0.24,0.014659194964924844,1.83,A0A8V0Y2G8 A0A1D5PBU5
Cellular Component,plasma membrane bounded cell projection cytoplasm,4,GO:0032838,2,92,257,2784,0.24,0.015310066214662424,1.82,A0A8V0ZBM0 A0A8V1ACH5
Cellular Component,myelin sheath,2,GO:0043209,4,125,257,2784,0.35,0.016275318269018964,1.79,A0A8V0YLZ8 F1NXR0 A0A8V0ZZZ5 A0A8V0Y579
Cellular Component,membrane-bounded organelle,3,GO:0043227,170,2018,257,2784,0.91,0.018945001390805044,1.72,A0A8V1A9L3 F1NBR3 A0A8V0ZRZ8 A0A8V1ABA3 A0A8V1AEJ4 A0A8V0XEP8 A0A1D5NTR5 A0A8V0YGN2 A0A8V0YDT5 R4GGQ4 P15120 A0A8V1ACV0 A0A8V0ZSC5 A0A8V0YTK5 A0A1D5P480 A0A8V0XXW6 A0A1L1RX77 A0A8V0XPE8 A0A8V0YW57 Q5ZJ73 A0A8V0X7J6 A0A8V1A7R0 E1C0K5 A0A8V0Y3L3 A0A8V0Z0B9 A0A8V0Y4Q2 A0A8V1A3N1 A0A8V0Y579 A0A8V0X7P4 A0A8V0Z086 A0A8V0Y9F8 A0A8V0XE48 A0A8V0YXI7 A0A8V0YYQ9 A0A8V0XXK8 Q92182 A0A8V0ZJD3 F1NGB8 A0A8V0ZJ97 A0A3Q2TU24 A0A8V0XM98 A0A8V0ZSN8 A0A8V0ZUA4 A0A8V0ZTR7 A0A8V1A9R2 A0A1D5PSI3 Q9W6H0 A0A8V0XMV0 P28687 A0A8V1AG56 E1C744 A0A8V0Z6E4 A0A8V0ZAP0 A0A8V0XXM5 A0A8V0XMI5 A0A8V0YC89 A0A8V0XH99 A0A8V1A0B4 A0A1I7Q3Z0 A0A8V0ZH96 A0A1D5PXI1 P02460 A0A8V0YUF6 A0A8V0X637 F1NTQ2 E1C3Z8 A0A3Q2TTB3 A0A8V0XCW4 A0A8V0ZP32 A0A8V0ZXC9 A0A8V0YRF2 E1C2T4 A0A8V0X1T3 A0A8V0YLZ5 A0A8V0X7D0 A0A8V0ZZZ5 A0A8V0XA92 Q0PVE4 A0A8V0ZE58 A0A8V0YZJ3 A0A8V0XPN5 Q5ZJW4 Q00649 A0A8V0YSF6 A0A8V1ABC9 A0A8V0XKW4 A0A8V0ZRP2 A0A8V0Y4M6 A0A1D5PBU5 Q05744 A0A8V1AFR2 A0A1D5P201 P26652 A0A8V1AJI2 A0A8V0YBE2 A0A8V0YRG2 A0A8V0X4D8 A0A8V0XBD4 A0A8V1A803 A0A8V0Y0X2 A0A8V0ZHL4 A0A8V0ZIF0 A0A8V0Y9B0 A0A1L1RP76 A0A8V0YG88 A0A8V0YC98 A0A8V0YVI8 A0A8V0XYK6 A0A8V0YFT7 A0A8V0XCD2 A0A8V0ZSG8 A0A8V0X535 A0A8V1A8R2 A0A8V1ADS4 A0A8V0ZI47 A0A1D5P8I8 A0A8V0YRN1 A0A8V0ZY91 A0A8V0ZY42 A0A8V1A6Z0 A0A8V0YPB9 A0A8V0Z865 A0A8V1ALI6 A0A1D5PLP1 A0A8V0ZY56 A0A8V0YHF3 A0A8V0ZKI8 A0A1D5PGC2 A0A8V0Z3U6 A0A8V0YQC4 A0A8V0YLZ8 A0A8V0YDL8 A0A8V1A8L5 Q98938 A0A8V0YDU6 A0A8V1ACH5 A0A8V0ZSD7 Q6ITC7 A0A8V0ZTC0 A0A8V1AEM5 A0A8V0ZEC1 A0A8V0YMR1 A0A8V0ZYI9 A0A8V1A3H9 A0A1D5P6T3 F1NXR0 A0A1I7Q421 A0A8V1AAN6 A0A8V0YQ88 A0A8V0XM02 A0A8V0XZH4 A0A8V0WZN3 A0A8V0XWD4 A0A8V0YLI1 A0A8V0ZCF7 A0A8V0YVB6 A0A8V0X9L0 A0A8V0YIC3 A0A8V0Z189 A0A1L4FLS3 A0A8V0ZJJ7 A0A8V0YHL1 A0A8V0Z8N6 A0A8V1AEJ0 A0A1D5NT61 A0A8V0Z9Z7 A0A8V0Z938 A0A8V0YDD6 A0A1L1RKY9 A0A8V0YWM3
Cellular Component,dendrite membrane,4,GO:0032590,3,7,257,2784,4.64,0.02055266566232743,1.69,A0A1D5P6T3 A0A8V0ZZZ5 A0A1D5PBZ8
Cellular Component,axon initial segment,2,GO:0043194,3,7,257,2784,4.64,0.02055266566232743,1.69,A0A8V0YWI5 A0A1D5PBZ8 A0A8V0XYK6
Cellular Component,extrinsic component of Golgi membrane,4,GO:0090498,2,3,257,2784,7.22,0.02391817025888186,1.62,A0A8V1AEJ4 A0A8V0ZAP0
Cellular Component,"condensed chromosome, centromeric region",4,GO:0000779,2,3,257,2784,7.22,0.02391817025888186,1.62,A0A8V0Z9Z7 A0A1D5PBU5
Cellular Component,membrane attack complex,4,GO:0005579,2,3,257,2784,7.22,0.02391817025888186,1.62,A0A8V1A8N2 A0A8V0YHS1
Cellular Component,plasma membrane protein complex,3,GO:0098797,19,123,257,2784,1.67,0.023973032275543038,1.62,A0A8V0XMI5 A0A8V0Y290 A0A8V0ZYI9 A0A1D5P6T3 A0A8V0Y0F3 A0A8V1A8N2 A0A8V1A6B5 A0A8V0YIC3 Q0PVE4 A0A8V0X7P4 A0A8V0ZY91 A0A3Q2TT95 A0A8V1ABC9 A0A8V0XKW4 A0A8V0ZRP2 K9JA28 A0A8V0ZKI8 A0A8V0Y652 A0A8V0YHS1
Cellular Component,cilium,4,GO:0005929,11,217,257,2784,0.55,0.027217933659628414,1.57,A0A8V0ZBM0 A0A1D5P6T3 A0A1D5PBU5 A0A8V0Z3U6 A0A8V0Z9Z7 A0A8V0Y0X2 A0A8V1ACH5 A0A8V1ABC9 A0A8V0ZTC0 A0A8V0Y2G8 A0A8V0ZYI9
Cellular Component,Golgi trans cisterna,5,GO:0000138,3,8,257,2784,4.06,0.03067445093660608,1.51,Q92182 A0A8V1ADS4 A0A8V1AEJ4
Cellular Component,nuclear body,2,GO:0016604,3,92,257,2784,0.35,0.04276602632709127,1.37,A0A1D5NTR5 A0A1D5PBU5 A0A1D5PSI3
Cellular Component,immunoglobulin complex,2,GO:0019814,2,4,257,2784,5.42,0.044936218267864245,1.35,P01875 A0A8V0XEJ0
Cellular Component,presynaptic cytoskeleton,6,GO:0099569,2,4,257,2784,5.42,0.044936218267864245,1.35,A0A1D5NTR5 A0A8V0ZDW7
Cellular Component,zymogen granule membrane,6,GO:0042589,2,4,257,2784,5.42,0.044936218267864245,1.35,A0A8V0ZUA4 A0A8V0ZY91
Cellular Component,pore complex,3,GO:0046930,2,4,257,2784,5.42,0.044936218267864245,1.35,A0A8V1A8N2 A0A8V0YHS1
Cellular Component,cytoskeleton of presynaptic active zone,7,GO:0048788,2,4,257,2784,5.42,0.044936218267864245,1.35,A0A1D5NTR5 A0A8V0ZDW7
Cellular Component,"immunoglobulin complex, circulating",3,GO:0042571,2,4,257,2784,5.42,0.044936218267864245,1.35,P01875 A0A8V0XEJ0
Cellular Component,presynaptic active zone cytoplasmic component,5,GO:0098831,2,4,257,2784,5.42,0.044936218267864245,1.35,A0A1D5NTR5 A0A8V0ZDW7
Cellular Component,nucleoplasm,2,GO:0005654,31,455,257,2784,0.74,0.05156343721250331,1.29,A0A8V0Z6E4 A0A8V0XBD4 A0A8V0ZAP0 A0A8V0ZRZ8 A0A8V0XMI5 A0A1D5NTR5 A0A1L1RP76 Q6ITC7 A0A1I7Q3Z0 A0A8V0ZH96 A0A8V0ZEC1 A0A8V0ZSC5 A0A8V0YFT7 A0A8V0ZSG8 E1C3Z8 A0A8V1A8R2 A0A8V0XXW6 A0A8V0YW57 A0A8V0X7J6 A0A8V0YRF2 A0A8V1A7R0 A0A8V0X7P4 A0A8V0XPN5 A0A8V0ZY42 A0A8V1ABC9 A0A8V0YXI7 A0A8V0ZJ97 A0A1D5PBU5 A0A8V0Z9Z7 A0A1D5PSI3 A0A8V1A8L5
Cellular Component,endoplasmic reticulum-Golgi intermediate compartment membrane,5,GO:0033116,4,16,257,2784,2.71,0.05309695397294934,1.27,Q5ZJW4 A0A8V1AFR2 A0A8V0ZUA4 A0A8V0YVB6
Cellular Component,axoneme,2,GO:0005930,2,70,257,2784,0.31,0.06024595201728835,1.22,A0A8V0ZBM0 A0A8V1ACH5
Cellular Component,ciliary plasm,5,GO:0097014,2,70,257,2784,0.31,0.06024595201728835,1.22,A0A8V0ZBM0 A0A8V1ACH5
Cellular Component,intracellular membrane-bounded organelle,4,GO:0043231,157,1848,257,2784,0.92,0.061567167058005245,1.21,A0A8V1A9L3 F1NBR3 A0A8V0ZRZ8 A0A8V1ABA3 A0A8V1AEJ4 A0A8V0XEP8 A0A1D5NTR5 A0A8V0YGN2 R4GGQ4 A0A8V1ACV0 A0A8V0ZSC5 A0A8V0YTK5 A0A1D5P480 A0A8V0XXW6 A0A1L1RX77 A0A8V0XPE8 A0A8V0YW57 Q5ZJ73 A0A8V0X7J6 A0A8V1A7R0 E1C0K5 A0A8V0Y3L3 A0A8V0Z0B9 A0A8V0Y4Q2 A0A8V1A3N1 A0A8V0Y579 A0A8V0X7P4 A0A8V0Z086 A0A8V0Y9F8 A0A8V0XE48 A0A8V0YXI7 A0A8V0YYQ9 A0A8V0XXK8 Q92182 A0A8V0ZJD3 F1NGB8 A0A8V0ZJ97 A0A3Q2TU24 A0A8V0XM98 A0A8V0ZSN8 A0A8V0ZUA4 A0A8V1A9R2 A0A1D5PSI3 Q9W6H0 A0A8V0XMV0 P28687 A0A8V1AG56 E1C744 A0A8V0Z6E4 A0A8V0ZAP0 A0A8V0XXM5 A0A8V0XMI5 A0A8V0YC89 A0A8V0XH99 A0A8V1A0B4 A0A1I7Q3Z0 A0A8V0ZH96 A0A1D5PXI1 P02460 A0A8V0YUF6 A0A8V0X637 F1NTQ2 E1C3Z8 A0A3Q2TTB3 A0A8V0ZP32 A0A8V0ZXC9 A0A8V0YRF2 E1C2T4 A0A8V0X1T3 A0A8V0YLZ5 A0A8V0X7D0 A0A8V0ZZZ5 Q0PVE4 A0A8V0ZE58 A0A8V0YZJ3 A0A8V0XPN5 Q5ZJW4 Q00649 A0A8V0YSF6 A0A8V1ABC9 A0A8V0XKW4 A0A8V0ZRP2 A0A8V0Y4M6 A0A1D5PBU5 Q05744 A0A8V1AFR2 A0A1D5P201 A0A8V1AJI2 A0A8V0YBE2 A0A8V0YRG2 A0A8V0X4D8 A0A8V0XBD4 A0A8V1A803 A0A8V0Y0X2 A0A8V0ZHL4 A0A8V0ZIF0 A0A8V0Y9B0 A0A1L1RP76 A0A8V0YC98 A0A8V0YVI8 A0A8V0XYK6 A0A8V0YFT7 A0A8V0XCD2 A0A8V0ZSG8 A0A8V0X535 A0A8V1A8R2 A0A8V1ADS4 A0A8V0ZI47 A0A1D5P8I8 A0A8V0YRN1 A0A8V0ZY91 A0A8V0ZY42 A0A8V1A6Z0 A0A8V0Z865 A0A8V1ALI6 A0A1D5PLP1 A0A8V0ZY56 A0A8V0YHF3 A0A1D5PGC2 A0A8V0Z3U6 A0A8V0YQC4 A0A8V0YDL8 A0A8V0YLZ8 A0A8V1A8L5 Q98938 A0A8V0YDU6 A0A8V1ACH5 A0A8V0ZSD7 Q6ITC7 A0A8V0ZTC0 A0A8V1AEM5 A0A8V0ZEC1 A0A8V0ZYI9 A0A8V1A3H9 A0A8V1AAN6 A0A1D5P6T3 F1NXR0 A0A1I7Q421 A0A8V0YQ88 A0A8V0XM02 A0A8V0WZN3 A0A8V0XWD4 A0A8V0YLI1 A0A8V0ZCF7 A0A8V0YVB6 A0A8V0X9L0 A0A8V0Z189 A0A1L4FLS3 A0A8V0YHL1 A0A8V0Z8N6 A0A8V1AEJ0 A0A1D5NT61 A0A8V0Z9Z7 A0A8V0Z938 A0A8V0YDD6 A0A1L1RKY9 A0A8V0YWM3
Cellular Component,receptor complex,2,GO:0043235,10,59,257,2784,1.84,0.06296724246564,1.2,A0A8V0ZKI8 A0A1D5P6T3 A0A8V0Y0F3 A0A8V1ACV0 A0A8V0Y290 A0A8V0X7P4 A0A8V0Y652 A0A3Q2TT95 A0A8V0XKW4 K9JA28
Cellular Component,microfibril,5,GO:0001527,2,5,257,2784,4.33,0.07038972964589524,1.15,A0A8V0XPE8 A0A1D5NZ82
Cellular Component,ciliary transition fiber,3,GO:0097539,2,5,257,2784,4.33,0.07038972964589524,1.15,A0A8V0Z3U6 A0A8V0Z9Z7
Cellular Component,aggresome,4,GO:0016235,2,5,257,2784,4.33,0.07038972964589524,1.15,A0A8V0ZYI9 A0A8V0YVI8
Cellular Component,centriolar subdistal appendage,3,GO:0120103,2,5,257,2784,4.33,0.07038972964589524,1.15,A0A8V0Z3U6 A0A1D5PBU5
Cellular Component,cell body membrane,2,GO:0044298,3,11,257,2784,2.95,0.07351862999712742,1.13,A0A1D5P6T3 A0A8V0ZZZ5 A0A1D5PBZ8
Cellular Component,clathrin coat of coated pit,4,GO:0030132,3,11,257,2784,2.95,0.07351862999712742,1.13,A0A8V0ZRP2 A0A8V1A6B5 A0A8V0ZYI9
Cellular Component,neuronal cell body membrane,3,GO:0032809,3,11,257,2784,2.95,0.07351862999712742,1.13,A0A1D5P6T3 A0A8V0ZZZ5 A0A1D5PBZ8
Cellular Component,neuron projection membrane,3,GO:0032589,3,11,257,2784,2.95,0.07351862999712742,1.13,A0A1D5P6T3 A0A8V0ZZZ5 A0A1D5PBZ8
Cellular Component,main axon,2,GO:0044304,5,25,257,2784,2.17,0.07399079471450093,1.13,A0A8V0YWI5 A0A8V0ZZZ5 A0A1D5PBZ8 A0A8V0YLZ8 A0A8V0XYK6
Cellular Component,nuclear envelope,4,GO:0005635,4,99,257,2784,0.44,0.07589549274277271,1.12,A0A8V0X7P4 A0A8V0XBD4 A0A8V0YVI8 A0A8V0Z9Z7
Cellular Component,microtubule associated complex,2,GO:0005875,2,66,257,2784,0.33,0.08480120380480106,1.07,A0A8V0XBD4 A0A1D5PBU5
Cellular Component,catalytic complex,2,GO:1902494,17,269,257,2784,0.68,0.09564220442768324,1.02,A0A1D5P6T3 A0A8V0ZJ97 A0A8V0XBD4 A0A8V0ZSG8 A0A8V0XCD2 A0A8V0ZRZ8 A0A8V0X535 A0A1D5PSI3 A0A8V0ZY42 A0A8V0Z4R1 Q00649 A0A8V0ZHL4 A0A8V0ZFG7 A0A8V0X1T3 P28687 A0A8V0ZH96 A0A8V0XKW4
Cellular Component,endoplasmic reticulum lumen,5,GO:0005788,22,170,257,2784,1.4,0.09918542015243262,1.0,A0A8V1AG56 E1C744 A0A8V0X4D8 A0A8V0XXM5 A0A8V0ZHL4 A0A8V1AAN6 P02460 A0A8V0YUF6 A0A1D5P480 A0A8V0XPE8 A0A8V0YVB6 E1C0K5 A0A8V0X9L0 A0A1D5P8I8 A0A8V0ZE58 A0A8V0Y9F8 A0A8V0YHL1 A0A8V0XXK8 A0A3Q2TU24 A0A8V1AFR2 A0A8V0YDD6 A0A8V0YDL8
Cellular Component,mitotic spindle pole,3,GO:0097431,2,6,257,2784,3.61,0.09928711301990938,1.0,A0A8V0Z3U6 A0A1D5PBU5
Cellular Component,postsynaptic density membrane,6,GO:0098839,2,6,257,2784,3.61,0.09928711301990938,1.0,Q00649 A0A8V0YDT5
Cellular Component,axolemma,4,GO:0030673,2,6,257,2784,3.61,0.09928711301990938,1.0,A0A8V0ZZZ5 A0A1D5PBZ8
Cellular Component,cytoplasmic region,3,GO:0099568,15,239,257,2784,0.68,0.1026153613592399,0.99,A0A8V0ZBM0 A0A1D5P6Q1 A0A8V0YIC3 A0A8V0XBD4 A0A1D5PBU5 Q0PVE4 A0A1D5PSI3 A0A8V0ZAP5 A0A1D5NTR5 A0A8V1ACH5 A0A8V0ZJJ7 A0A8V0XE48 A0A8V0YVB6 A0A8V1A0B4 A0A8V0ZDW7
Cellular Component,Golgi lumen,5,GO:0005796,7,42,257,2784,1.81,0.1031129396521713,0.99,A0A8V1AG56 A0A3Q2TU24 A0A8V0X4D8 A0A1L1RX77 A0A8V0XH99 Q9W6H0 A0A8V0Y3L3
Cellular Component,focal adhesion,5,GO:0005925,7,42,257,2784,1.81,0.1031129396521713,0.99,A0A8V1A9L3 A0A8V0YDU6 A0A1D5PEW1 A0A1D5PT01 A0A8V0YDT5 A0A8V0Y699 A0A8V0YVI8
Cellular Component,endoplasmic reticulum-Golgi intermediate compartment,5,GO:0005793,7,43,257,2784,1.76,0.11066605925829738,0.96,A0A8V0ZAP0 A0A8V0ZUA4 A0A8V1AFR2 Q5ZJW4 A0A8V0Y0X2 A0A8V0YDD6 A0A8V0YVB6
Cellular Component,endolysosome,8,GO:0036019,3,13,257,2784,2.5,0.1112553071874623,0.95,A0A8V0ZRP2 A0A1L4FLS3 A0A8V0YSF6
Cellular Component,clathrin-coated endocytic vesicle membrane,6,GO:0030669,3,13,257,2784,2.5,0.1112553071874623,0.95,A0A8V1AG56 A0A8V0ZRP2 A0A8V0ZYI9
Cellular Component,9+2 motile cilium,6,GO:0097729,2,61,257,2784,0.36,0.11872739824729621,0.93,A0A8V0Y2G8 A0A1D5PBU5
Cellular Component,caveola,5,GO:0005901,4,21,257,2784,2.06,0.12188745215331392,0.91,A0A8V0ZKI8 A0A1D5P6T3 A0A1I7Q3Z0 A0A8V0ZJJ7
Cellular Component,dendrite,5,GO:0030425,21,167,257,2784,1.36,0.12891243454697565,0.89,A0A8V1AG56 A0A8V0XDR8 A0A1D5NTR5 A0A1D5PBZ8 A0A8V0XYK6 A0A1D5P6T3 A0A8V0YFT7 A0A3Q2UGW3 A0A8V0XPE8 A0A8V0ZZZ5 Q00649 A0A8V1ABC9 A0A8V0ZDW7 A0A8V0YWI5 A0A8V1A3S8 A0A8V0Z3U6 P26652 A0A1D5PSI3 A0A1L1RKY9 A0A8V0YDL8 A0A8V0YRG2
Cellular Component,dendritic tree,5,GO:0097447,21,167,257,2784,1.36,0.12891243454697565,0.89,A0A8V1AG56 A0A8V0XDR8 A0A1D5NTR5 A0A1D5PBZ8 A0A8V0XYK6 A0A1D5P6T3 A0A8V0YFT7 A0A3Q2UGW3 A0A8V0XPE8 A0A8V0ZZZ5 Q00649 A0A8V1ABC9 A0A8V0ZDW7 A0A8V0YWI5 A0A8V1A3S8 A0A8V0Z3U6 P26652 A0A1D5PSI3 A0A1L1RKY9 A0A8V0YDL8 A0A8V0YRG2
Cellular Component,AP-2 adaptor complex,4,GO:0030122,2,7,257,2784,3.1,0.1307808919641238,0.88,A0A8V0ZRP2 A0A8V0ZYI9
Cellular Component,node of Ranvier,2,GO:0033268,2,7,257,2784,3.1,0.1307808919641238,0.88,A0A8V0YLZ8 A0A8V0XYK6
Cellular Component,Golgi medial cisterna,5,GO:0005797,3,14,257,2784,2.32,0.1323828737213974,0.88,Q92182 A0A8V1ADS4 A0A8V1AEJ4
Cellular Component,actin filament,6,GO:0005884,6,36,257,2784,1.81,0.13836587174276066,0.86,A0A8V0XBD4 A0A8V0YLI1 A0A1L1RKY9 A0A8V0YG88 A0A3Q2UHS2 A0A1I7Q3Z0
Cellular Component,mitochondrial intermembrane space,6,GO:0005758,4,22,257,2784,1.97,0.13876628784595305,0.86,A0A8V0YLZ8 R4GGQ4 A0A8V0XKW4 A0A8V0YWM3
Cellular Component,cell-substrate junction,4,GO:0030055,8,54,257,2784,1.6,0.15291996776421432,0.82,A0A8V1A9L3 A0A8V0YDU6 A0A1D5PEW1 A0A1D5PT01 A0A8V0YQU2 A0A8V0YDT5 A0A8V0Y699 A0A8V0YVI8
Cellular Component,microtubule,6,GO:0005874,3,76,257,2784,0.43,0.15497269390669902,0.81,A0A8V0Z3U6 A0A8V1AEJ4 A0A1D5PBU5
Cellular Component,zymogen granule,9,GO:0042588,2,8,257,2784,2.71,0.16414970563910913,0.78,A0A8V0ZUA4 A0A8V0ZY91
Cellular Component,complex of collagen trimers,3,GO:0098644,2,8,257,2784,2.71,0.16414970563910913,0.78,A0A8V1AFR2 P02460
Cellular Component,clathrin coat of endocytic vesicle,6,GO:0030128,2,8,257,2784,2.71,0.16414970563910913,0.78,A0A8V0ZRP2 A0A8V0ZYI9
Cellular Component,postsynaptic specialization membrane,5,GO:0099634,2,8,257,2784,2.71,0.16414970563910913,0.78,Q00649 A0A8V0YDT5
Cellular Component,sperm flagellum,7,GO:0036126,2,56,257,2784,0.39,0.16532339061990337,0.78,A0A8V0Y2G8 A0A1D5PBU5
Cellular Component,basal part of cell,2,GO:0045178,6,39,257,2784,1.67,0.1671099584555715,0.78,A0A8V0XBD4 A0A8V0ZBR8 A0A8V0YDU6 A0A8V0Y357 A0A8V0YDT5 A0A8V0ZYI9
Cellular Component,clathrin-coated endocytic vesicle,8,GO:0045334,3,16,257,2784,2.03,0.1782348370076612,0.75,A0A8V1AG56 A0A8V0ZRP2 A0A8V0ZYI9
Cellular Component,spindle,5,GO:0005819,4,83,257,2784,0.52,0.18126643096726835,0.74,A0A8V0Z3U6 A0A8V0Z9Z7 A0A8V0XE48 A0A1D5PBU5
Cellular Component,clathrin-coated pit,4,GO:0005905,5,29,257,2784,1.87,0.18228988163294546,0.74,A0A8V1A6B5 A0A8V0XBD4 A0A8V0Y6D2 A0A8V0ZRP2 A0A8V0ZYI9
Cellular Component,organelle subcompartment,2,GO:0031984,28,382,257,2784,0.79,0.18313327704513105,0.74,A0A8V0X4D8 A0A8V0XBD4 F1NBR3 A0A8V0ZAP0 A0A8V1AEJ4 A0A8V1ACH5 A0A8V0YGN2 A0A8V0WZN3 E1C3Z8 A0A8V1ADS4 A0A8V0ZXC9 E1C2T4 A0A8V0YLZ5 A0A8V0Z0B9 A0A1L4FLS3 A0A8V0XPN5 Q5ZJW4 A0A8V0XKW4 A0A8V0YYQ9 A0A8V0YHF3 Q92182 F1NGB8 A0A3Q2TU24 A0A8V0XM98 A0A8V0ZUA4 A0A8V0Z938 A0A8V0YDL8 P28687
Cellular Component,cell surface,2,GO:0009986,27,230,257,2784,1.27,0.18951607806082119,0.72,A0A8V1AG56 A0A8V0X4D8 A0A8V0ZBR8 A0A8V0XXM5 A0A8V0XMI5 A0A8V0Y0X2 A0A8V0XH99 A0A1D5PBZ8 P15120 A0A8V0XEJ0 A0A8V1A0B4 A0A8V0XYK6 A0A1D5P6T3 A0A8V0YQ88 A0A3Q2UGW3 A0A8V0YVB6 E1C0K5 A0A8V0ZZZ5 A0A8V0XA92 A0A8V0ZRV9 A0A1L4FLS3 A0A8V0Y9F8 A0A8V0ZDW7 A0A8V0ZKI8 A0A3Q2TU24 P33005 P01875
Cellular Component,platelet dense granule lumen,7,GO:0031089,2,9,257,2784,2.41,0.1987823854563863,0.7,A0A8V0YPB9 P26652
Cellular Component,subapical complex,4,GO:0035003,2,9,257,2784,2.41,0.1987823854563863,0.7,A0A8V0YIC3 Q0PVE4
Cellular Component,endolysosome membrane,6,GO:0036020,2,9,257,2784,2.41,0.1987823854563863,0.7,A0A8V0ZRP2 A0A1L4FLS3
Cellular Component,tertiary granule membrane,6,GO:0070821,3,17,257,2784,1.91,0.2025894487395545,0.69,A0A8V0ZJJ7 P15120 A0A8V1ALI6
Cellular Component,clathrin coat,4,GO:0030118,3,18,257,2784,1.81,0.2276575939712932,0.64,A0A8V0ZRP2 A0A8V1A6B5 A0A8V0ZYI9
Cellular Component,platelet alpha granule,9,GO:0031091,2,51,257,2784,0.42,0.22870922388328457,0.64,A0A3Q2TU24 A0A8V0YDD6
Cellular Component,organelle membrane,3,GO:0031090,57,708,257,2784,0.87,0.22913487792801457,0.64,A0A8V1AG56 A0A8V0X4D8 A0A8V0XBD4 A0A8V1A803 A0A8V1ABA3 F1NBR3 A0A8V0ZAP0 A0A8V0ZRZ8 A0A8V1AEJ4 A0A8V0Y0X2 A0A8V0YGN2 A0A8V1ACH5 A0A8V0YDT5 R4GGQ4 A0A8V0YG88 P15120 A0A1I7Q3Z0 A0A8V1ACV0 A0A8V0YVI8 A0A8V0ZYI9 A0A1D5P6T3 F1NXR0 A0A8V0XCD2 A0A8V0X637 A0A8V0X535 E1C3Z8 A0A8V0WZN3 A0A8V0YVB6 E1C2T4 A0A8V1A7R0 A0A8V0Z0B9 A0A8V0XA92 A0A1L4FLS3 A0A8V0X7P4 A0A8V0XPN5 A0A8V0ZY91 Q5ZJW4 A0A8V0ZJJ7 A0A8V0Z865 A0A8V1ABC9 A0A8V1ALI6 A0A8V0ZRP2 A0A8V0YYQ9 A0A8V0YHF3 Q92182 A0A8V0Y4M6 A0A8V0ZKI8 A0A1D5PGC2 A0A3Q2TU24 A0A1D5NT61 A0A8V0ZUA4 A0A8V1AFR2 A0A8V0ZTR7 A0A8V0Z938 A0A8V0XMV0 A0A8V0YLZ8 A0A8V0YWM3
Cellular Component,protein complex involved in cell adhesion,2,GO:0098636,2,10,257,2784,2.17,0.23416387997153265,0.63,A0A8V0Y290 A0A8V0Y0F3
Cellular Component,platelet dense granule,9,GO:0042827,2,10,257,2784,2.17,0.23416387997153265,0.63,A0A8V0YPB9 P26652
Cellular Component,integrin complex,3,GO:0008305,2,10,257,2784,2.17,0.23416387997153265,0.63,A0A8V0Y290 A0A8V0Y0F3
Cellular Component,azurophil granule lumen,6,GO:0035578,8,56,257,2784,1.55,0.23684823493416282,0.63,A0A8V0XXM5 F1NTQ2 A0A8V0X7P4 A0A8V0YZJ3 A0A8V0YC89 A0A8V0Z086 Q5ZJ73 A0A8V1A6Z0
Cellular Component,primary lysosome,8,GO:0005766,11,85,257,2784,1.4,0.2497704861863884,0.6,A0A8V0XXM5 F1NTQ2 A0A8V0X7P4 A0A8V0YZJ3 A0A8V0YC89 A0A8V0Z086 A0A8V0YGN2 Q5ZJ73 A0A8V1A6Z0 A0A8V1ALI6 A0A8V1ACV0
Cellular Component,azurophil granule,9,GO:0042582,11,85,257,2784,1.4,0.2497704861863884,0.6,A0A8V0XXM5 F1NTQ2 A0A8V0X7P4 A0A8V0YZJ3 A0A8V0YC89 A0A8V0Z086 A0A8V0YGN2 Q5ZJ73 A0A8V1A6Z0 A0A8V1ALI6 A0A8V1ACV0
Cellular Component,leading edge membrane,2,GO:0031256,6,40,257,2784,1.62,0.26163868413430147,0.58,A0A1D5P6T3 A0A8V0ZZZ5 A0A8V0XBD4 A0A1D5PBZ8 A0A1I7Q3Z0 A0A8V0YVI8
Cellular Component,clathrin adaptor complex,4,GO:0030131,2,11,257,2784,1.97,0.2698628244095916,0.57,A0A8V0ZRP2 A0A8V0ZYI9
Cellular Component,protein kinase complex,5,GO:1902911,2,11,257,2784,1.97,0.2698628244095916,0.57,A0A8V0X1T3 A0A1D5P6T3
Cellular Component,inclusion body,3,GO:0016234,2,11,257,2784,1.97,0.2698628244095916,0.57,A0A8V0ZYI9 A0A8V0YVI8
Cellular Component,filamentous actin,2,GO:0031941,2,11,257,2784,1.97,0.2698628244095916,0.57,A0A3Q2UHS2 A0A8V0XBD4
Cellular Component,endoplasmic reticulum membrane,4,GO:0005789,12,176,257,2784,0.74,0.28397084833734143,0.55,F1NGB8 A0A8V0X4D8 A0A8V0YLZ5 F1NBR3 A0A8V0ZUA4 A0A1L4FLS3 A0A8V0XPN5 Q5ZJW4 A0A8V0YGN2 A0A8V0ZXC9 A0A8V0XKW4 P28687
Cellular Component,endoplasmic reticulum subcompartment,3,GO:0098827,12,178,257,2784,0.73,0.2840636441182029,0.55,F1NGB8 A0A8V0X4D8 A0A8V0YLZ5 F1NBR3 A0A8V0ZUA4 A0A1L4FLS3 A0A8V0XPN5 Q5ZJW4 A0A8V0YGN2 A0A8V0ZXC9 A0A8V0XKW4 P28687
Cellular Component,postsynaptic specialization,3,GO:0099572,9,69,257,2784,1.41,0.2877364954579961,0.54,Q0PVE4 A0A8V1A3S8 A0A3Q2UGW3 A0A1D5PSI3 Q00649 A0A8V0YDT5 A0A1L1RKY9 A0A1I7Q3Z0 A0A8V0ZDW7
Cellular Component,nucleolus,5,GO:0005730,9,139,257,2784,0.7,0.29393107638848537,0.53,A0A8V0ZJ97 A0A8V0YFT7 A0A1D5PBU5 A0A8V0ZAP0 A0A8V0Z3U6 A0A8V0XMI5 R4GGQ4 Q6ITC7 A0A8V1AEM5
Cellular Component,membrane microdomain,3,GO:0098857,12,100,257,2784,1.3,0.2949344250950738,0.53,A0A8V0ZKI8 A0A1D5P6T3 A0A8V0X4D8 A0A8V0ZZZ5 Q05744 A0A8V0X637 A0A8V0X7P4 A0A8V0ZY91 A0A8V0XMI5 A0A8V0ZJJ7 A0A8V1ABC9 A0A1I7Q3Z0
Cellular Component,membrane raft,4,GO:0045121,12,100,257,2784,1.3,0.2949344250950738,0.53,A0A8V0ZKI8 A0A1D5P6T3 A0A8V0X4D8 A0A8V0ZZZ5 Q05744 A0A8V0X637 A0A8V0X7P4 A0A8V0ZY91 A0A8V0XMI5 A0A8V0ZJJ7 A0A8V1ABC9 A0A1I7Q3Z0
Cellular Component,nuclear outer membrane-endoplasmic reticulum membrane network,3,GO:0042175,13,187,257,2784,0.75,0.29736203528680266,0.53,F1NGB8 A0A8V0X4D8 A0A8V0YIC3 F1NBR3 A0A8V0ZUA4 A0A8V0YLZ5 A0A1L4FLS3 A0A8V0XPN5 Q5ZJW4 A0A8V0YGN2 A0A8V0ZXC9 A0A8V0XKW4 P28687
Cellular Component,ribonucleoprotein complex,2,GO:1990904,13,189,257,2784,0.75,0.29749009819273625,0.53,A0A8V0ZH96 A0A8V0ZJ97 A0A8V0YTK5 A0A1D5PSI3 A0A8V0XPN5 A0A8V1A8R2 A0A8V0ZSX6 A0A8V0Z865 A0A8V0XE48 Q6ITC7 A0A1L1S0X5 A0A8V0ZEJ3 A0A8V0ZE30
Cellular Component,extrinsic component of organelle membrane,3,GO:0031312,2,12,257,2784,1.81,0.30552057280761324,0.51,A0A8V1AEJ4 A0A8V0ZAP0
Cellular Component,blood microparticle,2,GO:0072562,2,12,257,2784,1.81,0.30552057280761324,0.51,P01875 A0A8V0XEJ0
Cellular Component,COPII-coated ER to Golgi transport vesicle,8,GO:0030134,4,27,257,2784,1.6,0.30681406877249046,0.51,Q5ZJW4 A0A8V1AFR2 A0A8V0ZUA4 A0A8V0YVB6
Cellular Component,trans-Golgi network,4,GO:0005802,4,75,257,2784,0.58,0.3119540463215806,0.51,A0A8V0YDL8 A0A8V0XM98 A0A8V0X4D8 A0A8V0XBD4
Cellular Component,terminal bouton,3,GO:0043195,2,47,257,2784,0.46,0.3135426746502319,0.5,Q0PVE4 A0A8V0YWI5
Cellular Component,organelle envelope lumen,5,GO:0031970,4,29,257,2784,1.49,0.3360267881802631,0.47,A0A8V0YLZ8 R4GGQ4 A0A8V0XKW4 A0A8V0YWM3
Cellular Component,axon,5,GO:0030424,25,226,257,2784,1.2,0.3365753474642326,0.47,A0A8V0XBD4 A0A1D5NTR5 A0A8V0YDT5 A0A8V0YDL8 A0A1D5PBZ8 A0A8V1A0B4 A0A8V0ZYI9 A0A8V0XYK6 A0A1D5P6T3 A0A8V0YFT7 A0A8V0YLI1 A0A8V0YVB6 A0A8V1A6B5 A0A8V0ZZZ5 Q0PVE4 Q00649 A0A8V1ABC9 A0A8V1ADF6 A0A8V0YWI5 A0A8V1A3S8 A0A8V0Z3U6 A0A1D5PSI3 A0A1D5PT01 A0A8V0YLZ8 A0A8V0YRG2
Cellular Component,extracellular exosome,6,GO:0070062,7,54,257,2784,1.4,0.33812415518473155,0.47,A0A8V1AG56 A0A8V0YQ88 A0A8V0X7P4 A0A8V0Y0X2 A0A8V0YDD6 A0A8V0ZIF0 A0A8V0YLZ8
Cellular Component,rhabdomere,4,GO:0016028,2,13,257,2784,1.67,0.3408415301931824,0.47,A0A8V0YIC3 A0A8V1ABC9
Cellular Component,costamere,2,GO:0043034,2,13,257,2784,1.67,0.3408415301931824,0.47,A0A8V0YQU2 A0A8V0XYK6
Cellular Component,perinuclear region of cytoplasm,2,GO:0048471,17,231,257,2784,0.8,0.34357610436051744,0.46,A0A8V0Y4Q2 A0A8V0XM98 A0A8V0YFT7 A0A8V0XBD4 A0A8V0ZTR7 A0A8V0YDU6 A0A8V0Z9Z7 A0A8V0XMI5 A0A8V0XPE8 A0A8V0YSF6 A0A8V0YG88 A0A8V1ABC9 A0A8V0YRF2 A0A8V0YDL8 A0A1I7Q3Z0 A0A8V0ZH96 A0A8V0YWM3
Cellular Component,plasma membrane raft,4,GO:0044853,4,30,257,2784,1.44,0.35196713285435943,0.45,A0A8V0ZKI8 A0A1D5P6T3 A0A1I7Q3Z0 A0A8V0ZJJ7
Cellular Component,lateral plasma membrane,2,GO:0016328,4,30,257,2784,1.44,0.35196713285435943,0.45,A0A8V0YG88 A0A1D5PBZ8 A0A8V0Y699 A0A8V0XYK6
Cellular Component,extracellular vesicle,5,GO:1903561,7,56,257,2784,1.35,0.35264257880674377,0.45,A0A8V1AG56 A0A8V0YQ88 A0A8V0X7P4 A0A8V0Y0X2 A0A8V0YDD6 A0A8V0ZIF0 A0A8V0YLZ8
Cellular Component,intracellular vesicle,5,GO:0097708,56,675,257,2784,0.9,0.35982095842545725,0.44,A0A8V1AG56 A0A8V0X4D8 A0A8V0XBD4 Q98938 F1NBR3 A0A8V0XXM5 A0A8V0XMI5 A0A8V0YC89 A0A8V0YGN2 A0A8V0ZSD7 A0A8V0YDT5 A0A8V0YDL8 A0A8V0YG88 P15120 A0A8V1A0B4 A0A1I7Q3Z0 A0A8V0YMR1 A0A8V0ZH96 A0A8V0ZYI9 A0A8V1ACV0 A0A1D5P6T3 A0A8V0X637 A0A8V0XM02 A0A8V0XZH4 F1NTQ2 A0A8V0ZP32 Q5ZJ73 A0A8V1ADS4 A0A8V0YVB6 A0A8V0YIC3 A0A8V0XA92 A0A1L4FLS3 A0A8V0X7P4 A0A8V0YZJ3 A0A8V0ZY91 A0A8V0ZY42 Q5ZJW4 A0A8V0YPB9 A0A8V0Z086 A0A8V1A6Z0 A0A8V0ZJJ7 A0A8V0YSF6 A0A8V1ALI6 A0A8V0ZRP2 A0A8V0ZKI8 A0A3Q2TU24 A0A8V0XM98 A0A8V0ZTR7 Q05744 A0A8V0ZUA4 A0A8V1AFR2 A0A8V1A9R2 P26652 A0A8V0YBE2 A0A8V0YDD6 A0A8V0YLZ8
Cellular Component,polymeric cytoskeletal fiber,5,GO:0099513,9,135,257,2784,0.72,0.36037221833856203,0.44,A0A8V0XBD4 A0A1D5PBU5 A0A8V0Z3U6 A0A8V1AEJ4 A0A8V0YLI1 A0A1L1RKY9 A0A3Q2UHS2 A0A8V0YG88 A0A1I7Q3Z0
Cellular Component,exocytic vesicle,8,GO:0070382,3,58,257,2784,0.56,0.36318496061793304,0.44,A0A8V0ZRP2 A0A8V0YDT5 A0A8V0ZJJ7
Cellular Component,late endosome,8,GO:0005770,3,60,257,2784,0.54,0.36488899453589846,0.44,A0A1I7Q3Z0 A0A8V0YSF6 A0A8V0ZY91
Cellular Component,clathrin-coated vesicle membrane,6,GO:0030665,5,35,257,2784,1.55,0.36888041552858275,0.43,A0A8V1AG56 A0A8V0X4D8 A0A8V0XBD4 A0A8V0ZRP2 A0A8V0ZYI9
Cellular Component,cell cortex region,4,GO:0099738,5,36,257,2784,1.5,0.3752896045223443,0.43,Q0PVE4 A0A1D5NTR5 A0A8V0XE48 A0A8V0YVB6 A0A8V0ZDW7
Cellular Component,photoreceptor outer segment,2,GO:0001750,2,14,257,2784,1.55,0.37558463960495336,0.43,A0A8V0Y0X2 A0A8V1ABC9
Cellular Component,clathrin vesicle coat,5,GO:0030125,2,14,257,2784,1.55,0.37558463960495336,0.43,A0A8V0ZRP2 A0A8V0ZYI9
Cellular Component,adherens junction,5,GO:0005912,12,101,257,2784,1.29,0.37834533506723167,0.42,A0A8V1A9L3 A0A8V0YDU6 A0A8V0X7P4 A0A1D5PEW1 A0A1D5PT01 A0A8V0YQU2 A0A8V0YDT5 A0A8V0XE48 A0A8V0Y699 A0A1D5PBZ8 A0A8V1A0B4 A0A8V0YVI8
Cellular Component,cytoplasmic vesicle membrane,5,GO:0030659,15,204,257,2784,0.8,0.380659016886872,0.42,A0A8V1AG56 A0A8V0X4D8 A0A8V0XBD4 A0A8V0ZUA4 F1NBR3 A0A8V0ZY91 Q5ZJW4 A0A8V0YGN2 A0A8V0YDT5 A0A8V0ZJJ7 A0A8V1ALI6 P15120 A0A8V0ZRP2 A0A8V1ACV0 A0A8V0ZYI9
Cellular Component,organelle envelope,3,GO:0031967,21,278,257,2784,0.82,0.3815933954479638,0.42,A0A8V0XBD4 A0A8V1A803 A0A8V0ZRZ8 A0A8V0YGN2 R4GGQ4 A0A1I7Q3Z0 A0A8V0YVI8 F1NXR0 A0A8V0XCD2 A0A8V0X535 A0A8V1A7R0 A0A8V0X7P4 A0A8V0Z865 A0A8V0XKW4 A0A1D5PGC2 A0A8V0Y4M6 A0A1D5NT61 A0A8V0Z9Z7 A0A8V0XMV0 A0A8V0YLZ8 A0A8V0YWM3
Cellular Component,envelope,2,GO:0031975,21,278,257,2784,0.82,0.3815933954479638,0.42,A0A8V0XBD4 A0A8V1A803 A0A8V0ZRZ8 A0A8V0YGN2 R4GGQ4 A0A1I7Q3Z0 A0A8V0YVI8 F1NXR0 A0A8V0XCD2 A0A8V0X535 A0A8V1A7R0 A0A8V0X7P4 A0A8V0Z865 A0A8V0XKW4 A0A1D5PGC2 A0A8V0Y4M6 A0A1D5NT61 A0A8V0Z9Z7 A0A8V0XMV0 A0A8V0YLZ8 A0A8V0YWM3
Cellular Component,asymmetric synapse,5,GO:0032279,8,65,257,2784,1.33,0.3827010331782228,0.42,A0A8V1A3S8 A0A3Q2UGW3 A0A1D5PSI3 Q00649 A0A8V0YDT5 A0A1L1RKY9 A0A1I7Q3Z0 A0A8V0ZDW7
Cellular Component,postsynaptic density,4,GO:0014069,8,65,257,2784,1.33,0.3827010331782228,0.42,A0A8V1A3S8 A0A3Q2UGW3 A0A1D5PSI3 Q00649 A0A8V0YDT5 A0A1L1RKY9 A0A1I7Q3Z0 A0A8V0ZDW7
Cellular Component,postsynaptic membrane,5,GO:0045211,5,37,257,2784,1.46,0.38282171981980656,0.42,A0A1D5NTR5 Q00649 A0A8V0YDT5 A0A8V0ZDW7 A0A8V0XYK6
Cellular Component,apical part of cell,2,GO:0045177,17,151,257,2784,1.22,0.38444875964920683,0.42,A0A1D5P6Q1 A0A8V0XA92 A0A8V0XBD4 A0A8V0ZZZ5 Q0PVE4 A0A8V0Z3U6 A0A8V0Y0X2 A0A8V0YGN2 A0A8V0YDD6 A0A8V0YSF6 A0A8V0XE48 A0A8V1ABC9 A0A8V0YG88 A0A8V0Z8N6 A0A8V1A0B4 A0A8V0ZYI9 A0A8V0YHF3
Cellular Component,anchoring junction,3,GO:0070161,12,105,257,2784,1.24,0.39195718421991343,0.41,A0A8V1A9L3 A0A8V0YDU6 A0A8V0X7P4 A0A1D5PEW1 A0A1D5PT01 A0A8V0YQU2 A0A8V0YDT5 A0A8V0XE48 A0A8V0Y699 A0A1D5PBZ8 A0A8V1A0B4 A0A8V0YVI8
Cellular Component,vesicle membrane,4,GO:0012506,16,217,257,2784,0.8,0.39224377627950224,0.41,A0A8V1AG56 A0A8V0X4D8 A0A8V0XA92 A0A8V0XBD4 A0A8V0ZUA4 F1NBR3 A0A8V0ZY91 Q5ZJW4 A0A8V0YGN2 A0A8V0YDT5 A0A8V0ZJJ7 A0A8V1ALI6 P15120 A0A8V0ZRP2 A0A8V1ACV0 A0A8V0ZYI9
Cellular Component,neuron to neuron synapse,4,GO:0098984,8,67,257,2784,1.29,0.3945596155759308,0.4,A0A8V1A3S8 A0A3Q2UGW3 A0A1D5PSI3 Q00649 A0A8V0YDT5 A0A1L1RKY9 A0A1I7Q3Z0 A0A8V0ZDW7
Cellular Component,cytoplasmic vesicle,6,GO:0031410,56,672,257,2784,0.9,0.40000569238074385,0.4,A0A8V1AG56 A0A8V0X4D8 A0A8V0XBD4 Q98938 F1NBR3 A0A8V0XXM5 A0A8V0XMI5 A0A8V0YC89 A0A8V0YGN2 A0A8V0ZSD7 A0A8V0YDT5 A0A8V0YDL8 A0A8V0YG88 P15120 A0A8V1A0B4 A0A1I7Q3Z0 A0A8V0YMR1 A0A8V0ZH96 A0A8V0ZYI9 A0A8V1ACV0 A0A1D5P6T3 A0A8V0X637 A0A8V0XM02 A0A8V0XZH4 F1NTQ2 A0A8V0ZP32 Q5ZJ73 A0A8V1ADS4 A0A8V0YVB6 A0A8V0YIC3 A0A8V0XA92 A0A1L4FLS3 A0A8V0X7P4 A0A8V0YZJ3 A0A8V0ZY91 A0A8V0ZY42 Q5ZJW4 A0A8V0YPB9 A0A8V0Z086 A0A8V1A6Z0 A0A8V0ZJJ7 A0A8V0YSF6 A0A8V1ALI6 A0A8V0ZRP2 A0A8V0ZKI8 A0A3Q2TU24 A0A8V0XM98 A0A8V0ZTR7 Q05744 A0A8V0ZUA4 A0A8V1AFR2 A0A8V1A9R2 P26652 A0A8V0YBE2 A0A8V0YDD6 A0A8V0YLZ8
Cellular Component,bounding membrane of organelle,4,GO:0098588,43,524,257,2784,0.89,0.4027342822934436,0.39,A0A8V1AG56 A0A8V0X4D8 A0A8V0XBD4 F1NBR3 A0A8V1ABA3 A0A8V0ZAP0 A0A8V1AEJ4 A0A8V0Y0X2 A0A8V0YGN2 A0A8V1ACH5 A0A8V0YDT5 A0A8V0YG88 P15120 A0A8V1ACV0 A0A8V0ZYI9 A0A1D5P6T3 A0A8V0X637 A0A8V0WZN3 E1C3Z8 A0A8V0YVB6 E1C2T4 A0A8V0Z0B9 A0A1L4FLS3 A0A8V0XPN5 A0A8V0ZY91 Q5ZJW4 A0A8V0ZJJ7 A0A8V1ALI6 A0A8V1ABC9 A0A8V0ZRP2 A0A8V0YYQ9 A0A8V0YHF3 Q92182 A0A8V0ZKI8 A0A1D5PGC2 A0A3Q2TU24 A0A8V0ZTR7 A0A8V0ZUA4 A0A8V1AFR2 A0A8V0Z938 A0A8V0XMV0 A0A8V0YLZ8 A0A8V0YWM3
Cellular Component,neuron projection terminus,2,GO:0044306,4,70,257,2784,0.62,0.40341061443121046,0.39,A0A8V0YDL8 Q0PVE4 A0A1D5PSI3 A0A8V0YWI5
Cellular Component,vesicle,4,GO:0031982,60,716,257,2784,0.91,0.40991746038044763,0.39,A0A8V1AG56 A0A8V0X4D8 A0A8V0XBD4 Q98938 F1NBR3 A0A8V0XXM5 A0A8V0XMI5 A0A8V0YC89 A0A8V0YGN2 A0A8V0ZSD7 A0A8V0YDT5 A0A8V0YDL8 A0A8V0Y0X2 P15120 A0A8V0YG88 A0A8V0ZIF0 A0A8V1A0B4 A0A1I7Q3Z0 A0A8V0YMR1 A0A8V0ZH96 A0A8V0ZYI9 A0A8V1ACV0 A0A1D5P6T3 A0A8V0YQ88 A0A8V0X637 A0A8V0XM02 A0A8V0XZH4 F1NTQ2 A0A8V0XCW4 A0A8V0ZP32 Q5ZJ73 A0A8V1ADS4 A0A8V0YVB6 A0A8V0YIC3 A0A8V0XA92 A0A1L4FLS3 A0A8V0X7P4 A0A8V0YZJ3 A0A8V0ZY91 A0A8V0ZY42 Q5ZJW4 A0A8V0YPB9 A0A8V0Z086 A0A8V1A6Z0 A0A8V0ZJJ7 A0A8V0YSF6 A0A8V1ALI6 A0A8V0ZRP2 A0A8V0ZKI8 A0A3Q2TU24 A0A8V0XM98 A0A8V0ZTR7 Q05744 A0A8V0ZUA4 A0A8V1AFR2 A0A8V1A9R2 P26652 A0A8V0YBE2 A0A8V0YDD6 A0A8V0YLZ8
Cellular Component,ciliary membrane,5,GO:0060170,3,19,257,2784,1.71,0.411051924640626,0.39,A0A8V0Y0X2 A0A8V0ZYI9 A0A8V1ABC9
Cellular Component,condensed chromosome,6,GO:0000793,3,19,257,2784,1.71,0.411051924640626,0.39,A0A8V0Z9Z7 A0A1D5PBU5 A0A8V0XMI5
Cellular Component,ficolin-1-rich granule membrane,6,GO:0101003,3,19,257,2784,1.71,0.411051924640626,0.39,A0A8V0ZRP2 A0A8V0ZJJ7 A0A8V1ALI6
Cellular Component,chromosome,5,GO:0005694,8,117,257,2784,0.74,0.4182810637856522,0.38,A0A8V0YFT7 A0A1D5PBU5 A0A8V0Z9Z7 A0A1D5PSI3 A0A8V0XMI5 A0A8V0YLI1 A0A8V0XKW4 A0A8V1A7R0
Cellular Component,"transferase complex, transferring phosphorus-containing groups",4,GO:0061695,3,20,257,2784,1.62,0.4223819508954043,0.37,A0A8V0X1T3 A0A1D5P6T3 A0A8V0XBD4
Cellular Component,external side of plasma membrane,3,GO:0009897,9,77,257,2784,1.27,0.4240217475499861,0.37,A0A1D5P6T3 A0A8V0ZZZ5 A0A8V0XA92 A0A8V0XXM5 A0A1D5PBZ8 A0A8V0XEJ0 P33005 E1C0K5 P01875
Cellular Component,chromosomal region,2,GO:0098687,2,43,257,2784,0.5,0.4269889418474313,0.37,A0A8V0Z9Z7 A0A1D5PBU5
Cellular Component,lytic vacuole membrane,6,GO:0098852,9,78,257,2784,1.25,0.42927242948060235,0.37,A0A8V0XBD4 A0A8V0X637 A0A8V1ABA3 A0A1L4FLS3 A0A8V0YGN2 A0A8V1ALI6 A0A8V0ZRP2 A0A8V1ACV0 A0A8V0YHF3
Cellular Component,lysosomal membrane,7,GO:0005765,9,78,257,2784,1.25,0.42927242948060235,0.37,A0A8V0XBD4 A0A8V0X637 A0A8V1ABA3 A0A1L4FLS3 A0A8V0YGN2 A0A8V1ALI6 A0A8V0ZRP2 A0A8V1ACV0 A0A8V0YHF3
Cellular Component,rough endoplasmic reticulum,6,GO:0005791,2,45,257,2784,0.48,0.43127829984104205,0.37,A0A8V0YDL8 A0A8V0XPN5
Cellular Component,mitochondrial matrix,5,GO:0005759,9,129,257,2784,0.76,0.4375068925107398,0.36,A0A8V0Y4M6 A0A8V1A9L3 A0A1D5NT61 A0A8V0ZRZ8 A0A3Q2TTB3 Q00649 A0A8V0Z865 A0A8V0Y9B0 A0A1D5PXI1
Cellular Component,mitochondrion,5,GO:0005739,30,375,257,2784,0.87,0.44267382491708307,0.35,A0A8V1A9L3 A0A8V1A803 A0A8V0ZRZ8 A0A8V0YGN2 A0A8V0ZHL4 R4GGQ4 A0A8V0Y9B0 A0A1I7Q3Z0 A0A1D5PXI1 A0A8V0YVI8 F1NXR0 A0A8V0XCD2 A0A8V0YQ88 A0A8V0X535 A0A3Q2TTB3 A0A8V0XPE8 A0A8V1A7R0 Q00649 A0A8V0Z865 A0A8V1ABC9 A0A8V0XKW4 A0A1D5PGC2 A0A8V0Y4M6 A0A1D5NT61 A0A1D5PSI3 A0A8V1AJI2 A0A8V0YQC4 A0A8V0XMV0 A0A8V0YLZ8 A0A8V0YWM3
Cellular Component,cell projection membrane,4,GO:0031253,10,85,257,2784,1.27,0.4432914213852596,0.35,A0A1D5P6T3 A0A8V0ZZZ5 A0A8V0XBD4 A0A8V0Y0X2 A0A8V0ZYI9 A0A1D5PBZ8 A0A8V1ABC9 A0A1I7Q3Z0 A0A8V0YVI8 A0A8V0YHF3
Cellular Component,presynaptic membrane,5,GO:0042734,3,22,257,2784,1.48,0.4495556625465016,0.35,A0A1D5NTR5 A0A8V0ZRP2 A0A8V0ZDW7
Cellular Component,cell junction,2,GO:0030054,22,206,257,2784,1.16,0.4526584867668943,0.34,A0A8V1A9L3 A0A8V0YBZ6 A0A8V0YDU6 A0A8V0ZUU4 A0A8V0ZAP5 A0A1D5NTR5 A0A8V0YQU2 A0A8V0YDT5 A0A3Q2UHS2 A0A1D5PBZ8 A0A8V1A0B4 A0A8V0YVI8 A0A8V0XYK6 A0A8V0YK18 A0A1D5PEW1 A0A8V0XXW6 A0A8V0YIC3 Q0PVE4 A0A8V0X7P4 A0A8V0XE48 A0A8V0Y699 A0A1D5PT01
Cellular Component,clathrin-coated vesicle,8,GO:0030136,6,50,257,2784,1.3,0.4581968372734182,0.34,A0A8V1AG56 A0A8V0X4D8 A0A8V0YIC3 A0A8V0XBD4 A0A8V0ZRP2 A0A8V0ZYI9
Cellular Component,cytosolic small ribosomal subunit,5,GO:0022627,3,23,257,2784,1.41,0.4648955758880151,0.33,A0A8V1A8R2 A0A8V0XPN5 Q6ITC7
Cellular Component,myofibril,6,GO:0030016,6,93,257,2784,0.7,0.464922938537471,0.33,A0A8V0YQU2 Q00649 A0A1D5PBZ8 A0A8V0Y699 A0A8V0YVI8 A0A8V0XYK6
Cellular Component,filopodium,5,GO:0030175,6,51,257,2784,1.27,0.46588823548273584,0.33,A0A8V0XBD4 A0A8V1A3S8 A0A1D5NTR5 A0A1D5PBZ8 A0A8V0YG88 A0A8V0YVI8
Cellular Component,endocytic vesicle,7,GO:0030139,6,94,257,2784,0.69,0.4662265672621176,0.33,A0A8V1AG56 A0A8V0XBD4 Q98938 Q5ZJW4 A0A8V0ZRP2 A0A8V0ZYI9
Cellular Component,azurophil granule membrane,6,GO:0035577,3,24,257,2784,1.35,0.4811061241655176,0.32,A0A8V0YGN2 A0A8V1ALI6 A0A8V1ACV0
Cellular Component,cell projection,2,GO:0042995,55,650,257,2784,0.92,0.4862056997616583,0.31,A0A8V1AG56 A0A8V0ZBM0 A0A8V0XBD4 A0A8V1AEJ4 A0A8V0YDU6 A0A8V0XMI5 A0A8V0XDR8 A0A1D5NTR5 A0A8V0ZSD7 A0A8V0YDT5 A0A3Q2UHS2 A0A8V0YDL8 A0A1D5PBZ8 A0A8V0Y0X2 A0A8V0YG88 A0A8V1ACH5 A0A8V1A0B4 A0A1I7Q3Z0 A0A8V0ZTC0 A0A8V0YVI8 A0A8V0XYK6 A0A8V0ZYI9 A0A1D5P6T3 A0A8V0YFT7 A0A3Q2UGW3 A0A8V0YK18 A0A8V0XPE8 A0A8V0YLI1 A0A8V0YVB6 A0A8V1A6B5 A0A8V0YIC3 A0A8V0ZZZ5 Q0PVE4 A0A1D5P692 Q00649 A0A1D5PDV9 A0A8V0Y699 A0A8V1ABC9 A0A8V1ADF6 A0A8V0Y2G8 A0A8V0YHF3 A0A8V0ZDW7 A0A3Q2TU24 A0A8V0YWI5 A0A8V0ZTR7 A0A1D5PBU5 A0A8V1A3S8 A0A8V0Z3U6 P26652 A0A8V0Z9Z7 A0A1D5PSI3 A0A1D5PT01 A0A1L1RKY9 A0A8V0YLZ8 A0A8V0YRG2
Cellular Component,plasma membrane bounded cell projection,3,GO:0120025,55,648,257,2784,0.92,0.4862624089392349,0.31,A0A8V1AG56 A0A8V0ZBM0 A0A8V0XBD4 A0A8V1AEJ4 A0A8V0YDU6 A0A8V0XMI5 A0A8V0XDR8 A0A1D5NTR5 A0A8V0ZSD7 A0A8V0YDT5 A0A3Q2UHS2 A0A8V0YDL8 A0A1D5PBZ8 A0A8V0Y0X2 A0A8V0YG88 A0A8V1ACH5 A0A8V1A0B4 A0A1I7Q3Z0 A0A8V0ZTC0 A0A8V0YVI8 A0A8V0XYK6 A0A8V0ZYI9 A0A1D5P6T3 A0A8V0YFT7 A0A3Q2UGW3 A0A8V0YK18 A0A8V0XPE8 A0A8V0YLI1 A0A8V0YVB6 A0A8V1A6B5 A0A8V0YIC3 A0A8V0ZZZ5 Q0PVE4 A0A1D5P692 Q00649 A0A1D5PDV9 A0A8V0Y699 A0A8V1ABC9 A0A8V1ADF6 A0A8V0Y2G8 A0A8V0YHF3 A0A8V0ZDW7 A0A3Q2TU24 A0A8V0YWI5 A0A8V0ZTR7 A0A1D5PBU5 A0A8V1A3S8 A0A8V0Z3U6 P26652 A0A8V0Z9Z7 A0A1D5PSI3 A0A1D5PT01 A0A1L1RKY9 A0A8V0YLZ8 A0A8V0YRG2
Cellular Component,cell body,2,GO:0044297,19,246,257,2784,0.84,0.48814902583437225,0.31,A0A8V0X4D8 A0A8V0XBD4 A0A1D5NTR5 A0A1D5PBZ8 A0A1D5P6T3 F1NXR0 A0A8V0XPE8 A0A8V0ZP32 A0A8V0YLI1 A0A8V0ZZZ5 Q00649 A0A8V1ABC9 A0A8V0ZKI8 A0A8V0XM98 A0A8V0YWI5 A0A8V1A3S8 A0A1L1RKY9 A0A8V0YDL8 A0A8V0YRG2
Cellular Component,endosome membrane,5,GO:0010008,7,105,257,2784,0.72,0.48990695845091725,0.31,A0A8V0ZKI8 A0A1D5P6T3 A0A8V0ZTR7 A0A1L4FLS3 A0A8V0YG88 A0A8V0ZRP2 A0A8V1ACV0
Cellular Component,synaptic membrane,4,GO:0097060,7,59,257,2784,1.29,0.491269691994545,0.31,A0A8V0ZP32 A0A1D5NTR5 Q00649 A0A8V0YDT5 A0A8V0ZRP2 A0A8V0ZDW7 A0A8V0XYK6
Cellular Component,extracellular organelle,3,GO:0043230,7,60,257,2784,1.26,0.49614082051012237,0.3,A0A8V1AG56 A0A8V0YQ88 A0A8V0X7P4 A0A8V0Y0X2 A0A8V0YDD6 A0A8V0ZIF0 A0A8V0YLZ8
Cellular Component,endomembrane system,2,GO:0012505,105,1197,257,2784,0.95,0.5085143927330951,0.29,F1NBR3 A0A8V1AEJ4 A0A1D5NTR5 A0A8V0YGN2 A0A8V0YDT5 P15120 A0A8V1ACV0 A0A1D5P480 A0A1L1RX77 A0A8V0XPE8 Q5ZJ73 E1C0K5 A0A8V0Y3L3 A0A8V0Z0B9 A0A8V0Y4Q2 A0A8V0Y579 A0A8V0X7P4 A0A8V0Z086 A0A8V0Y9F8 A0A8V0YYQ9 A0A8V0XXK8 Q92182 F1NGB8 A0A3Q2TU24 A0A8V0XM98 A0A8V0ZTR7 A0A8V0ZUA4 A0A8V1A9R2 Q9W6H0 P28687 A0A8V1AG56 E1C744 A0A8V0ZAP0 A0A8V0XXM5 A0A8V0XMI5 A0A8V0YC89 A0A8V0XH99 A0A1I7Q3Z0 A0A8V0ZH96 P02460 A0A8V0YUF6 A0A8V0X637 F1NTQ2 E1C3Z8 A0A8V0ZP32 A0A8V0ZXC9 E1C2T4 A0A8V1A6B5 A0A8V0YLZ5 A0A8V0ZZZ5 A0A8V0ZE58 A0A8V0YZJ3 A0A8V0XPN5 Q5ZJW4 A0A8V0YSF6 A0A8V1ABC9 A0A8V0XKW4 A0A8V0ZRP2 Q05744 A0A8V1AFR2 A0A1D5P201 P26652 A0A8V0YBE2 A0A8V0X4D8 A0A8V0XBD4 A0A8V0YBZ6 A0A8V0Y0X2 A0A8V0ZHL4 A0A8V0YG88 A0A8V0YVI8 A0A8V0XYK6 A0A8V1A8R2 A0A8V1ADS4 A0A1D5P8I8 A0A8V0ZY91 A0A8V0ZY42 A0A8V1A6Z0 A0A8V0YPB9 A0A8V1ALI6 A0A8V0ZY56 A0A8V0YHF3 A0A8V0ZKI8 A0A8V0YDL8 A0A8V0YLZ8 Q98938 A0A8V1ACH5 A0A8V0YMR1 A0A8V1AAN6 A0A8V0ZYI9 A0A1D5P6T3 A0A8V0XM02 A0A8V0XZH4 A0A8V0WZN3 A0A8V0ZCF7 A0A8V0YVB6 A0A8V0X9L0 A0A8V0YIC3 A0A8V0Z189 A0A1L4FLS3 A0A8V0Y6D2 A0A8V0ZJJ7 A0A8V0YHL1 A0A8V0Z9Z7 A0A8V0Z938 A0A8V0YDD6
Cellular Component,transport vesicle,7,GO:0030133,8,112,257,2784,0.77,0.508549239693838,0.29,A0A8V0X4D8 A0A8V0ZUA4 Q5ZJW4 A0A8V0YDT5 A0A8V0ZJJ7 A0A8V0YDL8 A0A8V0ZRP2 A0A8V1ACV0
Cellular Component,postsynapse,2,GO:0098794,13,117,257,2784,1.2,0.5120021508597312,0.29,Q0PVE4 A0A8V1A3S8 A0A3Q2UGW3 A0A1D5PSI3 A0A8V0XDR8 A0A1D5NTR5 Q00649 A0A8V0YDT5 A0A1L1RKY9 A0A8V0YRG2 A0A1I7Q3Z0 A0A8V0ZDW7 A0A8V0XYK6
Cellular Component,coated vesicle membrane,5,GO:0030662,7,63,257,2784,1.2,0.5142597829845525,0.29,A0A8V1AG56 A0A8V0X4D8 A0A8V0XBD4 A0A8V0ZUA4 Q5ZJW4 A0A8V0ZRP2 A0A8V0ZYI9
Cellular Component,endocytic vesicle membrane,5,GO:0030666,4,31,257,2784,1.4,0.5243773440827021,0.28,Q5ZJW4 A0A8V0ZRP2 A0A8V1AG56 A0A8V0ZYI9
Cellular Component,cell leading edge,2,GO:0031252,14,133,257,2784,1.14,0.5415197269256121,0.27,A0A1D5P6T3 A0A8V0ZZZ5 A0A8V0ZTR7 A0A8V0XBD4 A0A8V1A3S8 A0A8V0YK18 A0A8V1ACH5 A0A8V0YDT5 A0A3Q2UHS2 A0A1D5PBZ8 A0A8V0Y699 A0A8V0YG88 A0A1I7Q3Z0 A0A8V0YVI8
Cellular Component,acrosomal vesicle,9,GO:0001669,4,34,257,2784,1.27,0.5490688333276879,0.26,A0A8V0XXM5 F1NTQ2 A0A8V0ZJJ7 A0A8V0XZH4
Cellular Component,cytoplasmic side of membrane,3,GO:0098562,5,78,257,2784,0.69,0.54949668928899,0.26,A0A8V0ZSN8 A0A8V1A9R2 A0A8V0XPN5 A0A8V0XKW4 A0A1I7Q3Z0
Cellular Component,membrane,2,GO:0016020,135,1512,257,2784,0.97,0.5547997690595341,0.26,A0A8V0Y8Q2 F1NBR3 A0A8V0ZRZ8 A0A8V1ABA3 A0A8V1AEJ4 A0A1D5NTR5 A0A8V0YGN2 A0A8V0YDT5 R4GGQ4 A0A1D5PBZ8 P15120 A0A8V0XEJ0 A0A8V0ZEJ3 A0A8V1ACV0 A0A8V0Z8V4 A0A8V0YHL6 A0A8V1A7R0 E1C0K5 A0A8V0Z0B9 A0A8V1A3N1 A0A8V0Y579 A0A8V0X7P4 A0A8V0XW00 A0A8V0Y9F8 A0A8V0XE48 A0A8V0X8Q3 A0A8V0Y699 A0A8V0YYQ9 A0A8V0X8D5 Q92182 F1NGB8 A0A3Q2TU24 A0A8V0XM98 A0A8V0Y478 A0A8V0ZTR7 A0A8V0ZSN8 A0A8V0ZUA4 A0A8V1A9R2 A0A8V0YF36 A0A8V0XMV0 P28687 A0A1D5NYA8 A0A8V1AG56 A0A8V0ZAP0 A0A8V0XXM5 A0A8V0XMI5 A0A8V0XDR8 A0A8V0ZUU4 A0A8V0XH99 A0A8V1A0B4 A0A1I7Q3Z0 A0A1D5PXI1 A0A8V0Y0F3 A0A8V0X637 F1NTQ2 A0A1D5NYS2 E1C3Z8 A0A8V0ZP32 A0A8V0ZXC9 E1C2T4 A0A8V1A6B5 A0A1D5P7Y2 A0A8V0YLZ5 A0A8V0ZZZ5 A0A8V0XA92 Q0PVE4 A0A8V0ZRV9 A0A8V0XPN5 Q5ZJW4 Q00649 A0A1D5PDV9 A0A8V1ABC9 A0A8V0XKW4 A0A8V0ZRP2 F1P4D6 A0A8V0Y4M6 Q05744 A0A8V1AFR2 A0A1D5PT01 P33005 A0A8V0YRG2 A0A8V0X4D8 A0A8V0XBD4 A0A8V0ZBR8 A0A8V1A803 A0A8V0Y0X2 A0A8V0YG88 A0A8V0YVI8 A0A8V0XYK6 A0A8V0XCD2 A0A8V0X535 A0A8V0ZY91 A0A8V0Z865 A0A8V1ALI6 A0A8V0XXZ4 A0A8V0ZY56 A0A8V0YHF3 A0A8V0ZKI8 A0A1D5PGC2 A0A8V0X9N1 A0A8V0Z3U6 A0A8V0Y652 A0A8V0YLZ8 P01875 Q98938 A0A8V0Y999 A0A8V0YDU6 A0A8V1ACH5 A0A8V0ZSD7 A0A8V0XUJ8 A0A8V0Y290 A0A8V0ZYI9 A0A1D5P6T3 F1NXR0 A0A8V0YQ88 A0A8V1A8N2 A0A3Q2UGW3 A0A8V0XM02 A0A8V0WZN3 A0A8V0YVB6 A0A8V0YIC3 A0A1L4FLS3 A0A3Q2TT95 A0A8V0Y6D2 A0A8V0ZJJ7 A0A8V0Z8N6 K9JA28 A0A8V0ZDW7 A0A1D5NT61 A0A8V0Z938 A0A8V0YDD6 A0A1L1RKY9 A0A8V1AM47 A0A8V0YHS1 A0A8V0YWM3
Cellular Component,spindle pole,2,GO:0000922,4,35,257,2784,1.24,0.5589228784942709,0.25,A0A8V0Z3U6 A0A8V0Z9Z7 A0A8V0XE48 A0A1D5PBU5
Cellular Component,perikaryon,2,GO:0043204,4,36,257,2784,1.2,0.5694108253326626,0.24,A0A8V0YDL8 Q00649 A0A8V0YWI5 F1NXR0
Cellular Component,sarcomere,2,GO:0030017,6,86,257,2784,0.76,0.5723865437961939,0.24,A0A8V0YQU2 Q00649 A0A1D5PBZ8 A0A8V0Y699 A0A8V0YVI8 A0A8V0XYK6
Cellular Component,secretory vesicle,7,GO:0099503,33,397,257,2784,0.9,0.5740860261915852,0.24,F1NBR3 A0A8V0XXM5 A0A8V0XMI5 A0A8V0YC89 A0A8V0YGN2 A0A8V0YDT5 P15120 A0A8V0YMR1 A0A8V0ZH96 A0A8V1ACV0 A0A8V0X637 A0A8V0XZH4 F1NTQ2 A0A8V0ZP32 Q5ZJ73 A0A8V0YVB6 A0A8V0X7P4 A0A8V0YZJ3 A0A8V0ZY91 A0A8V0ZY42 A0A8V0Z086 A0A8V0YPB9 A0A8V1A6Z0 A0A8V0ZJJ7 A0A8V1ALI6 A0A8V0ZRP2 A0A3Q2TU24 Q05744 A0A8V0ZUA4 P26652 A0A8V0YBE2 A0A8V0YDD6 A0A8V0YDL8
Cellular Component,centriole,5,GO:0005814,2,39,257,2784,0.56,0.5760200526597483,0.24,A0A8V0Z3U6 A0A1D5PBU5
Cellular Component,platelet alpha granule lumen,7,GO:0031093,2,39,257,2784,0.56,0.5760200526597483,0.24,A0A3Q2TU24 A0A8V0YDD6
Cellular Component,coated vesicle,7,GO:0030135,10,91,257,2784,1.19,0.5784837295446027,0.24,A0A8V1AG56 A0A8V0X4D8 A0A8V0YIC3 A0A8V0XBD4 A0A8V0ZUA4 A0A8V1AFR2 Q5ZJW4 A0A8V0YVB6 A0A8V0ZRP2 A0A8V0ZYI9
Cellular Component,Golgi cisterna,4,GO:0031985,5,42,257,2784,1.29,0.58592957002635,0.23,Q92182 A0A8V0X4D8 A0A8V0ZAP0 A0A8V1AEJ4 A0A8V1ADS4
Cellular Component,nuclear chromosome,6,GO:0000228,5,42,257,2784,1.29,0.58592957002635,0.23,A0A8V0YFT7 A0A1D5PSI3 A0A8V0XMI5 A0A8V0YLI1 A0A8V1A7R0
Cellular Component,somatodendritic compartment,2,GO:0036477,28,279,257,2784,1.09,0.5870430326256221,0.23,A0A8V1AG56 A0A8V0X4D8 A0A8V0XBD4 A0A8V0XDR8 A0A1D5NTR5 A0A1D5PBZ8 A0A8V0XYK6 A0A1D5P6T3 F1NXR0 A0A8V0YFT7 A0A3Q2UGW3 A0A8V0XPE8 A0A8V0ZP32 A0A8V0YLI1 A0A8V0ZZZ5 Q00649 A0A8V1ABC9 A0A8V0ZDW7 A0A8V0ZKI8 A0A8V0XM98 A0A8V0YWI5 A0A8V1A3S8 A0A8V0Z3U6 P26652 A0A1D5PSI3 A0A1L1RKY9 A0A8V0YDL8 A0A8V0YRG2
Cellular Component,mitochondrial outer membrane,5,GO:0005741,5,43,257,2784,1.26,0.5908595575184088,0.23,A0A8V0YWM3 A0A8V0YGN2 A0A8V0XMV0 A0A8V0YLZ8 A0A1D5PGC2
Cellular Component,transport vesicle membrane,5,GO:0030658,5,44,257,2784,1.23,0.5964960936365986,0.22,A0A8V0X4D8 A0A8V0ZUA4 Q5ZJW4 A0A8V0YDT5 A0A8V0ZJJ7
Cellular Component,ficolin-1-rich granule,9,GO:0101002,11,101,257,2784,1.18,0.5974772082482649,0.22,Q05744 A0A8V0YZJ3 A0A8V0ZY42 A0A8V0YC89 A0A8V0YBE2 A0A8V0XMI5 A0A8V0ZJJ7 A0A8V1ALI6 A0A8V0YVB6 A0A8V0ZRP2 A0A8V0ZH96
Cellular Component,secretory granule lumen,6,GO:0034774,19,185,257,2784,1.11,0.5989497563188078,0.22,A0A8V0XXM5 A0A8V0XMI5 A0A8V0YC89 A0A8V0ZH96 F1NTQ2 Q5ZJ73 A0A8V0YVB6 A0A8V0X7P4 A0A8V0YZJ3 A0A8V0ZY42 A0A8V0Z086 A0A8V0YPB9 A0A8V1A6Z0 A0A3Q2TU24 Q05744 P26652 A0A8V0YBE2 A0A8V0YDD6 A0A8V0YDL8
Cellular Component,vesicle lumen,4,GO:0031983,20,196,257,2784,1.11,0.608769371569731,0.22,A0A8V0XXM5 A0A8V0XMI5 A0A8V0YC89 A0A8V0ZH96 F1NTQ2 Q5ZJ73 A0A8V0YVB6 A0A8V0XA92 A0A8V0X7P4 A0A8V0YZJ3 A0A8V0ZY42 A0A8V0Z086 A0A8V0YPB9 A0A8V1A6Z0 A0A3Q2TU24 Q05744 P26652 A0A8V0YBE2 A0A8V0YDD6 A0A8V0YDL8
Cellular Component,non-motile cilium,5,GO:0097730,3,48,257,2784,0.68,0.6193636150727604,0.21,A0A8V0Y0X2 A0A1D5P6T3 A0A8V1ABC9
Cellular Component,coated membrane,3,GO:0048475,3,49,257,2784,0.66,0.6197418516100899,0.21,A0A8V0ZRP2 A0A8V1A6B5 A0A8V0ZYI9
Cellular Component,membrane coat,3,GO:0030117,3,49,257,2784,0.66,0.6197418516100899,0.21,A0A8V0ZRP2 A0A8V1A6B5 A0A8V0ZYI9
Cellular Component,nuclear membrane,4,GO:0031965,3,50,257,2784,0.65,0.6208490950725577,0.21,A0A8V0X7P4 A0A8V0XBD4 A0A8V0YVI8
Cellular Component,recycling endosome,8,GO:0055037,3,51,257,2784,0.64,0.6226507443710763,0.21,A0A8V0YIC3 A0A8V0ZTR7 A0A8V1ACV0
Cellular Component,presynapse,2,GO:0098793,9,119,257,2784,0.82,0.6281905153044108,0.2,Q0PVE4 A0A8V0YWI5 A0A1D5PSI3 A0A1D5NTR5 A0A8V0YDT5 A0A8V0ZJJ7 A0A8V0YDL8 A0A8V0ZRP2 A0A8V0ZDW7
Cellular Component,distal axon,2,GO:0150034,9,122,257,2784,0.8,0.6300794180713658,0.2,A0A8V0ZZZ5 Q0PVE4 A0A8V0XBD4 A0A8V0YWI5 A0A8V0Z3U6 A0A1D5PSI3 A0A1D5NTR5 A0A8V0YVB6 A0A8V0YDL8
Cellular Component,chromatin,3,GO:0000785,6,54,257,2784,1.2,0.6318526831370883,0.2,A0A8V0YFT7 A0A1D5PSI3 A0A8V0XMI5 A0A8V0YLI1 A0A8V0XKW4 A0A8V1A7R0
Cellular Component,cell periphery,2,GO:0071944,98,1023,257,2784,1.04,0.6349599772731773,0.2,A0A8V0Y8Q2 A0A8V0ZAP5 A0A1D5NTR5 A0A8V0YGN2 A0A8V0YDT5 A0A1D5PBZ8 P15120 A0A8V0XEJ0 A0A8V0ZEJ3 A0A8V1ACV0 A0A8V0Z8V4 A0A8V0YHL6 A0A8V1A7R0 E1C0K5 A0A8V1A3N1 A0A8V0Y579 A0A8V0X7P4 A0A8V0XW00 A0A8V0Y9F8 A0A8V0XE48 A0A8V0Y699 A0A8V0XM98 A0A8V0Y478 A0A8V0ZTR7 A0A8V0ZSN8 A0A8V1A9R2 A0A8V0YF36 A0A1D5PSI3 A0A8V0Y357 A0A8V1AG56 A0A8V0XXM5 A0A8V0XMI5 A0A8V0XDR8 A0A8V0ZUU4 A0A8V0XH99 A0A8V1A0B4 A0A1I7Q3Z0 A0A1D5PXI1 A0A8V0Y0F3 A0A8V0X637 A0A1D5NYS2 A0A8V0ZP32 A0A8V1A6B5 A0A1D5P7Y2 A0A8V0YLZ5 A0A8V0ZZZ5 A0A8V0XA92 Q0PVE4 A0A8V0ZRV9 Q00649 A0A8V1ABC9 A0A8V0XKW4 A0A8V0ZRP2 A0A1D5PBU5 A0A1D5PT01 P33005 A0A8V0YRG2 A0A8V0X4D8 A0A8V0XBD4 A0A8V0ZBR8 A0A8V0Y0X2 A0A8V0YG88 A0A8V0YVI8 A0A8V0XYK6 A0A1D5P6Q1 A0A8V0ZY91 A0A8V1ALI6 A0A8V0ZY56 A0A8V0YHF3 A0A8V0ZKI8 A0A8V0Z3U6 A0A8V0Y652 P01875 Q98938 A0A8V0Y999 A0A8V0YDU6 A0A8V1ACH5 A0A8V0XUJ8 A0A8V0Y290 A0A8V0ZYI9 A0A1D5P6T3 A0A8V0YQ88 A0A8V1A8N2 A0A3Q2UGW3 A0A8V0XM02 A0A8V0WZN3 A0A8V0YVB6 A0A8V0YIC3 A0A1L4FLS3 A0A3Q2TT95 A0A8V0ZJJ7 A0A8V0Z8N6 K9JA28 A0A8V0ZDW7 A0A8V0YDD6 A0A8V1AM47 A0A1L1RKY9 A0A8V0YHS1
Cellular Component,endosome,7,GO:0005768,19,233,257,2784,0.88,0.6365989068611273,0.2,A0A8V0X4D8 Q98938 A0A8V0XXM5 A0A8V0XMI5 A0A8V0YG88 A0A1I7Q3Z0 A0A8V1ACV0 A0A8V0ZYI9 A0A1D5P6T3 A0A8V0X637 A0A8V1ADS4 A0A8V0YIC3 A0A1L4FLS3 A0A8V0ZY91 A0A8V0YSF6 A0A8V0ZRP2 A0A8V0ZKI8 A0A8V0ZTR7 A0A8V1A9R2
Cellular Component,neuron projection,4,GO:0043005,39,393,257,2784,1.07,0.6380391211834003,0.2,A0A8V1AG56 A0A8V0XBD4 A0A8V1AEJ4 A0A8V0XMI5 A0A8V0XDR8 A0A1D5NTR5 A0A8V0ZSD7 A0A8V0YDT5 A0A8V0YDL8 A0A1D5PBZ8 A0A8V0Y0X2 A0A8V1A0B4 A0A1I7Q3Z0 A0A8V0ZYI9 A0A8V0XYK6 A0A1D5P6T3 A0A8V0YFT7 A0A3Q2UGW3 A0A8V0XPE8 A0A8V0YLI1 A0A8V0YVB6 A0A8V1A6B5 A0A8V0ZZZ5 Q0PVE4 A0A1D5P692 Q00649 A0A1D5PDV9 A0A8V1ABC9 A0A8V1ADF6 A0A8V0ZDW7 A0A8V0YWI5 A0A8V1A3S8 A0A8V0Z3U6 P26652 A0A1D5PSI3 A0A1D5PT01 A0A1L1RKY9 A0A8V0YLZ8 A0A8V0YRG2
Cellular Component,AP-type membrane coat adaptor complex,3,GO:0030119,2,15,257,2784,1.44,0.642562495701049,0.19,A0A8V0ZRP2 A0A8V0ZYI9
Cellular Component,presynaptic active zone,2,GO:0048786,2,15,257,2784,1.44,0.642562495701049,0.19,A0A1D5NTR5 A0A8V0ZDW7
Cellular Component,striated muscle dense body,2,GO:0055120,2,15,257,2784,1.44,0.642562495701049,0.19,A0A8V0Y699 A0A8V0YHF3
Cellular Component,Golgi apparatus subcompartment,3,GO:0098791,20,246,257,2784,0.88,0.644083686625448,0.19,A0A8V0X4D8 A0A8V0XBD4 A0A8V0ZAP0 A0A8V1AEJ4 A0A8V1ACH5 A0A8V0WZN3 E1C3Z8 A0A8V1ADS4 E1C2T4 A0A8V0Z0B9 A0A1L4FLS3 Q5ZJW4 A0A8V0YYQ9 A0A8V0YHF3 Q92182 A0A3Q2TU24 A0A8V0XM98 A0A8V0ZUA4 A0A8V0Z938 A0A8V0YDL8
Cellular Component,synapse,3,GO:0045202,25,252,257,2784,1.07,0.6493231677044458,0.19,A0A8V0XBD4 A0A8V0XDR8 A0A1D5NTR5 A0A8V0YDT5 A0A1D5PBZ8 A0A1I7Q3Z0 A0A8V0ZYI9 A0A8V0XYK6 A0A1D5P6T3 A0A3Q2UGW3 A0A8V0ZP32 A0A8V1A6B5 Q0PVE4 A0A8V0Y9F8 Q00649 A0A8V0ZJJ7 A0A8V0ZRP2 A0A8V0ZDW7 A0A8V0ZKI8 A0A8V0YWI5 A0A8V1A3S8 A0A1D5PSI3 A0A1L1RKY9 A0A8V0YDL8 A0A8V0YRG2
Cellular Component,cluster of actin-based cell projections,2,GO:0098862,4,59,257,2784,0.73,0.6524130775994477,0.19,A0A8V0Y0X2 A0A8V0YG88 A0A8V0XA92 A0A8V0XBD4
Cellular Component,specific granule,9,GO:0042581,4,60,257,2784,0.72,0.6527645882226029,0.19,A0A8V0YVB6 A0A8V0ZJJ7 Q05744 P15120
Cellular Component,pigment granule,7,GO:0048770,2,16,257,2784,1.35,0.6539822517675146,0.18,A0A8V1ADS4 Q05744
Cellular Component,melanosome,8,GO:0042470,2,16,257,2784,1.35,0.6539822517675146,0.18,A0A8V1ADS4 Q05744
Cellular Component,P-body,5,GO:0000932,2,16,257,2784,1.35,0.6539822517675146,0.18,A0A8V0ZE30 A0A8V0ZH96
Cellular Component,Golgi cisterna membrane,4,GO:0032580,2,16,257,2784,1.35,0.6539822517675146,0.18,Q92182 A0A8V0ZAP0
Cellular Component,cell-cell junction,4,GO:0005911,11,141,257,2784,0.85,0.6546766954712404,0.18,A0A8V0YIC3 Q0PVE4 A0A8V0YBZ6 A0A8V0YK18 A0A8V0YDU6 A0A8V0ZUU4 A0A1D5NTR5 A0A8V0XE48 A0A1D5PBZ8 A0A8V1A0B4 A0A8V0XYK6
Cellular Component,cytoplasmic side of plasma membrane,4,GO:0009898,4,62,257,2784,0.7,0.6551081333924293,0.18,A0A8V0XKW4 A0A8V1A9R2 A0A1I7Q3Z0 A0A8V0ZSN8
Cellular Component,axon terminus,3,GO:0043679,4,63,257,2784,0.69,0.6570547180500493,0.18,A0A8V0YDL8 Q0PVE4 A0A1D5PSI3 A0A8V0YWI5
Cellular Component,ER to Golgi transport vesicle membrane,6,GO:0012507,2,17,257,2784,1.27,0.666357886546765,0.18,Q5ZJW4 A0A8V0ZUA4
Cellular Component,sarcoplasmic reticulum,6,GO:0016529,2,17,257,2784,1.27,0.666357886546765,0.18,A0A8V0YVI8 A0A8V0XYK6
Cellular Component,exocytic vesicle membrane,6,GO:0099501,2,17,257,2784,1.27,0.666357886546765,0.18,A0A8V0YDT5 A0A8V0ZJJ7
Cellular Component,synaptic vesicle membrane,7,GO:0030672,2,17,257,2784,1.27,0.666357886546765,0.18,A0A8V0YDT5 A0A8V0ZJJ7
Cellular Component,endoplasmic reticulum,5,GO:0005783,48,494,257,2784,1.05,0.6687780394310738,0.17,A0A8V1AG56 E1C744 A0A8V0X4D8 F1NBR3 A0A8V0XXM5 A0A8V0Y0X2 A0A1D5NTR5 A0A8V0YGN2 A0A8V0ZHL4 A0A8V0YDL8 A0A8V1AAN6 A0A8V0YVI8 P02460 A0A8V0XYK6 A0A8V0YUF6 A0A1D5P480 E1C3Z8 A0A8V1A8R2 A0A8V0XPE8 A0A8V0ZCF7 A0A8V0ZXC9 A0A8V0YVB6 A0A8V0YLZ5 E1C0K5 A0A1D5P8I8 A0A8V0X9L0 A0A8V0Y4Q2 A0A8V0ZZZ5 A0A1L4FLS3 A0A8V0ZE58 A0A8V0XPN5 A0A8V0ZY91 Q5ZJW4 A0A8V0Y9F8 A0A8V0YHL1 A0A8V1ABC9 A0A8V0XKW4 A0A8V0XXK8 A0A8V0YHF3 Q92182 F1NGB8 A0A3Q2TU24 A0A8V0XM98 A0A8V0ZUA4 A0A8V1AFR2 A0A8V0YDD6 A0A8V0YLZ8 P28687
Cellular Component,inner mitochondrial membrane protein complex,3,GO:0098800,5,71,257,2784,0.76,0.6782530938889059,0.17,A0A8V0ZRZ8 A0A8V1A803 A0A8V0XCD2 A0A8V0X535 R4GGQ4
Cellular Component,vesicle tethering complex,2,GO:0099023,2,18,257,2784,1.2,0.6794158837625922,0.17,A0A8V0YIC3 A0A8V0ZAP0
Cellular Component,plasma membrane,3,GO:0005886,93,971,257,2784,1.04,0.680277097759957,0.17,A0A8V0Y8Q2 A0A1D5NTR5 A0A8V0YGN2 A0A8V0YDT5 A0A1D5PBZ8 P15120 A0A8V0XEJ0 A0A8V0ZEJ3 A0A8V1ACV0 A0A8V0Z8V4 A0A8V0YHL6 A0A8V1A7R0 E1C0K5 A0A8V1A3N1 A0A8V0Y579 A0A8V0X7P4 A0A8V0XW00 A0A8V0Y9F8 A0A8V0XE48 A0A8V0Y699 A0A8V0XM98 A0A8V0Y478 A0A8V0ZTR7 A0A8V0ZSN8 A0A8V1A9R2 A0A8V0YF36 A0A8V1AG56 A0A8V0XXM5 A0A8V0XMI5 A0A8V0XDR8 A0A8V0ZUU4 A0A8V0XH99 A0A8V1A0B4 A0A1I7Q3Z0 A0A1D5PXI1 A0A8V0Y0F3 A0A8V0X637 A0A1D5NYS2 A0A8V0ZP32 A0A8V1A6B5 A0A1D5P7Y2 A0A8V0YLZ5 A0A8V0ZZZ5 A0A8V0XA92 Q0PVE4 A0A8V0ZRV9 Q00649 A0A8V1ABC9 A0A8V0XKW4 A0A8V0ZRP2 A0A1D5PT01 P33005 A0A8V0YRG2 A0A8V0X4D8 A0A8V0XBD4 A0A8V0ZBR8 A0A8V0Y0X2 A0A8V0YG88 A0A8V0YVI8 A0A8V0XYK6 A0A8V0ZY91 A0A8V1ALI6 A0A8V0ZY56 A0A8V0YHF3 A0A8V0ZKI8 A0A8V0Z3U6 A0A8V0Y652 P01875 Q98938 A0A8V0Y999 A0A8V0YDU6 A0A8V1ACH5 A0A8V0XUJ8 A0A8V0Y290 A0A8V0ZYI9 A0A1D5P6T3 A0A8V0YQ88 A0A8V1A8N2 A0A3Q2UGW3 A0A8V0XM02 A0A8V0WZN3 A0A8V0YVB6 A0A8V0YIC3 A0A1L4FLS3 A0A3Q2TT95 A0A8V0ZJJ7 A0A8V0Z8N6 K9JA28 A0A8V0ZDW7 A0A8V0YDD6 A0A8V1AM47 A0A1L1RKY9 A0A8V0YHS1
Cellular Component,proteasome accessory complex,2,GO:0022624,2,19,257,2784,1.14,0.6929248713858784,0.16,A0A8V0ZH96 A0A8V0ZY42
Cellular Component,proteasome regulatory particle,2,GO:0005838,2,19,257,2784,1.14,0.6929248713858784,0.16,A0A8V0ZH96 A0A8V0ZY42
Cellular Component,cytoplasmic vesicle lumen,5,GO:0060205,19,193,257,2784,1.07,0.7005637464254011,0.15,A0A8V0XXM5 A0A8V0XMI5 A0A8V0YC89 A0A8V0ZH96 F1NTQ2 Q5ZJ73 A0A8V0YVB6 A0A8V0X7P4 A0A8V0YZJ3 A0A8V0ZY42 A0A8V0Z086 A0A8V0YPB9 A0A8V1A6Z0 A0A3Q2TU24 Q05744 P26652 A0A8V0YBE2 A0A8V0YDD6 A0A8V0YDL8
Cellular Component,actin-based cell projection,4,GO:0098858,9,86,257,2784,1.13,0.7034944431030375,0.15,A0A3Q2TU24 A0A8V0XBD4 A0A8V1A3S8 A0A8V0YDU6 A0A8V0Y0X2 A0A1D5NTR5 A0A1D5PBZ8 A0A8V0YG88 A0A8V0YVI8
Cellular Component,basal plasma membrane,4,GO:0009925,3,26,257,2784,1.25,0.7280712703048788,0.14,A0A8V0YDT5 A0A8V0YDU6 A0A8V0ZYI9
Cellular Component,small ribosomal subunit,4,GO:0015935,3,26,257,2784,1.25,0.7280712703048788,0.14,A0A8V1A8R2 A0A8V0XPN5 Q6ITC7
Cellular Component,polysome,3,GO:0005844,3,27,257,2784,1.2,0.733470406359531,0.13,A0A8V0ZSX6 A0A8V0YTK5 A0A8V0XPN5
Cellular Component,transporter complex,2,GO:1990351,3,27,257,2784,1.2,0.733470406359531,0.13,A0A3Q2TT95 R4GGQ4 A0A8V0ZY91
Cellular Component,mitochondrial respiratory chain complex I,4,GO:0005747,3,29,257,2784,1.12,0.7461077922808516,0.13,A0A8V0ZRZ8 A0A8V0X535 A0A8V0XCD2
Cellular Component,respiratory chain complex I,4,GO:0045271,3,29,257,2784,1.12,0.7461077922808516,0.13,A0A8V0ZRZ8 A0A8V0X535 A0A8V0XCD2
Cellular Component,NADH dehydrogenase complex,3,GO:0030964,3,29,257,2784,1.12,0.7461077922808516,0.13,A0A8V0ZRZ8 A0A8V0X535 A0A8V0XCD2
Cellular Component,mitochondrial inner membrane,5,GO:0005743,12,123,257,2784,1.06,0.7520307518542093,0.12,F1NXR0 A0A1D5NT61 A0A8V0XCD2 A0A8V1A803 A0A8V0ZRZ8 A0A8V0X535 A0A8V0Z865 R4GGQ4 A0A8V0YLZ8 A0A8V1A7R0 A0A1I7Q3Z0 A0A8V0YWM3
Cellular Component,tight junction,5,GO:0070160,3,30,257,2784,1.08,0.7531512110589604,0.12,A0A8V1A0B4 Q0PVE4 A0A1D5PBZ8
Cellular Component,mitotic spindle,6,GO:0072686,2,32,257,2784,0.68,0.7634299783299986,0.12,A0A8V0Z3U6 A0A1D5PBU5
Cellular Component,spliceosomal complex,3,GO:0005681,2,33,257,2784,0.66,0.7637910226929951,0.12,A0A8V0ZJ97 A0A1D5PSI3
Cellular Component,large ribosomal subunit,4,GO:0015934,2,33,257,2784,0.66,0.7637910226929951,0.12,A0A1L1S0X5 A0A8V0Z865
Cellular Component,vesicle coat,4,GO:0030120,2,36,257,2784,0.6,0.7688702238507243,0.11,A0A8V0ZRP2 A0A8V0ZYI9
Cellular Component,nuclear periphery,2,GO:0034399,2,36,257,2784,0.6,0.7688702238507243,0.11,A0A8V0Z9Z7 A0A8V0ZEC1
Cellular Component,dendritic spine,3,GO:0043197,4,40,257,2784,1.08,0.7830613889980909,0.11,A0A8V0XDR8 A0A1D5NTR5 A0A1L1RKY9 A0A1D5PSI3
Cellular Component,microvillus,5,GO:0005902,4,40,257,2784,1.08,0.7830613889980909,0.11,A0A8V0Y0X2 A0A3Q2TU24 A0A8V0YG88 A0A8V0XBD4
Cellular Component,Golgi apparatus,5,GO:0005794,38,436,257,2784,0.94,0.78688056675789,0.1,A0A8V1AG56 A0A8V0X4D8 A0A8V0XBD4 A0A8V0ZAP0 A0A8V1AEJ4 A0A8V1ACH5 A0A1D5NTR5 A0A8V0XH99 A0A8V0YDL8 A0A8V0XYK6 A0A8V0XM02 A0A8V0WZN3 E1C3Z8 A0A1L1RX77 A0A8V0ZP32 A0A8V1ADS4 E1C2T4 A0A8V0Y3L3 A0A8V0Z0B9 A0A8V0Y4Q2 A0A8V0Y579 A0A8V0Z189 A0A1L4FLS3 A0A8V0YZJ3 Q5ZJW4 A0A8V1A6Z0 A0A8V0ZY56 A0A8V0YYQ9 A0A8V0YHF3 Q92182 F1NGB8 A0A3Q2TU24 A0A8V0XM98 A0A8V0ZUA4 A0A1D5P201 A0A8V0Z938 Q9W6H0 A0A8V0YLZ8
Cellular Component,neuron spine,5,GO:0044309,4,41,257,2784,1.06,0.7876010549596633,0.1,A0A8V0XDR8 A0A1D5NTR5 A0A1L1RKY9 A0A1D5PSI3
Cellular Component,apical junction complex,5,GO:0043296,4,42,257,2784,1.03,0.7924436008043644,0.1,A0A8V1A0B4 A0A8V0YIC3 A0A1D5PBZ8 Q0PVE4
Cellular Component,neuromuscular junction,4,GO:0031594,3,43,257,2784,0.76,0.7933140962826413,0.1,A0A1D5NTR5 Q0PVE4 A0A8V0XYK6
Cellular Component,sarcolemma,4,GO:0042383,3,44,257,2784,0.74,0.7936307985052539,0.1,A0A8V0XDR8 A0A8V0ZY91 A0A8V0XYK6
Cellular Component,respiratory chain complex,3,GO:0098803,3,44,257,2784,0.74,0.7936307985052539,0.1,A0A8V0ZRZ8 A0A8V0X535 A0A8V0XCD2
Cellular Component,proteasome complex,3,GO:0000502,3,44,257,2784,0.74,0.7936307985052539,0.1,Q00649 A0A8V0ZH96 A0A8V0ZY42
Cellular Component,mitochondrial respirasome,3,GO:0005746,3,44,257,2784,0.74,0.7936307985052539,0.1,A0A8V0ZRZ8 A0A8V0X535 A0A8V0XCD2
Cellular Component,respirasome,2,GO:0070469,3,45,257,2784,0.72,0.7944115258551067,0.1,A0A8V0ZRZ8 A0A8V0X535 A0A8V0XCD2
Cellular Component,synaptic vesicle,9,GO:0008021,3,46,257,2784,0.71,0.7956303521500995,0.1,A0A8V0ZRP2 A0A8V0YDT5 A0A8V0ZJJ7
Cellular Component,Golgi membrane,5,GO:0000139,17,200,257,2784,0.92,0.8003488836105745,0.1,Q92182 A0A3Q2TU24 A0A8V0X4D8 A0A8V0XBD4 A0A8V0ZUA4 A0A8V0ZAP0 A0A1L4FLS3 A0A8V0WZN3 E1C3Z8 A0A8V1AEJ4 Q5ZJW4 A0A8V1ACH5 A0A8V0Z938 E1C2T4 A0A8V0YYQ9 A0A8V0Z0B9 A0A8V0YHF3
Cellular Component,organelle outer membrane,4,GO:0031968,5,49,257,2784,1.11,0.8016426507458707,0.1,A0A8V0YWM3 A0A8V0YGN2 A0A8V0XMV0 A0A8V0YLZ8 A0A1D5PGC2
Cellular Component,peptidase complex,3,GO:1905368,5,49,257,2784,1.11,0.8016426507458707,0.1,A0A8V0ZY42 Q00649 A0A8V0XKW4 P28687 A0A8V0ZH96
Cellular Component,outer membrane,3,GO:0019867,5,49,257,2784,1.11,0.8016426507458707,0.1,A0A8V0YWM3 A0A8V0YGN2 A0A8V0XMV0 A0A8V0YLZ8 A0A1D5PGC2
Cellular Component,ruffle,4,GO:0001726,6,59,257,2784,1.1,0.8186566752396774,0.09,A0A8V0ZTR7 A0A8V0XBD4 A0A8V1ACH5 A0A3Q2UHS2 A0A8V0Y699 A0A1I7Q3Z0
Cellular Component,growth cone,3,GO:0030426,5,68,257,2784,0.8,0.830986089537705,0.08,A0A8V0ZZZ5 A0A8V0XBD4 A0A8V0Z3U6 A0A1D5NTR5 A0A8V0YVB6
Cellular Component,site of polarized growth,2,GO:0030427,5,69,257,2784,0.78,0.8319965696457893,0.08,A0A8V0ZZZ5 A0A8V0XBD4 A0A8V0Z3U6 A0A1D5NTR5 A0A8V0YVB6
Cellular Component,intracellular organelle lumen,4,GO:0070013,90,996,257,2784,0.98,0.8377339899002063,0.08,A0A8V1A9L3 A0A8V0ZRZ8 A0A8V1ABA3 A0A8V0XEP8 A0A1D5NTR5 R4GGQ4 A0A8V0ZSC5 A0A1D5P480 A0A8V0XXW6 A0A1L1RX77 A0A8V0XPE8 A0A8V0YW57 Q5ZJ73 A0A8V0X7J6 A0A8V1A7R0 E1C0K5 A0A8V0Y3L3 A0A8V0X7P4 A0A8V0Z086 A0A8V0Y9F8 A0A8V0YXI7 A0A8V0XXK8 A0A3Q2TU24 A0A8V0ZJ97 A0A1D5PSI3 Q9W6H0 A0A8V1AG56 E1C744 A0A8V0Z6E4 A0A8V0ZAP0 A0A8V0XXM5 A0A8V0XMI5 A0A8V0YC89 A0A8V0XH99 A0A1I7Q3Z0 A0A8V0ZH96 A0A1D5PXI1 P02460 A0A8V0YUF6 A0A8V0X637 F1NTQ2 E1C3Z8 A0A3Q2TTB3 A0A8V0YRF2 A0A8V0ZE58 A0A8V0YZJ3 A0A8V0XPN5 Q00649 A0A8V0YSF6 A0A8V1ABC9 A0A8V0XKW4 A0A8V0Y4M6 A0A1D5PBU5 Q05744 A0A8V1AFR2 P26652 A0A8V0YBE2 A0A8V0X4D8 A0A8V0XBD4 A0A8V0ZHL4 A0A8V0ZIF0 A0A8V0Y9B0 A0A1L1RP76 A0A8V0YVI8 A0A8V0YFT7 A0A8V0ZSG8 A0A8V1A8R2 A0A1D5P8I8 A0A8V0ZY42 A0A8V1A6Z0 A0A8V0YPB9 A0A8V0Z865 A0A8V1ALI6 A0A8V0Z3U6 A0A8V0YDL8 A0A8V0YLZ8 A0A8V1A8L5 A0A8V0ZSD7 Q6ITC7 A0A8V1AEM5 A0A8V0ZEC1 A0A8V1AAN6 A0A8V0YLI1 A0A8V0YVB6 A0A8V0X9L0 A0A8V0YHL1 A0A1D5NT61 A0A8V0Z9Z7 A0A8V0YDD6 A0A8V0YWM3
Cellular Component,transferase complex,3,GO:1990234,6,75,257,2784,0.87,0.8414378602826037,0.07,A0A1D5P6T3 A0A8V0XBD4 A0A8V0ZSG8 A0A8V0Z4R1 A0A8V0ZFG7 A0A8V0X1T3
Cellular Component,ficolin-1-rich granule lumen,5,GO:1904813,8,82,257,2784,1.06,0.8459135810254004,0.07,Q05744 A0A8V0YZJ3 A0A8V0ZY42 A0A8V0YC89 A0A8V0YBE2 A0A8V0XMI5 A0A8V0YVB6 A0A8V0ZH96
Cellular Component,secretory granule,8,GO:0030141,32,364,257,2784,0.95,0.8460077587338855,0.07,F1NBR3 A0A8V0XXM5 A0A8V0XMI5 A0A8V0YC89 A0A8V0YGN2 P15120 A0A8V0YMR1 A0A8V0ZH96 A0A8V1ACV0 A0A8V0X637 A0A8V0XZH4 F1NTQ2 A0A8V0ZP32 Q5ZJ73 A0A8V0YVB6 A0A8V0X7P4 A0A8V0YZJ3 A0A8V0ZY42 A0A8V0ZY91 A0A8V0Z086 A0A8V0YPB9 A0A8V1A6Z0 A0A8V0ZJJ7 A0A8V1ALI6 A0A8V0ZRP2 A0A3Q2TU24 Q05744 A0A8V0ZUA4 P26652 A0A8V0YBE2 A0A8V0YDD6 A0A8V0YDL8
Cellular Component,vacuolar membrane,5,GO:0005774,9,96,257,2784,1.02,0.858989886316073,0.07,A0A8V0XBD4 A0A8V0X637 A0A8V1ABA3 A0A1L4FLS3 A0A8V0YGN2 A0A8V1ALI6 A0A8V0ZRP2 A0A8V1ACV0 A0A8V0YHF3
Cellular Component,contractile fiber,5,GO:0043292,8,101,257,2784,0.86,0.8603797803129145,0.07,A0A8V0XYK6 A0A8V0YQU2 Q00649 A0A8V0XE48 A0A8V0Y699 A0A1D5PBZ8 A0A8V0YVI8 A0A8V0YHF3
Cellular Component,secretory granule membrane,5,GO:0030667,9,108,257,2784,0.9,0.866049690800385,0.06,F1NBR3 A0A8V0ZUA4 A0A8V0ZY91 A0A8V0YGN2 A0A8V0ZJJ7 A0A8V1ALI6 P15120 A0A8V0ZRP2 A0A8V1ACV0
Cellular Component,organelle inner membrane,4,GO:0019866,12,127,257,2784,1.02,0.8756275894719796,0.06,F1NXR0 A0A1D5NT61 A0A8V0XCD2 A0A8V1A803 A0A8V0ZRZ8 A0A8V0X535 A0A8V0Z865 R4GGQ4 A0A8V0YLZ8 A0A8V1A7R0 A0A1I7Q3Z0 A0A8V0YWM3
Cellular Component,actin cytoskeleton,6,GO:0015629,11,129,257,2784,0.92,0.8770667633096572,0.06,A0A8V0XBD4 A0A8V1A3S8 A0A8V1A3N1 A0A8V0YK18 A0A8V0YLI1 A0A8V0ZJJ7 A0A3Q2UHS2 A0A8V0YQC4 A0A1L1RKY9 A0A8V0YG88 A0A1I7Q3Z0
Cellular Component,cell cortex,3,GO:0005938,13,154,257,2784,0.91,0.8859034192509718,0.05,A0A1D5P6Q1 A0A8V0YIC3 A0A8V0XBD4 A0A1D5PBU5 Q0PVE4 A0A1D5PSI3 A0A8V0ZAP5 A0A1D5NTR5 A0A8V0ZJJ7 A0A8V0XE48 A0A8V0YVB6 A0A8V1A0B4 A0A8V0ZDW7
Cellular Component,membrane-enclosed lumen,2,GO:0031974,91,1001,257,2784,0.98,0.8915377533740114,0.05,A0A8V1A9L3 A0A8V0ZRZ8 A0A8V1ABA3 A0A8V0XEP8 A0A1D5NTR5 R4GGQ4 A0A8V0ZSC5 A0A1D5P480 A0A8V0XXW6 A0A1L1RX77 A0A8V0XPE8 A0A8V0YW57 Q5ZJ73 A0A8V0X7J6 A0A8V1A7R0 E1C0K5 A0A8V0Y3L3 A0A8V0X7P4 A0A8V0Z086 A0A8V0Y9F8 A0A8V0YXI7 A0A8V0XXK8 A0A3Q2TU24 A0A8V0ZJ97 A0A1D5PSI3 Q9W6H0 A0A8V1AG56 E1C744 A0A8V0Z6E4 A0A8V0ZAP0 A0A8V0XXM5 A0A8V0XMI5 A0A8V0YC89 A0A8V0XH99 A0A1I7Q3Z0 A0A8V0ZH96 A0A1D5PXI1 P02460 A0A8V0YUF6 A0A8V0X637 F1NTQ2 E1C3Z8 A0A3Q2TTB3 A0A8V0YRF2 A0A8V0XA92 A0A8V0ZE58 A0A8V0YZJ3 A0A8V0XPN5 Q00649 A0A8V0YSF6 A0A8V1ABC9 A0A8V0XKW4 A0A8V0Y4M6 A0A1D5PBU5 Q05744 A0A8V1AFR2 P26652 A0A8V0YBE2 A0A8V0X4D8 A0A8V0XBD4 A0A8V0ZHL4 A0A8V0ZIF0 A0A8V0Y9B0 A0A1L1RP76 A0A8V0YVI8 A0A8V0YFT7 A0A8V0ZSG8 A0A8V1A8R2 A0A1D5P8I8 A0A8V0ZY42 A0A8V1A6Z0 A0A8V0YPB9 A0A8V0Z865 A0A8V1ALI6 A0A8V0Z3U6 A0A8V0YDL8 A0A8V0YLZ8 A0A8V1A8L5 A0A8V0ZSD7 Q6ITC7 A0A8V1AEM5 A0A8V0ZEC1 A0A8V1AAN6 A0A8V0YLI1 A0A8V0YVB6 A0A8V0X9L0 A0A8V0YHL1 A0A1D5NT61 A0A8V0Z9Z7 A0A8V0YDD6 A0A8V0YWM3
Cellular Component,organelle lumen,3,GO:0043233,91,999,257,2784,0.99,0.8916020265507815,0.05,A0A8V1A9L3 A0A8V0ZRZ8 A0A8V1ABA3 A0A8V0XEP8 A0A1D5NTR5 R4GGQ4 A0A8V0ZSC5 A0A1D5P480 A0A8V0XXW6 A0A1L1RX77 A0A8V0XPE8 A0A8V0YW57 Q5ZJ73 A0A8V0X7J6 A0A8V1A7R0 E1C0K5 A0A8V0Y3L3 A0A8V0X7P4 A0A8V0Z086 A0A8V0Y9F8 A0A8V0YXI7 A0A8V0XXK8 A0A3Q2TU24 A0A8V0ZJ97 A0A1D5PSI3 Q9W6H0 A0A8V1AG56 E1C744 A0A8V0Z6E4 A0A8V0ZAP0 A0A8V0XXM5 A0A8V0XMI5 A0A8V0YC89 A0A8V0XH99 A0A1I7Q3Z0 A0A8V0ZH96 A0A1D5PXI1 P02460 A0A8V0YUF6 A0A8V0X637 F1NTQ2 E1C3Z8 A0A3Q2TTB3 A0A8V0YRF2 A0A8V0XA92 A0A8V0ZE58 A0A8V0YZJ3 A0A8V0XPN5 Q00649 A0A8V0YSF6 A0A8V1ABC9 A0A8V0XKW4 A0A8V0Y4M6 A0A1D5PBU5 Q05744 A0A8V1AFR2 P26652 A0A8V0YBE2 A0A8V0X4D8 A0A8V0XBD4 A0A8V0ZHL4 A0A8V0ZIF0 A0A8V0Y9B0 A0A1L1RP76 A0A8V0YVI8 A0A8V0YFT7 A0A8V0ZSG8 A0A8V1A8R2 A0A1D5P8I8 A0A8V0ZY42 A0A8V1A6Z0 A0A8V0YPB9 A0A8V0Z865 A0A8V1ALI6 A0A8V0Z3U6 A0A8V0YDL8 A0A8V0YLZ8 A0A8V1A8L5 A0A8V0ZSD7 Q6ITC7 A0A8V1AEM5 A0A8V0ZEC1 A0A8V1AAN6 A0A8V0YLI1 A0A8V0YVB6 A0A8V0X9L0 A0A8V0YHL1 A0A1D5NT61 A0A8V0Z9Z7 A0A8V0YDD6 A0A8V0YWM3
Cellular Component,mitochondrial membrane,4,GO:0031966,16,171,257,2784,1.01,0.8920101956143849,0.05,A0A8V0Y4M6 F1NXR0 A0A1D5NT61 A0A8V0XCD2 A0A8V1A803 A0A8V0ZRZ8 A0A8V0X535 A0A8V0YGN2 A0A8V0Z865 R4GGQ4 A0A1D5PGC2 A0A8V0XMV0 A0A8V0YLZ8 A0A8V1A7R0 A0A1I7Q3Z0 A0A8V0YWM3
Cellular Component,mitochondrial envelope,4,GO:0005740,17,182,257,2784,1.01,0.8951266497731779,0.05,A0A8V0Y4M6 F1NXR0 A0A1D5NT61 A0A8V0XCD2 A0A8V1A803 A0A8V0XKW4 A0A8V0ZRZ8 A0A8V0X535 A0A8V0YGN2 A0A8V0Z865 R4GGQ4 A0A1D5PGC2 A0A8V0XMV0 A0A8V0YLZ8 A0A8V1A7R0 A0A1I7Q3Z0 A0A8V0YWM3
Cellular Component,plasma membrane region,3,GO:0098590,27,290,257,2784,1.01,0.9149524704163556,0.04,A0A8V0XBD4 A0A8V0YDU6 A0A8V0Y0X2 A0A1D5NTR5 A0A8V0YDT5 A0A1D5PBZ8 A0A8V1A0B4 A0A1I7Q3Z0 A0A8V0YVI8 A0A8V0XYK6 A0A8V0ZYI9 A0A1D5P6T3 A0A1D5NYS2 A0A8V0ZP32 A0A8V0ZZZ5 A0A8V0XA92 Q0PVE4 A0A8V0ZY91 Q00649 A0A8V0ZJJ7 A0A8V1ABC9 A0A8V0Z8N6 A0A8V0ZRP2 A0A8V0ZDW7 A0A8V0YHF3 A0A8V0ZKI8 A0A8V0YDD6
Cellular Component,membrane protein complex,2,GO:0098796,29,309,257,2784,1.02,0.9169911468482348,0.04,A0A8V1A803 A0A8V0ZRZ8 A0A8V0XMI5 R4GGQ4 A0A8V0Y290 A0A8V0YVI8 A0A8V0ZYI9 A0A1D5P6T3 A0A8V0Y0F3 A0A8V0XCD2 A0A8V1A8N2 A0A8V0X535 A0A8V1A6B5 A0A8V0YIC3 Q0PVE4 A0A8V0X7P4 A0A8V0ZY91 Q5ZJW4 A0A3Q2TT95 A0A8V1ABC9 A0A8V0XKW4 A0A8V0ZRP2 K9JA28 A0A1D5PGC2 A0A8V0ZKI8 A0A8V0Y652 A0A8V0XMV0 P28687 A0A8V0YHS1
Cellular Component,supramolecular fiber,4,GO:0099512,21,233,257,2784,0.98,1.0,-0.0,A0A8V0XBD4 A0A8V1AEJ4 A0A8V0YQU2 A0A3Q2UHS2 A0A1D5PBZ8 A0A8V0YG88 A0A1I7Q3Z0 A0A8V0YVI8 A0A8V0XYK6 P02460 A0A1D5NZ82 A0A1L1RX77 A0A8V0XPE8 A0A8V0YLI1 Q00649 A0A8V0XE48 A0A8V0Y699 A0A8V0YHF3 A0A1D5PBU5 A0A8V0Z3U6 A0A1L1RKY9
Cellular Component,extrinsic component of cytoplasmic side of plasma membrane,4,GO:0031234,3,37,257,2784,0.88,1.0,-0.0,A0A8V1A9R2 A0A1I7Q3Z0 A0A8V0ZSN8
Cellular Component,cortical cytoskeleton,6,GO:0030863,4,45,257,2784,0.96,1.0,-0.0,A0A8V0ZDW7 A0A1D5NTR5 A0A8V0ZJJ7 A0A1D5PBU5
Cellular Component,Golgi-associated vesicle membrane,5,GO:0030660,3,38,257,2784,0.86,1.0,-0.0,Q5ZJW4 A0A8V0X4D8 A0A8V0ZUA4
Cellular Component,lamellipodium,4,GO:0030027,5,60,257,2784,0.9,1.0,-0.0,A0A8V1A3S8 A0A8V0YK18 A0A3Q2UHS2 A0A8V0YG88 A0A8V0YVI8
Cellular Component,Z disc,2,GO:0030018,4,45,257,2784,0.96,1.0,-0.0,A0A8V0YQU2 Q00649 A0A8V0YVI8 A0A8V0XYK6
Cellular Component,cytosolic ribosome,6,GO:0022626,5,55,257,2784,0.98,1.0,-0.0,A0A8V0XPN5 A0A8V1A8R2 A0A8V0ZSX6 Q6ITC7 A0A1L1S0X5
Cellular Component,extrinsic component of membrane,2,GO:0019898,9,103,257,2784,0.95,1.0,-0.0,A0A8V0ZAP0 A0A8V0ZSN8 A0A8V1ABA3 A0A8V0XXM5 A0A8V1A9R2 A0A8V1AEJ4 A0A8V1ABC9 E1C0K5 A0A1I7Q3Z0
Cellular Component,extrinsic component of plasma membrane,3,GO:0019897,6,71,257,2784,0.92,1.0,-0.0,A0A8V0ZSN8 A0A8V0XXM5 A0A8V1A9R2 A0A8V1ABC9 E1C0K5 A0A1I7Q3Z0
Cellular Component,sarcoplasm,3,GO:0016528,2,22,257,2784,0.98,1.0,-0.0,A0A8V0YVI8 A0A8V0XYK6
Cellular Component,apical plasma membrane,4,GO:0016324,9,100,257,2784,0.97,1.0,-0.0,A0A8V0ZZZ5 A0A8V0XA92 Q0PVE4 A0A8V0Y0X2 A0A8V0YDD6 A0A8V0Z8N6 A0A8V1A0B4 A0A8V0ZYI9 A0A8V0YHF3
Cellular Component,photoreceptor cell cilium,5,GO:0097733,2,26,257,2784,0.83,1.0,-0.0,A0A8V0Y0X2 A0A8V1ABC9
Cellular Component,intercalated disc,6,GO:0014704,2,29,257,2784,0.75,1.0,-0.0,A0A8V1A0B4 A0A8V0XYK6
Cellular Component,transmembrane transporter complex,3,GO:1902495,2,26,257,2784,0.83,1.0,-0.0,A0A3Q2TT95 A0A8V0ZY91
Cellular Component,bicellular tight junction,6,GO:0005923,2,21,257,2784,1.03,1.0,-0.0,A0A8V1A0B4 Q0PVE4
Cellular Component,brush border,3,GO:0005903,4,48,257,2784,0.9,1.0,-0.0,A0A8V0Y0X2 A0A8V0YG88 A0A8V0XA92 A0A8V0XBD4
Cellular Component,cytoplasmic microtubule,7,GO:0005881,2,25,257,2784,0.87,1.0,-0.0,A0A8V1AEJ4 A0A1D5PBU5
Cellular Component,ribosome,5,GO:0005840,6,66,257,2784,0.98,1.0,-0.0,A0A8V0XPN5 A0A8V1A8R2 A0A8V0ZSX6 A0A8V0Z865 Q6ITC7 A0A1L1S0X5
Cellular Component,endopeptidase complex,4,GO:1905369,4,45,257,2784,0.96,1.0,-0.0,A0A8V0XKW4 Q00649 A0A8V0ZH96 A0A8V0ZY42
Cellular Component,oxidoreductase complex,3,GO:1990204,4,51,257,2784,0.85,1.0,-0.0,A0A8V0ZRZ8 A0A8V0ZHL4 A0A8V0X535 A0A8V0XCD2
Cellular Component,Golgi-associated vesicle,7,GO:0005798,6,64,257,2784,1.02,1.0,-0.0,A0A8V0X4D8 A0A8V0ZUA4 A0A8V1AFR2 A0A8V0XM02 Q5ZJW4 A0A8V0YVB6
Cellular Component,Golgi stack,4,GO:0005795,5,61,257,2784,0.89,1.0,-0.0,Q92182 A0A8V0X4D8 A0A8V0ZAP0 A0A8V1AEJ4 A0A8V1ADS4
Cellular Component,M band,2,GO:0031430,2,22,257,2784,0.98,1.0,-0.0,Q00649 A0A8V0Y699
Cellular Component,basolateral plasma membrane,4,GO:0016323,7,80,257,2784,0.95,1.0,-0.0,A0A1D5NYS2 A0A8V0YDU6 A0A8V0ZY91 A0A8V0YDT5 A0A8V1A0B4 A0A8V0ZYI9 A0A8V0XYK6
Cellular Component,supramolecular polymer,3,GO:0099081,21,233,257,2784,0.98,1.0,-0.0,A0A8V0XBD4 A0A8V1AEJ4 A0A8V0YQU2 A0A3Q2UHS2 A0A1D5PBZ8 A0A8V0YG88 A0A1I7Q3Z0 A0A8V0YVI8 A0A8V0XYK6 P02460 A0A1D5NZ82 A0A1L1RX77 A0A8V0XPE8 A0A8V0YLI1 Q00649 A0A8V0XE48 A0A8V0Y699 A0A8V0YHF3 A0A1D5PBU5 A0A8V0Z3U6 A0A1L1RKY9
Cellular Component,supramolecular complex,2,GO:0099080,22,237,257,2784,1.01,1.0,-0.0,A0A8V0XBD4 A0A8V1AEJ4 A0A8V0YQU2 A0A3Q2UHS2 A0A1D5PBZ8 A0A8V0YG88 A0A1I7Q3Z0 A0A8V0YVI8 A0A8V0XYK6 P02460 A0A1D5NZ82 A0A1L1RX77 A0A8V0XPE8 A0A8V0YLI1 Q00649 A0A8V0XE48 A0A8V0Y699 A0A8V0YHF3 A0A1D5PBU5 A0A8V1AFR2 A0A8V0Z3U6 A0A1L1RKY9
Cellular Component,9+0 non-motile cilium,6,GO:0097731,2,26,257,2784,0.83,1.0,-0.0,A0A8V0Y0X2 A0A8V1ABC9
Cellular Component,"chromosome, centromeric region",3,GO:0000775,2,23,257,2784,0.94,1.0,-0.0,A0A8V0Z9Z7 A0A1D5PBU5
Cellular Component,kinetochore,3,GO:0000776,2,21,257,2784,1.03,1.0,-0.0,A0A8V0Z9Z7 A0A1D5PBU5
Cellular Component,catalytic step 2 spliceosome,3,GO:0071013,2,23,257,2784,0.94,1.0,-0.0,A0A8V0ZJ97 A0A1D5PSI3
Cellular Component,tertiary granule,9,GO:0070820,5,59,257,2784,0.92,1.0,-0.0,Q05744 A0A8V1ALI6 A0A8V0ZJJ7 P15120 A0A8V0ZRP2
Cellular Component,apical cortex,5,GO:0045179,2,21,257,2784,1.03,1.0,-0.0,Q0PVE4 A0A8V0XE48
Cellular Component,ribosomal subunit,3,GO:0044391,5,57,257,2784,0.95,1.0,-0.0,A0A8V1A8R2 A0A8V0XPN5 A0A8V0Z865 Q6ITC7 A0A1L1S0X5
Cellular Component,cell-cell contact zone,5,GO:0044291,3,37,257,2784,0.88,1.0,-0.0,A0A8V1A0B4 A0A8V0XE48 A0A8V0XYK6
Cellular Component,mitochondrial protein-containing complex,2,GO:0098798,8,94,257,2784,0.92,1.0,-0.0,A0A8V1A803 A0A8V0XCD2 A0A8V0ZRZ8 A0A8V0X535 R4GGQ4 A0A8V0Z865 A0A8V0XMV0 A0A1D5PGC2
Cellular Component,fibrillar center,2,GO:0001650,2,27,257,2784,0.8,1.0,-0.0,A0A8V1AEM5 R4GGQ4
Cellular Component,side of membrane,2,GO:0098552,14,158,257,2784,0.96,1.0,-0.0,A0A1D5P6T3 A0A8V0ZZZ5 A0A8V0XA92 A0A8V0ZSN8 A0A8V0XXM5 A0A8V1A9R2 A0A8V0XPN5 A0A1D5PBZ8 A0A8V0XEJ0 P33005 E1C0K5 A0A1I7Q3Z0 P01875 A0A8V0XKW4
Cellular Component,neuronal cell body,3,GO:0043025,19,213,257,2784,0.97,1.0,-0.0,A0A8V0X4D8 A0A8V0XBD4 A0A1D5NTR5 A0A1D5PBZ8 A0A1D5P6T3 F1NXR0 A0A8V0XPE8 A0A8V0ZP32 A0A8V0YLI1 A0A8V0ZZZ5 Q00649 A0A8V1ABC9 A0A8V0ZKI8 A0A8V0XM98 A0A8V0YWI5 A0A8V1A3S8 A0A1L1RKY9 A0A8V0YDL8 A0A8V0YRG2
Cellular Component,cytoplasmic ribonucleoprotein granule,4,GO:0036464,5,55,257,2784,0.98,1.0,-0.0,A0A1D5PSI3 A0A8V0XE48 A0A8V0ZE30 A0A8V0ZH96 A0A8V0ZEJ3
Cellular Component,ribonucleoprotein granule,3,GO:0035770,5,57,257,2784,0.95,1.0,-0.0,A0A1D5PSI3 A0A8V0XE48 A0A8V0ZE30 A0A8V0ZH96 A0A8V0ZEJ3
Cellular Component,specific granule lumen,7,GO:0035580,2,31,257,2784,0.7,1.0,-0.0,Q05744 A0A8V0YVB6
Cellular Component,specific granule membrane,6,GO:0035579,2,28,257,2784,0.77,1.0,-0.0,A0A8V0ZJJ7 P15120
Cellular Component,cation channel complex,5,GO:0034703,2,22,257,2784,0.98,1.0,-0.0,A0A3Q2TT95 A0A8V0ZY91
Cellular Component,monoatomic ion channel complex,4,GO:0034702,2,22,257,2784,0.98,1.0,-0.0,A0A3Q2TT95 A0A8V0ZY91
Cellular Component,transcription regulator complex,2,GO:0005667,2,23,257,2784,0.94,1.0,-0.0,Q5ZJ73 A0A8V1A7R0
Cellular Component,ruffle membrane,3,GO:0032587,2,24,257,2784,0.9,1.0,-0.0,A0A1I7Q3Z0 A0A8V0XBD4
Cellular Component,I band,2,GO:0031674,4,48,257,2784,0.9,1.0,-0.0,A0A8V0YQU2 Q00649 A0A8V0YVI8 A0A8V0XYK6
Cellular Component,A band,2,GO:0031672,2,30,257,2784,0.72,1.0,-0.0,Q00649 A0A8V0Y699
Cellular Component,actomyosin,2,GO:0042641,2,23,257,2784,0.94,1.0,-0.0,A0A8V0YK18 A0A8V1A3N1
Cellular Component,early endosome,8,GO:0005769,8,93,257,2784,0.93,1.0,-0.0,A0A8V0ZKI8 A0A8V0X4D8 A0A8V0ZTR7 A0A8V0ZY91 A0A8V0XMI5 A0A8V1ADS4 A0A8V0YG88 A0A8V0ZYI9
Molecular Function,"hydrolase activity, acting on acid anhydrides, in phosphorus-containing anhydrides",4,GO:0016818,6,230,232,2477,0.28,4.248574667622332e-05,4.37,A0A8V0ZJ97 A0A8V0XBD4 A0A1D5PBU5 A0A8V0YW57 A0A8V0YG88 A0A8V0ZH96
Molecular Function,"hydrolase activity, acting on acid anhydrides",3,GO:0016817,6,230,232,2477,0.28,4.248574667622332e-05,4.37,A0A8V0ZJ97 A0A8V0XBD4 A0A1D5PBU5 A0A8V0YW57 A0A8V0YG88 A0A8V0ZH96
Molecular Function,pyrophosphatase activity,5,GO:0016462,6,229,232,2477,0.28,4.273171041038049e-05,4.37,A0A8V0ZJ97 A0A8V0XBD4 A0A1D5PBU5 A0A8V0YW57 A0A8V0YG88 A0A8V0ZH96
Molecular Function,extracellular matrix structural constituent,2,GO:0005201,12,37,232,2477,3.46,7.612049281510629e-05,4.12,A0A8V0Y0F3 A0A8V0Y290 A0A8V0ZBR8 A0A8V0YDT4 A0A8V1AFR2 A0A8V0Y357 A0A8V0YDD6 A0A8V0ZGF6 A0A8V0YG24 A0A8V0ZD24 P33005 A0A8V0XXK8
Molecular Function,ribonucleoside triphosphate phosphatase activity,6,GO:0017111,6,220,232,2477,0.29,8.899410508720925e-05,4.05,A0A8V0ZJ97 A0A8V0XBD4 A0A1D5PBU5 A0A8V0YW57 A0A8V0YG88 A0A8V0ZH96
Molecular Function,heterocyclic compound binding,3,GO:1901363,26,504,232,2477,0.55,0.00015226928893614732,3.82,A0A8V1AG56 A0A8V0XBD4 A0A8V0XMI5 A0A8V0Z4R1 A0A8V0YG88 Q6ITC7 A0A1I7Q3Z0 A0A1D5P6T3 A0A8V0YFT7 A0A8V0YK18 A0A8V0XXW6 A0A8V0YGQ5 A0A8V0YW57 A0A8V0ZSX6 A0A8V1A7R0 A0A1L4FLS3 A0A8V0Z865 A0A1L1S0X5 A0A8V0ZY56 A0A8V0Y4M6 A0A1D5NT61 A0A8V0ZSN8 A0A8V1A9R2 A0A1D5PSI3 A0A1D5PMN7 A0A8V0YWM3
Molecular Function,organic cyclic compound binding,2,GO:0097159,27,518,232,2477,0.56,0.00017316173692064957,3.76,A0A8V1AG56 A0A8V0XBD4 A0A8V0XMI5 A0A8V0Z4R1 A0A8V0YG88 Q6ITC7 A0A1I7Q3Z0 A0A1D5P6T3 A0A8V0YFT7 A0A8V0YK18 A0A8V0XXW6 A0A8V0YGQ5 A0A8V0YW57 A0A8V0ZSX6 A0A8V1A3H7 A0A8V1A7R0 A0A1L4FLS3 A0A8V0Z865 A0A1L1S0X5 A0A8V0ZY56 A0A8V0Y4M6 A0A1D5NT61 A0A8V0ZSN8 A0A8V1A9R2 A0A1D5PSI3 A0A1D5PMN7 A0A8V0YWM3
Molecular Function,cell adhesion molecule binding,3,GO:0050839,23,112,232,2477,2.19,0.000188735466306727,3.72,A0A8V0YDU6 A0A8V0XMI5 A0A8V0ZUU4 A0A1D5NTR5 A0A8V0Y0X2 A0A8V0YDT5 A0A1D5PBZ8 A0A8V0Y290 A0A8V1A0B4 A0A1I7Q3Z0 A0A8V0XYK6 A0A8V0Y0F3 A0A3Q2UGW3 A0A8V0XCW4 E1C0K5 A0A8V0ZZZ5 A0A8V0ZE58 A0A8V0X7P4 A0A8V0Y699 A0A8V1ABC9 A0A8V0ZDW7 A0A8V0YDT4 A0A8V0YDD6
Molecular Function,small molecule binding,2,GO:0036094,13,319,232,2477,0.44,0.0002732780357702563,3.56,A0A8V0Y4M6 A0A1D5P6T3 A0A1D5NT61 A0A8V0XBD4 A0A8V0YK18 A0A1D5PMN7 A0A8V0Z4R1 A0A8V0YGQ5 A0A8V0ZJJ7 A0A8V0YG88 A0A8V1A3H7 A0A8V0ZD24 A0A8V0YWM3
Molecular Function,signaling receptor binding,3,GO:0005102,58,402,232,2477,1.54,0.0003419079418141047,3.47,A0A8V1AG56 A0A8V0Y8Q2 A0A8V0X4D8 Q98938 A0A8V1ABA3 A0A8V1AFP7 A0A8V0XMI5 A0A1D5NTR5 A0A8V0XWF0 A0A8V0YDT5 A0A8V0XEJ0 A0A8V0Y290 A0A1I7Q3Z0 A0A8V0ZEJ3 A0A8V1ACV0 P01875 P02460 A0A8V1A3H9 A0A1D5P6T3 A0A8V0Z8V4 A0A8V0Y0F3 A0A8V0YFT7 A0A8V0YUF6 A0A3Q2UGW3 A0A1D5P480 E1C733 A0A8V0XCW4 A0A8V1ACD6 A0A8V1A3H7 A0A8V1A7R0 E1C0K5 A0A1D5P0D7 A0A8V0Y4Q2 A0A8V0ZZZ5 A0A8V0YRN1 A0A8V0ZE58 A0A8V0X7P4 A0A8V0XW00 A0A8V0Y9F8 A0A8V0Y8I0 A0A8V0YY90 A0A8V0Y699 A0A8V1ABC9 A0A8V0Z8N6 A0A8V0ZE30 A0A8V1ADF6 A0A8V0ZDW7 A0A8V0YHF3 A0A8V0ZKI8 A0A3Q2TU24 A0A8V0YWI5 A0A8V0ZSN8 A0A8V0YDT4 A0A8V1A9R2 A0A8V0YDD6 A0A8V0YLZ8 A0A8V0YRG2 A0A1D5PZ68
Molecular Function,CCR chemokine receptor binding,6,GO:0048020,3,3,232,2477,10.68,0.0008120372477923448,3.09,A0A8V1A7R0 A0A8V0YFT7 E1C733
Molecular Function,nucleotide binding,4,GO:0000166,9,233,232,2477,0.41,0.0013123582618712387,2.88,A0A8V0Y4M6 A0A1D5P6T3 A0A1D5NT61 A0A8V0XBD4 A0A8V0YK18 A0A8V0Z4R1 A0A8V0YGQ5 A0A8V0YG88 A0A8V0YWM3
Molecular Function,transmembrane signaling receptor activity,3,GO:0004888,20,102,232,2477,2.09,0.0013131347565820174,2.88,A0A8V0Y8Q2 A0A8V0ZUU4 A0A8V0YDT5 A0A1D5PBZ8 A0A8V0XUJ8 A0A1D5PXI1 A0A8V1ACV0 A0A1D5P6T3 A0A8V0XPE8 A0A8V1A3N1 A0A8V0ZRV9 A0A1L4FLS3 A0A8V0XW00 A0A1D5PDV9 A0A8V0XXZ4 K9JA28 A0A8V0ZKI8 A0A8V0Y652 A0A8V0YF36 A0A8V0YRG2
Molecular Function,nucleoside phosphate binding,3,GO:1901265,9,234,232,2477,0.41,0.001317143225581106,2.88,A0A8V0Y4M6 A0A1D5P6T3 A0A1D5NT61 A0A8V0XBD4 A0A8V0YK18 A0A8V0Z4R1 A0A8V0YGQ5 A0A8V0YG88 A0A8V0YWM3
Molecular Function,collagen binding,3,GO:0005518,10,40,232,2477,2.67,0.0029004743511963815,2.54,A0A3Q2TU24 A0A8V0ZBR8 A0A8V0ZRV9 A0A8V0Y070 A0A1L1RX77 A0A8V0Y357 A0A8V0YDD6 A0A1D5PT01 A0A8V0YG24 A0A8V0XXK8
Molecular Function,purine ribonucleoside triphosphate binding,4,GO:0035639,5,160,232,2477,0.33,0.002904810526247633,2.54,A0A1D5P6T3 A0A1D5NT61 A0A8V0YK18 A0A8V0Z4R1 A0A8V0YG88
Molecular Function,histone kinase activity,4,GO:0035173,3,4,232,2477,8.01,0.0030226560286711595,2.52,A0A8V1A9R2 A0A8V1ABC9 A0A8V0ZSN8
Molecular Function,purine ribonucleotide binding,4,GO:0032555,7,186,232,2477,0.4,0.003827533127461785,2.42,A0A8V0Y4M6 A0A1D5P6T3 A0A1D5NT61 A0A8V0XBD4 A0A8V0YK18 A0A8V0Z4R1 A0A8V0YG88
Molecular Function,ribonucleotide binding,3,GO:0032553,7,190,232,2477,0.39,0.003940862901418651,2.4,A0A8V0Y4M6 A0A1D5P6T3 A0A1D5NT61 A0A8V0XBD4 A0A8V0YK18 A0A8V0Z4R1 A0A8V0YG88
Molecular Function,insulin-like growth factor binding,4,GO:0005520,4,9,232,2477,4.75,0.00647234760971826,2.19,A0A8V0XUJ8 A0A1D5P480 A0A8V0Z6E4 A0A1D5P6T3
Molecular Function,proteoglycan binding,3,GO:0043394,7,26,232,2477,2.87,0.00803642996778284,2.09,A0A8V0Z8V4 A0A1I7Q421 A0A8V0X7P4 A0A8V0Y357 A0A8V0YDT5 P33005 A0A8V1AAN6
Molecular Function,protein tyrosine kinase activity,4,GO:0004713,9,39,232,2477,2.46,0.008210761187288702,2.09,A0A1D5P6T3 A0A8V0ZSN8 A0A8V1A3N1 A0A8V0Z189 A0A8V1A9R2 A0A1D5PT01 A0A8V0XXZ4 A0A8V0YRG2 A0A1I7Q3Z0
Molecular Function,CCR5 chemokine receptor binding,7,GO:0031730,2,2,232,2477,10.68,0.00873822690559301,2.06,A0A8V1A7R0 A0A8V0YFT7
Molecular Function,histone H3Y41 kinase activity,5,GO:0035401,2,2,232,2477,10.68,0.00873822690559301,2.06,A0A8V1A9R2 A0A8V0ZSN8
Molecular Function,collagen fibril binding,2,GO:0098633,2,2,232,2477,10.68,0.00873822690559301,2.06,A0A1L1RX77 A0A8V0YG24
Molecular Function,integrin binding involved in cell-matrix adhesion,4,GO:0098640,2,2,232,2477,10.68,0.00873822690559301,2.06,A0A8V0Y290 A0A8V0Y0F3
Molecular Function,glucuronyl-galactosyl-proteoglycan 4-alpha-N-acetylglucosaminyltransferase activity,6,GO:0001888,2,2,232,2477,10.68,0.00873822690559301,2.06,F1NGB8 A0A8V0ZXC9
Molecular Function,purine nucleotide binding,5,GO:0017076,8,190,232,2477,0.45,0.00904062009194794,2.04,A0A8V0Y4M6 A0A1D5P6T3 A0A1D5NT61 A0A8V0XBD4 A0A8V0YK18 A0A8V0Z4R1 A0A8V0YGQ5 A0A8V0YG88
Molecular Function,frizzled binding,5,GO:0005109,4,10,232,2477,4.27,0.01000398780921219,2.0,A0A8V0YLZ8 A0A8V0X7P4 A0A8V0ZKI8 A0A8V1AG56
Molecular Function,non-membrane spanning protein tyrosine kinase activity,5,GO:0004715,4,10,232,2477,4.27,0.01000398780921219,2.0,A0A8V0Z189 A0A8V1A9R2 A0A1I7Q3Z0 A0A8V0ZSN8
Molecular Function,histone binding,3,GO:0042393,6,21,232,2477,3.05,0.010290563246968667,1.99,A0A8V0Y4Q2 A0A8V0YFT7 A0A8V0ZSN8 A0A8V1A9R2 A0A8V0XMI5 A0A8V1AEJ0
Molecular Function,integrin binding,3,GO:0005178,12,62,232,2477,2.07,0.012695007080554021,1.9,A0A8V0Y0F3 A0A8V0ZZZ5 A0A8V0YDT4 A0A8V0ZE58 A0A8V0XMI5 A0A8V0XCW4 A0A8V0YDD6 A0A8V0Y699 A0A8V1ABC9 A0A8V0Y290 E1C0K5 A0A1I7Q3Z0
Molecular Function,syndecan binding,4,GO:0045545,3,6,232,2477,5.34,0.013101460777852377,1.88,P33005 A0A8V0X7P4 A0A8V1AAN6
Molecular Function,galactosidase activity,5,GO:0015925,3,6,232,2477,5.34,0.013101460777852377,1.88,A0A8V0YC98 A0A8V0YZJ3 A0A8V0ZI47
Molecular Function,growth factor binding,3,GO:0019838,11,54,232,2477,2.17,0.014334103921808668,1.84,A0A1D5P6T3 A0A3Q2TU24 A0A8V0X4D8 A0A8V0Z6E4 A0A8V0YQ88 A0A1D5P480 A0A8V0X7P4 A0A8V0XPE8 A0A8V0XUJ8 A0A8V0YMR1 P02460
Molecular Function,purine ribonucleoside binding,5,GO:0032550,2,87,232,2477,0.25,0.01441917262788114,1.84,A0A1D5P6T3 A0A1D5NT61
Molecular Function,ribonucleoside binding,4,GO:0032549,2,87,232,2477,0.25,0.01441917262788114,1.84,A0A1D5P6T3 A0A1D5NT61
Molecular Function,purine nucleoside binding,4,GO:0001883,2,88,232,2477,0.24,0.014432339247938613,1.84,A0A1D5P6T3 A0A1D5NT61
Molecular Function,guanyl ribonucleotide binding,5,GO:0032561,2,88,232,2477,0.24,0.014432339247938613,1.84,A0A1D5P6T3 A0A1D5NT61
Molecular Function,guanyl nucleotide binding,6,GO:0019001,2,88,232,2477,0.24,0.014432339247938613,1.84,A0A1D5P6T3 A0A1D5NT61
Molecular Function,RNA binding,4,GO:0003723,9,196,232,2477,0.49,0.014683850731600325,1.83,A0A1L4FLS3 A0A1D5PSI3 A0A8V0XMI5 A0A8V0XXW6 A0A8V0ZSX6 A0A8V0Z865 Q6ITC7 A0A1L1S0X5 A0A8V0ZY56
Molecular Function,nucleoside binding,3,GO:0001882,2,90,232,2477,0.24,0.01481201015029174,1.83,A0A1D5P6T3 A0A1D5NT61
Molecular Function,nucleic acid binding,3,GO:0003676,14,263,232,2477,0.57,0.018093015600060845,1.74,A0A8V1AG56 A0A8V0YFT7 A0A1L4FLS3 A0A1D5PSI3 A0A8V0XMI5 A0A8V0XXW6 A0A8V0YW57 A0A8V0ZSX6 A0A8V0Z865 Q6ITC7 A0A1L1S0X5 A0A8V1A7R0 A0A8V0ZY56 A0A8V0YWM3
Molecular Function,signaling receptor activity,2,GO:0038023,20,128,232,2477,1.67,0.01849834730907323,1.73,A0A8V0Y8Q2 A0A8V0ZUU4 A0A8V0YDT5 A0A1D5PBZ8 A0A8V0XUJ8 A0A1D5PXI1 A0A8V1ACV0 A0A1D5P6T3 A0A8V0XPE8 A0A8V1A3N1 A0A8V0ZRV9 A0A1L4FLS3 A0A8V0XW00 A0A1D5PDV9 A0A8V0XXZ4 K9JA28 A0A8V0ZKI8 A0A8V0Y652 A0A8V0YF36 A0A8V0YRG2
Molecular Function,molecular transducer activity,1,GO:0060089,20,130,232,2477,1.64,0.020238865053858607,1.69,A0A8V0Y8Q2 A0A8V0ZUU4 A0A8V0YDT5 A0A1D5PBZ8 A0A8V0XUJ8 A0A1D5PXI1 A0A8V1ACV0 A0A1D5P6T3 A0A8V0XPE8 A0A8V1A3N1 A0A8V0ZRV9 A0A1L4FLS3 A0A8V0XW00 A0A1D5PDV9 A0A8V0XXZ4 K9JA28 A0A8V0ZKI8 A0A8V0Y652 A0A8V0YF36 A0A8V0YRG2
Molecular Function,hexosaminidase activity,5,GO:0015929,4,12,232,2477,3.56,0.02029681660566759,1.69,A0A8V0Z086 A0A8V0YC98 F1NTQ2 A0A8V0ZIF0
Molecular Function,neurexin family protein binding,4,GO:0042043,3,7,232,2477,4.58,0.021358536473321834,1.67,A0A3Q2UGW3 A0A8V0Y9F8 A0A8V0X7P4
Molecular Function,sulfuric ester hydrolase activity,4,GO:0008484,3,7,232,2477,4.58,0.021358536473321834,1.67,A0A8V0XXM5 A0A8V0YHL1 A0A8V0YC89
Molecular Function,chemokine receptor binding,5,GO:0042379,3,7,232,2477,4.58,0.021358536473321834,1.67,A0A8V1A7R0 A0A8V0YFT7 E1C733
Molecular Function,protein kinase C binding,6,GO:0005080,5,18,232,2477,2.97,0.021393111369012827,1.67,Q0PVE4 A0A8V0ZSG8 A0A8V0YLI1 Q00649 A0A1I7Q3Z0
Molecular Function,DNA secondary structure binding,5,GO:0000217,2,3,232,2477,7.12,0.02459060622126482,1.61,A0A8V0YW57 A0A8V0XMI5
Molecular Function,four-way junction DNA binding,6,GO:0000400,2,3,232,2477,7.12,0.02459060622126482,1.61,A0A8V0YW57 A0A8V0XMI5
Molecular Function,structural molecule activity conferring elasticity,2,GO:0097493,2,3,232,2477,7.12,0.02459060622126482,1.61,A0A8V0Y290 A0A8V0Y0F3
Molecular Function,protein transmembrane transporter activity,3,GO:0008320,2,3,232,2477,7.12,0.02459060622126482,1.61,R4GGQ4 A0A8V0XMV0
Molecular Function,cell-matrix adhesion mediator activity,5,GO:0098634,2,3,232,2477,7.12,0.02459060622126482,1.61,A0A8V0Y290 A0A8V0Y0F3
Molecular Function,connexin binding,3,GO:0071253,2,3,232,2477,7.12,0.02459060622126482,1.61,A0A8V1A0B4 A0A1I7Q3Z0
Molecular Function,extracellular matrix constituent conferring elasticity,3,GO:0030023,2,3,232,2477,7.12,0.02459060622126482,1.61,A0A8V0Y290 A0A8V0Y0F3
Molecular Function,macromolecule transmembrane transporter activity,3,GO:0022884,2,3,232,2477,7.12,0.02459060622126482,1.61,R4GGQ4 A0A8V0XMV0
Molecular Function,protein-transporting ATPase activity,3,GO:0015450,2,3,232,2477,7.12,0.02459060622126482,1.61,R4GGQ4 A0A8V0XMV0
Molecular Function,protein-macromolecule adaptor activity,2,GO:0030674,8,39,232,2477,2.19,0.02499047226983676,1.6,A0A8V0ZTR7 A0A8V0Y579 A0A8V0X7P4 A0A8V0YGQ5 A0A1I7Q3Z0 A0A8V0ZEJ3 A0A8V0XXK8 A0A8V0XYK6
Molecular Function,GTP binding,5,GO:0005525,2,79,232,2477,0.27,0.029616580465358283,1.53,A0A1D5P6T3 A0A1D5NT61
Molecular Function,ubiquitin protein ligase binding,5,GO:0031625,2,82,232,2477,0.26,0.030977136952907984,1.51,A0A8V1A0B4 A0A1I7Q3Z0
Molecular Function,ion binding,2,GO:0043167,46,635,232,2477,0.77,0.033065791818668325,1.48,A0A8V1AG56 A0A8V0XBD4 Q98938 F1NBR3 A0A8V0XXM5 A0A8V0YDU6 A0A8V0XMI5 A0A8V0YC89 A0A8V0YGN2 A0A8V0Z4R1 A0A8V0YDT5 R4GGQ4 A0A1D5PBZ8 A0A8V0YG88 A0A1D5P6T3 A0A8V0Z8V4 A0A8V0ZSC5 A0A1I7Q421 A0A8V0X637 A0A3Q2UGW3 A0A8V0YK18 A0A3Q2TTB3 A0A8V0YGQ5 A0A8V0ZXC9 E1C0K5 A0A8V0Y3L3 A0A8V0Y4Q2 A0A8V0ZZZ5 A0A8V0XA92 A0A8V0ZE58 A0A8V0X7P4 A0A8V0ZY91 A0A8V0Y699 A0A8V0ZRP2 A0A8V0YYQ9 A0A8V0Y2G8 A0A8V0Y4M6 A0A1D5NT61 A0A8V0YDT4 P26652 A0A8V0YF36 A0A1D5PMN7 A0A8V0YDD6 P33005 A0A8V0ZD24 A0A8V0YWM3
Molecular Function,receptor ligand activity,4,GO:0048018,12,72,232,2477,1.78,0.039152658888249814,1.41,A0A8V1AG56 A0A3Q2TU24 A0A8V0YWI5 Q98938 A0A8V1AFP7 E1C733 A0A8V0XMI5 A0A8V0YY90 A0A8V1ACD6 A0A8V0Z8N6 A0A8V1ADF6 A0A1D5P0D7
Molecular Function,transmembrane receptor protein kinase activity,4,GO:0019199,5,21,232,2477,2.54,0.04033821190355134,1.39,A0A1D5P6T3 A0A8V1A3N1 A0A8V0XPE8 A0A8V0XXZ4 A0A8V0YRG2
Molecular Function,heparan sulfate proteoglycan binding,3,GO:0043395,4,15,232,2477,2.85,0.04478686622493294,1.35,P33005 A0A8V0Z8V4 A0A8V0YDT5 A0A1I7Q421
Molecular Function,chloride ion binding,4,GO:0031404,2,4,232,2477,5.34,0.04615855641389176,1.34,A0A3Q2UGW3 A0A8V0YF36
Molecular Function,peptide transmembrane transporter activity,4,GO:1904680,2,4,232,2477,5.34,0.04615855641389176,1.34,R4GGQ4 A0A8V0XMV0
Molecular Function,immunoglobulin receptor binding,4,GO:0034987,2,4,232,2477,5.34,0.04615855641389176,1.34,P01875 A0A8V0XEJ0
Molecular Function,beta-galactosidase activity,6,GO:0004565,2,4,232,2477,5.34,0.04615855641389176,1.34,A0A8V0YZJ3 A0A8V0ZI47
Molecular Function,damaged DNA binding,5,GO:0003684,2,4,232,2477,5.34,0.04615855641389176,1.34,A0A8V0YW57 A0A8V0XMI5
Molecular Function,galactoside binding,3,GO:0016936,2,4,232,2477,5.34,0.04615855641389176,1.34,A0A8V0ZJJ7 A0A8V0YZJ3
Molecular Function,arylsulfatase activity,5,GO:0004065,2,4,232,2477,5.34,0.04615855641389176,1.34,A0A8V0XXM5 A0A8V0YHL1
Molecular Function,anion binding,3,GO:0043168,31,452,232,2477,0.73,0.0490353025883844,1.31,A0A8V1AG56 A0A8V0XBD4 A0A8V0XMI5 A0A8V0YC89 A0A8V0YGN2 A0A8V0Z4R1 A0A8V0YDT5 A0A8V0YG88 A0A1D5P6T3 A0A8V0Z8V4 A0A8V0ZSC5 A0A1I7Q421 A0A3Q2UGW3 A0A8V0YK18 A0A8V0YGQ5 E1C0K5 A0A8V0Y4Q2 A0A8V0ZZZ5 A0A8V0ZE58 A0A8V0X7P4 A0A8V0ZY91 A0A8V0Y699 A0A8V0ZRP2 A0A8V0Y4M6 A0A1D5NT61 A0A8V0YF36 A0A1D5PMN7 A0A8V0YDD6 P33005 A0A8V0ZD24 A0A8V0YWM3
Molecular Function,protein phosphatase binding,5,GO:0019903,9,51,232,2477,1.88,0.05020132250880885,1.3,A0A1D5P6T3 A0A8V0YFT7 A0A8V1A9R2 A0A8V1AJI2 A0A8V0ZY91 A0A8V0YLI1 A0A1L1RP76 A0A8V1A7R0 A0A1I7Q3Z0
Molecular Function,oxidoreductase activity,2,GO:0016491,11,197,232,2477,0.6,0.05631388408162565,1.25,A0A8V0Y4M6 A0A8V0XCD2 A0A1D5NT61 F1NBR3 A0A8V0ZRZ8 A0A8V0YGN2 A0A8V0ZHL4 A0A8V0YXI7 A0A1D5PXI1 A0A8V0Y3L3 A0A8V0YWM3
Molecular Function,protein kinase activity,3,GO:0004672,16,107,232,2477,1.6,0.059259849199358804,1.23,A0A1D5P6T3 A0A8V0ZSN8 A0A8V1A3N1 A0A8V0Z189 A0A8V1A9R2 A0A8V0YK18 E1C733 A0A8V0XPE8 A0A1D5PT01 A0A8V0ZSX6 A0A8V0ZTC0 A0A8V0XE48 A0A8V1ABC9 A0A8V0XXZ4 A0A8V0YRG2 A0A1I7Q3Z0
Molecular Function,TBP-class protein binding,5,GO:0017025,3,10,232,2477,3.2,0.05933238710227845,1.23,A0A1D5PLP1 A0A8V0ZH96 A0A8V0XMI5
Molecular Function,solute:sodium symporter activity,5,GO:0015370,3,10,232,2477,3.2,0.05933238710227845,1.23,A0A8V0YLZ5 A0A8V1AM47 A0A1D5NYS2
Molecular Function,ubiquitin-like protein ligase binding,4,GO:0044389,3,88,232,2477,0.36,0.059539808199172504,1.23,A0A8V1A0B4 A0A1I7Q3Z0 A0A8V0YFT7
Molecular Function,microtubule binding,5,GO:0008017,2,69,232,2477,0.31,0.059707074885086184,1.22,A0A8V0XBD4 A0A1D5PBU5
Molecular Function,"hydrolase activity, hydrolyzing O-glycosyl compounds",4,GO:0004553,8,44,232,2477,1.94,0.06070210985011909,1.22,A0A8V1ABA3 F1NTQ2 A0A8V0YZJ3 A0A8V0Z086 A0A8V0ZIF0 A0A8V1ALI6 A0A8V0ZI47 A0A8V0YC98
Molecular Function,molecular adaptor activity,1,GO:0060090,8,44,232,2477,1.94,0.06070210985011909,1.22,A0A8V0ZTR7 A0A8V0Y579 A0A8V0X7P4 A0A8V0YGQ5 A0A1I7Q3Z0 A0A8V0ZEJ3 A0A8V0XXK8 A0A8V0XYK6
Molecular Function,amide transmembrane transporter activity,3,GO:0042887,2,5,232,2477,4.27,0.07224126960003999,1.14,R4GGQ4 A0A8V0XMV0
Molecular Function,insulin-like growth factor II binding,5,GO:0031995,2,5,232,2477,4.27,0.07224126960003999,1.14,A0A1D5P480 A0A1D5P6T3
Molecular Function,insulin-like growth factor I binding,5,GO:0031994,2,5,232,2477,4.27,0.07224126960003999,1.14,A0A1D5P480 A0A1D5P6T3
Molecular Function,insulin binding,3,GO:0043559,2,5,232,2477,4.27,0.07224126960003999,1.14,A0A8V0YDL8 A0A1D5P6T3
Molecular Function,neurotrophin binding,4,GO:0043121,2,5,232,2477,4.27,0.07224126960003999,1.14,A0A8V0X4D8 A0A8V0YMR1
Molecular Function,protein-hormone receptor activity,3,GO:0016500,2,5,232,2477,4.27,0.07224126960003999,1.14,A0A8V0XUJ8 A0A1D5P6T3
Molecular Function,"oxidoreductase activity, acting on the CH-NH group of donors",3,GO:0016645,2,5,232,2477,4.27,0.07224126960003999,1.14,A0A1D5PXI1 A0A8V0YWM3
Molecular Function,selenium binding,2,GO:0008430,2,5,232,2477,4.27,0.07224126960003999,1.14,A0A8V0YPB9 A0A8V1AEM5
Molecular Function,peptide hormone binding,3,GO:0017046,3,11,232,2477,2.91,0.0761134406516753,1.12,A0A8V0YDL8 A0A1D5P6T3 A0A8V0YF36
Molecular Function,protein phosphatase 1 binding,6,GO:0008157,3,11,232,2477,2.91,0.0761134406516753,1.12,A0A8V0YLI1 A0A8V0ZY91 A0A1L1RP76
Molecular Function,"hydrolase activity, acting on glycosyl bonds",3,GO:0016798,8,47,232,2477,1.82,0.0763071772617123,1.12,A0A8V1ABA3 F1NTQ2 A0A8V0YZJ3 A0A8V0Z086 A0A8V0ZIF0 A0A8V1ALI6 A0A8V0ZI47 A0A8V0YC98
Molecular Function,acetylglucosaminyltransferase activity,5,GO:0008375,5,25,232,2477,2.14,0.07767182439429196,1.11,F1NGB8 F1NTQ2 A0A8V0ZXC9 A0A8V0YYQ9 A0A8V0Z0B9
Molecular Function,hormone activity,5,GO:0005179,4,18,232,2477,2.37,0.08054861151874271,1.09,A0A8V1AFP7 A0A8V0YY90 A0A8V0YWI5 A0A8V0Z8N6
Molecular Function,transmembrane receptor protein tyrosine kinase activity,5,GO:0004714,4,18,232,2477,2.37,0.08054861151874271,1.09,A0A8V0XXZ4 A0A1D5P6T3 A0A8V0YRG2 A0A8V1A3N1
Molecular Function,organic anion transmembrane transporter activity,3,GO:0008514,5,26,232,2477,2.05,0.0891688675662249,1.05,A0A8V0Y579 A0A1D5NYS2 A0A8V1AM47 A0A8V0ZJJ7 F1P4D6
Molecular Function,serine hydrolase activity,3,GO:0017171,9,56,232,2477,1.72,0.09915975851825794,1.0,A0A8V0X4D8 Q05744 A0A8V0XEP8 A0A8V0Y070 A0A8V0ZP32 A0A8V1A6Z0 P15120 A0A8V0YDL8 A0A8V0XKW4
Molecular Function,serine-type peptidase activity,4,GO:0008236,9,56,232,2477,1.72,0.09915975851825794,1.0,A0A8V0X4D8 Q05744 A0A8V0XEP8 A0A8V0Y070 A0A8V0ZP32 A0A8V1A6Z0 P15120 A0A8V0YDL8 A0A8V0XKW4
Molecular Function,enzyme binding,3,GO:0019899,43,569,232,2477,0.81,0.10095007024425082,1.0,A0A8V0X4D8 A0A8V0YBZ6 A0A8V0XMI5 A0A1L1RP76 A0A8V1A0B4 A0A1I7Q3Z0 A0A8V0ZEJ3 A0A8V1A3H9 A0A1D5P6T3 A0A8V0YFT7 A0A8V0ZSG8 A0A8V0YK18 A0A8V1ADS4 A0A8V0YW57 A0A8V0YLI1 A0A8V0YRF2 A0A8V1A7R0 A0A8V0YIC3 A0A8V0ZZZ5 Q0PVE4 A0A8V1A3N1 A0A8V0ZY91 Q00649 A0A8V0ZJJ7 A0A8V0XE48 A0A8V1ABC9 A0A8V0ZRP2 A0A8V1ADF6 F1NGB8 A0A3Q2TU24 A0A8V0ZTR7 A0A1D5PBU5 A0A1D5NT61 A0A8V1A3S8 A0A8V1A9R2 A0A8V0Z3U6 P26652 A0A1D5PSI3 A0A8V1AJI2 A0A8V0YDD6 A0A8V1A7Y9 A0A8V0YLZ8 A0A8V0YWM3
Molecular Function,beta-N-acetylhexosaminidase activity,6,GO:0004563,2,6,232,2477,3.56,0.10181117401078636,0.99,A0A8V0Z086 F1NTQ2
Molecular Function,myosin light chain binding,5,GO:0032027,2,6,232,2477,3.56,0.10181117401078636,0.99,A0A8V0YLZ8 A0A8V0XBD4
Molecular Function,ATP hydrolysis activity,7,GO:0016887,6,119,232,2477,0.54,0.10700856594600724,0.97,A0A8V0ZJ97 A0A8V0XBD4 A0A1D5PBU5 A0A8V0YW57 A0A8V0YG88 A0A8V0ZH96
Molecular Function,exopeptidase activity,4,GO:0008238,6,32,232,2477,2.0,0.11443139353048185,0.94,A0A8V0XA92 A0A8V0XEP8 A0A8V0ZP32 A0A8V1A6Z0 A0A8V0X7J6 A0A8V0YVB6
Molecular Function,carboxypeptidase activity,5,GO:0004180,3,13,232,2477,2.46,0.11497147228318884,0.94,A0A8V0ZP32 A0A8V0X7J6 A0A8V0YVB6
Molecular Function,solute:monoatomic cation symporter activity,5,GO:0015294,3,13,232,2477,2.46,0.11497147228318884,0.94,A0A8V0YLZ5 A0A8V1AM47 A0A1D5NYS2
Molecular Function,symporter activity,5,GO:0015293,3,13,232,2477,2.46,0.11497147228318884,0.94,A0A8V0YLZ5 A0A8V1AM47 A0A1D5NYS2
Molecular Function,phosphatidylserine binding,3,GO:0001786,3,13,232,2477,2.46,0.11497147228318884,0.94,E1C0K5 A0A8V0Y699 A0A8V0XMI5
Molecular Function,cell adhesion mediator activity,4,GO:0098631,3,13,232,2477,2.46,0.11497147228318884,0.94,A0A8V0Y290 A0A8V0Y0F3 A0A1D5PBZ8
Molecular Function,signaling adaptor activity,3,GO:0035591,3,13,232,2477,2.46,0.11497147228318884,0.94,A0A8V0ZTR7 A0A1I7Q3Z0 A0A8V0ZEJ3
Molecular Function,kinase activity,4,GO:0016301,20,154,232,2477,1.39,0.11597530796766856,0.94,A0A8V1A0B4 A0A8V0ZTC0 A0A1I7Q3Z0 A0A1D5P6T3 F1NXR0 A0A8V0YK18 E1C733 A0A8V0XPE8 A0A8V0ZSX6 A0A8V1A3N1 A0A8V0Z189 A0A8V0XE48 A0A8V1ABC9 A0A8V0XXZ4 A0A8V0ZJD3 A0A3Q2TU24 A0A8V0ZSN8 A0A8V1A9R2 A0A1D5PT01 A0A8V0YRG2
Molecular Function,signaling receptor regulator activity,2,GO:0030545,12,82,232,2477,1.56,0.11884732335764323,0.93,A0A8V1AG56 A0A3Q2TU24 A0A8V0YWI5 Q98938 A0A8V1AFP7 E1C733 A0A8V0XMI5 A0A8V0YY90 A0A8V1ACD6 A0A8V0Z8N6 A0A8V1ADF6 A0A1D5P0D7
Molecular Function,protein heterodimerization activity,4,GO:0046982,5,105,232,2477,0.51,0.1213986874012249,0.92,A0A3Q2TU24 F1NTQ2 A0A8V0X7P4 A0A1D5NTR5 A0A1D5PBZ8
Molecular Function,"phosphotransferase activity, alcohol group as acceptor",4,GO:0016773,18,134,232,2477,1.43,0.12482667633584771,0.9,A0A8V0ZJD3 A0A1D5P6T3 A0A3Q2TU24 A0A8V0ZSN8 A0A8V1A3N1 A0A8V0Z189 A0A8V1A9R2 A0A8V0YK18 E1C733 A0A8V0XPE8 A0A1D5PT01 A0A8V0ZSX6 A0A8V0ZTC0 A0A8V0XE48 A0A8V1ABC9 A0A8V0XXZ4 A0A8V0YRG2 A0A1I7Q3Z0
Molecular Function,cytokine receptor activity,4,GO:0004896,2,7,232,2477,3.05,0.13399222902538843,0.87,A0A8V0Y652 K9JA28
Molecular Function,UDP-xylosyltransferase activity,5,GO:0035252,2,7,232,2477,3.05,0.13399222902538843,0.87,A0A8V0Z938 A0A8V0YYQ9
Molecular Function,actin filament binding,3,GO:0051015,2,58,232,2477,0.37,0.16673867976552822,0.78,A0A8V0YG88 A0A8V0XBD4
Molecular Function,SH2 domain binding,4,GO:0042169,2,8,232,2477,2.67,0.1680407406740876,0.77,A0A1D5P6T3 A0A1I7Q3Z0
Molecular Function,neuropilin binding,4,GO:0038191,2,8,232,2477,2.67,0.1680407406740876,0.77,A0A1D5PZ68 A0A8V1ACD6
Molecular Function,actinin binding,4,GO:0042805,2,8,232,2477,2.67,0.1680407406740876,0.77,A0A8V0Y0X2 A0A1D5PSI3
Molecular Function,nuclear estrogen receptor binding,7,GO:0030331,2,8,232,2477,2.67,0.1680407406740876,0.77,A0A8V0ZE30 A0A1I7Q3Z0
Molecular Function,platelet-derived growth factor binding,4,GO:0048407,2,8,232,2477,2.67,0.1680407406740876,0.77,A0A3Q2TU24 P02460
Molecular Function,xylosyltransferase activity,5,GO:0042285,2,8,232,2477,2.67,0.1680407406740876,0.77,A0A8V0Z938 A0A8V0YYQ9
Molecular Function,lipoprotein particle receptor activity,2,GO:0030228,2,8,232,2477,2.67,0.1680407406740876,0.77,A0A8V0ZKI8 A0A8V0Y6D2
Molecular Function,"transferase activity, transferring phosphorus-containing groups",3,GO:0016772,21,168,232,2477,1.33,0.16841417517741974,0.77,A0A8V1A0B4 A0A8V0ZTC0 A0A1I7Q3Z0 A0A1D5P6T3 F1NXR0 A0A8V0YK18 E1C733 A0A3Q2TTB3 A0A8V0XPE8 A0A8V0ZSX6 A0A8V1A3N1 A0A8V0Z189 A0A8V0XE48 A0A8V1ABC9 A0A8V0XXZ4 A0A8V0ZJD3 A0A3Q2TU24 A0A8V0ZSN8 A0A8V1A9R2 A0A1D5PT01 A0A8V0YRG2
Molecular Function,G protein-coupled receptor binding,4,GO:0001664,9,62,232,2477,1.55,0.1799796310758654,0.74,A0A8V0ZKI8 A0A8V1AG56 A0A8V0YFT7 Q98938 A0A8V0X7P4 E1C733 A0A8V0YLZ8 A0A8V1A7R0 A0A8V0YHF3
Molecular Function,ATP binding,5,GO:0005524,4,86,232,2477,0.5,0.18336934748921024,0.74,A0A8V0YK18 A0A1D5P6T3 A0A8V0YG88 A0A8V0Z4R1
Molecular Function,amino acid binding,5,GO:0016597,3,16,232,2477,2.0,0.18369802859652304,0.74,A0A1D5NT61 A0A1D5PMN7 A0A8V0Z4R1
Molecular Function,catalytic activity,1,GO:0003824,101,1183,232,2477,0.91,0.1897399539377518,0.72,A0A8V1A9L3 F1NBR3 A0A8V0ZRZ8 A0A8V1ABA3 A0A8V0XEP8 A0A8V0Z4R1 A0A8V0YGN2 A0A8V0YDT5 P15120 A0A8V0ZSC5 A0A8V0XPE8 A0A8V0YW57 A0A8V0X7J6 A0A8V0Y3L3 A0A8V0Z0B9 A0A8V1A3N1 A0A8V0Z086 A0A8V0Y9F8 A0A8V0XE48 A0A8V0YXI7 A0A8V0YYQ9 Q92182 A0A3Q2TU24 A0A8V0ZJD3 A0A8V0ZJ97 F1NGB8 A0A8V0ZSN8 A0A8V1A9R2 A0A8V0Y070 A0A8V1A7Y9 P28687 A0A8V0XXM5 A0A8V0XMI5 A0A8V0YC89 A0A8V1A0B4 A0A1I7Q3Z0 A0A8V0ZH96 A0A1D5PXI1 A0A8V0X637 F1NTQ2 E1C3Z8 A0A3Q2TTB3 A0A8V0ZP32 A0A8V0ZXC9 A0A8V0YRF2 E1C2T4 A0A8V0Z6S1 A0A8V0XA92 A0A8V0YZJ3 A0A8V0YSF6 A0A8V1ABC9 A0A8V0XKW4 A0A8V0ZE30 A0A8V0Y4M6 A0A1D5PBU5 Q05744 A0A1D5P201 A0A8V0YC20 A0A8V0YBE2 A0A1D5PT01 A0A8V0YRG2 A0A8V0X4D8 A0A8V0XBD4 A0A8V0ZHL4 A0A8V0ZIF0 A0A8V0Y9B0 A0A1L1RP76 A0A8V0YG88 A0A8V0YC98 A0A1D5P6Q1 A0A8V0XCD2 A0A8V0ZSG8 A0A8V0YK18 E1C733 A0A8V0ZSX6 A0A8V0ZI47 A0A8V1A6Z0 A0A8V1ALI6 A0A8V0XXZ4 A0A8V0ZF83 A0A8V0YQC4 A0A8V0YDL8 A0A8V1ACH5 A0A8V0ZSD7 A0A8V0ZFG7 F1NNN0 A0A8V0ZTC0 A0A1D5P6T3 F1NXR0 A0A3Q2UGW3 A0A8V0WZN3 A0A8V0XWD4 A0A8V0ZCF7 A0A8V0YVB6 A0A1D5P692 A0A8V0Z189 A0A8V0YHL1 A0A1D5NT61 A0A1D5PMN7 A0A8V0Z938 A0A8V0YWM3
Molecular Function,"catalytic activity, acting on a protein",2,GO:0140096,45,406,232,2477,1.18,0.1928918563255866,0.71,A0A8V0X4D8 A0A8V0XEP8 A0A8V0ZSD7 A0A8V0ZHL4 A0A8V0YDT5 A0A8V0ZFG7 P15120 A0A1L1RP76 F1NNN0 A0A1I7Q3Z0 A0A8V0ZTC0 A0A1D5P6T3 A0A1D5P6Q1 A0A8V0ZSG8 A0A8V0YK18 A0A8V0XWD4 E1C733 A0A8V0XPE8 A0A8V0ZP32 A0A8V0ZSX6 A0A8V0ZCF7 A0A8V0X7J6 A0A8V0YRF2 A0A8V0YVB6 A0A8V0Z0B9 A0A8V0Z6S1 A0A8V0XA92 A0A8V1A3N1 A0A8V0Z189 A0A8V1A6Z0 A0A8V0YSF6 A0A8V0XE48 A0A8V1ABC9 A0A8V0XKW4 A0A8V0XXZ4 A0A8V0ZF83 Q05744 A0A8V0ZSN8 A0A8V1A9R2 A0A8V0Y070 A0A1D5PT01 A0A8V0Z938 A0A8V0YDL8 P28687 A0A8V0YRG2
Molecular Function,scaffold protein binding,3,GO:0097110,5,30,232,2477,1.78,0.19453676599512676,0.71,A0A3Q2UGW3 A0A8V0ZY91 A0A8V1ABC9 A0A8V0YRF2 A0A1I7Q3Z0
Molecular Function,phosphatase binding,4,GO:0019902,9,65,232,2477,1.48,0.1969470445448446,0.71,A0A1D5P6T3 A0A8V0YFT7 A0A8V1A9R2 A0A8V1AJI2 A0A8V0ZY91 A0A8V0YLI1 A0A1L1RP76 A0A8V1A7R0 A0A1I7Q3Z0
Molecular Function,calcium ion binding,5,GO:0005509,7,120,232,2477,0.62,0.20024524241045857,0.7,A0A8V0Z8V4 Q98938 A0A8V0YDT4 A0A8V0XXM5 A0A8V0YDU6 A0A1D5PBZ8 A0A8V0Y2G8
Molecular Function,ephrin receptor binding,4,GO:0046875,2,9,232,2477,2.37,0.20332841877839505,0.69,A0A8V0X7P4 A0A1I7Q3Z0
Molecular Function,microfilament motor activity,2,GO:0000146,2,9,232,2477,2.37,0.20332841877839505,0.69,A0A8V0YG88 A0A8V0XBD4
Molecular Function,tubulin binding,4,GO:0015631,5,96,232,2477,0.56,0.20840983632790394,0.68,A0A8V1A9L3 A0A8V0YTK5 A0A8V0XBD4 A0A1D5PBU5 A0A1I7Q3Z0
Molecular Function,cation binding,3,GO:0043169,20,278,232,2477,0.77,0.22867250616942245,0.64,F1NBR3 Q98938 A0A8V0XXM5 A0A8V0YDU6 R4GGQ4 A0A1D5PBZ8 A0A8V0Z8V4 A0A8V0X637 A0A8V0YK18 A0A3Q2TTB3 A0A8V0ZXC9 A0A8V0Y3L3 A0A8V0XA92 A0A8V0YYQ9 A0A8V0Y2G8 A0A1D5NT61 A0A8V0YDT4 P26652 A0A1D5PMN7 A0A8V0YDD6
Molecular Function,sequence-specific double-stranded DNA binding,6,GO:1990837,5,33,232,2477,1.62,0.22906422927252335,0.64,A0A8V0YFT7 A0A1D5PSI3 A0A8V0XMI5 A0A8V0YW57 A0A8V1A7R0
Molecular Function,peptidase activity,3,GO:0008233,17,139,232,2477,1.31,0.2305210390166683,0.64,A0A8V0X4D8 A0A8V0XA92 Q05744 A0A8V0XWD4 A0A8V0XEP8 A0A8V0Y070 A0A8V0ZP32 A0A8V0YVB6 A0A8V1A6Z0 A0A8V0YSF6 A0A8V0ZCF7 A0A8V0X7J6 P15120 A0A8V0YDL8 P28687 A0A8V0ZF83 A0A8V0XKW4
Molecular Function,lipid binding,2,GO:0008289,12,183,232,2477,0.7,0.23375526074137426,0.63,A0A8V1AG56 A0A1D5P6T3 A0A8V0ZSC5 A0A8V0ZZZ5 A0A8V0X7P4 A0A8V0ZY91 A0A8V0XMI5 A0A8V0YG88 A0A8V0Y699 A0A8V1A3H7 A0A8V0ZRP2 E1C0K5
Molecular Function,G protein-coupled peptide receptor activity,4,GO:0008528,2,10,232,2477,2.14,0.2393274266968667,0.62,A0A8V0XUJ8 A0A8V0YF36
Molecular Function,peptide receptor activity,3,GO:0001653,2,10,232,2477,2.14,0.2393274266968667,0.62,A0A8V0XUJ8 A0A8V0YF36
Molecular Function,myosin binding,4,GO:0017022,5,34,232,2477,1.57,0.24251839674375886,0.62,A0A8V0XBD4 Q00649 A0A1L1RKY9 A0A8V0YLZ8 A0A1L1S0X5
Molecular Function,double-stranded DNA binding,5,GO:0003690,5,34,232,2477,1.57,0.24251839674375886,0.62,A0A8V0YFT7 A0A1D5PSI3 A0A8V0XMI5 A0A8V0YW57 A0A8V1A7R0
Molecular Function,protein binding,2,GO:0005515,158,1596,232,2477,1.06,0.24904596861425016,0.6,A0A8V0Y8Q2 A0A8V1A9L3 A0A8V1ABA3 A0A8V0Z4R1 A0A1D5NTR5 A0A8V0YGN2 A0A8V0YDT5 A0A3Q2UHS2 A0A1D5PBZ8 A0A8V0XEJ0 A0A8V0YQU2 A0A8V0ZEJ3 A0A8V1ACV0 A0A8V0Z8V4 A0A8V0YTK5 A0A1D5P480 A0A8V0XXW6 A0A1L1RX77 A0A8V0XPE8 A0A8V0YW57 Q5ZJ73 A0A8V1ACD6 A0A8V1A3H7 A0A8V1A7R0 E1C0K5 A0A8V0Y4Q2 A0A8V1A3N1 A0A8V0Y579 A0A8V0X7P4 A0A8V0XW00 A0A8V0Y9F8 A0A8V0YY90 A0A8V0XE48 A0A8V0Y699 A0A1L1S0X5 A0A8V0YXI7 A0A8V0XXK8 F1NGB8 A0A3Q2TU24 A0A8V0XM98 A0A8V1AHP7 A0A8V0ZTR7 A0A8V0ZSN8 A0A8V1A9R2 A0A8V0YF36 A0A1D5PSI3 A0A8V0Y357 A0A8V1A7Y9 A0A1D5NYA8 A0A8V1AG56 A0A8V0Z6E4 A0A8V0XMI5 A0A8V0ZUU4 A0A8V0XH99 A0A8V1A0B4 A0A1I7Q3Z0 A0A8V0ZH96 A0A1D5PXI1 P02460 A0A8V0Y0F3 A0A8V0YUF6 F1NTQ2 A0A1D5NYS2 A0A1D5PEW1 A0A8V0XCW4 A0A8V0YRF2 A0A1D5P0D7 A0A8V0ZZZ5 Q0PVE4 A0A8V0ZE58 A0A8V0YZJ3 Q5ZJW4 A0A8V1A535 Q00649 A0A1D5PDV9 A0A8V1ABC9 A0A8V0XKW4 A0A8V0ZRP2 A0A8V0ZE30 A0A8V1ADF6 A0A8V0YWI5 A0A1D5PBU5 A0A8V1AFR2 P26652 A0A8V1AJI2 A0A1D5PT01 P33005 A0A8V0YRG2 A0A8V0X4D8 A0A8V0XBD4 A0A8V0YBZ6 A0A8V1AFP7 A0A8V0Y0X2 A0A8V0ZHL4 A0A8V0YG88 A0A1L1RP76 A0A8V0YC98 A0A8V0YVI8 A0A8V0XYK6 A0A1D5P6Q1 A0A8V0YFT7 A0A8V0ZSG8 A0A8V0ZHX5 A0A8V0YK18 E1C733 A0A8V1ADS4 A0A8V0ZSX6 A0A8V0ZI47 A0A8V0YRN1 A0A8V0ZY91 A0A8V0ZY42 A0A8V0Y8I0 A0A8V0XXZ4 A0A1D5PLP1 A0A8V0ZY56 A0A8V0YHF3 A0A8V0ZKI8 A0A8V0YDT4 A0A8V0Z3U6 A0A8V0YQC4 A0A8V0YDL8 A0A8V0YLZ8 P01875 Q98938 A0A8V0YDU6 A0A8V0ZSD7 A0A8V0XWF0 A0A8V0XUJ8 A0A8V0Y290 A0A8V0YMR1 A0A8V0ZEC1 A0A8V0ZYI9 A0A8V1A3H9 A0A8V1AAN6 A0A1D5P6T3 F1NXR0 A0A1I7Q421 A0A8V0YQ88 A0A8V1A8N2 A0A3Q2UGW3 A0A8V0XM02 A0A8V0YGQ5 A0A8V0YLI1 A0A8V0YIC3 A0A1L4FLS3 A0A8V0Y6D2 A0A8V0ZJJ7 A0A8V0Z8N6 A0A8V1AEJ0 A0A8V0ZDW7 A0A1D5NT61 A0A8V1A3S8 A0A8V0Z9Z7 A0A1D5PMN7 A0A8V0YDD6 A0A1L1RKY9 A0A1D5PZ68 A0A8V0YWM3
Molecular Function,metal ion binding,4,GO:0046872,19,263,232,2477,0.77,0.2620014047311331,0.58,F1NBR3 Q98938 A0A8V0XXM5 A0A8V0YDU6 R4GGQ4 A0A1D5PBZ8 A0A8V0Z8V4 A0A8V0X637 A0A8V0YK18 A0A3Q2TTB3 A0A8V0ZXC9 A0A8V0Y3L3 A0A8V0XA92 A0A8V0YYQ9 A0A8V0Y2G8 A0A8V0YDT4 P26652 A0A1D5PMN7 A0A8V0YDD6
Molecular Function,monoatomic anion transmembrane transporter activity,4,GO:0008509,6,40,232,2477,1.6,0.2643366408377889,0.58,A0A8V0Y579 A0A1D5NYS2 A0A8V1AM47 A0A8V0ZJJ7 F1P4D6 A0A8V0YHF3
Molecular Function,endopeptidase regulator activity,4,GO:0061135,3,63,232,2477,0.51,0.27315940259084476,0.56,A0A8V0X4D8 P26652 A0A8V0YRF2
Molecular Function,hormone receptor binding,4,GO:0051427,4,24,232,2477,1.78,0.27484369168608513,0.56,A0A8V0ZE30 A0A8V1A7R0 A0A1I7Q3Z0 A0A8V0YFT7
Molecular Function,glycolipid binding,3,GO:0051861,2,11,232,2477,1.94,0.2755972013728286,0.56,A0A8V0ZZZ5 A0A8V0XMI5
Molecular Function,transforming growth factor beta binding,4,GO:0050431,2,11,232,2477,1.94,0.2755972013728286,0.56,A0A8V0XPE8 A0A8V0YQ88
Molecular Function,apolipoprotein binding,3,GO:0034185,2,11,232,2477,1.94,0.2755972013728286,0.56,A0A8V0ZKI8 A0A8V0Y6D2
Molecular Function,translation regulator activity,1,GO:0045182,2,11,232,2477,1.94,0.2755972013728286,0.56,A0A8V0ZSX6 A0A8V0XPN5
Molecular Function,modified amino acid binding,2,GO:0072341,4,25,232,2477,1.71,0.2858014801156523,0.54,A0A8V0YGN2 E1C0K5 A0A8V0Y699 A0A8V0XMI5
Molecular Function,inorganic molecular entity transmembrane transporter activity,3,GO:0015318,6,101,232,2477,0.63,0.2945781995357146,0.53,A0A8V0Y579 A0A1D5NYS2 A0A8V0ZY91 A0A8V1AM47 A0A8V0YLZ5 A0A8V0YHF3
Molecular Function,cytokine activity,5,GO:0005125,4,26,232,2477,1.64,0.2981979874823662,0.53,A0A8V0XMI5 E1C733 A0A8V1AG56 A0A1D5P0D7
Molecular Function,serine-type endopeptidase activity,5,GO:0004252,6,45,232,2477,1.42,0.30720391539875846,0.51,A0A8V0X4D8 Q05744 A0A8V0Y070 P15120 A0A8V0YDL8 A0A8V0XKW4
Molecular Function,"1-phosphatidylinositol-4,5-bisphosphate 3-kinase activity",6,GO:0046934,2,12,232,2477,1.78,0.3117728452478067,0.51,A0A3Q2TU24 A0A1I7Q3Z0
Molecular Function,antigen binding,2,GO:0003823,2,12,232,2477,1.78,0.3117728452478067,0.51,P01875 A0A8V0XEJ0
Molecular Function,flavin adenine dinucleotide binding,4,GO:0050660,2,12,232,2477,1.78,0.3117728452478067,0.51,A0A8V0Y4M6 A0A8V0YWM3
Molecular Function,hormone binding,2,GO:0042562,4,27,232,2477,1.58,0.31186331382548316,0.51,A0A8V0YDL8 A0A1D5P6T3 A0A8V0YF36 A0A8V0XUJ8
Molecular Function,nucleoside-triphosphatase regulator activity,3,GO:0060589,4,75,232,2477,0.57,0.3120368632244602,0.51,A0A8V1ADS4 A0A8V0ZZZ5 A0A8V0ZTR7 A0A8V0YBZ6
Molecular Function,mRNA binding,5,GO:0003729,4,76,232,2477,0.56,0.3138140288481873,0.5,A0A8V0XXW6 A0A8V0ZY56 A0A1D5PSI3 Q6ITC7
Molecular Function,inorganic cation transmembrane transporter activity,4,GO:0022890,4,76,232,2477,0.56,0.3138140288481873,0.5,A0A8V0YLZ5 A0A8V1AM47 A0A1D5NYS2 A0A8V0ZY91
Molecular Function,cytoskeletal protein binding,3,GO:0008092,20,265,232,2477,0.81,0.31628905714430666,0.5,A0A8V1A9L3 A0A8V0XBD4 A0A8V0Y0X2 A0A1D5NTR5 A0A1D5PBZ8 A0A8V0YG88 A0A1I7Q3Z0 A0A8V0YVI8 A0A8V0XYK6 A0A1D5P6Q1 A0A8V0YTK5 A0A8V0YLI1 A0A8V0X7P4 Q00649 A0A8V0Y699 A0A1L1S0X5 A0A1D5PBU5 A0A1D5PSI3 A0A1L1RKY9 A0A8V0YLZ8
Molecular Function,structural molecule activity,1,GO:0005198,23,204,232,2477,1.2,0.31648459459540135,0.5,A0A8V0ZBR8 A0A8V0XDR8 Q6ITC7 A0A8V0Y290 A0A8V0XYK6 A0A8V0Y0F3 A0A8V1A8R2 A0A8V0XPN5 A0A8V0ZY42 A0A8V0ZGF6 A0A8V0Z865 A0A8V0XE48 A0A8V0Y699 A0A1L1S0X5 A0A8V0ZE30 A0A8V0XXK8 A0A8V0YDT4 A0A8V1AFR2 A0A8V0Y357 A0A8V0YDD6 A0A8V0YG24 P33005 A0A8V0ZD24
Molecular Function,ligase activity,2,GO:0016874,2,50,232,2477,0.43,0.3202760383520926,0.49,A0A8V0YQC4 A0A8V1A7Y9
Molecular Function,G protein-coupled receptor activity,4,GO:0004930,4,28,232,2477,1.53,0.32663581964981925,0.49,A0A8V0XUJ8 A0A1D5PDV9 A0A8V0YF36 A0A8V0ZUU4
Molecular Function,cysteine-type endopeptidase activity,5,GO:0004197,4,29,232,2477,1.47,0.34236237818693693,0.47,A0A8V0XWD4 A0A8V0YSF6 Q05744 A0A8V0YVB6
Molecular Function,chloride transmembrane transporter activity,4,GO:0015108,2,13,232,2477,1.64,0.3475549130598626,0.46,A0A1D5NYS2 A0A8V0YHF3
Molecular Function,"DNA-binding transcription activator activity, RNA polymerase II-specific",4,GO:0001228,2,13,232,2477,1.64,0.3475549130598626,0.46,A0A8V1A7R0 A0A1D5PSI3
Molecular Function,protein kinase A binding,3,GO:0051018,2,13,232,2477,1.64,0.3475549130598626,0.46,A0A8V0XM98 A0A8V0ZY91
Molecular Function,chemoattractant activity,5,GO:0042056,2,13,232,2477,1.64,0.3475549130598626,0.46,A0A8V1AG56 A0A8V0XMI5
Molecular Function,nucleotidyltransferase activity,4,GO:0016779,2,13,232,2477,1.64,0.3475549130598626,0.46,A0A8V0ZJD3 A0A3Q2TTB3
Molecular Function,cargo receptor activity,1,GO:0038024,2,13,232,2477,1.64,0.3475549130598626,0.46,A0A8V0ZKI8 A0A8V0Y6D2
Molecular Function,carbohydrate derivative binding,2,GO:0097367,25,320,232,2477,0.83,0.35478843780322133,0.45,A0A8V0XBD4 A0A8V0XMI5 A0A8V0YC89 A0A8V0Z4R1 A0A8V0YDT5 A0A8V0YG88 A0A8V1AAN6 A0A1D5P6T3 A0A8V0Z8V4 A0A1I7Q421 A0A8V0YK18 A0A1L1RX77 A0A8V0YGQ5 A0A8V0ZXC9 A0A8V0ZZZ5 A0A8V0ZE58 A0A8V0X7P4 A0A8V0YZJ3 A0A8V0ZJJ7 A0A8V0Y4M6 A0A1D5NT61 A0A8V0Y357 A0A8V0YDD6 P33005 A0A8V0ZD24
Molecular Function,enzyme regulator activity,2,GO:0030234,19,251,232,2477,0.81,0.3603490853704592,0.44,A0A8V0X4D8 A0A8V0YBZ6 A0A8V0XMI5 E1C733 A0A1L1RX77 A0A8V1ADS4 A0A8V0YRF2 A0A8V0X1T3 A0A8V0ZZZ5 A0A8V0Z086 Q00649 A0A8V0ZKI8 A0A8V1AHP7 A0A8V0ZTR7 A0A8V0YDT4 P26652 A0A8V1AJI2 A0A8V0YDD6 A0A8V1A8L5
Molecular Function,endopeptidase inhibitor activity,5,GO:0004866,3,59,232,2477,0.54,0.3637513435578882,0.44,A0A8V0X4D8 P26652 A0A8V0YRF2
Molecular Function,peptidase inhibitor activity,4,GO:0030414,3,60,232,2477,0.53,0.3657601931588339,0.44,A0A8V0X4D8 P26652 A0A8V0YRF2
Molecular Function,hydrolase activity,2,GO:0016787,47,563,232,2477,0.89,0.36642804323342315,0.44,A0A8V1A9L3 A0A8V0X4D8 A0A8V0XBD4 A0A8V1ABA3 A0A8V0XXM5 A0A8V0XEP8 A0A8V0YC89 A0A8V1ACH5 A0A8V0ZSD7 A0A8V0YDT5 A0A8V0ZIF0 A0A8V0YG88 P15120 A0A8V0YC98 A0A8V0ZH96 A0A1D5P6Q1 A0A8V0ZSC5 A0A8V0ZSG8 A0A8V0X637 A0A3Q2UGW3 F1NTQ2 A0A8V0XWD4 A0A8V0ZP32 A0A8V0YW57 A0A8V0ZCF7 A0A8V0X7J6 A0A8V0YVB6 A0A8V0ZI47 A0A8V0XA92 A0A8V0YZJ3 A0A8V0Z086 A0A8V0Y9F8 A0A8V1A6Z0 A0A8V0YSF6 A0A8V0YHL1 A0A8V1ALI6 A0A8V0XKW4 A0A8V0ZE30 A0A8V0ZF83 A0A8V0ZJ97 A0A1D5PBU5 Q05744 A0A1D5P201 A0A8V0Y070 A0A1D5PMN7 A0A8V0YDL8 P28687
Molecular Function,growth factor receptor binding,4,GO:0070851,5,35,232,2477,1.53,0.37140810863443907,0.43,A0A3Q2TU24 A0A8V0X7P4 A0A8V0ZDW7 A0A1I7Q3Z0 A0A8V1ACV0
Molecular Function,carboxylic acid transmembrane transporter activity,4,GO:0046943,2,14,232,2477,1.53,0.38270043569803014,0.42,A0A8V0Y579 A0A8V1AM47
Molecular Function,organic acid transmembrane transporter activity,3,GO:0005342,2,14,232,2477,1.53,0.38270043569803014,0.42,A0A8V0Y579 A0A8V1AM47
Molecular Function,ubiquitin-like protein transferase activity,3,GO:0019787,5,37,232,2477,1.44,0.3867752297671068,0.41,A0A8V0ZSG8 A0A8V0YRF2 A0A8V0ZFG7 A0A1L1RP76 F1NNN0
Molecular Function,UDP-glycosyltransferase activity,4,GO:0008194,8,65,232,2477,1.31,0.38721297382257464,0.41,F1NGB8 A0A8V0Z6S1 F1NTQ2 A0A8V0Z938 A0A8V0ZXC9 E1C2T4 A0A8V0YYQ9 A0A8V0Z0B9
Molecular Function,actin binding,4,GO:0003779,7,106,232,2477,0.71,0.3951451498245164,0.4,A0A8V0XBD4 A0A8V0YLI1 Q00649 A0A1L1RKY9 A0A8V0YG88 A0A8V0Y699 A0A8V0YVI8
Molecular Function,adenyl ribonucleotide binding,5,GO:0032559,7,107,232,2477,0.7,0.39568123281426754,0.4,A0A8V0Y4M6 A0A1D5P6T3 A0A1D5NT61 A0A8V0XBD4 A0A8V0YK18 A0A8V0Z4R1 A0A8V0YG88
Molecular Function,chromatin binding,3,GO:0003682,5,38,232,2477,1.4,0.3960203977802411,0.4,A0A8V0YFT7 A0A8V0ZSG8 A0A8V0Z9Z7 A0A3Q2TTB3 A0A8V1A7R0
Molecular Function,receptor tyrosine kinase binding,4,GO:0030971,3,19,232,2477,1.69,0.4136150008984403,0.38,A0A8V0YLZ8 A0A8V0ZEJ3 A0A8V1A3H9
Molecular Function,heme binding,4,GO:0020037,3,19,232,2477,1.69,0.4136150008984403,0.38,A0A8V1A9R2 A0A1I7Q3Z0 A0A8V0ZSN8
Molecular Function,manganese ion binding,6,GO:0030145,3,19,232,2477,1.69,0.4136150008984403,0.38,A0A8V0ZXC9 A0A8V0YYQ9 A0A3Q2TTB3
Molecular Function,kinase inhibitor activity,4,GO:0019210,3,20,232,2477,1.6,0.4256358670338921,0.37,A0A1L1RX77 Q00649 A0A8V0ZKI8
Molecular Function,peptidase regulator activity,3,GO:0061134,5,79,232,2477,0.68,0.4349294531923347,0.36,A0A8V0X4D8 A0A8V0YDT4 P26652 A0A8V0YDD6 A0A8V0YRF2
Molecular Function,tetrapyrrole binding,3,GO:0046906,3,21,232,2477,1.53,0.4392166792030568,0.36,A0A8V1A9R2 A0A1I7Q3Z0 A0A8V0ZSN8
Molecular Function,cis-regulatory region sequence-specific DNA binding,6,GO:0000987,3,21,232,2477,1.53,0.4392166792030568,0.36,A0A8V1A7R0 A0A8V0YFT7 A0A1D5PSI3
Molecular Function,RNA polymerase II cis-regulatory region sequence-specific DNA binding,7,GO:0000978,3,21,232,2477,1.53,0.4392166792030568,0.36,A0A8V1A7R0 A0A8V0YFT7 A0A1D5PSI3
Molecular Function,acetylgalactosaminyltransferase activity,5,GO:0008376,3,21,232,2477,1.53,0.4392166792030568,0.36,A0A8V0Z6S1 A0A8V0ZXC9 E1C2T4
Molecular Function,sodium ion transmembrane transporter activity,4,GO:0015081,3,21,232,2477,1.53,0.4392166792030568,0.36,A0A8V0YLZ5 A0A8V1AM47 A0A1D5NYS2
Molecular Function,peptide binding,3,GO:0042277,10,84,232,2477,1.27,0.4429048433340517,0.35,A0A1D5P6T3 A0A8V0X4D8 A0A8V0XA92 Q05744 A0A8V0YF36 A0A8V0XEP8 A0A8V0XMI5 A0A8V0YGN2 A0A8V0YDL8 A0A8V0YRG2
Molecular Function,enzyme activator activity,3,GO:0008047,10,138,232,2477,0.77,0.45330112343453766,0.34,A0A8V0ZZZ5 A0A8V0ZTR7 A0A8V0YBZ6 A0A8V0YDT4 E1C733 A0A8V0XMI5 A0A8V0Z086 A0A8V1ADS4 A0A8V0YDD6 A0A8V0X1T3
Molecular Function,transcription corepressor activity,3,GO:0003714,3,22,232,2477,1.46,0.4540889633383835,0.34,Q5ZJ73 A0A8V0YLI1 A0A8V0ZSG8
Molecular Function,transcription factor binding,3,GO:0008134,11,94,232,2477,1.25,0.4676688122554171,0.33,A0A8V0YFT7 A0A8V0ZSG8 A0A8V0Z9Z7 A0A1D5PSI3 A0A8V0XMI5 Q5ZJ73 A0A8V0ZE30 A0A1D5PLP1 A0A8V1A7R0 A0A1I7Q3Z0 A0A8V0ZH96
Molecular Function,secondary active transmembrane transporter activity,4,GO:0015291,3,23,232,2477,1.39,0.4700086215695195,0.33,A0A8V0YLZ5 A0A8V1AM47 A0A1D5NYS2
Molecular Function,phosphatidylinositol phosphate binding,5,GO:1901981,3,55,232,2477,0.58,0.479473954088213,0.32,A0A8V0X7P4 A0A8V0YG88 A0A8V0ZY91
Molecular Function,endopeptidase activity,4,GO:0004175,11,99,232,2477,1.19,0.4845129014953682,0.31,A0A8V0X4D8 Q05744 A0A8V0XWD4 A0A8V0XEP8 A0A8V0Y070 A0A8V0YSF6 P15120 A0A8V0YVB6 A0A8V0YDL8 A0A8V0ZF83 A0A8V0XKW4
Molecular Function,cytokine receptor binding,4,GO:0005126,7,57,232,2477,1.31,0.4856571305633557,0.31,A0A8V0YFT7 A0A8V0ZSN8 A0A8V1A9R2 A0A8V0X7P4 E1C733 A0A8V1A7R0 A0A1D5P0D7
Molecular Function,protein tyrosine kinase binding,6,GO:1990782,3,24,232,2477,1.33,0.48675485202969965,0.31,A0A8V0YLZ8 A0A8V0ZEJ3 A0A8V1A3H9
Molecular Function,fibronectin binding,3,GO:0001968,3,25,232,2477,1.28,0.5041289551025224,0.3,A0A8V0YLZ8 A0A8V1AAN6 A0A8V0YDT4
Molecular Function,adenyl nucleotide binding,6,GO:0030554,8,111,232,2477,0.77,0.5071521785538128,0.29,A0A8V0Y4M6 A0A1D5P6T3 A0A1D5NT61 A0A8V0XBD4 A0A8V0YK18 A0A8V0Z4R1 A0A8V0YGQ5 A0A8V0YG88
Molecular Function,transcription cis-regulatory region binding,5,GO:0000976,4,30,232,2477,1.42,0.5202606400994101,0.28,A0A8V1A7R0 A0A8V0YFT7 A0A1D5PSI3 A0A8V0XMI5
Molecular Function,calmodulin binding,3,GO:0005516,4,31,232,2477,1.38,0.5271089316321943,0.28,A0A8V0YG88 A0A1L1RKY9 A0A8V0XBD4 A0A8V0ZY91
Molecular Function,protein domain specific binding,3,GO:0019904,16,203,232,2477,0.84,0.5297916959076132,0.28,A0A8V1AG56 A0A1D5P6T3 A0A8V1A3S8 A0A1D5PSI3 A0A8V0XMI5 A0A8V0YGQ5 A0A8V0YLI1 A0A8V0YDD6 A0A8V0YDT5 A0A1D5PDV9 A0A8V0Y699 A0A8V1A0B4 A0A8V0XXZ4 A0A8V0ZRP2 A0A8V0YRG2 A0A1I7Q3Z0
Molecular Function,ubiquitin-protein transferase activity,4,GO:0004842,4,32,232,2477,1.33,0.5350166145981369,0.27,F1NNN0 A0A8V0ZFG7 A0A1L1RP76 A0A8V0YRF2
Molecular Function,phospholipid binding,3,GO:0005543,10,132,232,2477,0.81,0.5416105014286503,0.27,A0A8V1AG56 A0A8V0ZSC5 A0A8V0ZZZ5 A0A8V0X7P4 A0A8V0ZY91 A0A8V0XMI5 A0A8V0YG88 A0A8V0Y699 A0A8V0ZRP2 E1C0K5
Molecular Function,monoatomic cation transmembrane transporter activity,4,GO:0008324,5,78,232,2477,0.68,0.5508458994373711,0.26,A0A8V0Y579 A0A1D5NYS2 A0A8V0ZY91 A0A8V1AM47 A0A8V0YLZ5
Molecular Function,molecular function regulator activity,1,GO:0098772,31,366,232,2477,0.9,0.5612402120834736,0.25,A0A8V1AG56 A0A8V0X4D8 A0A8V0YBZ6 Q98938 A0A8V1AFP7 A0A8V0XMI5 E1C733 A0A1L1RX77 A0A8V1ADS4 A0A8V1ACD6 A0A8V0YRF2 A0A8V0X1T3 A0A1D5P7Y2 A0A1D5P0D7 A0A8V0ZZZ5 A0A8V0Z086 Q00649 A0A8V0YY90 A0A8V0Z8N6 A0A8V1ADF6 A0A8V0ZKI8 A0A3Q2TU24 A0A8V0YWI5 A0A8V0ZTR7 A0A8V1AHP7 A0A8V0YDT4 A0A8V1A9R2 P26652 A0A8V1AJI2 A0A8V0YDD6 A0A8V1A8L5
Molecular Function,protein-containing complex binding,2,GO:0044877,38,373,232,2477,1.09,0.5628879989069722,0.25,A0A8V0XBD4 A0A8V0ZBR8 A0A8V0ZRZ8 A0A8V0YDU6 A0A8V0XMI5 A0A3Q2UHS2 A0A8V0YG88 A0A8V0Y290 A0A1I7Q3Z0 A0A1D5P6T3 A0A1I7Q421 A0A8V0Y0F3 A0A8V1A8N2 A0A8V0YK18 A0A1L1RX77 A0A8V0XCW4 A0A8V0YGQ5 E1C0K5 A0A8V0Y4Q2 A0A8V0ZZZ5 A0A8V0ZRV9 A0A8V0ZE58 A0A8V0Y699 A0A8V1ABC9 A0A8V1AEJ0 A0A8V0ZRP2 A0A8V0XXK8 A0A3Q2TU24 A0A8V0YDT4 A0A8V0Z9Z7 A0A1D5PSI3 A0A8V0Y070 A0A8V0Y357 A0A8V0YDD6 A0A1D5PT01 A0A8V0YG24 A0A8V0YDL8 A0A8V0YRG2
Molecular Function,transferase activity,2,GO:0016740,40,393,232,2477,1.09,0.5709839780156848,0.24,A0A8V0Z4R1 A0A8V0YGN2 A0A8V0ZFG7 A0A1L1RP76 F1NNN0 A0A8V1A0B4 A0A1I7Q3Z0 A0A8V0ZTC0 A0A1D5P6T3 F1NXR0 A0A8V0ZSC5 A0A8V0ZSG8 A0A8V0YK18 F1NTQ2 A0A8V0WZN3 E1C733 A0A3Q2TTB3 A0A8V0XPE8 A0A8V0ZSX6 A0A8V0ZXC9 A0A8V0YRF2 E1C2T4 A0A8V0Z0B9 A0A8V0Z6S1 A0A8V1A3N1 A0A1D5P692 A0A8V0Z189 A0A8V0XE48 A0A8V1ABC9 A0A8V0XXZ4 A0A8V0YYQ9 Q92182 A0A8V0ZJD3 F1NGB8 A0A3Q2TU24 A0A8V0ZSN8 A0A8V1A9R2 A0A1D5PT01 A0A8V0Z938 A0A8V0YRG2
Molecular Function,structural constituent of cytoskeleton,2,GO:0005200,2,38,232,2477,0.56,0.5746769748728728,0.24,A0A8V0Y699 A0A8V0XYK6
Molecular Function,glycosaminoglycan binding,3,GO:0005539,10,89,232,2477,1.2,0.5760580390803562,0.24,A0A8V0Z8V4 A0A8V0ZE58 A0A8V0YC89 A0A1L1RX77 A0A8V0XMI5 A0A8V0YDD6 A0A8V0YDT5 A0A8V0ZXC9 P33005 A0A8V0ZD24
Molecular Function,transcription regulatory region nucleic acid binding,4,GO:0001067,5,42,232,2477,1.27,0.5883686966379813,0.23,A0A8V1AG56 A0A8V0YFT7 A0A1D5PSI3 A0A8V0XMI5 A0A8V1A7R0
Molecular Function,sequence-specific DNA binding,5,GO:0043565,5,43,232,2477,1.24,0.5938485456567973,0.23,A0A8V0YFT7 A0A1D5PSI3 A0A8V0XMI5 A0A8V0YW57 A0A8V1A7R0
Molecular Function,metallopeptidase activity,4,GO:0008237,5,43,232,2477,1.24,0.5938485456567973,0.23,A0A8V0XA92 A0A8V0Y070 A0A8V0ZP32 A0A8V0ZCF7 A0A8V0ZF83
Molecular Function,amide binding,2,GO:0033218,11,101,232,2477,1.16,0.5993576742374511,0.22,A0A8V0Y4M6 A0A1D5P6T3 A0A8V0X4D8 A0A8V0XA92 Q05744 A0A8V0YF36 A0A8V0XEP8 A0A8V0XMI5 A0A8V0YGN2 A0A8V0YDL8 A0A8V0YRG2
Molecular Function,transporter activity,1,GO:0005215,15,186,232,2477,0.86,0.6018123168604064,0.22,A0A8V0ZKI8 A0A8V0YLZ5 A0A8V0ZAP0 A0A8V0ZUA4 A0A8V0Y579 A0A1D5NYS2 A0A8V0ZY91 A0A8V1AM47 A0A8V0ZJJ7 R4GGQ4 A0A8V0XMV0 A0A8V1A3H7 A0A8V0ZRP2 F1P4D6 A0A8V0YHF3
Molecular Function,sulfur compound binding,2,GO:1901681,11,104,232,2477,1.13,0.6075842193471139,0.22,A0A8V0Y4M6 A0A1D5P6T3 A0A8V0Z8V4 A0A1I7Q421 A0A8V0ZE58 A0A8V0YC89 A0A8V0XMI5 A0A8V0YGN2 A0A8V0YDD6 A0A8V0YDT5 P33005
Molecular Function,protein dimerization activity,3,GO:0046983,28,332,232,2477,0.9,0.6127258942937679,0.21,A0A8V0XMI5 A0A1D5NTR5 A0A8V0YGN2 A0A8V0YDT5 A0A1D5PBZ8 A0A8V0YC98 F1NXR0 A0A8V0YFT7 A0A3Q2UGW3 F1NTQ2 E1C733 A0A1L1RX77 A0A8V0YW57 Q5ZJ73 A0A8V0ZI47 A0A8V1A7R0 A0A1D5P0D7 A0A8V0Y4Q2 A0A8V0X7P4 A0A8V0YZJ3 A0A8V0ZY91 Q00649 A0A8V0YHF3 A0A8V0ZKI8 A0A3Q2TU24 A0A8V0Z9Z7 A0A8V0YF36 A0A8V0YQC4
Molecular Function,monoatomic ion transmembrane transporter activity,3,GO:0015075,8,110,232,2477,0.78,0.61397552098829,0.21,A0A8V0Y579 A0A1D5NYS2 A0A8V0ZY91 A0A8V1AM47 A0A8V0ZJJ7 A0A8V0YLZ5 F1P4D6 A0A8V0YHF3
Molecular Function,"oxidoreductase activity, acting on NAD(P)H",3,GO:0016651,3,47,232,2477,0.68,0.6187930420198611,0.21,A0A8V0ZRZ8 A0A8V0XCD2 A0A8V0YWM3
Molecular Function,small GTPase binding,5,GO:0031267,9,117,232,2477,0.82,0.6270599657249782,0.2,A0A3Q2TU24 A0A8V0YIC3 Q0PVE4 A0A8V0YBZ6 A0A8V0ZTR7 A0A8V0YK18 A0A8V1A9R2 A0A8V1ADS4 A0A8V1ADF6
Molecular Function,phosphatase activity,5,GO:0016791,6,56,232,2477,1.14,0.6444999651603446,0.19,A0A8V1A9L3 A0A1D5P6Q1 A0A1D5P201 A0A8V1ACH5 A0A8V0ZSD7 A0A8V0YDT5
Molecular Function,disordered domain specific binding,4,GO:0097718,2,15,232,2477,1.42,0.6447578954061005,0.19,A0A8V0ZRP2 A0A8V0YDD6
Molecular Function,protein tyrosine phosphatase activity,4,GO:0004725,2,15,232,2477,1.42,0.6447578954061005,0.19,A0A8V0YDT5 A0A1D5P6Q1
Molecular Function,pentosyltransferase activity,4,GO:0016763,2,15,232,2477,1.42,0.6447578954061005,0.19,A0A8V0Z938 A0A8V0YYQ9
Molecular Function,"hydrolase activity, acting on ester bonds",3,GO:0016788,14,134,232,2477,1.12,0.6469683334933458,0.19,A0A8V1A9L3 A0A1D5P6Q1 A0A8V0ZSC5 A0A8V0X637 A0A3Q2UGW3 A0A1D5P201 A0A8V0XXM5 A0A8V0YC89 A0A8V1ACH5 A0A8V0Y9F8 A0A8V0ZSD7 A0A8V0YDT5 A0A8V0YHL1 A0A8V0ZE30
Molecular Function,carbohydrate binding,2,GO:0030246,6,57,232,2477,1.12,0.6501331922252005,0.19,A0A8V0ZRV9 F1NTQ2 A0A1D5PT01 A0A8V0ZJJ7 A0A1D5PBZ8 A0A8V1ALI6
Molecular Function,GTPase binding,4,GO:0051020,11,139,232,2477,0.84,0.6535079080148918,0.18,A0A3Q2TU24 A0A8V0YIC3 Q0PVE4 A0A8V0YBZ6 A0A8V0ZTR7 A0A8V0YK18 A0A8V1A9R2 A0A8V1ADS4 A0A8V0XE48 A0A8V1A7Y9 A0A8V1ADF6
Molecular Function,rRNA binding,5,GO:0019843,2,16,232,2477,1.33,0.656628156906028,0.18,A0A8V0XMI5 Q6ITC7
Molecular Function,aminopeptidase activity,5,GO:0004177,2,17,232,2477,1.26,0.6694121654887589,0.17,A0A8V1A6Z0 A0A8V0XA92
Molecular Function,"oxidoreductase activity, acting on paired donors, with incorporation or reduction of molecular oxygen",3,GO:0016705,2,17,232,2477,1.26,0.6694121654887589,0.17,A0A8V0ZHL4 F1NBR3
Molecular Function,single-stranded DNA binding,5,GO:0003697,2,17,232,2477,1.26,0.6694121654887589,0.17,A0A1D5PSI3 A0A8V0XMI5
Molecular Function,metalloexopeptidase activity,5,GO:0008235,2,17,232,2477,1.26,0.6694121654887589,0.17,A0A8V0ZP32 A0A8V0XA92
Molecular Function,protein kinase binding,5,GO:0019901,17,168,232,2477,1.08,0.6818228717124756,0.17,A0A1D5P6T3 A0A8V0YIC3 A0A8V0ZZZ5 A0A1D5PBU5 A0A8V0ZSG8 Q0PVE4 A0A8V1A3S8 A0A8V0ZY91 A0A8V0YW57 Q00649 A0A8V0YLI1 A0A8V0YLZ8 A0A8V0ZRP2 A0A8V1A7R0 A0A1I7Q3Z0 A0A8V0ZEJ3 A0A8V1A3H9
Molecular Function,cadherin binding,4,GO:0045296,2,18,232,2477,1.19,0.6828348853109383,0.17,A0A8V0Y0X2 A0A8V0XYK6
Molecular Function,syntaxin binding,4,GO:0019905,2,18,232,2477,1.19,0.6828348853109383,0.17,Q5ZJW4 A0A8V0XM02
Molecular Function,amyloid-beta binding,4,GO:0001540,2,18,232,2477,1.19,0.6828348853109383,0.17,A0A1D5P6T3 A0A8V0YRG2
Molecular Function,ubiquitin-like protein ligase activity,4,GO:0061659,2,18,232,2477,1.19,0.6828348853109383,0.17,A0A1L1RP76 A0A8V0YRF2
Molecular Function,protein kinase inhibitor activity,5,GO:0004860,2,18,232,2477,1.19,0.6828348853109383,0.17,A0A1L1RX77 Q00649
Molecular Function,ubiquitin protein ligase activity,5,GO:0061630,2,18,232,2477,1.19,0.6828348853109383,0.17,A0A1L1RP76 A0A8V0YRF2
Molecular Function,ADP binding,4,GO:0043531,2,19,232,2477,1.12,0.6966645511966534,0.16,A0A1D5NT61 A0A8V0XBD4
Molecular Function,"ligase activity, forming carbon-oxygen bonds",3,GO:0016875,2,19,232,2477,1.12,0.6966645511966534,0.16,A0A8V0YQC4 A0A8V1A7Y9
Molecular Function,copper ion binding,6,GO:0005507,2,19,232,2477,1.12,0.6966645511966534,0.16,F1NBR3 A0A8V0Y3L3
Molecular Function,aminoacyl-tRNA ligase activity,4,GO:0004812,2,19,232,2477,1.12,0.6966645511966534,0.16,A0A8V0YQC4 A0A8V1A7Y9
Molecular Function,kinase binding,4,GO:0019900,19,189,232,2477,1.07,0.697519918420376,0.16,A0A1I7Q3Z0 A0A8V0ZEJ3 A0A8V1A3H9 A0A1D5P6T3 A0A8V0ZSG8 A0A8V0YW57 A0A8V0YLI1 A0A8V1A7R0 A0A8V0YIC3 A0A8V0ZZZ5 Q0PVE4 A0A8V0ZY91 Q00649 A0A8V0ZJJ7 A0A8V0ZRP2 A0A1D5PBU5 A0A8V1A3S8 A0A8V0Z3U6 A0A8V0YLZ8
Molecular Function,"transferase activity, transferring alkyl or aryl (other than methyl) groups",3,GO:0016765,2,20,232,2477,1.07,0.7107070170483492,0.15,A0A8V0YGN2 A0A8V0Z4R1
Molecular Function,mRNA 3'-UTR binding,6,GO:0003730,2,20,232,2477,1.07,0.7107070170483492,0.15,A0A8V0ZY56 A0A1D5PSI3
Molecular Function,DNA binding,4,GO:0003677,7,93,232,2477,0.8,0.7157613857142154,0.15,A0A8V1AG56 A0A8V0YFT7 A0A1D5PSI3 A0A8V0XMI5 A0A8V0YW57 A0A8V1A7R0 A0A8V0YWM3
Molecular Function,lipase activity,4,GO:0016298,3,26,232,2477,1.23,0.7297914216759174,0.14,A0A8V0Y9F8 A0A8V0ZSC5 A0A8V0X637
Molecular Function,phosphoprotein binding,3,GO:0051219,3,27,232,2477,1.19,0.7355593991589097,0.13,A0A8V0ZSD7 A0A1I7Q3Z0 A0A1D5PMN7
Molecular Function,cytokine binding,3,GO:0019955,3,28,232,2477,1.14,0.7419524686290725,0.13,A0A8V0XPE8 A0A8V0YQ88 A0A8V0XMI5
Molecular Function,RNA polymerase II transcription regulatory region sequence-specific DNA binding,6,GO:0000977,3,28,232,2477,1.14,0.7419524686290725,0.13,A0A8V1A7R0 A0A8V0YFT7 A0A1D5PSI3
Molecular Function,monoatomic ion channel activity,4,GO:0005216,2,32,232,2477,0.67,0.7631838382574028,0.12,A0A8V0ZY91 A0A8V0YHF3
Molecular Function,antioxidant activity,1,GO:0016209,2,32,232,2477,0.67,0.7631838382574028,0.12,A0A8V0YGN2 A0A8V0Y3L3
Molecular Function,primary active transmembrane transporter activity,4,GO:0015399,2,31,232,2477,0.69,0.7632172189759769,0.12,R4GGQ4 A0A8V0XMV0
Molecular Function,channel activity,4,GO:0015267,2,33,232,2477,0.65,0.7639005824677161,0.12,A0A8V0ZY91 A0A8V0YHF3
Molecular Function,passive transmembrane transporter activity,3,GO:0022803,2,34,232,2477,0.63,0.7653153590865399,0.12,A0A8V0ZY91 A0A8V0YHF3
Molecular Function,heat shock protein binding,3,GO:0031072,2,34,232,2477,0.63,0.7653153590865399,0.12,A0A8V0YGQ5 A0A1D5PSI3
Molecular Function,transmembrane transporter binding,3,GO:0044325,4,37,232,2477,1.15,0.7732113327193405,0.11,A0A1I7Q3Z0 A0A8V0ZDW7 A0A8V0ZY91 A0A8V0XYK6
Molecular Function,lyase activity,2,GO:0016829,4,38,232,2477,1.12,0.7768813788343034,0.11,A0A8V0YBE2 A0A8V0YC20 A0A8V0Y9B0 A0A8V0XMI5
Molecular Function,cysteine-type peptidase activity,4,GO:0008234,4,40,232,2477,1.07,0.7854647410305429,0.1,A0A8V0XWD4 A0A8V0YSF6 Q05744 A0A8V0YVB6
Molecular Function,guanyl-nucleotide exchange factor activity,5,GO:0005085,3,46,232,2477,0.7,0.7963771486436959,0.1,A0A8V1A9R2 A0A3Q2TU24 A0A8V1ADF6
Molecular Function,carboxylic acid binding,4,GO:0031406,5,47,232,2477,1.14,0.7983094941062405,0.1,A0A1D5P6T3 A0A1D5NT61 A0A1D5PMN7 A0A8V0Z4R1 A0A8V0ZD24
Molecular Function,organic acid binding,3,GO:0043177,5,48,232,2477,1.11,0.8006184089913426,0.1,A0A1D5P6T3 A0A1D5NT61 A0A1D5PMN7 A0A8V0Z4R1 A0A8V0ZD24
Molecular Function,DNA-binding transcription factor activity,2,GO:0003700,5,49,232,2477,1.09,0.8032742764855987,0.1,A0A8V1AG56 A0A8V0YFT7 A0A1D5PSI3 A0A8V0XMI5 A0A8V1A7R0
Molecular Function,kinase regulator activity,3,GO:0019207,5,49,232,2477,1.09,0.8032742764855987,0.1,A0A8V0ZKI8 A0A8V0XMI5 A0A1L1RX77 Q00649 A0A8V0X1T3
Molecular Function,"catalytic activity, acting on RNA",3,GO:0140098,5,50,232,2477,1.07,0.8062474967189326,0.09,A0A8V0ZJ97 A0A3Q2TTB3 A0A8V0YQC4 A0A8V1A7Y9 A0A8V0ZE30
Molecular Function,protein-folding chaperone binding,3,GO:0051087,5,50,232,2477,1.07,0.8062474967189326,0.09,A0A8V0Y4Q2 A0A8V0YGQ5 A0A8V0YDD6 A0A8V0YDL8 A0A1D5NYA8
Molecular Function,GTPase regulator activity,4,GO:0030695,4,56,232,2477,0.76,0.8153505470460503,0.09,A0A8V1ADS4 A0A8V0ZZZ5 A0A8V0ZTR7 A0A8V0YBZ6
Molecular Function,zinc ion binding,6,GO:0008270,6,74,232,2477,0.87,0.8410745850039782,0.08,A0A8V0XA92 A0A8V0X637 P26652 A0A1D5PMN7 R4GGQ4 A0A8V0Y3L3
Molecular Function,transcription regulator activity,1,GO:0140110,9,92,232,2477,1.04,0.8551183712777153,0.07,A0A8V1AG56 A0A8V0YFT7 A0A8V0ZSG8 A0A1D5PSI3 A0A8V0XMI5 Q5ZJ73 A0A8V0YLI1 A0A1D5PLP1 A0A8V1A7R0
Molecular Function,identical protein binding,3,GO:0042802,51,533,232,2477,1.02,0.8667787782400818,0.06,A0A8V0XBD4 A0A8V0Z4R1 A0A1D5NTR5 A0A8V0YGN2 A0A8V0YDT5 A0A8V0ZHL4 A0A8V0Y290 A0A8V0YC98 A0A8V0ZH96 A0A1D5PXI1 A0A8V0ZYI9 P02460 A0A1D5P6T3 F1NXR0 A0A8V0Y0F3 A0A8V0YFT7 A0A8V0ZHX5 A0A3Q2UGW3 F1NTQ2 A0A1D5NYS2 A0A8V0XXW6 A0A1L1RX77 A0A8V0YW57 Q5ZJ73 A0A8V0YGQ5 A0A8V0YRF2 A0A8V0ZI47 A0A8V1A7R0 A0A1D5P0D7 A0A8V0Y4Q2 A0A1L4FLS3 A0A8V0X7P4 A0A8V0YZJ3 A0A8V0ZY91 Q00649 A0A8V0XKW4 A0A8V0YXI7 A0A8V0YHF3 A0A8V0ZKI8 A0A3Q2TU24 A0A8V1AHP7 A0A1D5NT61 A0A8V0YDT4 A0A8V1AFR2 A0A8V0Z9Z7 A0A8V0YF36 A0A1D5PSI3 A0A8V0YDD6 A0A8V0YQC4 A0A8V0YDL8 A0A8V0YRG2
Molecular Function,protein homodimerization activity,4,GO:0042803,25,263,232,2477,1.01,0.9109909983097194,0.04,A0A1D5NTR5 A0A8V0YGN2 A0A8V0YDT5 A0A8V0YC98 F1NXR0 A0A8V0YFT7 A0A3Q2UGW3 F1NTQ2 A0A1L1RX77 A0A8V0YW57 Q5ZJ73 A0A8V0ZI47 A0A8V1A7R0 A0A1D5P0D7 A0A8V0Y4Q2 A0A8V0X7P4 A0A8V0YZJ3 A0A8V0ZY91 Q00649 A0A8V0YHF3 A0A8V0ZKI8 A0A3Q2TU24 A0A8V0Z9Z7 A0A8V0YF36 A0A8V0YQC4
Molecular Function,protein kinase regulator activity,4,GO:0019887,4,45,232,2477,0.95,1.0,-0.0,A0A1L1RX77 Q00649 A0A8V0X1T3 A0A8V0XMI5
Molecular Function,kinase activator activity,4,GO:0019209,2,26,232,2477,0.82,1.0,-0.0,A0A8V0X1T3 A0A8V0XMI5
Molecular Function,protease binding,4,GO:0002020,4,48,232,2477,0.89,1.0,-0.0,A0A8V0X4D8 A0A8V0YDD6 P26652 A0A8V0YRF2
Molecular Function,NADH dehydrogenase (ubiquinone) activity,4,GO:0008137,2,26,232,2477,0.82,1.0,-0.0,A0A8V0ZRZ8 A0A8V0XCD2
Molecular Function,electron transfer activity,3,GO:0009055,3,40,232,2477,0.8,1.0,-0.0,A0A8V0YXI7 A0A1D5PXI1 A0A8V0YWM3
Molecular Function,"hydrolase activity, acting on carbon-nitrogen (but not peptide) bonds",3,GO:0016810,2,23,232,2477,0.93,1.0,-0.0,A0A1D5PMN7 A0A8V0ZSG8
Molecular Function,"DNA-binding transcription factor activity, RNA polymerase II-specific",3,GO:0000981,3,38,232,2477,0.84,1.0,-0.0,A0A8V1A7R0 A0A8V0YFT7 A0A1D5PSI3
Molecular Function,hexosyltransferase activity,4,GO:0016758,7,74,232,2477,1.01,1.0,-0.0,F1NGB8 A0A8V0Z6S1 F1NTQ2 A0A8V0ZXC9 E1C2T4 A0A8V0YYQ9 A0A8V0Z0B9
Molecular Function,glycosyltransferase activity,3,GO:0016757,9,97,232,2477,0.99,1.0,-0.0,Q92182 F1NGB8 A0A8V0Z6S1 F1NTQ2 A0A8V0Z938 A0A8V0ZXC9 E1C2T4 A0A8V0YYQ9 A0A8V0Z0B9
Molecular Function,"catalytic activity, acting on a tRNA",4,GO:0140101,2,22,232,2477,0.97,1.0,-0.0,A0A8V0YQC4 A0A8V1A7Y9
Molecular Function,"oxidoreductase activity, acting on NAD(P)H, quinone or similar compound as acceptor",4,GO:0016655,2,30,232,2477,0.71,1.0,-0.0,A0A8V0ZRZ8 A0A8V0XCD2
Molecular Function,inorganic anion transmembrane transporter activity,4,GO:0015103,2,22,232,2477,0.97,1.0,-0.0,A0A1D5NYS2 A0A8V0YHF3
Molecular Function,peptidase activator activity,4,GO:0016504,2,23,232,2477,0.93,1.0,-0.0,A0A8V0YDD6 A0A8V0YDT4
Molecular Function,phosphatidylinositol bisphosphate binding,6,GO:1902936,3,37,232,2477,0.87,1.0,-0.0,A0A8V0X7P4 A0A8V0YG88 A0A8V0ZY91
Molecular Function,SNARE binding,3,GO:0000149,2,23,232,2477,0.93,1.0,-0.0,Q5ZJW4 A0A8V0XM02
Molecular Function,heparin binding,3,GO:0008201,6,70,232,2477,0.92,1.0,-0.0,A0A8V0Z8V4 A0A8V0ZE58 A0A8V0XMI5 A0A8V0YDD6 A0A8V0YDT5 P33005
Molecular Function,active transmembrane transporter activity,3,GO:0022804,5,54,232,2477,0.99,1.0,-0.0,A0A1D5NYS2 A0A8V1AM47 R4GGQ4 A0A8V0XMV0 A0A8V0YLZ5
Molecular Function,structural constituent of ribosome,2,GO:0003735,5,53,232,2477,1.01,1.0,-0.0,A0A8V1A8R2 A0A8V0XPN5 A0A8V0Z865 Q6ITC7 A0A1L1S0X5
Molecular Function,growth factor activity,5,GO:0008083,2,21,232,2477,1.02,1.0,-0.0,A0A3Q2TU24 A0A8V1ADF6
Molecular Function,cytoskeletal motor activity,1,GO:0003774,3,37,232,2477,0.87,1.0,-0.0,A0A8V0XBD4 A0A8V0YG88 A0A1D5PBU5
Molecular Function,NADH dehydrogenase activity,4,GO:0003954,2,26,232,2477,0.82,1.0,-0.0,A0A8V0ZRZ8 A0A8V0XCD2
Molecular Function,metal ion transmembrane transporter activity,5,GO:0046873,4,45,232,2477,0.95,1.0,-0.0,A0A8V0YLZ5 A0A8V1AM47 A0A1D5NYS2 A0A8V0ZY91
Molecular Function,single-stranded RNA binding,5,GO:0003727,2,28,232,2477,0.76,1.0,-0.0,A0A8V0XXW6 A0A8V0XMI5
Molecular Function,transition metal ion binding,5,GO:0046914,11,121,232,2477,0.97,1.0,-0.0,A0A8V0XA92 F1NBR3 A0A8V0X637 P26652 A0A1D5PMN7 A0A3Q2TTB3 A0A8V0YDD6 R4GGQ4 A0A8V0ZXC9 A0A8V0YYQ9 A0A8V0Y3L3
Molecular Function,phosphoric ester hydrolase activity,4,GO:0042578,7,76,232,2477,0.98,1.0,-0.0,A0A8V1A9L3 A0A1D5P6Q1 A0A8V0X637 A0A1D5P201 A0A8V1ACH5 A0A8V0ZSD7 A0A8V0YDT5
Molecular Function,metalloendopeptidase activity,5,GO:0004222,2,21,232,2477,1.02,1.0,-0.0,A0A8V0ZF83 A0A8V0Y070
Molecular Function,double-stranded RNA binding,5,GO:0003725,2,24,232,2477,0.89,1.0,-0.0,A0A1L4FLS3 A0A8V0XMI5
Molecular Function,phospholipase activity,5,GO:0004620,2,25,232,2477,0.85,1.0,-0.0,A0A8V0ZSC5 A0A8V0X637
Molecular Function,protein serine/threonine kinase activity,4,GO:0004674,6,63,232,2477,1.02,1.0,-0.0,A0A8V0YK18 A0A8V0XPE8 A0A8V0ZSX6 A0A8V0XE48 A0A8V1ABC9 A0A8V0ZTC0
Molecular Function,transcription coregulator activity,2,GO:0003712,4,51,232,2477,0.84,1.0,-0.0,A0A1D5PLP1 Q5ZJ73 A0A8V0YLI1 A0A8V0ZSG8
Molecular Function,NADH dehydrogenase (quinone) activity,5,GO:0050136,2,26,232,2477,0.82,1.0,-0.0,A0A8V0ZRZ8 A0A8V0XCD2
Molecular Function,phosphoprotein phosphatase activity,3,GO:0004721,3,35,232,2477,0.92,1.0,-0.0,A0A8V0YDT5 A0A8V0ZSD7 A0A1D5P6Q1
Molecular Function,enzyme inhibitor activity,3,GO:0004857,9,103,232,2477,0.93,1.0,-0.0,A0A8V0ZKI8 A0A8V0X4D8 A0A8V1AHP7 P26652 A0A8V1AJI2 A0A1L1RX77 Q00649 A0A8V0YRF2 A0A8V1A8L5
Molecular Function,phosphatidylinositol binding,4,GO:0035091,6,73,232,2477,0.88,1.0,-0.0,A0A8V0ZZZ5 A0A8V0X7P4 A0A8V0ZY91 A0A8V0YG88 A0A8V0Y699 A0A8V0ZRP2
Molecular Function,extracellular matrix binding,2,GO:0050840,3,39,232,2477,0.82,1.0,-0.0,A0A1L1RX77 A0A8V0Y357 A0A8V0ZE58
Molecular Function,GTPase activator activity,4,GO:0005096,4,45,232,2477,0.95,1.0,-0.0,A0A8V1ADS4 A0A8V0ZZZ5 A0A8V0ZTR7 A0A8V0YBZ6
Molecular Function,binding,1,GO:0005488,184,1963,232,2477,1.0,1.0,-0.0,A0A8V0Y8Q2 A0A8V1A9L3 F1NBR3 A0A8V0ZRZ8 A0A8V1ABA3 A0A8V0XEP8 A0A8V0Z4R1 A0A1D5NTR5 A0A8V0YGN2 A0A8V0YDT5 A0A3Q2UHS2 R4GGQ4 A0A1D5PBZ8 A0A8V0XEJ0 A0A8V0YQU2 A0A8V0ZEJ3 A0A8V1ACV0 A0A8V0Z8V4 A0A8V0ZSC5 A0A8V0YTK5 A0A1D5P480 A0A8V0XXW6 A0A1L1RX77 A0A8V0XPE8 A0A8V0YW57 Q5ZJ73 A0A8V1ACD6 A0A8V1A3H7 A0A8V1A7R0 E1C0K5 A0A8V0Y3L3 A0A8V0Y4Q2 A0A8V1A3N1 A0A8V0Y579 A0A8V0X7P4 A0A8V0XW00 A0A8V0Y9F8 A0A8V0YY90 A0A8V0XE48 A0A8V0Y699 A0A1L1S0X5 A0A8V0YXI7 A0A8V0YYQ9 A0A8V0XXK8 A0A8V0Y2G8 F1NGB8 A0A3Q2TU24 A0A8V0XM98 A0A8V1AHP7 A0A8V0ZTR7 A0A8V0ZSN8 A0A8V1A9R2 A0A8V0YF36 A0A1D5PSI3 A0A8V0Y070 A0A8V0Y357 A0A8V1A7Y9 A0A1D5NYA8 A0A8V0ZD24 A0A8V1AG56 A0A8V0Z6E4 A0A8V0XXM5 A0A8V0XMI5 A0A8V0YC89 A0A8V0ZUU4 A0A8V0XH99 A0A8V1A0B4 A0A1I7Q3Z0 A0A8V0ZH96 A0A1D5PXI1 P02460 A0A8V0Y0F3 A0A8V0YUF6 A0A8V0X637 F1NTQ2 A0A1D5NYS2 A0A3Q2TTB3 A0A8V0XCW4 A0A1D5PEW1 A0A8V0ZXC9 A0A8V0YRF2 A0A1D5P0D7 A0A8V0ZZZ5 A0A8V0XA92 Q0PVE4 A0A8V0ZRV9 A0A8V0ZE58 A0A8V0YZJ3 Q5ZJW4 A0A8V1A535 Q00649 A0A1D5PDV9 A0A8V1ABC9 A0A8V0XKW4 A0A8V0ZRP2 A0A8V0ZE30 A0A8V1ADF6 A0A8V0Y4M6 A0A8V0YWI5 A0A1D5PBU5 Q05744 A0A8V1AFR2 P26652 A0A8V1AJI2 A0A1D5PT01 P33005 A0A8V0YRG2 A0A8V0X4D8 A0A8V0XBD4 A0A8V0ZBR8 A0A8V0YBZ6 A0A8V1AFP7 A0A8V0Y0X2 A0A8V0ZHL4 A0A8V0YG88 A0A1L1RP76 A0A8V0YC98 A0A8V0YVI8 A0A8V0XYK6 A0A1D5P6Q1 A0A8V0YFT7 A0A8V0ZSG8 A0A8V0ZHX5 A0A8V0YK18 E1C733 A0A8V1ADS4 A0A8V0ZSX6 A0A8V0ZI47 A0A8V0YRN1 A0A8V0ZY91 A0A8V0ZY42 A0A8V0YPB9 A0A8V0Y8I0 A0A8V0Z865 A0A8V1ALI6 A0A8V0XXZ4 A0A1D5PLP1 A0A8V0ZY56 A0A8V0YHF3 A0A8V0ZKI8 A0A8V0YDT4 A0A8V0Z3U6 A0A8V0YG24 A0A8V0YQC4 A0A8V0YLZ8 A0A8V0YDL8 P01875 Q98938 A0A8V0YDU6 A0A8V0ZSD7 A0A8V0XWF0 Q6ITC7 A0A8V0XUJ8 A0A8V0Y290 A0A8V1AEM5 A0A8V0ZEC1 A0A8V0YMR1 A0A8V0ZYI9 A0A8V1A3H9 A0A1D5P6T3 F1NXR0 A0A1I7Q421 A0A8V1AAN6 A0A8V0YQ88 A0A8V1A8N2 A0A3Q2UGW3 A0A8V0XM02 A0A8V0YGQ5 A0A8V0YLI1 A0A8V0YIC3 A0A1L4FLS3 A0A8V0Y6D2 A0A8V0ZJJ7 A0A8V0Z8N6 A0A8V1AEJ0 A0A8V0ZDW7 A0A1D5NT61 A0A8V1A3S8 A0A8V0Z9Z7 A0A1D5PMN7 A0A8V0YDD6 A0A1L1RKY9 A0A1D5PZ68 A0A8V0YWM3
Molecular Function,unfolded protein binding,3,GO:0051082,4,50,232,2477,0.85,1.0,-0.0,A0A8V0XKW4 Q00649 A0A1D5NYA8 A0A8V0YGQ5
Molecular Function,"phosphatidylinositol-4,5-bisphosphate binding",4,GO:0005546,3,32,232,2477,1.0,1.0,-0.0,A0A8V0X7P4 A0A8V0YG88 A0A8V0ZY91
Molecular Function,carboxylic ester hydrolase activity,4,GO:0052689,3,32,232,2477,1.0,1.0,-0.0,A0A3Q2UGW3 A0A8V0Y9F8 A0A8V0ZSC5
Molecular Function,PDZ domain binding,4,GO:0030165,2,25,232,2477,0.85,1.0,-0.0,A0A8V0XXZ4 A0A1D5PDV9
Molecular Function,phosphoric diester hydrolase activity,5,GO:0008081,2,21,232,2477,1.02,1.0,-0.0,A0A8V1A9L3 A0A8V0X637
Molecular Function,transmembrane transporter activity,2,GO:0022857,11,125,232,2477,0.94,1.0,-0.0,A0A8V0ZKI8 A0A8V0Y579 A0A1D5NYS2 A0A8V0ZY91 A0A8V1AM47 A0A8V0ZJJ7 R4GGQ4 A0A8V0XMV0 A0A8V0YLZ5 F1P4D6 A0A8V0YHF3
Molecular Function,protein kinase activator activity,5,GO:0030295,2,25,232,2477,0.85,1.0,-0.0,A0A8V0X1T3 A0A8V0XMI5
Biological Process,regulation of collagen fibril organization,6,GO:1904026,4,4,255,2734,10.72,7.407205983981642e-05,4.13,A0A1L1RX77 A0A8V0Y0F3 A0A8V0YG24 A0A8V0Y290
Biological Process,negative regulation of collagen fibril organization,7,GO:1904027,4,4,255,2734,10.72,7.407205983981642e-05,4.13,A0A1L1RX77 A0A8V0Y0F3 A0A8V0YG24 A0A8V0Y290
Biological Process,presynapse assembly,5,GO:0099054,4,4,255,2734,10.72,7.407205983981642e-05,4.13,A0A8V1AG56 A0A8V0Y9F8 A0A8V0YDT5 A0A3Q2UGW3
Biological Process,periodic partitioning,4,GO:0007365,7,14,255,2734,5.36,0.00010959281404851057,3.96,A0A8V0ZKI8 Q98938 A0A8V0ZSN8 A0A8V1A9R2 A0A8V0ZUU4 A0A8V0XH99 A0A8V0YXI7
Biological Process,axon guidance,8,GO:0007411,28,145,255,2734,2.07,0.0001682961611604394,3.77,A0A8V1AG56 A0A8V0ZBR8 A0A8V0YDU6 A0A8V0ZUU4 A0A8V0XDR8 A0A1D5NTR5 A0A8V0XH99 A0A8V0YDT5 A0A1D5PBZ8 A0A1I7Q3Z0 A0A8V0XYK6 A0A8V0Z8V4 A0A8V0YUF6 A0A8V1ACD6 A0A1D5P0D7 A0A8V0YRN1 A0A8V0YE20 A0A8V0Y9F8 A0A8V1ABC9 A0A8V0ZF83 A0A8V1ADF6 A0A8V0YIR4 A0A8V0Y070 A0A8V0Y357 A0A1D5PT01 P33005 A0A8V0YRG2 A0A1D5PZ68
Biological Process,neuron projection guidance,7,GO:0097485,28,145,255,2734,2.07,0.0001682961611604394,3.77,A0A8V1AG56 A0A8V0ZBR8 A0A8V0YDU6 A0A8V0ZUU4 A0A8V0XDR8 A0A1D5NTR5 A0A8V0XH99 A0A8V0YDT5 A0A1D5PBZ8 A0A1I7Q3Z0 A0A8V0XYK6 A0A8V0Z8V4 A0A8V0YUF6 A0A8V1ACD6 A0A1D5P0D7 A0A8V0YRN1 A0A8V0YE20 A0A8V0Y9F8 A0A8V1ABC9 A0A8V0ZF83 A0A8V1ADF6 A0A8V0YIR4 A0A8V0Y070 A0A8V0Y357 A0A1D5PT01 P33005 A0A8V0YRG2 A0A1D5PZ68
Biological Process,glycosphingolipid metabolic process,5,GO:0006687,9,25,255,2734,3.86,0.0002487266120917049,3.6,A0A8V0X637 A0A8V1ABA3 A0A8V0XXM5 F1NTQ2 A0A8V0WZN3 A0A8V0YZJ3 A0A8V0Z086 A0A8V0YC98 A0A8V0YYQ9
Biological Process,axonogenesis,7,GO:0007409,34,197,255,2734,1.85,0.00029395649427079986,3.53,A0A8V1AG56 Q98938 A0A8V0ZBR8 A0A8V0YDU6 A0A8V0ZUU4 A0A8V0XDR8 A0A1D5NTR5 A0A8V0XH99 A0A3Q2UHS2 A0A8V0YDT5 A0A1D5PBZ8 A0A1I7Q3Z0 A0A8V0XYK6 A0A8V0Z8V4 A0A8V0YUF6 A0A8V1ACD6 A0A1D5P0D7 Q0PVE4 A0A8V0YRN1 A0A8V0YE20 A0A8V0Y9F8 A0A8V1ABC9 A0A8V0ZF83 A0A8V1ADF6 A0A8V0YWI5 A0A8V0YIR4 A0A8V0Z3U6 A0A8V0Y070 A0A8V0Y357 A0A1D5PT01 Q9W6H0 P33005 A0A8V0YRG2 A0A1D5PZ68
Biological Process,presynaptic membrane organization,5,GO:0097090,5,8,255,2734,6.7,0.00030068492745376,3.52,A0A8V0X4D8 A0A3Q2UGW3 A0A8V0Y9F8 A0A1D5NTR5 A0A8V0YDT5
Biological Process,positive regulation of long-term synaptic potentiation,5,GO:1900273,5,8,255,2734,6.7,0.00030068492745376,3.52,A0A1D5PSI3 A0A8V0ZSX6 A0A8V0YSF6 A0A8V0YRG2 A0A8V0ZDW7
Biological Process,cilium organization,5,GO:0044782,4,173,255,2734,0.25,0.00035086651020418535,3.45,A0A8V0XZH4 A0A8V0ZBM0 A0A1D5PBU5 A0A8V0ZUU4
Biological Process,neuron projection morphogenesis,6,GO:0048812,38,234,255,2734,1.74,0.00037880872164449547,3.42,A0A8V1AG56 A0A8V0X4D8 Q98938 A0A8V0ZBR8 A0A8V0YDU6 A0A8V0ZUU4 A0A8V0XDR8 A0A1D5NTR5 A0A8V0Y0X2 A0A8V0XH99 A0A3Q2UHS2 A0A8V0YDT5 A0A1D5PBZ8 A0A1I7Q3Z0 A0A8V0XYK6 A0A8V0Z8V4 A0A8V0YUF6 A0A8V0ZSX6 A0A8V1ACD6 A0A1D5P0D7 Q0PVE4 A0A8V0YRN1 A0A8V0YE20 A0A8V0Y9F8 A0A8V0XE48 A0A8V1ABC9 A0A8V0ZF83 A0A8V1ADF6 A0A8V0YWI5 A0A8V0YIR4 A0A8V0Z3U6 A0A8V0Y070 A0A8V0Y357 A0A1D5PT01 Q9W6H0 P33005 A0A8V0YRG2 A0A1D5PZ68
Biological Process,chemotaxis,3,GO:0006935,35,207,255,2734,1.81,0.00041040488424545416,3.39,A0A8V1AG56 Q98938 A0A8V0ZBR8 A0A8V0YDU6 A0A8V0XMI5 A0A8V0XDR8 A0A1D5NTR5 A0A8V0ZUU4 A0A8V0XH99 A0A8V0YDT5 A0A1D5PBZ8 P15120 A0A1I7Q3Z0 A0A8V0XYK6 A0A8V0Z8V4 A0A8V0YUF6 E1C733 A0A8V1ACD6 A0A1D5P0D7 A0A1D5PMF4 A0A8V0YRN1 A0A8V0YE20 A0A8V0ZE58 A0A8V0Y9F8 A0A8V1ABC9 A0A8V0ZF83 A0A8V1ADF6 A0A3Q2TU24 A0A8V0YIR4 A0A8V0Y070 A0A8V0Y357 A0A1D5PT01 P33005 A0A8V0YRG2 A0A1D5PZ68
Biological Process,axon development,7,GO:0061564,35,207,255,2734,1.81,0.00041040488424545416,3.39,A0A8V1AG56 Q98938 A0A8V0ZBR8 A0A8V0YDU6 A0A8V0ZUU4 A0A8V0XDR8 A0A1D5NTR5 A0A8V0XH99 A0A3Q2UHS2 A0A8V0YDT5 A0A1D5PBZ8 A0A1I7Q3Z0 A0A8V1AAN6 A0A8V0XYK6 A0A8V0Z8V4 A0A8V0YUF6 A0A8V1ACD6 A0A1D5P0D7 Q0PVE4 A0A8V0YRN1 A0A8V0YE20 A0A8V0Y9F8 A0A8V1ABC9 A0A8V0ZF83 A0A8V1ADF6 A0A8V0YWI5 A0A8V0YIR4 A0A8V0Z3U6 A0A8V0Y070 A0A8V0Y357 A0A1D5PT01 Q9W6H0 P33005 A0A8V0YRG2 A0A1D5PZ68
Biological Process,cell morphogenesis involved in neuron differentiation,4,GO:0048667,37,224,255,2734,1.77,0.00042204738888414705,3.37,A0A8V1AG56 A0A8V0X4D8 Q98938 A0A8V0ZBR8 A0A8V0YDU6 A0A8V0ZUU4 A0A8V0XDR8 A0A1D5NTR5 A0A8V0XH99 A0A3Q2UHS2 A0A8V0YDT5 A0A1D5PBZ8 A0A1I7Q3Z0 A0A8V0XYK6 A0A8V0Z8V4 A0A8V0YUF6 A0A8V1ACD6 A0A1D5P0D7 Q0PVE4 A0A8V0YRN1 A0A8V0YE20 A0A8V0Y9F8 A0A8V0XE48 A0A8V1ABC9 A0A8V0ZF83 A0A8V1ADF6 A0A8V0ZDW7 A0A8V0YWI5 A0A8V0YIR4 A0A8V0Z3U6 A0A8V0Y070 A0A8V0Y357 A0A1D5PT01 Q9W6H0 P33005 A0A8V0YRG2 A0A1D5PZ68
Biological Process,cilium assembly,6,GO:0060271,4,165,255,2734,0.26,0.0004921840078729034,3.31,A0A8V0XZH4 A0A8V0ZBM0 A0A1D5PBU5 A0A8V0ZUU4
Biological Process,plasma membrane bounded cell projection morphogenesis,5,GO:0120039,38,235,255,2734,1.73,0.0005707087337646908,3.24,A0A8V1AG56 A0A8V0X4D8 Q98938 A0A8V0ZBR8 A0A8V0YDU6 A0A8V0ZUU4 A0A8V0XDR8 A0A1D5NTR5 A0A8V0Y0X2 A0A8V0XH99 A0A3Q2UHS2 A0A8V0YDT5 A0A1D5PBZ8 A0A1I7Q3Z0 A0A8V0XYK6 A0A8V0Z8V4 A0A8V0YUF6 A0A8V0ZSX6 A0A8V1ACD6 A0A1D5P0D7 Q0PVE4 A0A8V0YRN1 A0A8V0YE20 A0A8V0Y9F8 A0A8V0XE48 A0A8V1ABC9 A0A8V0ZF83 A0A8V1ADF6 A0A8V0YWI5 A0A8V0YIR4 A0A8V0Z3U6 A0A8V0Y070 A0A8V0Y357 A0A1D5PT01 Q9W6H0 P33005 A0A8V0YRG2 A0A1D5PZ68
Biological Process,taxis,2,GO:0042330,36,219,255,2734,1.76,0.0005855688823419212,3.23,A0A8V1AG56 Q98938 A0A8V0ZBR8 A0A8V0YDU6 A0A8V0XMI5 A0A8V0XDR8 A0A1D5NTR5 A0A8V0ZUU4 A0A8V0XH99 A0A8V0YDT5 A0A1D5PBZ8 P15120 A0A1I7Q3Z0 A0A8V0XYK6 A0A8V0Z8V4 A0A8V0YUF6 E1C733 A0A8V1ACD6 A0A1D5P0D7 A0A1D5PMF4 A0A8V0YRN1 A0A8V0YE20 A0A8V0ZE58 A0A8V0Y9F8 A0A8V1ABC9 A0A8V0ZF83 A0A8V1ADF6 A0A3Q2TU24 A0A8V0YIR4 P26652 A0A8V0Y070 A0A8V0Y357 A0A1D5PT01 P33005 A0A8V0YRG2 A0A1D5PZ68
Biological Process,cell projection morphogenesis,4,GO:0048858,38,237,255,2734,1.72,0.0006022374080193748,3.22,A0A8V1AG56 A0A8V0X4D8 Q98938 A0A8V0ZBR8 A0A8V0YDU6 A0A8V0ZUU4 A0A8V0XDR8 A0A1D5NTR5 A0A8V0Y0X2 A0A8V0XH99 A0A3Q2UHS2 A0A8V0YDT5 A0A1D5PBZ8 A0A1I7Q3Z0 A0A8V0XYK6 A0A8V0Z8V4 A0A8V0YUF6 A0A8V0ZSX6 A0A8V1ACD6 A0A1D5P0D7 Q0PVE4 A0A8V0YRN1 A0A8V0YE20 A0A8V0Y9F8 A0A8V0XE48 A0A8V1ABC9 A0A8V0ZF83 A0A8V1ADF6 A0A8V0YWI5 A0A8V0YIR4 A0A8V0Z3U6 A0A8V0Y070 A0A8V0Y357 A0A1D5PT01 Q9W6H0 P33005 A0A8V0YRG2 A0A1D5PZ68
Biological Process,cell adhesion,2,GO:0007155,36,224,255,2734,1.72,0.0007083171217980399,3.15,A0A8V0Y8Q2 Q98938 A0A8V0ZBR8 A0A8V0YDU6 A0A8V0ZUU4 A0A1D5NTR5 A0A8V0YDT5 A0A3Q2UHS2 A0A1D5PBZ8 A0A8V0Y290 A0A8V1A0B4 A0A1I7Q3Z0 A0A8V1AAN6 A0A8V0Y0F3 A0A8V0ZHX5 A0A3Q2UGW3 E1C733 A0A8V0Z3Q9 A0A8V0XCW4 A0A8V0YHL6 A0A8V0ZCF7 A0A8V0ZZZ5 Q0PVE4 A0A8V0ZE58 A0A8V0XW00 A0A8V0Y9F8 A0A8V0Y699 A0A8V0XXK8 A0A8V0ZDW7 A0A8V0ZKI8 A0A8V0Y478 A0A8V1A3S8 P26652 A0A8V0Y357 A0A8V0YDD6 P33005
Biological Process,sphingolipid metabolic process,4,GO:0006665,11,40,255,2734,2.95,0.0007434555121574948,3.13,A0A8V0ZSC5 A0A8V0X637 A0A8V1ABA3 A0A8V0XXM5 F1NTQ2 A0A8V0WZN3 A0A8V0Y579 A0A8V0YZJ3 A0A8V0Z086 A0A8V0YC98 A0A8V0YYQ9
Biological Process,plasma membrane bounded cell projection assembly,6,GO:0120031,7,210,255,2734,0.36,0.0007822078303999483,3.11,A0A8V0ZBM0 A0A1D5PBU5 Q98938 A0A8V0XZH4 A0A8V0X7P4 A0A8V0ZUU4 A0A3Q2UHS2
Biological Process,cellular response to interleukin-21,6,GO:0098757,3,3,255,2734,10.72,0.0008027412516779343,3.1,A0A8V1A9R2 A0A8V1A7R0 A0A8V0YFT7
Biological Process,presynaptic membrane assembly,6,GO:0097105,3,3,255,2734,10.72,0.0008027412516779343,3.1,A0A3Q2UGW3 A0A8V0Y9F8 A0A8V0YDT5
Biological Process,response to interleukin-21,5,GO:0098756,3,3,255,2734,10.72,0.0008027412516779343,3.1,A0A8V1A9R2 A0A8V1A7R0 A0A8V0YFT7
Biological Process,interleukin-21-mediated signaling pathway,5,GO:0038114,3,3,255,2734,10.72,0.0008027412516779343,3.1,A0A8V1A9R2 A0A8V1A7R0 A0A8V0YFT7
Biological Process,negative regulation of extracellular matrix organization,6,GO:1903054,4,6,255,2734,7.15,0.0009538727917509596,3.02,A0A1L1RX77 A0A8V0Y0F3 A0A8V0YG24 A0A8V0Y290
Biological Process,postsynapse organization,4,GO:0099173,8,24,255,2734,3.57,0.00100274599495127,3.0,A0A8V1AG56 A0A1D5P6T3 A0A8V0X4D8 A0A3Q2UGW3 A0A8V0Y9F8 A0A1D5NTR5 A0A8V0YSF6 A0A8V0YRG2
Biological Process,regulation of long-term synaptic potentiation,4,GO:1900271,5,10,255,2734,5.36,0.0011557852271932266,2.94,A0A1D5PSI3 A0A8V0ZSX6 A0A8V0YSF6 A0A8V0YRG2 A0A8V0ZDW7
Biological Process,organelle assembly,5,GO:0070925,13,295,255,2734,0.47,0.0013533298928650188,2.87,A0A8V0ZBM0 A0A8V0YTK5 A0A1D5PBU5 Q05744 A0A8V0XZH4 A0A8V0Z9Z7 A0A8V0XPN5 A0A8V0ZUU4 A0A8V0YQU2 A0A8V0ZSX6 A0A8V0Y699 A0A1D5PLP1 A0A8V0ZDW7
Biological Process,nervous system development,4,GO:0007399,91,735,255,2734,1.33,0.0013720350318203178,2.86,A0A8V1A9L3 A0A8V0XEP8 A0A1D5NTR5 A0A8V0YDT5 A0A3Q2UHS2 A0A1D5PBZ8 A0A8V0Z8V4 A0A8V0YTK5 A0A8V0YHL6 A0A8V1ACD6 A0A8V1A7R0 A0A8V0Y579 A0A8V0Y9F8 A0A8V0XE48 A0A8V0XM98 A0A8V0Y478 A0A8V0ZSN8 A0A8V0ZUA4 A0A8V0YIR4 A0A8V1A9R2 A0A1D5PSI3 A0A8V0Y070 A0A8V0Y357 Q9W6H0 A0A8V0ZD24 A0A8V1AG56 A0A8V0XXM5 A0A8V0XMI5 A0A8V0XDR8 A0A8V0ZUU4 A0A8V0XH99 A0A1I7Q3Z0 P02460 A0A8V0YUF6 A0A8V0X637 F1NTQ2 A0A1D5P0D7 A0A8V0ZZZ5 Q0PVE4 Q00649 A0A1D5PDV9 A0A8V1ABC9 A0A8V0XKW4 A0A8V1ADF6 A0A8V0YWI5 P26652 A0A8V1AJI2 A0A1D5PT01 P33005 A0A8V0YRG2 A0A8V0X4D8 A0A8V0XBD4 A0A8V0ZBR8 A0A8V0Y0X2 A0A8V0ZIF0 A0A8V0YG88 A0A8V0YVI8 A0A8V0XYK6 A0A8V0ZSG8 A0A8V0ZSX6 A0A8V0YRN1 A0A8V0YPB9 A0A8V0XXZ4 A0A8V0ZF83 A0A8V0ZKI8 A0A8V0Z3U6 A0A8V0YDL8 A0A8V0YLZ8 Q98938 A0A8V0YDU6 A0A8V0YMR1 A0A8V1AAN6 A0A1D5P6T3 F1NXR0 A0A1I7Q421 A0A3Q2UGW3 A0A8V0WZN3 A0A8V0YVB6 A0A1D5P692 A0A8V0YE20 A0A3Q2TT95 A0A8V0Y6D2 A0A8V0ZJJ7 A0A8V0ZDW7 A0A1D5NT61 A0A8V1A3S8 A0A8V0Z9Z7 A0A8V0Z938 A0A8V0YDD6 A0A1D5PZ68 A0A8V0YWM3
Biological Process,positive regulation of mesenchymal cell proliferation,6,GO:0002053,6,15,255,2734,4.29,0.00150696928312283,2.82,A0A8V0ZKI8 A0A8V1AG56 A0A3Q2TU24 A0A8V0YFT7 Q98938 A0A8V0XMI5
Biological Process,ceramide metabolic process,4,GO:0006672,7,20,255,2734,3.75,0.0015137240497454243,2.82,A0A8V0ZSC5 A0A8V0X637 A0A8V1ABA3 F1NTQ2 A0A8V0WZN3 A0A8V0Z086 A0A8V0YC98
Biological Process,neuron projection development,6,GO:0031175,42,281,255,2734,1.6,0.0015314286807237036,2.81,A0A8V1AG56 A0A8V0X4D8 A0A8V0YLZ8 A0A8V0XBD4 Q98938 A0A8V0ZBR8 A0A8V0YDU6 A0A8V0XMI5 A0A8V0XDR8 A0A1D5NTR5 A0A8V0ZUU4 A0A8V0XH99 A0A3Q2UHS2 A0A8V0YDT5 A0A1D5PBZ8 A0A8V0Y0X2 A0A1I7Q3Z0 A0A8V1AAN6 A0A8V0XYK6 A0A8V0Z8V4 A0A8V0YUF6 A0A8V0ZSX6 A0A8V1ACD6 A0A1D5P0D7 Q0PVE4 A0A8V0YRN1 A0A8V0YE20 A0A8V0Y9F8 A0A8V0XE48 A0A8V1ABC9 A0A8V0ZF83 A0A8V1ADF6 A0A8V0YWI5 A0A8V0YIR4 A0A8V0Z3U6 A0A8V0Y070 A0A8V0Y357 A0A1D5PT01 Q9W6H0 P33005 A0A8V0YRG2 A0A1D5PZ68
Biological Process,cell morphogenesis,3,GO:0000902,47,326,255,2734,1.55,0.0015321385158910475,2.81,A0A8V1AG56 A0A8V0X4D8 Q98938 A0A8V0ZBR8 A0A8V0YDU6 A0A8V0XMI5 A0A8V0XDR8 A0A1D5NTR5 A0A8V0ZUU4 A0A8V0XH99 A0A3Q2UHS2 A0A8V0YDT5 A0A1D5PBZ8 A0A8V0Y0X2 A0A1I7Q3Z0 A0A8V0XYK6 A0A8V0Z8V4 A0A8V0YUF6 A0A8V0XM02 A0A8V0ZSX6 A0A8V1ACD6 A0A1D5P0D7 Q0PVE4 A0A8V0YRN1 A0A8V0YE20 A0A8V0Y9F8 A0A8V0XE48 A0A8V1ABC9 A0A8V0Z8N6 A0A8V0ZF83 A0A8V1ADF6 A0A8V0ZDW7 A0A8V0ZKI8 A0A8V0YWI5 A0A8V1A3S8 A0A8V0ZSN8 A0A8V0YIR4 A0A8V1A9R2 A0A8V0Z3U6 A0A8V0Y070 A0A8V0Y357 A0A8V0YDD6 A0A1D5PT01 Q9W6H0 P33005 A0A8V0YRG2 A0A1D5PZ68
Biological Process,neuron differentiation,4,GO:0030182,53,383,255,2734,1.48,0.0017047284331268829,2.77,A0A8V1AG56 A0A8V0X4D8 A0A8V0YLZ8 A0A8V0XBD4 Q98938 A0A8V0ZBR8 A0A8V0YDU6 A0A8V0XMI5 A0A8V0XDR8 A0A1D5NTR5 A0A8V0ZUU4 A0A8V0XH99 A0A3Q2UHS2 A0A8V0YDT5 A0A1D5PBZ8 A0A8V0Y0X2 A0A1I7Q3Z0 A0A8V1AAN6 A0A8V0XYK6 A0A8V0Z8V4 A0A8V0YUF6 A0A8V0ZSG8 A0A3Q2UGW3 A0A8V0ZSX6 A0A8V1ACD6 A0A8V1A7R0 A0A1D5P0D7 A0A8V0ZZZ5 Q0PVE4 A0A8V0YRN1 A0A8V0YE20 A0A8V0Y9F8 A0A8V0XE48 A0A8V1ABC9 A0A8V0XKW4 A0A8V0ZF83 A0A8V1ADF6 A0A8V0ZDW7 A0A8V0ZKI8 A0A8V0XM98 A0A8V0YWI5 A0A8V0ZSN8 A0A8V0YIR4 A0A8V1A9R2 A0A8V0Z3U6 A0A8V0Y070 A0A8V0Y357 A0A1D5PT01 Q9W6H0 P33005 A0A8V0YRG2 A0A1D5PZ68 A0A8V0YWM3
Biological Process,cell migration involved in gastrulation,5,GO:0042074,8,26,255,2734,3.3,0.0018054673634429232,2.74,A0A8V0ZKI8 A0A8V1AG56 A0A8V0Z8V4 A0A8V0ZSN8 A0A8V1A9R2 A0A3Q2UHS2 A0A1D5PBZ8 A0A8V0YXI7
Biological Process,cell projection assembly,5,GO:0030031,8,214,255,2734,0.4,0.0020128099133395576,2.7,A0A8V0ZBM0 A0A3Q2TU24 A0A1D5PBU5 Q98938 A0A8V0XZH4 A0A8V0X7P4 A0A8V0ZUU4 A0A3Q2UHS2
Biological Process,protein homotrimerization,8,GO:0070207,4,7,255,2734,6.13,0.0020629906659480643,2.69,A0A8V0XKW4 A0A8V0YGN2 A0A8V0Y0F3 A0A8V0Y290
Biological Process,regulation of transmembrane receptor protein serine/threonine kinase signaling pathway,5,GO:0090092,17,86,255,2734,2.12,0.0021124711924387046,2.68,A0A8V1AG56 F1NGB8 A0A1I7Q421 A0A8V0X4D8 A0A8V0Y0F3 A0A8V0YQ88 A0A8V0ZE58 A0A8V0X7P4 A0A8V0Y070 A0A8V0XPE8 A0A3Q2TT95 A0A8V0XH99 A0A8V0ZFG7 A0A8V0YRF2 A0A8V0Y290 A0A8V0ZF83 A0A1D5P0D7
Biological Process,defense response to virus,4,GO:0051607,6,16,255,2734,4.02,0.0022251894184850077,2.65,A0A8V0YFT7 A0A8V0ZSN8 A0A8V0Y579 A0A8V1A9R2 A0A1L4FLS3 K9JA28
Biological Process,positive regulation of BMP signaling pathway,6,GO:0030513,6,16,255,2734,4.02,0.0022251894184850077,2.65,A0A8V0ZE58 A0A8V0Y070 A0A8V0XH99 A0A8V0ZFG7 A0A8V0ZF83 A0A1D5P0D7
Biological Process,response to interleukin-1,5,GO:0070555,10,39,255,2734,2.75,0.002311731738796449,2.64,A0A8V0Z6E4 A0A1D5P692 E1C733 A0A8V0XMI5 A0A8V0YLI1 A0A8V0YDD6 A0A8V0Z938 A0A8V1ABC9 A0A8V0YDL8 A0A1I7Q3Z0
Biological Process,regulation of angiogenesis,5,GO:0045765,17,87,255,2734,2.1,0.002363865240970143,2.63,A0A8V1AG56 A0A8V0Y0F3 A0A8V1AHP7 A0A8V0YFT7 A0A8V0ZSG8 A0A1L4FLS3 A0A8V0ZE58 E1C733 A0A8V0XMI5 A0A1L1RX77 Q00649 A0A8V0ZCF7 A0A8V0XE48 A0A8V1ABC9 A0A8V0Y290 A0A8V1A7R0 A0A8V1A8L5
Biological Process,system development,3,GO:0048731,139,1245,255,2734,1.2,0.0029137699822396113,2.54,A0A8V1A9L3 A0A8V1ABA3 A0A8V0XEP8 A0A1D5NTR5 A0A8V0YGN2 A0A8V0YDT5 A0A3Q2UHS2 A0A1D5PBZ8 P15120 A0A8V0YQU2 A0A8V0ZEJ3 A0A8V0Z8V4 A0A8V0YTK5 A0A1D5P480 A0A1L1RX77 A0A8V0XPE8 A0A8V0YW57 A0A8V0YHL6 A0A8V1ACD6 A0A8V1A7R0 A0A8V0Y4Q2 A0A8V0Y579 A0A8V0Y9F8 A0A8V0XE48 A0A8V0Y699 A0A8V0YXI7 A0A8V0YYQ9 A0A8V0XXK8 A0A8V0ZJD3 F1NGB8 A0A3Q2TU24 A0A8V0XM98 A0A8V0Y478 A0A8V0ZTR7 A0A8V0ZSN8 A0A8V0ZUA4 A0A8V0YIR4 A0A8V1A9R2 A0A8V0YF36 A0A1D5PSI3 A0A8V0Y070 A0A8V0Y357 Q9W6H0 A0A8V0ZD24 A0A8V1AG56 A0A8V0XXM5 A0A8V0XMI5 A0A8V0XDR8 A0A8V0ZUU4 A0A8V0XH99 A0A8V1A0B4 A0A1I7Q3Z0 P02460 A0A8V0Y0F3 A0A8V0YUF6 A0A8V0X637 F1NTQ2 A0A8V0Z3Q9 A0A1D5PEW1 A0A8V0XCW4 A0A8V0XS21 A0A1D5P0D7 A0A8V0ZZZ5 A0A8V0XA92 Q0PVE4 A0A8V0ZE58 Q00649 A0A1D5PDV9 A0A8V1ABC9 A0A8V0XKW4 A0A8V1ADF6 A0A8V0YWI5 P26652 A0A8V1AJI2 A0A1D5PT01 P33005 A0A8V0YRG2 A0A8V0X4D8 A0A8V0XBD4 A0A8V0ZBR8 A0A8V0Y0X2 A0A8V0ZIF0 A0A8V0YG88 A0A8V0YVI8 A0A8V0XYK6 A0A8V0YFT7 A0A8V0ZSG8 E1C733 A0A8V1A8R2 A0A8V0ZSX6 A0A1D5P8I8 A0A8V0YRN1 A0A8V0ZY91 A0A8V0YPB9 A0A8V1ALI6 A0A8V0XXZ4 A0A1D5PLP1 A0A8V0ZF83 A0A8V0ZY56 A0A1D5PGC2 A0A8V0ZKI8 A0A8V0YDT4 A0A8V0X9N1 A0A8V0Z3U6 A0A8V0YDL8 A0A8V0YLZ8 Q98938 A0A8V0YDU6 A0A8V0ZSD7 A0A8V0ZFG7 A0A8V0XUJ8 A0A8V0Y290 A0A8V0YMR1 A0A8V1AAN6 A0A8V1A3H9 A0A1D5P6T3 F1NXR0 A0A1I7Q421 A0A3Q2UGW3 A0A8V0XM02 A0A8V0WZN3 A0A8V0ZCF7 A0A8V0YVB6 A0A8V0YIC3 A0A1D5P692 A0A8V0Z189 A0A8V0YE20 A0A3Q2TT95 A0A8V0Y6D2 A0A8V0ZJJ7 A0A8V0Z8N6 A0A8V0ZDW7 A0A1D5NT61 A0A8V1A3S8 A0A8V0Z9Z7 A0A8V0Z938 A0A8V0YDD6 A0A1D5PZ68 A0A8V0YWM3
Biological Process,interneuron axon guidance,9,GO:0097376,3,4,255,2734,8.04,0.0029887488271885467,2.52,A0A8V0Y357 A0A1D5PT01 A0A8V0ZBR8
Biological Process,mediolateral intercalation,6,GO:0060031,3,4,255,2734,8.04,0.0029887488271885467,2.52,A0A8V1AG56 A0A8V1A9R2 A0A8V0ZSN8
Biological Process,positive regulation of action potential,4,GO:0045760,3,4,255,2734,8.04,0.0029887488271885467,2.52,A0A8V0YLI1 A0A8V0XYK6 A0A8V1ABA3
Biological Process,organophosphate biosynthetic process,4,GO:0090407,5,159,255,2734,0.34,0.0029891162047715426,2.52,A0A8V0ZJD3 F1NTQ2 A0A8V0YC20 A0A8V1ACH5 A0A8V1A0B4
Biological Process,glycolipid metabolic process,5,GO:0006664,9,34,255,2734,2.84,0.0030120165696793594,2.52,A0A8V0X637 A0A8V1ABA3 A0A8V0XXM5 F1NTQ2 A0A8V0WZN3 A0A8V0YZJ3 A0A8V0Z086 A0A8V0YC98 A0A8V0YYQ9
Biological Process,peptide hormone processing,3,GO:0016486,5,12,255,2734,4.47,0.003105087379929389,2.51,A0A8V0X4D8 A0A8V0XA92 A0A8V0ZP32 A0A8V0YVB6 A0A8V0YDL8
Biological Process,sphingolipid catabolic process,5,GO:0030149,5,12,255,2734,4.47,0.003105087379929389,2.51,A0A8V0X637 A0A8V1ABA3 F1NTQ2 A0A8V0Z086 A0A8V0YC98
Biological Process,segment polarity determination,5,GO:0007367,5,12,255,2734,4.47,0.003105087379929389,2.51,A0A8V0ZKI8 Q98938 A0A8V0ZUU4 A0A8V0XH99 A0A8V0YXI7
Biological Process,development of primary sexual characteristics,3,GO:0045137,19,104,255,2734,1.96,0.0031473271641680413,2.5,A0A8V1AG56 Q98938 A0A8V0XMI5 A0A8V0XDR8 A0A1D5NTR5 A0A8V0YGN2 A0A1I7Q3Z0 A0A1D5P6T3 A0A8V0Z8V4 A0A1I7Q421 A0A8V0YW57 A0A8V0ZCF7 A0A8V0YVB6 Q0PVE4 A0A8V0ZY91 A0A8V1ABC9 A0A8V0ZY56 A0A3Q2TU24 A0A1D5PSI3
Biological Process,gonad development,4,GO:0008406,19,104,255,2734,1.96,0.0031473271641680413,2.5,A0A8V1AG56 Q98938 A0A8V0XMI5 A0A8V0XDR8 A0A1D5NTR5 A0A8V0YGN2 A0A1I7Q3Z0 A0A1D5P6T3 A0A8V0Z8V4 A0A1I7Q421 A0A8V0YW57 A0A8V0ZCF7 A0A8V0YVB6 Q0PVE4 A0A8V0ZY91 A0A8V1ABC9 A0A8V0ZY56 A0A3Q2TU24 A0A1D5PSI3
Biological Process,neuron development,4,GO:0048666,46,329,255,2734,1.5,0.0032202235305173617,2.49,A0A8V1AG56 A0A8V0X4D8 A0A8V0YLZ8 A0A8V0XBD4 Q98938 A0A8V0ZBR8 A0A8V0YDU6 A0A8V0XMI5 A0A8V0XDR8 A0A1D5NTR5 A0A8V0ZUU4 A0A8V0XH99 A0A3Q2UHS2 A0A8V0YDT5 A0A1D5PBZ8 A0A8V0Y0X2 A0A1I7Q3Z0 A0A8V1AAN6 A0A8V0XYK6 A0A8V0Z8V4 A0A8V0YUF6 A0A8V0ZSX6 A0A8V1ACD6 A0A1D5P0D7 A0A8V0ZZZ5 Q0PVE4 A0A8V0YRN1 A0A8V0YE20 A0A8V0Y9F8 A0A8V0XE48 A0A8V1ABC9 A0A8V0XKW4 A0A8V0ZF83 A0A8V1ADF6 A0A8V0ZDW7 A0A8V0XM98 A0A8V0YWI5 A0A8V0YIR4 A0A8V0Z3U6 A0A8V0Y070 A0A8V0Y357 A0A1D5PT01 Q9W6H0 P33005 A0A8V0YRG2 A0A1D5PZ68
Biological Process,growth,1,GO:0040007,29,182,255,2734,1.71,0.0033190157888257246,2.48,A0A8V1AG56 Q98938 A0A8V0Y999 A0A8V0YDU6 A0A1D5NTR5 A0A8V0YDT5 A0A3Q2UHS2 A0A1D5PBZ8 P15120 A0A1I7Q3Z0 A0A8V1AAN6 A0A8V1A3H9 P02460 A0A8V0Z8V4 A0A3Q2UGW3 E1C733 A0A8V0ZSX6 A0A8V1ACD6 A0A8V0Z189 A0A8V0Z8N6 A0A8V0ZE30 A0A8V0YYQ9 A0A8V0ZKI8 A0A8V0ZJ97 A0A8V0ZUA4 A0A8V0Z3U6 P26652 A0A1D5PSI3 P33005
Biological Process,cellular anatomical entity morphogenesis,3,GO:0032989,50,366,255,2734,1.46,0.0035893978839489,2.44,A0A8V1AG56 A0A8V0X4D8 Q98938 A0A8V0ZBR8 A0A8V0YDU6 A0A8V0XMI5 A0A8V0XDR8 A0A1D5NTR5 A0A8V0ZUU4 A0A8V0XH99 A0A3Q2UHS2 A0A8V0YDT5 A0A1D5PBZ8 A0A8V0Y0X2 A0A8V0YQU2 A0A1I7Q3Z0 A0A8V0XYK6 A0A8V0Z8V4 A0A8V0YUF6 A0A8V0XM02 A0A8V0ZSX6 A0A8V1ACD6 A0A1D5P0D7 Q0PVE4 A0A8V0YRN1 A0A8V0YE20 A0A8V0Y9F8 A0A8V0XE48 A0A8V0Y699 A0A8V1ABC9 A0A8V0Z8N6 A0A1D5PLP1 A0A8V0ZF83 A0A8V1ADF6 A0A8V0ZDW7 A0A8V0ZKI8 A0A8V0YWI5 A0A8V1A3S8 A0A8V0ZSN8 A0A8V0YIR4 A0A8V1A9R2 A0A8V0Z3U6 A0A8V0Y070 A0A8V0Y357 A0A8V0YDD6 A0A1D5PT01 Q9W6H0 P33005 A0A8V0YRG2 A0A1D5PZ68
Biological Process,liposaccharide metabolic process,4,GO:1903509,9,35,255,2734,2.76,0.00373131035172078,2.43,A0A8V0X637 A0A8V1ABA3 A0A8V0XXM5 F1NTQ2 A0A8V0WZN3 A0A8V0YZJ3 A0A8V0Z086 A0A8V0YC98 A0A8V0YYQ9
Biological Process,camera-type eye photoreceptor cell differentiation,7,GO:0060219,4,8,255,2734,5.36,0.0038252964044378497,2.42,A0A8V0Y0X2 A0A8V0ZZZ5 Q98938 A0A1D5P0D7
Biological Process,notochord development,5,GO:0030903,4,8,255,2734,5.36,0.0038252964044378497,2.42,A0A8V1AG56 A0A8V0XXZ4 A0A3Q2UHS2 P02460
Biological Process,cellular response to growth hormone stimulus,6,GO:0071378,4,8,255,2734,5.36,0.0038252964044378497,2.42,A0A8V1A9R2 A0A8V1A7R0 A0A8V0Z6E4 A0A8V0ZSN8
Biological Process,positive regulation of membrane depolarization,4,GO:1904181,4,8,255,2734,5.36,0.0038252964044378497,2.42,A0A8V0YLZ8 A0A1L1RX77 A0A8V0YWI5 A0A8V0XYK6
Biological Process,synapse organization,5,GO:0050808,20,112,255,2734,1.91,0.004012051531584404,2.4,A0A8V1AG56 A0A8V0X4D8 A0A8V0XBD4 A0A8V0ZBR8 A0A1D5NTR5 A0A8V0YDT5 A0A3Q2UHS2 A0A1D5PBZ8 A0A8V1AAN6 A0A8V0XYK6 A0A1D5P6T3 A0A8V0YUF6 A0A3Q2UGW3 Q0PVE4 A0A8V0YRN1 A0A8V0Y9F8 A0A8V0YSF6 A0A8V0XM98 A0A8V0Y357 A0A8V0YRG2
Biological Process,enzyme-linked receptor protein signaling pathway,4,GO:0007167,34,228,255,2734,1.6,0.004102538263969551,2.39,A0A8V0X4D8 A0A8V0YLZ8 A0A8V0XH99 A0A3Q2UHS2 A0A8V0YDT5 A0A1D5PBZ8 A0A1I7Q3Z0 A0A8V0ZEJ3 A0A8V1ACV0 A0A8V0ZYI9 A0A8V1A3H9 A0A1D5P6T3 A0A1I7Q421 A0A8V0XPE8 A0A8V1A7R0 A0A1D5P0D7 A0A8V1A3N1 A0A8V0X7P4 Q00649 A0A8V0XE48 A0A8V1ABC9 A0A8V0XXZ4 A0A8V0ZRP2 A0A8V0ZF83 A0A8V0YXI7 A0A8V1ADF6 F1NGB8 A0A3Q2TU24 A0A8V0ZSN8 A0A8V1A9R2 A0A8V0Y070 A0A1D5PT01 P33005 A0A8V0YRG2
Biological Process,transmembrane receptor protein tyrosine kinase signaling pathway,5,GO:0007169,27,170,255,2734,1.7,0.004110679510123586,2.39,A0A8V0YLZ8 A0A3Q2UHS2 A0A1D5PBZ8 A0A1I7Q3Z0 A0A8V0ZEJ3 A0A8V1ACV0 A0A8V0ZYI9 A0A8V1A3H9 A0A1D5P6T3 A0A8V1A7R0 A0A8V1A3N1 A0A8V0X7P4 Q00649 A0A8V0XE48 A0A8V1ABC9 A0A8V0XXZ4 A0A8V0ZRP2 A0A8V0ZF83 A0A8V0YXI7 A0A8V1ADF6 A0A3Q2TU24 A0A8V0ZSN8 A0A8V1A9R2 A0A8V0Y070 A0A1D5PT01 P33005 A0A8V0YRG2
Biological Process,developmental growth,2,GO:0048589,28,175,255,2734,1.72,0.004285307471379948,2.37,A0A8V1AG56 Q98938 A0A8V0Y999 A0A8V0YDU6 A0A1D5NTR5 A0A8V0YDT5 A0A3Q2UHS2 A0A1D5PBZ8 P15120 A0A8V1AAN6 A0A8V1A3H9 P02460 A0A8V0Z8V4 A0A3Q2UGW3 E1C733 A0A8V0ZSX6 A0A8V1ACD6 A0A8V0Z189 A0A8V0Z8N6 A0A8V0ZE30 A0A8V0YYQ9 A0A8V0ZKI8 A0A8V0ZJ97 A0A8V0ZUA4 A0A8V0Z3U6 P26652 A0A1D5PSI3 P33005
Biological Process,roof of mouth development,3,GO:0060021,6,18,255,2734,3.57,0.004395348278998428,2.36,A0A8V0ZKI8 A0A8V1AG56 A0A8V0Z189 A0A8V0YRG2 A0A8V0XS21 P02460
Biological Process,development of primary male sexual characteristics,4,GO:0046546,9,36,255,2734,2.68,0.004578743113604232,2.34,A0A8V1AG56 A0A1D5P6T3 A0A3Q2TU24 A0A8V0ZY91 A0A8V0XMI5 A0A8V0YGN2 A0A1D5NTR5 A0A8V0YW57 A0A8V0ZY56
Biological Process,regulation of BMP signaling pathway,5,GO:0030510,9,36,255,2734,2.68,0.004578743113604232,2.34,A0A8V1AG56 A0A8V0ZE58 A0A8V0Y070 A0A3Q2TT95 A0A8V0XH99 A0A8V0ZFG7 A0A8V0YRF2 A0A8V0ZF83 A0A1D5P0D7
Biological Process,male gonad development,5,GO:0008584,9,36,255,2734,2.68,0.004578743113604232,2.34,A0A8V1AG56 A0A1D5P6T3 A0A3Q2TU24 A0A8V0ZY91 A0A8V0XMI5 A0A8V0YGN2 A0A1D5NTR5 A0A8V0YW57 A0A8V0ZY56
Biological Process,extracellular matrix organization,5,GO:0030198,26,164,255,2734,1.7,0.005284207188213869,2.28,A0A8V0X4D8 Q98938 A0A8V0ZBR8 A0A8V0XDR8 A0A1D5NTR5 A0A8V0ZHL4 A0A8V0XUJ8 A0A8V0Y290 A0A8V1AAN6 P02460 A0A8V0Y0F3 A0A1L1RX77 A0A8V0XCW4 A0A8V0ZCF7 A0A1D5P8I8 A0A8V0ZE58 F1NJI3 A0A8V0ZGF6 A0A8V0XXK8 A0A3Q2TU24 A0A8V0YDT4 A0A8V1AFR2 P26652 A0A8V0Y070 A0A8V0Y357 A0A8V0YDD6
Biological Process,regulation of mesenchymal cell proliferation,5,GO:0010464,6,19,255,2734,3.39,0.005931196292836098,2.23,A0A8V0ZKI8 A0A8V1AG56 A0A3Q2TU24 A0A8V0YFT7 Q98938 A0A8V0XMI5
Biological Process,embryonic body morphogenesis,4,GO:0010172,6,19,255,2734,3.39,0.005931196292836098,2.23,A0A8V0ZJ97 A0A1D5NTR5 A0A8V0ZHL4 A0A3Q2UHS2 A0A8V0XE48 A0A8V0YRG2
Biological Process,body morphogenesis,3,GO:0010171,10,44,255,2734,2.44,0.005937845292533897,2.23,A0A8V0ZKI8 A0A8V0ZJ97 Q98938 A0A1D5NTR5 A0A8V0ZHL4 A0A3Q2UHS2 A0A8V0XE48 A0A8V0YVB6 A0A8V0YRG2 A0A8V0XYK6
Biological Process,developmental growth involved in morphogenesis,3,GO:0060560,14,72,255,2734,2.08,0.006344501700749212,2.2,A0A8V0ZKI8 A0A8V1AG56 A0A8V0Z8V4 A0A8V0Z3U6 P26652 E1C733 A0A8V0YDT5 A0A3Q2UHS2 A0A8V0ZSX6 A0A8V1ACD6 A0A1D5PBZ8 P33005 A0A8V1AAN6 A0A8V1A3H9
Biological Process,carbohydrate derivative catabolic process,4,GO:1901136,14,72,255,2734,2.08,0.006344501700749212,2.2,A0A8V1A9L3 A0A8V1ABA3 F1NTQ2 A0A8V0YZJ3 A0A1D5PMN7 A0A8V0YC89 A0A1L1RX77 A0A8V0YBE2 A0A8V0Z086 A0A8V0XH99 A0A8V0ZCF7 Q9W6H0 A0A8V0ZIF0 A0A8V0YC98
Biological Process,ceramide catabolic process,5,GO:0046514,4,9,255,2734,4.77,0.00638535903261473,2.19,A0A8V0Z086 A0A8V0YC98 F1NTQ2 A0A8V1ABA3
Biological Process,glycosphingolipid catabolic process,6,GO:0046479,4,9,255,2734,4.77,0.00638535903261473,2.19,A0A8V0Z086 A0A8V0YC98 F1NTQ2 A0A8V1ABA3
Biological Process,receptor signaling pathway via STAT,4,GO:0097696,4,9,255,2734,4.77,0.00638535903261473,2.19,A0A8V1A9R2 A0A8V1A7R0 A0A8V0YFT7 A0A8V0ZSN8
Biological Process,receptor signaling pathway via JAK-STAT,5,GO:0007259,4,9,255,2734,4.77,0.00638535903261473,2.19,A0A8V1A9R2 A0A8V1A7R0 A0A8V0YFT7 A0A8V0ZSN8
Biological Process,presynapse organization,4,GO:0099172,4,9,255,2734,4.77,0.00638535903261473,2.19,A0A8V1AG56 A0A8V0Y9F8 A0A8V0YDT5 A0A3Q2UGW3
Biological Process,transcytosis,2,GO:0045056,5,14,255,2734,3.83,0.0067145440778335385,2.17,A0A8V0Y4Q2 A0A8V0YIC3 A0A8V0YG88 A0A1I7Q3Z0 A0A8V1ACV0
Biological Process,growth hormone receptor signaling pathway via JAK-STAT,7,GO:0060397,3,5,255,2734,6.43,0.006957193348861175,2.16,A0A8V1A9R2 A0A8V1A7R0 A0A8V0ZSN8
Biological Process,postsynapse assembly,5,GO:0099068,3,5,255,2734,6.43,0.006957193348861175,2.16,A0A8V1AG56 A0A8V0Y9F8 A0A3Q2UGW3
Biological Process,T cell activation involved in immune response,5,GO:0002286,3,5,255,2734,6.43,0.006957193348861175,2.16,A0A8V1A7R0 A0A8V0ZSX6 A0A8V0XMI5
Biological Process,"phagocytosis, recognition",3,GO:0006910,3,5,255,2734,6.43,0.006957193348861175,2.16,E1C0K5 A0A8V0XEJ0 P01875
Biological Process,regulation of defense response to virus by host,6,GO:0050691,3,5,255,2734,6.43,0.006957193348861175,2.16,A0A8V0ZSX6 A0A8V0YFT7 K9JA28
Biological Process,membrane lipid metabolic process,4,GO:0006643,11,52,255,2734,2.27,0.007063506903513732,2.15,A0A8V0ZSC5 A0A8V0X637 A0A8V1ABA3 A0A8V0XXM5 F1NTQ2 A0A8V0WZN3 A0A8V0Y579 A0A8V0YZJ3 A0A8V0Z086 A0A8V0YC98 A0A8V0YYQ9
Biological Process,endomembrane system organization,4,GO:0010256,6,161,255,2734,0.4,0.0077915189989077125,2.11,A0A8V0ZUA4 A0A8V1ADS4 A0A1D5NTR5 A0A8V1ABC9 A0A8V0YVI8 A0A8V0XYK6
Biological Process,somitogenesis,3,GO:0001756,6,20,255,2734,3.22,0.007824398682726868,2.11,A0A8V0ZKI8 A0A8V1AG56 A0A8V0ZUA4 A0A3Q2UHS2 A0A8V0XXZ4 A0A1D5PZ68
Biological Process,regulation of cell cycle process,5,GO:0010564,6,164,255,2734,0.39,0.007867711743764674,2.1,A0A8V1AG56 A0A1D5P6T3 A0A1D5PBU5 A0A8V0Z9Z7 A0A8V0YW57 A0A8V0XE48
Biological Process,somite development,5,GO:0061053,7,26,255,2734,2.89,0.00788751479401544,2.1,A0A8V0ZKI8 A0A8V1AG56 A0A8V0ZUA4 Q98938 A0A3Q2UHS2 A0A8V0XXZ4 A0A1D5PZ68
Biological Process,somatic stem cell division,4,GO:0048103,7,26,255,2734,2.89,0.00788751479401544,2.1,A0A8V0ZKI8 Q0PVE4 A0A8V0YTK5 A0A8V0XBD4 A0A8V0ZSN8 Q98938 A0A8V1A9R2
Biological Process,negative regulation of cellular component organization,5,GO:0051129,33,227,255,2734,1.56,0.008233375009055466,2.08,A0A8V1AG56 A0A8V1ABA3 A0A8V0XMI5 A0A8V0YDT5 A0A8V0Y290 A0A1I7Q3Z0 A0A8V0YMR1 A0A8V0Y0F3 A0A8V0Z8V4 A0A1I7Q421 A0A8V0YFT7 A0A8V0XM02 A0A1L1RX77 A0A8V0YW57 A0A8V0ZCF7 A0A8V1ACD6 A0A8V0YVB6 A0A8V0ZZZ5 A0A8V0X7P4 Q5ZJW4 Q00649 A0A8V0XE48 A0A8V0XKW4 A0A8V0ZTR7 A0A1D5PBU5 A0A8V0YDT4 A0A8V0Z9Z7 A0A8V1AJI2 A0A8V0YG24 A0A8V0Z938 A0A8V0YLZ8 A0A8V0YRG2 A0A1D5NYA8
Biological Process,positive regulation of transmembrane receptor protein serine/threonine kinase signaling pathway,6,GO:0090100,10,46,255,2734,2.33,0.008256099925858075,2.08,F1NGB8 A0A1I7Q421 A0A8V0X4D8 A0A8V0ZE58 A0A8V0X7P4 A0A8V0Y070 A0A8V0XH99 A0A8V0ZFG7 A0A8V0ZF83 A0A1D5P0D7
Biological Process,motor neuron axon guidance,9,GO:0008045,10,46,255,2734,2.33,0.008256099925858075,2.08,A0A8V0Z8V4 A0A8V0Y070 A0A8V0Y9F8 A0A1D5NTR5 A0A8V0XH99 A0A8V0YDT5 A0A8V1ACD6 A0A1D5PBZ8 A0A1D5PT01 A0A8V0ZF83
Biological Process,negative regulation of delayed rectifier potassium channel activity,8,GO:1902260,2,2,255,2734,10.72,0.008668336361956349,2.06,A0A8V0ZY91 A0A8V0XYK6
Biological Process,chondroblast differentiation,4,GO:0060591,2,2,255,2734,10.72,0.008668336361956349,2.06,A0A8V0ZE58 Q98938
Biological Process,"CD4-positive, alpha-beta T cell differentiation",7,GO:0043367,2,2,255,2734,10.72,0.008668336361956349,2.06,A0A8V1A7R0 A0A8V0XMI5
Biological Process,dendrite regeneration,4,GO:0031104,2,2,255,2734,10.72,0.008668336361956349,2.06,A0A8V0YE20 A0A8V0YIR4
Biological Process,T cell differentiation involved in immune response,6,GO:0002292,2,2,255,2734,10.72,0.008668336361956349,2.06,A0A8V1A7R0 A0A8V0XMI5
Biological Process,negative regulation of dauer entry,8,GO:1905910,2,2,255,2734,10.72,0.008668336361956349,2.06,A0A1D5P6T3 A0A8V0X4D8
Biological Process,"CD4-positive, alpha-beta T cell differentiation involved in immune response",8,GO:0002294,2,2,255,2734,10.72,0.008668336361956349,2.06,A0A8V1A7R0 A0A8V0XMI5
Biological Process,tyrosine phosphorylation of STAT protein,7,GO:0007260,2,2,255,2734,10.72,0.008668336361956349,2.06,A0A8V1A9R2 A0A8V0ZSN8
Biological Process,regulation of dauer entry,8,GO:1905909,2,2,255,2734,10.72,0.008668336361956349,2.06,A0A1D5P6T3 A0A8V0X4D8
Biological Process,positive regulation of long-term neuronal synaptic plasticity,6,GO:0048170,2,2,255,2734,10.72,0.008668336361956349,2.06,A0A8V0YRG2 A0A8V0ZDW7
Biological Process,primitive streak formation,3,GO:0090009,2,2,255,2734,10.72,0.008668336361956349,2.06,A0A8V0ZKI8 A0A8V1AG56
Biological Process,alpha-beta T cell differentiation involved in immune response,7,GO:0002293,2,2,255,2734,10.72,0.008668336361956349,2.06,A0A8V1A7R0 A0A8V0XMI5
Biological Process,activation of Janus kinase activity,7,GO:0042976,2,2,255,2734,10.72,0.008668336361956349,2.06,A0A8V1A9R2 A0A8V0ZSN8
Biological Process,alpha-beta T cell activation involved in immune response,6,GO:0002287,2,2,255,2734,10.72,0.008668336361956349,2.06,A0A8V1A7R0 A0A8V0XMI5
Biological Process,T-helper cell differentiation,9,GO:0042093,2,2,255,2734,10.72,0.008668336361956349,2.06,A0A8V1A7R0 A0A8V0XMI5
Biological Process,regulation of delayed rectifier potassium channel activity,7,GO:1902259,2,2,255,2734,10.72,0.008668336361956349,2.06,A0A8V0ZY91 A0A8V0XYK6
Biological Process,membrane lipid catabolic process,5,GO:0046466,5,15,255,2734,3.57,0.009318331475215115,2.03,A0A8V0X637 A0A8V1ABA3 F1NTQ2 A0A8V0Z086 A0A8V0YC98
Biological Process,embryonic camera-type eye development,5,GO:0031076,4,10,255,2734,4.29,0.009871741569554147,2.01,A0A8V0ZKI8 A0A8V1AG56 Q98938 A0A1D5P0D7
Biological Process,apical constriction,5,GO:0003383,4,10,255,2734,4.29,0.009871741569554147,2.01,A0A8V1A9R2 A0A1D5PBZ8 A0A8V0XE48 A0A8V0ZSN8
Biological Process,branching involved in mammary gland duct morphogenesis,5,GO:0060444,4,10,255,2734,4.29,0.009871741569554147,2.01,A0A8V0ZKI8 E1C733 A0A1I7Q3Z0 A0A8V1AG56
Biological Process,keratan sulfate catabolic process,5,GO:0042340,4,10,255,2734,4.29,0.009871741569554147,2.01,A0A8V0YZJ3 F1NTQ2 Q9W6H0 A0A8V0YC89
Biological Process,regulation of cellular response to growth factor stimulus,4,GO:0090287,18,107,255,2734,1.8,0.010499002012242194,1.98,A0A8V1AG56 A0A8V0Y0F3 A0A8V0X4D8 A0A8V0YQ88 Q98938 A0A8V0ZE58 A0A8V0X7P4 A0A8V0Y070 A0A1L1RX77 A0A8V0XPE8 A0A3Q2TT95 A0A8V0XH99 A0A8V0ZFG7 A0A8V0YRF2 A0A8V0Y290 A0A8V0ZF83 A0A8V0ZDW7 A0A1D5P0D7
Biological Process,ameboidal-type cell migration,4,GO:0001667,22,139,255,2734,1.7,0.010499133090869958,1.98,A0A8V1AG56 A0A8V0XBD4 Q98938 A0A8V0YDU6 A0A8V0XMI5 A0A8V0YDT5 A0A3Q2UHS2 A0A1D5PBZ8 A0A8V0YVI8 A0A8V0Z8V4 A0A8V1ACD6 A0A8V0YIC3 Q0PVE4 A0A8V0Y699 A0A8V0YXI7 A0A8V1ADF6 A0A8V0ZKI8 A0A8V0ZSN8 A0A8V0YDT4 A0A8V1A9R2 A0A8V0YDD6 A0A1D5PZ68
Biological Process,skeletal system development,4,GO:0001501,22,139,255,2734,1.7,0.010499133090869958,1.98,A0A8V1AG56 Q98938 A0A8V0ZSD7 A0A1I7Q3Z0 P02460 A0A1I7Q421 A0A1D5P480 F1NTQ2 A0A1D5P8I8 A0A1D5P0D7 A0A8V0Z189 A0A8V0ZE58 A0A8V1ABC9 A0A8V0Z8N6 A0A8V0ZJD3 A0A8V0ZKI8 A0A3Q2TU24 A0A8V0X9N1 A0A8V0YF36 A0A8V0Y070 A0A8V0YLZ8 A0A8V0ZD24
Biological Process,regulation of vasculature development,5,GO:1901342,17,96,255,2734,1.9,0.010761152645762644,1.97,A0A8V1AG56 A0A8V0Y0F3 A0A8V1AHP7 A0A8V0YFT7 A0A8V0ZSG8 A0A1L4FLS3 A0A8V0ZE58 E1C733 A0A8V0XMI5 A0A1L1RX77 Q00649 A0A8V0ZCF7 A0A8V0XE48 A0A8V1ABC9 A0A8V0Y290 A0A8V1A7R0 A0A8V1A8L5
Biological Process,extracellular structure organization,4,GO:0043062,27,179,255,2734,1.62,0.010762111447137738,1.97,A0A8V0X4D8 Q98938 A0A8V0ZBR8 A0A8V0XDR8 A0A1D5NTR5 A0A8V0ZHL4 A0A8V0XUJ8 A0A8V0Y290 A0A8V1AAN6 P02460 A0A8V0Y0F3 A0A1L1RX77 A0A8V0XCW4 A0A8V0ZCF7 A0A1D5P8I8 A0A8V0ZE58 F1NJI3 A0A8V0Y9F8 A0A8V0ZGF6 A0A8V0XXK8 A0A3Q2TU24 A0A8V0YDT4 A0A8V1AFR2 P26652 A0A8V0Y070 A0A8V0Y357 A0A8V0YDD6
Biological Process,microtubule-based process,2,GO:0007017,14,273,255,2734,0.55,0.0111806474719627,1.95,A0A8V0ZBM0 Q0PVE4 A0A8V0YTK5 A0A8V0XBD4 A0A1D5PBU5 A0A8V0XZH4 A0A8V0Z3U6 A0A8V0ZUU4 A0A1D5NTR5 Q00649 A0A8V0XE48 A0A1D5PBZ8 A0A8V0ZE30 A0A8V0YVI8
Biological Process,reproductive structure development,3,GO:0048608,25,162,255,2734,1.65,0.011240772557573324,1.95,A0A8V1AG56 Q98938 A0A8V0XMI5 A0A8V0XDR8 A0A1D5NTR5 A0A8V0YGN2 A0A1I7Q3Z0 A0A8V1AAN6 A0A1D5P6T3 A0A8V0Z8V4 A0A1I7Q421 A0A1L1RX77 A0A8V0YW57 A0A8V0ZCF7 A0A8V0YVB6 Q0PVE4 A0A8V0ZE58 A0A8V0ZY91 A0A8V1ABC9 A0A8V0Z8N6 A0A8V0ZY56 A0A8V0ZKI8 A0A3Q2TU24 A0A8V0ZUA4 A0A1D5PSI3
Biological Process,reproductive system development,4,GO:0061458,25,163,255,2734,1.64,0.011527803222823766,1.94,A0A8V1AG56 Q98938 A0A8V0XMI5 A0A8V0XDR8 A0A1D5NTR5 A0A8V0YGN2 A0A1I7Q3Z0 A0A8V1AAN6 A0A1D5P6T3 A0A8V0Z8V4 A0A1I7Q421 A0A1L1RX77 A0A8V0YW57 A0A8V0ZCF7 A0A8V0YVB6 Q0PVE4 A0A8V0ZE58 A0A8V0ZY91 A0A8V1ABC9 A0A8V0Z8N6 A0A8V0ZY56 A0A8V0ZKI8 A0A3Q2TU24 A0A8V0ZUA4 A0A1D5PSI3
Biological Process,protein processing,5,GO:0016485,13,70,255,2734,1.99,0.011974834261939859,1.92,A0A8V0X4D8 A0A8V0XA92 Q98938 A0A8V0Y070 A0A8V0ZP32 A0A8V0YLI1 A0A8V0YSF6 P15120 A0A8V0YVB6 A0A8V0YDL8 P28687 A0A8V0ZF83 A0A8V0XKW4
Biological Process,retinal ganglion cell axon guidance,9,GO:0031290,5,16,255,2734,3.35,0.01254248695552865,1.9,A0A8V0Z8V4 A0A8V0YDT5 A0A1D5PBZ8 A0A8V0YRG2 A0A1D5P0D7
Biological Process,regulation of multicellular organismal development,4,GO:2000026,70,581,255,2734,1.29,0.012695678774005723,1.9,A0A8V1AG56 A0A8V1A9L3 A0A8V0X4D8 Q98938 A0A8V0XMI5 A0A8V0ZUU4 A0A8V0Y0X2 A0A8V0XH99 A0A8V0YDT5 A0A1D5PBZ8 P15120 A0A8V0XUJ8 A0A8V0Y290 A0A8V1A0B4 A0A1I7Q3Z0 A0A8V0YMR1 A0A8V1A3H9 A0A1D5P6T3 A0A8V0Z8V4 A0A1I7Q421 A0A8V0YFT7 A0A8V0Y0F3 A0A8V0ZSG8 A0A8V0YQ88 E1C733 A0A1L1RX77 A0A8V0YW57 A0A8V0YLI1 A0A8V0ZSX6 A0A8V0ZCF7 A0A8V1ACD6 A0A8V0YVB6 A0A8V1A7R0 A0A1D5P0D7 A0A8V0Y4Q2 A0A8V0ZZZ5 A0A8V0Z189 A0A1L4FLS3 A0A8V0ZE58 A0A8V0X7P4 A0A3Q2TT95 Q00649 A0A1D5PDV9 A0A8V0XE48 A0A8V0Y699 A0A8V1ABC9 A0A8V0ZRP2 A0A8V0XXK8 A0A8V0ZDW7 A0A8V0ZKI8 A0A3Q2TU24 A0A8V0XM98 A0A8V1AHP7 A0A8V0ZTR7 A0A1D5PBU5 A0A8V0ZSN8 A0A8V1A3S8 A0A8V1A9R2 A0A8V0Z3U6 A0A8V0Z9Z7 A0A1D5PSI3 A0A8V1AJI2 A0A1D5PT01 A0A8V0Z938 A0A8V0YDD6 A0A8V0YG24 A0A8V0XMV0 A0A8V0YRG2 A0A8V1A8L5 A0A1D5PZ68
Biological Process,heterocycle metabolic process,3,GO:0046483,35,534,255,2734,0.7,0.01279931221494531,1.89,A0A8V1A9L3 A0A8V0ZRZ8 A0A8V0XMI5 Q6ITC7 A0A8V1A0B4 A0A1D5PXI1 A0A8V0ZEC1 A0A8V0YFT7 A0A8V0XCD2 A0A1D5P480 A0A8V1A8R2 A0A3Q2TTB3 A0A8V0XXW6 A0A8V0YW57 A0A8V0ZXC9 A0A8V1A7R0 A0A1D5P692 A0A8V0XPN5 A0A8V0ZY91 A0A8V0Y9F8 A0A8V0ZE30 A0A8V0YXI7 A0A8V0ZY56 A0A8V0ZJD3 A0A8V0ZJ97 A0A1D5NT61 A0A1D5PSI3 A0A1D5PMN7 A0A8V0YC20 A0A8V0YBE2 A0A8V0Z938 A0A8V0YQC4 A0A8V1A7Y9 A0A8V1A8L5 A0A8V0YWM3
Biological Process,cell migration,3,GO:0016477,42,314,255,2734,1.43,0.012867769229583909,1.89,A0A8V1AG56 A0A8V0XBD4 Q98938 A0A8V0ZBR8 A0A8V0YDU6 A0A8V0XMI5 A0A8V0ZUU4 A0A1D5NTR5 A0A8V0YDT5 A0A3Q2UHS2 A0A1D5PBZ8 P15120 A0A8V0Y290 A0A1I7Q3Z0 A0A8V0YVI8 A0A8V0Y0F3 A0A8V0Z8V4 A0A8V0YK18 F1NTQ2 E1C733 A0A8V0ZCF7 A0A8V1ACD6 A0A8V0YIC3 A0A8V0XA92 Q0PVE4 A0A8V0YE20 A0A8V0ZE58 A0A8V0X7P4 A0A8V0Y699 A0A8V1ABC9 A0A8V0YXI7 A0A8V1ADF6 A0A8V0ZKI8 A0A8V0YWI5 A0A8V0ZSN8 A0A8V0YDT4 A0A8V0YIR4 A0A8V1A9R2 A0A8V0Y357 A0A8V0YDD6 P33005 A0A1D5PZ68
Biological Process,growth hormone receptor signaling pathway,6,GO:0060396,3,6,255,2734,5.36,0.012960513905976235,1.89,A0A8V1A9R2 A0A8V1A7R0 A0A8V0ZSN8
Biological Process,notochord morphogenesis,5,GO:0048570,3,6,255,2734,5.36,0.012960513905976235,1.89,A0A8V1AG56 A0A8V0XXZ4 A0A3Q2UHS2
Biological Process,negative regulation of alpha-beta T cell differentiation,9,GO:0046639,3,6,255,2734,5.36,0.012960513905976235,1.89,A0A8V1A9R2 Q98938 A0A8V0XMI5
Biological Process,positive regulation of interferon-alpha production,7,GO:0032727,3,6,255,2734,5.36,0.012960513905976235,1.89,A0A1L4FLS3 A0A8V0YFT7 A0A8V0XMI5
Biological Process,embryonic camera-type eye morphogenesis,6,GO:0048596,3,6,255,2734,5.36,0.012960513905976235,1.89,A0A8V0ZKI8 A0A8V1AG56 Q98938
Biological Process,sex differentiation,3,GO:0007548,21,132,255,2734,1.71,0.013037260863868725,1.88,A0A8V1AG56 Q98938 A0A8V0XMI5 A0A8V0XDR8 A0A1D5NTR5 A0A8V0YGN2 A0A1I7Q3Z0 A0A1D5P6T3 A0A8V0Z8V4 A0A1I7Q421 A0A8V0YW57 A0A8V0ZCF7 A0A8V0YVB6 Q0PVE4 A0A8V0ZY91 A0A8V1ABC9 A0A8V0ZY56 A0A8V0ZKI8 A0A3Q2TU24 A0A1D5PSI3 P33005
Biological Process,neuron migration,4,GO:0001764,11,54,255,2734,2.18,0.014252528755023634,1.85,A0A8V0Z8V4 A0A8V0YWI5 A0A8V0ZBR8 A0A8V0YIR4 A0A8V0YE20 A0A8V0ZUU4 A0A8V0Y357 A0A3Q2UHS2 A0A1D5PBZ8 P33005 A0A1I7Q3Z0
Biological Process,glycolipid catabolic process,5,GO:0019377,4,11,255,2734,3.9,0.014393361044006832,1.84,A0A8V0Z086 A0A8V0YC98 F1NTQ2 A0A8V1ABA3
Biological Process,peptidyl-tyrosine autophosphorylation,7,GO:0038083,4,11,255,2734,3.9,0.014393361044006832,1.84,A0A8V1A9R2 A0A1D5P6T3 A0A1I7Q3Z0 A0A8V0ZSN8
Biological Process,regulation of mitochondrial depolarization,5,GO:0051900,4,11,255,2734,3.9,0.014393361044006832,1.84,A0A8V0YLZ8 A0A1L1RX77 A0A1I7Q3Z0 A0A8V0YWI5
Biological Process,post-anal tail morphogenesis,3,GO:0036342,4,11,255,2734,3.9,0.014393361044006832,1.84,A0A8V0ZKI8 A0A8V0ZUA4 A0A8V1AG56 A0A8V0Y070
Biological Process,neurogenesis,4,GO:0022008,68,564,255,2734,1.29,0.014661247105633038,1.83,A0A8V1AG56 A0A8V1A9L3 A0A8V0X4D8 A0A8V0XBD4 Q98938 A0A8V0ZBR8 A0A8V0YDU6 A0A8V0XMI5 P33005 A0A1D5NTR5 A0A8V0XDR8 A0A8V0XH99 A0A3Q2UHS2 A0A8V0YDL8 A0A8V0YDT5 A0A8V0ZUU4 A0A1D5PBZ8 A0A8V0Y0X2 A0A1I7Q3Z0 A0A8V0YMR1 A0A8V1AAN6 A0A8V0YVI8 A0A8V0XYK6 A0A8V0Z8V4 A0A1I7Q421 A0A8V0YTK5 A0A8V0YUF6 A0A8V0ZSG8 A0A3Q2UGW3 F1NTQ2 A0A8V0ZSX6 A0A8V1ACD6 A0A8V0YVB6 A0A8V1A7R0 A0A1D5P0D7 A0A8V0ZZZ5 Q0PVE4 A0A8V0YRN1 A0A8V0YE20 A0A3Q2TT95 A0A8V0Y9F8 Q00649 A0A8V0XE48 A0A8V1ABC9 A0A8V0XKW4 A0A8V0ZF83 A0A8V1ADF6 A0A8V0ZDW7 A0A8V0ZKI8 A0A8V0XM98 A0A8V0YWI5 A0A8V1A3S8 A0A8V0ZSN8 A0A8V0YIR4 A0A8V1A9R2 A0A8V0Z3U6 A0A1D5PSI3 A0A8V0Y070 A0A8V1AJI2 A0A8V0Y357 A0A8V0Z938 A0A8V0YDD6 A0A1D5PT01 Q9W6H0 A0A8V0YLZ8 A0A8V0YRG2 A0A1D5PZ68 A0A8V0YWM3
Biological Process,lymphocyte differentiation,4,GO:0030098,7,29,255,2734,2.59,0.01469078658332207,1.83,A0A8V0ZSN8 A0A8V0ZSG8 A0A8V1A9R2 A0A8V0XMI5 A0A8V0YW57 A0A8V1A7R0 A0A8V0ZEJ3
Biological Process,negative regulation of axonogenesis,6,GO:0050771,7,29,255,2734,2.59,0.01469078658332207,1.83,A0A8V1AG56 A0A8V0Z8V4 A0A8V0ZZZ5 A0A8V0YDT5 A0A8V1ACD6 A0A8V0YRG2 A0A8V0YMR1
Biological Process,glial cell migration,4,GO:0008347,7,29,255,2734,2.59,0.01469078658332207,1.83,A0A8V0Z8V4 Q98938 A0A8V0YIR4 F1NTQ2 A0A8V0YE20 A0A8V0YDD6 A0A8V0YVI8
Biological Process,multicellular organism development,2,GO:0007275,151,1417,255,2734,1.14,0.014781060818836497,1.83,A0A8V1A9L3 A0A8V1ABA3 A0A8V1AEJ4 A0A8V0XEP8 A0A8V0Z4R1 A0A1D5NTR5 A0A8V0YGN2 A0A8V0YDT5 A0A3Q2UHS2 A0A1D5PBZ8 P15120 A0A8V0YQU2 A0A8V0ZEJ3 A0A8V0Z8V4 A0A8V0YTK5 A0A1D5P480 A0A1L1RX77 A0A8V0XPE8 A0A8V0YW57 Q5ZJ73 A0A8V1ACD6 A0A8V0YHL6 A0A8V1A7R0 A0A8V0Y4Q2 A0A8V0Y579 A0A8V0Y9F8 A0A8V0XE48 A0A8V0Y699 A0A8V0YXI7 A0A8V0YYQ9 A0A8V0XXK8 A0A8V0ZJD3 F1NGB8 A0A3Q2TU24 A0A8V0ZJ97 A0A8V0Y478 A0A8V0XM98 A0A8V0ZSN8 A0A8V0ZUA4 A0A8V0YIR4 A0A8V1A9R2 A0A8V0ZTR7 A0A8V0YF36 A0A1D5PSI3 A0A8V0Y070 A0A8V0Y357 Q9W6H0 A0A8V0ZD24 A0A8V1AG56 A0A8V0XXM5 A0A8V0XMI5 A0A8V0XDR8 A0A8V0ZUU4 A0A8V0XH99 A0A8V1A0B4 A0A1I7Q3Z0 A0A8V0ZH96 P02460 A0A8V0Y0F3 A0A8V0YUF6 A0A8V0X637 F1NTQ2 A0A8V0Z3Q9 A0A1D5PEW1 A0A8V0XCW4 A0A8V0XS21 A0A1D5P0D7 A0A8V0ZZZ5 A0A8V0XA92 Q0PVE4 A0A8V0ZE58 Q00649 A0A1D5PDV9 A0A8V1ABC9 A0A8V0XKW4 A0A8V0ZRP2 A0A8V0ZE30 A0A8V1ADF6 A0A8V0YWI5 A0A8V1AFR2 P26652 A0A8V1AJI2 A0A1D5PT01 P33005 A0A8V0YRG2 A0A8V0X4D8 A0A8V0XBD4 A0A8V0ZBR8 A0A8V0Y0X2 A0A8V0ZHL4 A0A8V0ZIF0 A0A8V0YG88 A0A8V0YVI8 A0A8V0XYK6 A0A8V0YFT7 A0A8V0ZSG8 E1C733 A0A8V1A8R2 A0A8V0ZSX6 A0A1D5P8I8 A0A8V0YRN1 A0A8V0ZY91 A0A8V0ZY42 A0A8V0YPB9 A0A8V1ALI6 A0A8V0XXZ4 A0A1D5PLP1 A0A8V0ZF83 A0A8V0ZY56 A0A1D5PGC2 A0A8V0ZKI8 A0A8V0YDT4 A0A8V0X9N1 A0A8V0Z3U6 A0A8V0YQC4 A0A8V0YDL8 A0A8V0YLZ8 Q98938 A0A8V0YDU6 A0A8V0ZSD7 A0A8V0ZFG7 A0A8V0XUJ8 A0A8V0Y290 A0A8V0YMR1 A0A8V1AAN6 A0A8V1A3H9 A0A1D5P6T3 F1NXR0 A0A1I7Q421 A0A3Q2UGW3 A0A8V0XM02 A0A8V0WZN3 A0A8V0ZCF7 A0A8V0YVB6 A0A8V0YIC3 A0A1D5P692 A0A8V0Z189 A0A8V0YE20 A0A3Q2TT95 A0A8V0Y6D2 A0A8V0ZJJ7 A0A8V0Z8N6 A0A8V0ZDW7 A0A1D5NT61 A0A8V1A3S8 A0A8V0Z9Z7 A0A8V0Z938 A0A8V0YDD6 A0A8V1AM47 A0A1D5PZ68 A0A8V0YWM3
Biological Process,anatomical structure morphogenesis,2,GO:0009653,95,830,255,2734,1.23,0.014863306384719995,1.83,A0A8V1A9L3 A0A8V1ABA3 A0A1D5NTR5 A0A8V0YQU2 A0A8V0YDT5 A0A3Q2UHS2 A0A1D5PBZ8 P15120 A0A8V0Z8V4 A0A1L1RX77 A0A8V1ACD6 A0A8V1A7R0 A0A8V0Y9F8 A0A8V0XE48 A0A8V0Y699 A0A8V0YXI7 F1NGB8 A0A3Q2TU24 A0A8V0XM98 A0A8V0ZJ97 A0A8V0ZTR7 A0A8V0ZSN8 A0A8V0ZUA4 A0A8V0YIR4 A0A8V1A9R2 A0A1D5PSI3 A0A8V0Y070 A0A8V0Y357 Q9W6H0 A0A8V1AG56 A0A8V0XMI5 A0A8V0XDR8 A0A8V0ZUU4 A0A8V0XH99 A0A8V1A0B4 A0A1I7Q3Z0 P02460 A0A8V0Y0F3 A0A8V0YUF6 A0A8V0Z3Q9 A0A1D5PEW1 A0A8V0XS21 A0A1D5P0D7 A0A8V0ZZZ5 A0A8V0XA92 Q0PVE4 A0A8V0ZE58 A0A8V1ABC9 A0A8V1ADF6 A0A8V0YWI5 A0A8V1AFR2 P26652 A0A1D5PT01 P33005 A0A8V0YRG2 A0A8V0X4D8 A0A8V0XBD4 A0A8V0ZBR8 A0A8V0Y0X2 A0A8V0ZHL4 A0A8V0XYK6 A0A8V0ZSG8 E1C733 A0A8V0ZSX6 A0A1D5P8I8 A0A8V0YRN1 A0A8V1ALI6 A0A8V0XXZ4 A0A1D5PLP1 A0A8V0ZF83 A0A8V0ZKI8 A0A8V0YDT4 A0A8V0X9N1 A0A8V0Z3U6 Q98938 A0A8V0YDU6 A0A8V0XUJ8 A0A8V0Y290 A0A8V0ZEC1 A0A8V1A3H9 A0A8V1AAN6 A0A1D5P6T3 A0A1I7Q421 A0A8V0XM02 A0A8V0ZCF7 A0A8V0YVB6 A0A8V0YIC3 A0A8V0Z189 A0A8V0YE20 A0A8V0Z8N6 A0A8V0ZDW7 A0A8V1A3S8 A0A8V0Z938 A0A8V0YDD6 A0A1D5PZ68
Biological Process,peptidyl-tyrosine phosphorylation,6,GO:0018108,9,43,255,2734,2.24,0.01537780299146712,1.81,A0A1D5P6T3 A0A8V0ZSN8 A0A8V1A3N1 A0A8V0Z189 A0A8V1A9R2 A0A1D5PT01 A0A8V0XXZ4 A0A8V0YRG2 A0A1I7Q3Z0
Biological Process,proteoglycan biosynthetic process,6,GO:0030166,8,36,255,2734,2.38,0.01539490632320245,1.81,F1NGB8 Q98938 A0A1D5P201 E1C3Z8 A0A1L1RX77 A0A8V0Z938 E1C2T4 A0A8V0YXI7
Biological Process,regulation of cell adhesion,4,GO:0030155,31,221,255,2734,1.5,0.01567087273460558,1.8,A0A8V1AG56 Q98938 A0A8V0XMI5 A0A8V0ZUU4 A0A1D5NTR5 A0A8V0YDT5 P15120 A0A8V0Y290 A0A8V1A0B4 A0A1I7Q3Z0 A0A8V1AAN6 A0A8V0XYK6 A0A8V0Y0F3 A0A8V0Z8V4 A0A1D5PEW1 A0A8V0XCW4 A0A8V0YLI1 A0A8V0ZZZ5 A0A8V0ZE58 A0A3Q2TT95 A0A8V0XE48 A0A8V1ABC9 A0A8V0ZDW7 Q92182 A0A8V1A3S8 A0A8V0YDT4 A0A8V1A9R2 P26652 A0A8V0Y357 A0A8V0YDD6 A0A8V0YLZ8
Biological Process,nucleoside phosphate metabolic process,4,GO:0006753,11,222,255,2734,0.53,0.01597398876491288,1.8,A0A8V0ZJD3 A0A8V1A9L3 A0A8V0XCD2 A0A1D5NT61 A0A8V0ZRZ8 A0A8V0YC20 A0A8V0YBE2 A0A8V0Y9F8 A0A8V0YW57 A0A8V1A0B4 A0A8V0YWM3
Biological Process,regulation of glucose metabolic process,5,GO:0010906,6,23,255,2734,2.8,0.016062079014789024,1.79,A0A1D5P6T3 A0A1D5P480 A0A8V0XMI5 A0A8V0YY90 A0A1I7Q3Z0 A0A8V1A3H9
Biological Process,retina morphogenesis in camera-type eye,3,GO:0060042,6,23,255,2734,2.8,0.016062079014789024,1.79,A0A8V0ZKI8 A0A8V0ZZZ5 Q98938 A0A8V0Z3Q9 A0A8V0Y0X2 A0A1D5P0D7
Biological Process,cell communication,2,GO:0007154,109,979,255,2734,1.19,0.016389326891451582,1.79,A0A8V0Y8Q2 A0A8V1ABA3 A0A8V0XEP8 A0A1D5NTR5 A0A8V0YDT5 A0A3Q2UHS2 A0A1D5PBZ8 P15120 A0A8V0XEJ0 A0A8V0ZEJ3 A0A8V1ACV0 A0A8V0Z8V4 A0A1D5P480 A0A1L1RX77 A0A8V0XPE8 A0A8V0YW57 A0A8V0YHL6 A0A8V1ACD6 A0A8V1A7R0 A0A8V0Y4Q2 A0A8V1A3N1 A0A8V0X7P4 A0A8V0XW00 A0A8V0XE48 A0A8V0Y699 A0A8V0YXI7 F1NGB8 A0A3Q2TU24 A0A8V0XM98 A0A8V1AHP7 A0A8V0Y478 A0A8V0ZTR7 A0A8V0ZSN8 A0A8V0ZUA4 A0A8V1A9R2 A0A8V0YF36 A0A1D5PSI3 A0A8V0Y070 A0A8V0Y357 A0A8V1AG56 A0A8V0Z6E4 A0A8V0XMI5 A0A8V0ZUU4 A0A8V0XH99 A0A8V1A0B4 A0A1I7Q3Z0 A0A1D5PXI1 P02460 A0A8V0X637 A0A1D5NYS2 A0A1D5PEW1 A0A8V0ZXC9 A0A8V1A6B5 A0A1D5P7Y2 A0A1D5P0D7 A0A8V0ZZZ5 A0A8V0XA92 A0A8V0ZRV9 A0A8V0ZE58 Q5ZJW4 Q00649 A0A1D5PDV9 A0A8V1ABC9 A0A8V0XKW4 A0A8V0ZRP2 A0A8V1ADF6 A0A8V0YWI5 A0A8V1AJI2 A0A1D5PT01 P33005 A0A8V0YRG2 A0A8V0X4D8 A0A8V0XBD4 A0A8V0ZBR8 A0A8V0YBZ6 A0A8V0XYK6 A0A8V0YFT7 A0A8V0ZSG8 A0A8V0YK18 E1C733 A0A8V0ZSX6 A0A8V0ZY91 A0A8V0Y8I0 A0A8V0XXZ4 A0A8V0ZF83 A0A8V0ZKI8 A0A8V0Y652 A0A8V0YDL8 A0A8V0YLZ8 P01875 Q98938 A0A8V0YDU6 A0A8V0ZSD7 A0A8V0XWF0 A0A8V0XUJ8 A0A8V1AAN6 A0A8V0ZYI9 A0A8V1A3H9 A0A1D5P6T3 A0A1I7Q421 A0A8V0YQ88 A0A8V0YLI1 A0A8V0YIC3 A0A1L4FLS3 K9JA28 A0A1D5PMN7 A0A8V0YDD6 A0A1D5PZ68 A0A8V0YWM3
Biological Process,dorsal/ventral axon guidance,9,GO:0033563,5,17,255,2734,3.15,0.0164459530949963,1.78,A0A8V0YUF6 A0A8V0Z8V4 A0A8V0YRN1 A0A1D5PBZ8 A0A8V0XYK6
Biological Process,hindgut morphogenesis,3,GO:0007442,5,17,255,2734,3.15,0.0164459530949963,1.78,A0A8V1AG56 A0A8V0ZSN8 Q98938 A0A8V1A9R2 A0A8V0YDU6
Biological Process,segmentation,4,GO:0035282,16,94,255,2734,1.82,0.016931987963762645,1.77,A0A8V0ZKI8 A0A8V1AG56 Q98938 A0A8V0ZSN8 A0A8V0ZUA4 A0A8V1A9R2 A0A8V0Y070 A0A8V0XMI5 A0A8V0ZUU4 A0A8V0XH99 A0A3Q2UHS2 A0A8V1ACD6 A0A8V0XXZ4 A0A8V0YXI7 A0A8V0ZF83 A0A1D5PZ68
Biological Process,embryonic morphogenesis,3,GO:0048598,35,256,255,2734,1.47,0.017169367477826967,1.77,A0A8V1AG56 A0A8V0XBD4 Q98938 A0A1D5NTR5 A0A8V0ZHL4 A0A3Q2UHS2 A0A1D5PBZ8 A0A8V1A0B4 P02460 A0A8V0Z8V4 A0A1I7Q421 A0A8V0XS21 A0A1D5P8I8 A0A1D5P0D7 Q0PVE4 A0A8V0ZE58 A0A8V0XE48 A0A8V0Y699 A0A8V0XXZ4 A0A8V0YXI7 A0A8V0ZF83 A0A8V0ZKI8 F1NGB8 A0A8V0ZJ97 A0A8V0ZTR7 A0A8V0ZSN8 A0A8V0YDT4 A0A8V0X9N1 A0A8V1A9R2 A0A8V0ZUA4 A0A8V1AFR2 A0A8V0Y070 A0A8V0YDD6 P33005 A0A8V0YRG2
Biological Process,response to corticosteroid,5,GO:0031960,14,80,255,2734,1.88,0.017552515928031438,1.76,A0A8V1AG56 A0A1D5P6T3 A0A8V0Z6E4 A0A8V1ABA3 A0A1D5P692 A0A8V0XMI5 A0A8V0ZP32 A0A8V0YDD6 A0A8V0ZJJ7 A0A8V1ABC9 A0A8V0Z8N6 A0A8V0YDL8 A0A1I7Q3Z0 A0A8V0YWM3
Biological Process,gastrulation,4,GO:0007369,16,95,255,2734,1.81,0.017752092757117366,1.75,A0A8V0ZKI8 A0A8V1AG56 A0A8V0Z8V4 Q0PVE4 A0A8V0ZTR7 A0A8V0ZSN8 A0A8V1AFR2 A0A8V1A9R2 A0A8V0Y070 A0A8V0YDD6 A0A3Q2UHS2 A0A8V0XE48 A0A1D5PBZ8 A0A8V0YXI7 A0A8V0ZF83 A0A1D5P8I8
Biological Process,transport,3,GO:0006810,83,1078,255,2734,0.83,0.018521548085727358,1.73,A0A8V0ZRZ8 A0A8V1AEJ4 A0A8V0YGN2 A0A3Q2UHS2 R4GGQ4 P15120 A0A8V0XEJ0 A0A8V1ACV0 A0A8V0Z8V4 Q5ZJ73 A0A8V1A3H7 A0A8V1A7R0 E1C0K5 A0A8V0Y4Q2 A0A8V0Y579 A0A8V0X7P4 A0A8V0Z086 A0A8V0Y9F8 A0A8V0XE48 A0A8V0Y699 A0A3Q2TU24 A0A8V0XM98 A0A8V0ZTR7 A0A8V0ZUA4 A0A8V0YF36 A0A8V0XMV0 P28687 A0A8V0ZAP0 A0A8V0XXM5 A0A8V0XMI5 A0A8V0YC89 A0A8V0ZUU4 A0A1I7Q3Z0 A0A8V0ZH96 F1NTQ2 A0A1D5NYS2 A0A8V1A6B5 A0A8V0YLZ5 A0A8V0XS21 A0A8V0XA92 A0A8V0XPN5 A0A8V0YZJ3 Q5ZJW4 Q00649 A0A8V0ZRP2 F1P4D6 A0A1D5PBU5 Q05744 A0A8V1AFR2 P26652 A0A8V0YBE2 A0A8V0X4D8 A0A8V0XBD4 A0A8V0YBZ6 A0A8V0YG88 A0A8V0YVI8 A0A8V0XYK6 E1C733 A0A8V1A8R2 A0A8V1ADS4 A0A8V0ZY91 A0A8V0ZY42 A0A8V1A6Z0 A0A8V0YPB9 A0A8V1ALI6 A0A8V0YHF3 A0A8V0ZKI8 A0A1D5PGC2 P01875 Q6ITC7 A0A8V0ZYI9 A0A3Q2UGW3 A0A8V0XM02 A0A8V0YLI1 A0A8V0ZCF7 A0A8V0YVB6 A0A8V0YIC3 A0A8V0Y6D2 A0A8V0ZJJ7 A0A8V1AEJ0 A0A8V0Z9Z7 A0A8V0YDD6 A0A8V1AM47
Biological Process,regulation of anatomical structure morphogenesis,4,GO:0022603,46,358,255,2734,1.38,0.018865295678040853,1.72,A0A8V1AG56 A0A8V0X4D8 Q98938 A0A8V0XMI5 A0A8V0ZUU4 A0A8V0YDT5 A0A3Q2UHS2 A0A1D5PBZ8 P15120 A0A8V0Y290 A0A8V1A0B4 A0A1I7Q3Z0 A0A8V0YMR1 A0A8V0Y0F3 A0A8V0Z8V4 A0A1I7Q421 A0A8V0YFT7 A0A8V0ZSG8 F1NTQ2 E1C733 A0A1L1RX77 A0A8V0ZCF7 A0A8V1ACD6 A0A8V1A7R0 A0A8V0ZZZ5 A0A1L4FLS3 A0A8V0ZE58 Q00649 A0A8V0XE48 A0A8V1ABC9 A0A8V0ZRP2 Q92182 A0A8V0ZKI8 A0A3Q2TU24 A0A8V1AHP7 A0A8V1A3S8 A0A8V0ZSN8 A0A8V0YDT4 A0A8V1A9R2 A0A8V0Z3U6 A0A1D5PSI3 A0A8V0YDD6 A0A8V0YLZ8 A0A8V0YRG2 A0A8V1A8L5 A0A1D5PZ68
Biological Process,locomotion,1,GO:0040011,58,474,255,2734,1.31,0.018997355136125466,1.72,A0A8V1AG56 A0A8V0XBD4 Q98938 A0A8V0ZBR8 A0A8V1AEJ4 A0A8V0YDU6 A0A8V0XMI5 A0A8V0XDR8 A0A1D5NTR5 A0A8V0ZUU4 A0A8V0XH99 A0A3Q2UHS2 A0A8V0YDT5 P15120 A0A1D5PBZ8 A0A8V0Y290 A0A1I7Q3Z0 A0A8V0YVI8 A0A8V0XYK6 A0A8V0Y0F3 A0A8V0Z8V4 A0A8V0YUF6 A0A8V0YK18 F1NTQ2 E1C733 A0A8V0ZCF7 A0A8V1ACD6 A0A1D5P0D7 A0A8V0YIC3 A0A8V0XA92 Q0PVE4 A0A1D5PMF4 A0A8V0YRN1 A0A8V0YE20 A0A8V0ZE58 A0A8V0X7P4 A0A8V0Y9F8 A0A8V0Y699 A0A8V1ABC9 A0A8V0YXI7 A0A8V0ZF83 A0A8V1ADF6 A0A8V0ZKI8 A0A3Q2TU24 A0A8V0YWI5 A0A1D5PBU5 A0A8V0ZSN8 A0A8V0YDT4 A0A8V0YIR4 A0A8V1A9R2 P26652 A0A8V0Y070 A0A8V0Y357 A0A8V0YDD6 A0A1D5PT01 P33005 A0A8V0YRG2 A0A1D5PZ68
Biological Process,N-acetylglucosamine metabolic process,6,GO:0006044,4,12,255,2734,3.57,0.020037497876046233,1.7,F1NGB8 F1NTQ2 A0A8V0ZXC9 A0A8V0YYQ9
Biological Process,sex determination,3,GO:0007530,4,12,255,2734,3.57,0.020037497876046233,1.7,A0A8V0ZJ97 A0A8V1A9R2 A0A1D5P6T3 A0A8V0ZSN8
Biological Process,positive regulation of cartilage development,5,GO:0061036,4,12,255,2734,3.57,0.020037497876046233,1.7,A0A8V1AG56 A0A8V0ZE58 A0A8V0Z189 A0A1D5P0D7
Biological Process,postsynaptic membrane organization,5,GO:0001941,4,12,255,2734,3.57,0.020037497876046233,1.7,A0A8V0Y9F8 A0A1D5NTR5 A0A8V0X4D8 A0A3Q2UGW3
Biological Process,response to angiotensin,5,GO:1990776,4,12,255,2734,3.57,0.020037497876046233,1.7,A0A8V0YDD6 Q00649 A0A1I7Q3Z0 A0A8V0XE48
Biological Process,developmental process,1,GO:0032502,162,1547,255,2734,1.12,0.020147667975673158,1.7,A0A8V1A9L3 A0A8V1ABA3 A0A8V1AEJ4 A0A8V0XEP8 A0A8V0Z4R1 A0A1D5NTR5 A0A8V0YGN2 A0A8V0YDT5 A0A3Q2UHS2 A0A1D5PBZ8 P15120 A0A8V0YQU2 A0A8V0ZEJ3 A0A8V0Z8V4 A0A8V0YTK5 A0A1D5P480 A0A8V0XXW6 A0A1L1RX77 A0A8V0XPE8 A0A8V0YW57 Q5ZJ73 A0A8V1ACD6 A0A8V0YHL6 A0A8V1A7R0 A0A8V0Y4Q2 A0A8V0Y579 A0A8V0Y9F8 A0A8V0XE48 A0A8V0Y699 A0A8V0YXI7 A0A8V0YYQ9 A0A8V0XXK8 A0A8V0ZJD3 F1NGB8 A0A3Q2TU24 A0A8V0ZJ97 A0A8V0Y478 A0A8V0XM98 A0A8V0ZSN8 A0A8V0ZUA4 A0A8V0YIR4 A0A8V1A9R2 A0A8V0ZTR7 A0A8V0YF36 A0A1D5PSI3 A0A8V0Y070 A0A8V0Y357 Q9W6H0 P28687 A0A8V0ZD24 A0A8V1AG56 A0A8V0Z6E4 A0A8V0XXM5 A0A8V0XMI5 A0A8V0XDR8 A0A8V0ZUU4 A0A8V0XH99 A0A8V1A0B4 A0A1I7Q3Z0 A0A8V0ZH96 P02460 A0A8V0Y0F3 A0A8V0YUF6 A0A8V0X637 F1NTQ2 A0A8V0Z3Q9 A0A1D5PEW1 A0A8V0XCW4 A0A8V0XS21 A0A1D5P0D7 A0A8V0ZZZ5 A0A8V0XA92 Q0PVE4 A0A8V0ZE58 Q00649 A0A1D5PDV9 A0A8V1ABC9 A0A8V0XKW4 A0A8V0ZRP2 A0A8V0ZE30 A0A8V1ADF6 A0A8V0YWI5 A0A1D5PBU5 Q05744 A0A8V1AFR2 P26652 A0A8V1AJI2 A0A1D5PT01 P33005 A0A8V0YRG2 A0A8V0X4D8 A0A8V0XBD4 A0A8V0ZBR8 A0A8V1AFP7 A0A8V0Y0X2 A0A8V0ZHL4 A0A8V0ZIF0 A0A8V0YG88 A0A8V0YVI8 A0A8V0XYK6 A0A8V0YFT7 A0A8V0ZSG8 E1C733 A0A8V1A8R2 A0A8V1ADS4 A0A8V0ZSX6 A0A1D5P8I8 A0A8V0YRN1 A0A8V0ZY91 A0A8V0ZY42 A0A8V0YPB9 A0A8V1ALI6 A0A8V0XXZ4 A0A1D5PLP1 A0A8V0ZF83 A0A8V0ZY56 A0A1D5PGC2 A0A8V0ZKI8 A0A8V0YDT4 A0A8V0X9N1 A0A8V0Z3U6 A0A8V0YQC4 A0A8V0YDL8 A0A8V0YLZ8 Q98938 A0A8V0Y999 A0A8V0YDU6 A0A8V0ZSD7 A0A8V0ZFG7 A0A8V0XUJ8 A0A8V0Y290 A0A8V0ZTC0 A0A8V1AEM5 A0A8V0ZEC1 A0A8V0YMR1 A0A8V1A3H9 A0A8V1AAN6 A0A1D5P6T3 F1NXR0 A0A1I7Q421 A0A3Q2UGW3 A0A8V0XM02 A0A8V0WZN3 A0A8V0ZCF7 A0A8V0YVB6 A0A8V0YIC3 A0A1D5P692 A0A8V0Z189 A0A8V0YE20 A0A3Q2TT95 A0A8V0Y6D2 A0A8V0ZJJ7 A0A8V0Z8N6 A0A8V0ZDW7 A0A1D5NT61 A0A8V1A3S8 A0A8V0Z9Z7 A0A8V0Z938 A0A8V0YDD6 A0A8V1AM47 A0A1D5PZ68 A0A8V0YWM3
Biological Process,generation of neurons,5,GO:0048699,65,542,255,2734,1.29,0.02070388226105199,1.68,A0A8V1AG56 A0A8V1A9L3 A0A8V0X4D8 A0A8V0YLZ8 A0A8V0XBD4 Q98938 A0A8V0ZBR8 A0A8V0YDU6 A0A8V0XMI5 A0A8V0XDR8 A0A1D5NTR5 A0A8V0ZUU4 A0A8V0XH99 A0A3Q2UHS2 A0A8V0YDT5 A0A1D5PBZ8 A0A8V0Y0X2 A0A1I7Q3Z0 A0A8V0YMR1 A0A8V1AAN6 A0A8V0XYK6 A0A8V0Z8V4 A0A1I7Q421 A0A8V0YTK5 A0A8V0YUF6 A0A8V0ZSG8 A0A3Q2UGW3 A0A8V0ZSX6 A0A8V1ACD6 A0A8V0YVB6 A0A8V1A7R0 A0A1D5P0D7 A0A8V0ZZZ5 Q0PVE4 A0A8V0YRN1 A0A8V0YE20 A0A3Q2TT95 A0A8V0Y9F8 Q00649 A0A8V0XE48 A0A8V1ABC9 A0A8V0XKW4 A0A8V0ZF83 A0A8V1ADF6 A0A8V0ZDW7 A0A8V0ZKI8 A0A8V0XM98 A0A8V0YWI5 A0A8V1A3S8 A0A8V0ZSN8 A0A8V0YIR4 A0A8V1A9R2 A0A8V0Z3U6 A0A1D5PSI3 A0A8V0Y070 A0A8V1AJI2 A0A8V0Y357 A0A8V0Z938 A0A8V0YDD6 A0A1D5PT01 Q9W6H0 P33005 A0A8V0YRG2 A0A1D5PZ68 A0A8V0YWM3
Biological Process,organic cyclic compound metabolic process,3,GO:1901360,41,597,255,2734,0.74,0.020730142951624397,1.68,A0A8V1A9L3 F1NBR3 A0A8V0ZRZ8 A0A8V0XMI5 A0A1D5PBZ8 Q6ITC7 A0A8V1A0B4 A0A1D5PXI1 A0A8V0ZEC1 A0A8V0YFT7 A0A8V0XCD2 A0A1D5P480 A0A8V1A8R2 A0A3Q2TTB3 A0A8V0XXW6 A0A8V0YW57 A0A8V0ZXC9 A0A8V1A3H7 A0A8V1A7R0 A0A8V0Y4Q2 A0A1D5P692 A0A8V0XPN5 A0A8V0ZY91 A0A8V0Y9F8 A0A8V0YSF6 A0A8V0ZE30 A0A8V0YXI7 A0A8V0ZY56 A0A8V0ZJD3 A0A8V0ZJ97 A0A1D5NT61 A0A1D5PSI3 A0A1D5PMN7 A0A8V0YC20 A0A8V0YBE2 A0A8V0Z938 A0A8V0YQC4 A0A8V1A7Y9 A0A8V0YRG2 A0A8V1A8L5 A0A8V0YWM3
Biological Process,microtubule-based movement,3,GO:0007018,5,132,255,2734,0.41,0.02082674508915342,1.68,A0A8V0XBD4 A0A1D5PBU5 A0A8V0ZUU4 Q00649 A0A8V0YVI8
Biological Process,nucleotide metabolic process,5,GO:0009117,11,217,255,2734,0.54,0.020846472096179316,1.68,A0A8V0ZJD3 A0A8V1A9L3 A0A8V0XCD2 A0A1D5NT61 A0A8V0ZRZ8 A0A8V0YC20 A0A8V0YBE2 A0A8V0Y9F8 A0A8V0YW57 A0A8V1A0B4 A0A8V0YWM3
Biological Process,regulation of cell communication,4,GO:0010646,92,808,255,2734,1.22,0.02089494183775746,1.68,A0A8V1A9L3 A0A8V1ABA3 A0A8V0YDT5 P15120 A0A8V0ZEJ3 A0A1D5P480 A0A1L1RX77 A0A8V0XPE8 A0A8V1ACD6 A0A8V1A7R0 A0A8V1A3N1 A0A8V0X7P4 A0A8V0Y9F8 A0A8V0YY90 A0A8V0XE48 A0A8V0Y699 F1NGB8 A0A3Q2TU24 A0A8V0XM98 A0A8V0ZTR7 A0A8V0ZSN8 A0A8V0ZUA4 A0A8V1A9R2 A0A1D5PSI3 A0A8V0Y070 A0A8V1AG56 A0A8V0XMI5 A0A8V0XDR8 A0A8V0ZUU4 A0A8V0XH99 A0A8V1A0B4 A0A1I7Q3Z0 P02460 A0A8V0Y0F3 A0A8V0X637 A0A1D5NYS2 A0A1D5PEW1 A0A8V0YRF2 A0A8V0X1T3 A0A8V1A6B5 A0A1D5P0D7 A0A8V0ZZZ5 A0A8V0ZE58 Q00649 A0A8V0YSF6 A0A8V1ABC9 A0A8V0XKW4 A0A8V0ZE30 A0A8V1ADF6 A0A8V0YWI5 P26652 A0A8V1AJI2 A0A8V0YRG2 A0A8V0X4D8 A0A8V0XBD4 A0A8V0YBZ6 A0A8V1AFP7 A0A8V0XYK6 A0A1D5P6Q1 A0A8V0YFT7 A0A8V0ZSG8 A0A8V0ZHX5 E1C733 A0A8V0ZSX6 A0A8V0ZY91 A0A8V0ZF83 A0A8V0ZKI8 A0A8V0YDT4 A0A8V0YLZ8 Q98938 A0A8V0Y999 A0A8V1ACH5 A0A8V0ZFG7 A0A8V0Y290 A0A8V0X097 A0A8V0ZTC0 A0A8V0YMR1 A0A8V0ZYI9 A0A8V1A3H9 A0A1D5P6T3 A0A1I7Q421 A0A8V0YQ88 A0A3Q2UGW3 A0A8V0YLI1 A0A1L4FLS3 A0A3Q2TT95 A0A8V0ZJJ7 A0A8V0Z8N6 A0A8V0ZDW7 A0A1D5NT61 A0A1D5PMN7 A0A8V0YDD6
Biological Process,regulation of membrane depolarization,4,GO:0003254,5,18,255,2734,2.98,0.021080801101247455,1.68,A0A8V0YWI5 A0A1L1RX77 A0A8V0YLZ8 A0A1I7Q3Z0 A0A8V0XYK6
Biological Process,negative regulation of ERK1 and ERK2 cascade,8,GO:0070373,5,18,255,2734,2.98,0.021080801101247455,1.68,A0A8V0Y0F3 A0A8V0YDT4 P26652 A0A8V0Y290 A0A8V0YRG2
Biological Process,mammary gland duct morphogenesis,5,GO:0060603,5,18,255,2734,2.98,0.021080801101247455,1.68,A0A8V0ZKI8 A0A8V1AG56 E1C733 A0A1I7Q3Z0 A0A8V1A3H9
Biological Process,response to pH,3,GO:0009268,5,18,255,2734,2.98,0.021080801101247455,1.68,A0A8V0Y4Q2 A0A8V1ABA3 A0A8V0XXM5 A0A8V0YSF6 A0A1I7Q3Z0
Biological Process,hindgut development,5,GO:0061525,5,18,255,2734,2.98,0.021080801101247455,1.68,A0A8V1AG56 A0A8V0ZSN8 Q98938 A0A8V1A9R2 A0A8V0YDU6
Biological Process,memory,4,GO:0007613,11,59,255,2734,2.0,0.021119976396183522,1.68,A0A8V0ZKI8 A0A1D5P6T3 A0A8V0XM98 A0A1D5NT61 A0A8V0ZSG8 A0A8V1ABA3 A0A8V0ZSN8 A0A8V1A9R2 A0A1D5PMN7 A0A8V0ZSX6 A0A8V0YSF6
Biological Process,positive regulation of mitochondrial depolarization,5,GO:0051901,3,7,255,2734,4.59,0.02113365633610333,1.68,A0A8V0YLZ8 A0A1L1RX77 A0A8V0YWI5
Biological Process,negative regulation of post-embryonic development,5,GO:0048581,3,7,255,2734,4.59,0.02113365633610333,1.68,A0A8V0XUJ8 A0A1D5P6T3 A0A8V0X4D8
Biological Process,negative regulation of T cell differentiation,8,GO:0045581,3,7,255,2734,4.59,0.02113365633610333,1.68,A0A8V1A9R2 Q98938 A0A8V0XMI5
Biological Process,regulation of hemocyte proliferation,4,GO:0035206,3,7,255,2734,4.59,0.02113365633610333,1.68,A0A8V1A9R2 A0A8V1ABC9 A0A8V0ZSN8
Biological Process,regulation of interferon-alpha production,6,GO:0032647,3,7,255,2734,4.59,0.02113365633610333,1.68,A0A1L4FLS3 A0A8V0YFT7 A0A8V0XMI5
Biological Process,regulation of dendrite extension,5,GO:1903859,3,7,255,2734,4.59,0.02113365633610333,1.68,A0A1D5PBZ8 A0A8V0X4D8 A0A1D5PSI3
Biological Process,negative regulation of morphogenesis of an epithelium,5,GO:1905331,3,7,255,2734,4.59,0.02113365633610333,1.68,A0A8V0ZKI8 A0A8V0YFT7 A0A8V1AG56
Biological Process,bone resorption,5,GO:0045453,3,7,255,2734,4.59,0.02113365633610333,1.68,A0A1I7Q3Z0 A0A8V0XEP8 Q98938
Biological Process,positive regulation of erythrocyte differentiation,7,GO:0045648,3,7,255,2734,4.59,0.02113365633610333,1.68,A0A8V1A7R0 A0A8V0YFT7 A0A8V0XMI5
Biological Process,synapse assembly,6,GO:0007416,8,38,255,2734,2.26,0.021142425424948753,1.67,A0A8V1AG56 Q0PVE4 A0A8V0XBD4 A0A3Q2UGW3 A0A8V0Y9F8 A0A1D5NTR5 A0A8V0YDT5 A0A1D5PBZ8
Biological Process,intracellular transport,3,GO:0046907,33,498,255,2734,0.71,0.021312036474641825,1.67,A0A8V0XBD4 A0A8V0YBZ6 A0A8V1AEJ4 R4GGQ4 A0A8V0YG88 Q6ITC7 A0A8V0YVI8 A0A8V0XYK6 A0A8V0ZYI9 A0A8V0Z8V4 A0A8V0XM02 A0A8V1A8R2 A0A8V1ADS4 A0A8V0ZCF7 A0A8V0YVB6 A0A8V1A7R0 A0A8V0YIC3 A0A8V0X7P4 A0A8V0XPN5 Q5ZJW4 A0A8V0Y9F8 Q00649 A0A8V0XE48 A0A8V1AEJ0 A0A8V0ZRP2 A0A1D5PGC2 A0A8V0ZKI8 A0A8V0XM98 A0A8V0ZTR7 A0A8V0ZUA4 A0A8V1AFR2 A0A8V0XMV0 P28687
Biological Process,modification-dependent protein catabolic process,6,GO:0019941,3,100,255,2734,0.32,0.02188078733155955,1.66,A0A8V0ZH96 A0A8V0ZFG7 A0A8V0ZY42
Biological Process,modification-dependent macromolecule catabolic process,5,GO:0043632,3,100,255,2734,0.32,0.02188078733155955,1.66,A0A8V0ZH96 A0A8V0ZFG7 A0A8V0ZY42
Biological Process,nucleotide biosynthetic process,6,GO:0009165,3,101,255,2734,0.32,0.022013951894478682,1.66,A0A8V0ZJD3 A0A8V1A0B4 A0A8V0YC20
Biological Process,regulation of protein stability,3,GO:0031647,3,101,255,2734,0.32,0.022013951894478682,1.66,A0A1I7Q3Z0 A0A3Q2UHS2 A0A8V0ZEC1
Biological Process,positive regulation of angiogenesis,6,GO:0045766,10,50,255,2734,2.14,0.02205569216123898,1.66,A0A8V1AG56 A0A8V1AHP7 A0A8V0ZSG8 A0A1L4FLS3 A0A8V0ZE58 E1C733 A0A8V0XMI5 Q00649 A0A8V1ABC9 A0A8V1A7R0
Biological Process,organophosphate metabolic process,3,GO:0019637,18,312,255,2734,0.62,0.022353374537711485,1.65,A0A8V0ZJD3 A0A3Q2TU24 A0A8V1A9L3 A0A8V0ZSC5 A0A1D5NT61 A0A8V0XCD2 A0A8V0X637 A0A8V0Y579 A0A8V0ZRZ8 F1NTQ2 A0A8V0YC20 A0A8V0YBE2 A0A8V0Y9F8 A0A8V0YW57 A0A8V1ACH5 A0A8V1A0B4 A0A1I7Q3Z0 A0A8V0YWM3
Biological Process,nucleoside phosphate biosynthetic process,5,GO:1901293,3,103,255,2734,0.31,0.022699787625013054,1.64,A0A8V0ZJD3 A0A8V1A0B4 A0A8V0YC20
Biological Process,eye photoreceptor cell differentiation,6,GO:0001754,11,60,255,2734,1.97,0.023147877500443777,1.64,A0A8V0XM98 A0A8V0ZZZ5 Q98938 A0A8V0ZSN8 A0A8V1A9R2 A0A8V0ZUU4 A0A8V0Y0X2 A0A1D5NTR5 A0A8V0YDT5 A0A8V1A7R0 A0A1D5P0D7
Biological Process,positive regulation of cell adhesion,5,GO:0045785,21,139,255,2734,1.62,0.023510199435056514,1.63,A0A8V1AG56 Q98938 A0A8V0XMI5 A0A1D5NTR5 A0A8V0Y290 A0A1I7Q3Z0 A0A8V0XYK6 A0A8V0Y0F3 A0A8V0Z8V4 A0A1D5PEW1 A0A8V0XCW4 A0A8V0YLI1 A0A8V0ZZZ5 A0A8V0ZE58 A0A3Q2TT95 A0A8V1ABC9 A0A8V0YDT4 A0A8V1A9R2 A0A8V0Y357 A0A8V0YDD6 A0A8V0YLZ8
Biological Process,epithelial cell morphogenesis,4,GO:0003382,6,25,255,2734,2.57,0.02406497181512874,1.62,A0A8V0ZSN8 Q98938 A0A8V1A9R2 A0A8V0XE48 A0A1D5PBZ8 A0A8V0Z8N6
Biological Process,negative chemotaxis,4,GO:0050919,6,25,255,2734,2.57,0.02406497181512874,1.62,A0A8V1AG56 A0A3Q2TU24 A0A8V0Z8V4 A0A8V0Y9F8 A0A8V1ACD6 A0A1D5PZ68
Biological Process,detection of virus,4,GO:0009597,2,3,255,2734,7.15,0.024399526582537617,1.61,A0A8V0Y579 A0A1L4FLS3
Biological Process,establishment or maintenance of actin cytoskeleton polarity,4,GO:0030950,2,3,255,2734,7.15,0.024399526582537617,1.61,A0A8V0YDU6 A0A3Q2UHS2
Biological Process,alpha-beta T cell differentiation,6,GO:0046632,2,3,255,2734,7.15,0.024399526582537617,1.61,A0A8V1A7R0 A0A8V0XMI5
Biological Process,midbrain dopaminergic neuron differentiation,6,GO:1904948,2,3,255,2734,7.15,0.024399526582537617,1.61,A0A8V0ZKI8 A0A8V1AG56
Biological Process,cellular response to parathyroid hormone stimulus,5,GO:0071374,2,3,255,2734,7.15,0.024399526582537617,1.61,A0A8V0XPE8 P02460
Biological Process,positive regulation of defense response to virus by host,7,GO:0002230,2,3,255,2734,7.15,0.024399526582537617,1.61,A0A8V0ZSX6 A0A8V0YFT7
Biological Process,positive regulation of extracellular matrix assembly,6,GO:1901203,2,3,255,2734,7.15,0.024399526582537617,1.61,A0A8V0Y290 A0A8V0Y0F3
Biological Process,positive regulation of neuronal action potential,5,GO:1904457,2,3,255,2734,7.15,0.024399526582537617,1.61,A0A8V0YLI1 A0A8V1ABA3
Biological Process,mesenchymal-epithelial cell signaling,4,GO:0060638,2,3,255,2734,7.15,0.024399526582537617,1.61,A0A8V1AG56 A0A8V1AAN6
Biological Process,"CD4-positive, alpha-beta T cell activation",6,GO:0035710,2,3,255,2734,7.15,0.024399526582537617,1.61,A0A8V1A7R0 A0A8V0XMI5
Biological Process,negative regulation of autophagosome assembly,7,GO:1902902,2,3,255,2734,7.15,0.024399526582537617,1.61,Q5ZJW4 A0A8V0XM02
Biological Process,embryonic medial fin morphogenesis,5,GO:0035122,2,3,255,2734,7.15,0.024399526582537617,1.61,A0A8V0Y070 A0A8V0YDT4
Biological Process,negative regulation of dauer larval development,7,GO:0061067,2,3,255,2734,7.15,0.024399526582537617,1.61,A0A1D5P6T3 A0A8V0X4D8
Biological Process,Wnt signaling pathway involved in heart development,5,GO:0003306,2,3,255,2734,7.15,0.024399526582537617,1.61,A0A8V0ZKI8 A0A8V1AG56
Biological Process,regulation of nephron tubule epithelial cell differentiation,7,GO:0072182,2,3,255,2734,7.15,0.024399526582537617,1.61,A0A8V0Y0X2 A0A8V0YFT7
Biological Process,equator specification,4,GO:0045317,2,3,255,2734,7.15,0.024399526582537617,1.61,A0A8V1A9R2 A0A8V0ZSN8
Biological Process,cellular response to vitamin E,5,GO:0071306,2,3,255,2734,7.15,0.024399526582537617,1.61,A0A8V0YLI1 P02460
Biological Process,regulation of dendritic cell cytokine production,6,GO:0002730,2,3,255,2734,7.15,0.024399526582537617,1.61,A0A8V1A9R2 A0A1L4FLS3
Biological Process,limb bud formation,3,GO:0060174,2,3,255,2734,7.15,0.024399526582537617,1.61,A0A1D5PZ68 P02460
Biological Process,negative regulation of voltage-gated potassium channel activity,7,GO:1903817,2,3,255,2734,7.15,0.024399526582537617,1.61,A0A8V0ZY91 A0A8V0XYK6
Biological Process,somatic cell DNA recombination,7,GO:0016444,2,3,255,2734,7.15,0.024399526582537617,1.61,A0A8V0YW57 A0A8V0XMI5
Biological Process,response to parathyroid hormone,4,GO:0071107,2,3,255,2734,7.15,0.024399526582537617,1.61,A0A8V0XPE8 P02460
Biological Process,somatic diversification of immune receptors via germline recombination within a single locus,3,GO:0002562,2,3,255,2734,7.15,0.024399526582537617,1.61,A0A8V0YW57 A0A8V0XMI5
Biological Process,regulation of ERK1 and ERK2 cascade,7,GO:0070372,13,75,255,2734,1.86,0.02446586186663651,1.61,A0A3Q2TU24 A0A8V0Y0F3 A0A8V0YDT4 P26652 A0A8V0ZE58 E1C733 A0A8V0XMI5 A0A8V0YDD6 A0A8V1ABC9 A0A8V0Y290 A0A8V0YRG2 A0A1I7Q3Z0 A0A8V0ZDW7
Biological Process,response to virus,3,GO:0009615,10,52,255,2734,2.06,0.02530867382374414,1.6,A0A8V0YFT7 A0A8V0ZSN8 A0A8V1A3N1 A0A8V0Y579 A0A8V1A9R2 A0A1L4FLS3 E1C733 Q00649 A0A1I7Q3Z0 K9JA28
Biological Process,proteoglycan metabolic process,5,GO:0006029,10,52,255,2734,2.06,0.02530867382374414,1.6,F1NGB8 Q98938 A0A1D5P201 F1NTQ2 E1C3Z8 A0A1L1RX77 A0A8V0Z938 E1C2T4 A0A8V0YXI7 P02460
Biological Process,nucleobase-containing compound metabolic process,3,GO:0006139,33,494,255,2734,0.72,0.026034009044609015,1.58,A0A8V1A9L3 A0A8V0ZRZ8 A0A8V0XMI5 Q6ITC7 A0A8V1A0B4 A0A8V0ZEC1 A0A8V0YFT7 A0A8V0XCD2 A0A1D5P480 A0A8V1A8R2 A0A3Q2TTB3 A0A8V0XXW6 A0A8V0YW57 A0A8V0ZXC9 A0A8V1A7R0 A0A8V0XPN5 A0A8V0ZY91 A0A8V0Y9F8 A0A8V0ZE30 A0A8V0YXI7 A0A8V0ZY56 A0A8V0ZJD3 A0A8V0ZJ97 A0A1D5NT61 A0A1D5PSI3 A0A1D5PMN7 A0A8V0YC20 A0A8V0YBE2 A0A8V0Z938 A0A8V0YQC4 A0A8V1A7Y9 A0A8V1A8L5 A0A8V0YWM3
Biological Process,regulation of autophagosome assembly,6,GO:2000785,4,13,255,2734,3.3,0.026869073733044518,1.57,Q5ZJW4 A0A1D5P6T3 A0A8V0ZTC0 A0A8V0XM02
Biological Process,positive regulation of myeloid cell differentiation,6,GO:0045639,4,13,255,2734,3.3,0.026869073733044518,1.57,A0A8V1A7R0 A0A8V0YFT7 A0A8V1ABC9 A0A8V0XMI5
Biological Process,regulation of glycoprotein biosynthetic process,6,GO:0010559,4,13,255,2734,3.3,0.026869073733044518,1.57,A0A8V1A9R2 A0A8V0YLI1 A0A1D5P6T3 A0A1D5P201
Biological Process,signaling,3,GO:0023052,105,952,255,2734,1.18,0.027201460519657127,1.57,A0A8V0Y8Q2 A0A8V0XEP8 A0A1D5NTR5 A0A8V0YDT5 A0A3Q2UHS2 A0A1D5PBZ8 P15120 A0A8V0XEJ0 A0A8V0ZEJ3 A0A8V1ACV0 A0A8V0Z8V4 A0A1D5P480 A0A1L1RX77 A0A8V0XPE8 A0A8V0YW57 A0A8V0YHL6 A0A8V1ACD6 A0A8V1A7R0 A0A8V0Y4Q2 A0A8V1A3N1 A0A8V0X7P4 A0A8V0XW00 A0A8V0XE48 A0A8V0Y699 A0A8V0YXI7 F1NGB8 A0A3Q2TU24 A0A8V0XM98 A0A8V0Y478 A0A8V0ZTR7 A0A8V0ZSN8 A0A8V0ZUA4 A0A8V1A9R2 A0A8V0YF36 A0A1D5PSI3 A0A8V0Y070 A0A8V0Y357 A0A8V1AG56 A0A8V0Z6E4 A0A8V0XMI5 A0A8V0ZUU4 A0A8V0XH99 A0A8V1A0B4 A0A1I7Q3Z0 A0A1D5PXI1 A0A8V0X637 A0A1D5NYS2 A0A1D5PEW1 A0A8V0ZXC9 A0A8V1A6B5 A0A1D5P7Y2 A0A1D5P0D7 A0A8V0ZZZ5 A0A8V0XA92 A0A8V0ZRV9 A0A8V0ZE58 Q5ZJW4 Q00649 A0A1D5PDV9 A0A8V1ABC9 A0A8V0XKW4 A0A8V0ZRP2 A0A8V1ADF6 A0A8V0YWI5 A0A8V1AJI2 A0A1D5PT01 P33005 A0A8V0YRG2 A0A8V0X4D8 A0A8V0XBD4 A0A8V0ZBR8 A0A8V0YBZ6 A0A8V0XYK6 A0A8V0YFT7 A0A8V0YK18 E1C733 A0A8V0ZSX6 A0A8V0ZY91 A0A8V0Y8I0 A0A8V0XXZ4 A0A8V0ZF83 A0A8V0ZKI8 A0A8V0Y652 A0A8V0YDL8 A0A8V0YLZ8 P01875 Q98938 A0A8V0YDU6 A0A8V0ZSD7 A0A8V0XWF0 A0A8V0XUJ8 A0A8V1AAN6 A0A8V0ZYI9 A0A8V1A3H9 A0A1D5P6T3 A0A1I7Q421 A0A8V0YQ88 A0A8V0YLI1 A0A8V0YIC3 A0A1L4FLS3 K9JA28 A0A1D5PMN7 A0A8V0YDD6 A0A1D5PZ68 A0A8V0YWM3
Biological Process,regulation of endothelial cell migration,5,GO:0010594,10,53,255,2734,2.02,0.027372794982697263,1.56,A0A8V1AG56 A0A8V0ZSG8 A0A8V0XMI5 A0A1L1RX77 Q00649 A0A8V0YSF6 A0A8V0XE48 A0A8V0ZCF7 A0A8V1ABC9 A0A8V0Z8N6
Biological Process,stem cell division,3,GO:0017145,8,40,255,2734,2.14,0.028267638477518904,1.55,A0A8V0ZKI8 Q0PVE4 A0A8V0YTK5 A0A8V0XBD4 Q98938 A0A8V0ZSN8 A0A8V1A9R2 A0A8V0XH99
Biological Process,camera-type eye morphogenesis,6,GO:0048593,8,40,255,2734,2.14,0.028267638477518904,1.55,A0A8V0ZKI8 A0A8V1AG56 A0A8V0ZZZ5 Q98938 A0A8V0Z3Q9 A0A8V0Y0X2 A0A8V0YRG2 A0A1D5P0D7
Biological Process,regulation of cartilage development,5,GO:0061035,6,26,255,2734,2.47,0.028918208921475466,1.54,A0A8V1AG56 Q98938 A0A8V0Z189 A0A8V0ZE58 A0A8V0YG24 A0A1D5P0D7
Biological Process,ribose phosphate biosynthetic process,5,GO:0046390,2,79,255,2734,0.27,0.029856897626888132,1.52,A0A8V0ZJD3 A0A8V0YC20
Biological Process,purine nucleotide biosynthetic process,6,GO:0006164,2,78,255,2734,0.27,0.029903978251685136,1.52,A0A8V0ZJD3 A0A8V0YC20
Biological Process,purine-containing compound biosynthetic process,5,GO:0072522,2,81,255,2734,0.26,0.03041112843404637,1.52,A0A8V0ZJD3 A0A8V0YC20
Biological Process,nucleoside triphosphate metabolic process,5,GO:0009141,4,114,255,2734,0.38,0.030524127212005477,1.52,A0A8V0YW57 A0A8V0ZRZ8 A0A8V0XCD2 A0A8V0YWM3
Biological Process,protein folding,2,GO:0006457,3,95,255,2734,0.34,0.03058434636096967,1.51,A0A8V0YGQ5 Q00649 A0A1D5NYA8
Biological Process,ubiquitin-dependent protein catabolic process,7,GO:0006511,3,98,255,2734,0.33,0.03142963371302766,1.5,A0A8V0ZH96 A0A8V0ZFG7 A0A8V0ZY42
Biological Process,foregut morphogenesis,3,GO:0007440,3,8,255,2734,4.02,0.03151867229504688,1.5,A0A8V0YDU6 A0A3Q2UHS2 Q98938
Biological Process,glycosylceramide metabolic process,5,GO:0006677,3,8,255,2734,4.02,0.03151867229504688,1.5,A0A8V0YC98 A0A8V0WZN3 A0A8V1ABA3
Biological Process,regulation of extrinsic apoptotic signaling pathway in absence of ligand,7,GO:2001239,3,8,255,2734,4.02,0.03151867229504688,1.5,A0A8V0XKW4 A0A8V1A9R2 P02460
Biological Process,positive regulation of interleukin-1 beta production,7,GO:0032731,3,8,255,2734,4.02,0.03151867229504688,1.5,A0A8V1AG56 Q00649 A0A8V0XMI5
Biological Process,dermatan sulfate proteoglycan biosynthetic process,7,GO:0050651,3,8,255,2734,4.02,0.03151867229504688,1.5,A0A1L1RX77 E1C3Z8 E1C2T4
Biological Process,activation of protein kinase B activity,9,GO:0032148,3,8,255,2734,4.02,0.03151867229504688,1.5,A0A8V1AG56 A0A1D5P6T3 A0A1I7Q3Z0
Biological Process,positive regulation of glycoprotein biosynthetic process,7,GO:0010560,3,8,255,2734,4.02,0.03151867229504688,1.5,A0A1D5P201 A0A8V0YLI1 A0A1D5P6T3
Biological Process,positive regulation of glucose metabolic process,6,GO:0010907,3,8,255,2734,4.02,0.03151867229504688,1.5,A0A1D5P6T3 A0A1I7Q3Z0 A0A8V0XMI5
Biological Process,negative regulation of carbohydrate metabolic process,5,GO:0045912,3,8,255,2734,4.02,0.03151867229504688,1.5,A0A8V1A7R0 A0A8V0YY90 A0A8V1A3H9
Biological Process,dendrite self-avoidance,4,GO:0070593,3,8,255,2734,4.02,0.03151867229504688,1.5,A0A8V0X4D8 A0A1D5PBZ8 A0A8V0ZUU4
Biological Process,negative regulation of macroautophagy,8,GO:0016242,3,8,255,2734,4.02,0.03151867229504688,1.5,Q5ZJW4 A0A8V0XM02 A0A8V0XKW4
Biological Process,negative regulation of alpha-beta T cell activation,8,GO:0046636,3,8,255,2734,4.02,0.03151867229504688,1.5,A0A8V1A9R2 Q98938 A0A8V0XMI5
Biological Process,response to external stimulus,2,GO:0009605,70,600,255,2734,1.25,0.03162326964777273,1.5,A0A8V1AG56 A0A8V0Z6E4 Q98938 A0A8V1ABA3 A0A8V0ZBR8 A0A8V0XXM5 A0A8V0YDU6 A0A8V0XMI5 A0A8V0XDR8 A0A1D5NTR5 A0A8V0YGN2 A0A8V0XH99 A0A8V0YDL8 A0A8V0YDT5 P15120 A0A8V0ZUU4 A0A1D5PBZ8 A0A8V0XEJ0 A0A8V0ZFG7 A0A1I7Q3Z0 P01875 P02460 A0A8V0XYK6 A0A1D5P6T3 A0A8V0Z8V4 A0A8V0YUF6 A0A8V0YFT7 A0A8V0ZSG8 E1C733 A0A1L1RX77 A0A8V0XPE8 A0A8V0YLI1 A0A8V0ZSX6 A0A8V1ACD6 A0A1D5P0D7 A0A8V0Y4Q2 A0A1D5PMF4 A0A8V1A3N1 A0A8V0Y579 A0A8V0YRN1 A0A1L4FLS3 A0A8V0ZE58 A0A8V0YE20 A0A8V0Y9F8 Q00649 A0A1D5PDV9 A0A8V1ABC9 A0A8V0Z8N6 A0A8V0ZF83 K9JA28 A0A8V1ADF6 A0A8V0ZKI8 A0A3Q2TU24 A0A8V0ZAP5 A0A8V0YWI5 A0A8V1AHP7 Q05744 A0A8V0ZSN8 A0A8V0YIR4 A0A8V1A9R2 P26652 A0A8V0Y070 A0A8V0YC20 A0A8V0Y357 A0A8V0YDD6 A0A1D5PT01 P33005 A0A8V0YRG2 A0A1D5PZ68 A0A8V0YWM3
Biological Process,establishment of localization,2,GO:0051234,87,1108,255,2734,0.84,0.031930846085433735,1.5,A0A8V0ZRZ8 A0A8V1AEJ4 A0A8V0YGN2 A0A3Q2UHS2 R4GGQ4 P15120 A0A1D5PBZ8 A0A8V0XEJ0 A0A8V1ACV0 A0A8V0Z8V4 Q5ZJ73 A0A8V1A3H7 A0A8V1A7R0 E1C0K5 A0A8V0Y4Q2 A0A8V0Y579 A0A8V0X7P4 A0A8V0Z086 A0A8V0Y9F8 A0A8V0XE48 A0A8V0Y699 A0A3Q2TU24 A0A8V0XM98 A0A8V0ZTR7 A0A8V0ZUA4 A0A8V0YF36 A0A8V0XMV0 P28687 A0A8V0ZAP0 A0A8V0XXM5 A0A8V0XMI5 A0A8V0YC89 A0A8V0ZUU4 A0A1I7Q3Z0 A0A8V0ZH96 F1NTQ2 A0A1D5NYS2 A0A8V1A6B5 A0A8V0YLZ5 A0A8V0XS21 Q0PVE4 A0A8V0XA92 A0A8V0XPN5 A0A8V0YZJ3 Q5ZJW4 Q00649 A0A8V1ABC9 A0A8V0ZE30 A0A8V0ZRP2 F1P4D6 A0A1D5PBU5 Q05744 A0A8V1AFR2 P26652 A0A8V0YBE2 A0A8V0X4D8 A0A8V0XBD4 A0A8V0YBZ6 A0A8V0YG88 A0A8V0YVI8 A0A8V0XYK6 E1C733 A0A8V1A8R2 A0A8V1ADS4 A0A8V0ZY91 A0A8V0ZY42 A0A8V1A6Z0 A0A8V0YPB9 A0A8V1ALI6 A0A8V0YHF3 A0A8V0ZKI8 A0A1D5PGC2 P01875 Q6ITC7 A0A8V0ZYI9 A0A3Q2UGW3 A0A8V0XM02 A0A8V0YLI1 A0A8V0ZCF7 A0A8V0YVB6 A0A8V0YIC3 A0A8V0Y6D2 A0A8V0ZJJ7 A0A8V1AEJ0 A0A8V0Z9Z7 A0A8V0YDD6 A0A8V1AM47
Biological Process,peptidyl-tyrosine modification,6,GO:0018212,9,45,255,2734,2.14,0.032253707756508286,1.49,A0A1D5P6T3 A0A8V0ZSN8 A0A8V1A3N1 A0A8V0Z189 A0A8V1A9R2 A0A1D5PT01 A0A8V0XXZ4 A0A8V0YRG2 A0A1I7Q3Z0
Biological Process,positive regulation of peptidase activity,6,GO:0010952,12,69,255,2734,1.86,0.03233808123845421,1.49,A0A8V0YWI5 A0A8V0YFT7 A0A8V0YDT4 A0A8V0ZE58 A0A8V0XMI5 A0A8V0YLI1 A0A8V0YDD6 A0A8V0YSF6 A0A8V0XE48 A0A8V0XKW4 A0A8V1A7R0 A0A8V0YWM3
Biological Process,positive regulation of vasculature development,5,GO:1904018,10,55,255,2734,1.95,0.03240801157435388,1.49,A0A8V1AG56 A0A8V1AHP7 A0A8V0ZSG8 A0A1L4FLS3 A0A8V0ZE58 E1C733 A0A8V0XMI5 Q00649 A0A8V1ABC9 A0A8V1A7R0
Biological Process,amino sugar metabolic process,4,GO:0006040,5,20,255,2734,2.68,0.03271369943520061,1.49,Q92182 F1NGB8 F1NTQ2 A0A8V0ZXC9 A0A8V0YYQ9
Biological Process,neural retina development,3,GO:0003407,5,20,255,2734,2.68,0.03271369943520061,1.49,A0A8V0ZZZ5 Q98938 A0A8V0Z3Q9 A0A8V0Y0X2 A0A1D5P0D7
Biological Process,cellular aromatic compound metabolic process,3,GO:0006725,39,557,255,2734,0.75,0.03384680289396109,1.47,A0A8V1A9L3 F1NBR3 A0A8V0ZRZ8 A0A8V0XMI5 A0A1D5PBZ8 Q6ITC7 A0A8V1A0B4 A0A8V0ZEC1 A0A8V0YFT7 A0A8V0XCD2 A0A1D5P480 A0A8V1A8R2 A0A3Q2TTB3 A0A8V0XXW6 A0A8V0YW57 A0A8V0ZXC9 A0A8V1A7R0 A0A8V0Y4Q2 A0A8V0XA92 A0A1D5P692 A0A8V0XPN5 A0A8V0ZY91 A0A8V0Y9F8 A0A8V0ZE30 A0A8V0YXI7 A0A8V0ZY56 A0A8V0ZJD3 A0A8V0ZJ97 A0A1D5NT61 A0A1D5PSI3 A0A1D5PMN7 A0A8V0YC20 A0A8V0YBE2 A0A8V0Z938 A0A8V0YQC4 A0A8V1A7Y9 A0A8V0YRG2 A0A8V1A8L5 A0A8V0YWM3
Biological Process,protein autophosphorylation,6,GO:0046777,9,46,255,2734,2.1,0.034117592917685,1.47,A0A1D5P6T3 A0A8V0ZZZ5 A0A8V0ZSN8 A0A8V1A9R2 A0A8V0ZSX6 A0A8V0ZTC0 A0A8V1ABC9 A0A8V0YRG2 A0A1I7Q3Z0
Biological Process,blastoderm segmentation,4,GO:0007350,12,70,255,2734,1.84,0.03418339841692098,1.47,A0A8V0ZKI8 A0A8V1AG56 Q98938 A0A8V0ZSN8 A0A8V1A9R2 A0A8V0Y070 A0A8V0ZUU4 A0A8V0XH99 A0A3Q2UHS2 A0A8V1ACD6 A0A8V0YXI7 A0A8V0ZF83
Biological Process,purine-containing compound metabolic process,4,GO:0072521,9,183,255,2734,0.53,0.034352066795169466,1.46,A0A8V0ZJD3 A0A8V1A9L3 A0A8V0XCD2 A0A8V0ZRZ8 A0A8V0YC20 A0A8V0Y9F8 A0A8V0YW57 A0A8V1A0B4 A0A8V0YWM3
Biological Process,heterocycle biosynthetic process,4,GO:0018130,11,209,255,2734,0.56,0.0348873283317605,1.46,A0A8V0ZJD3 A0A8V1A9L3 A0A8V0YFT7 A0A1D5PSI3 A0A1D5PMN7 A0A3Q2TTB3 A0A8V0YBE2 A0A8V0YC20 A0A8V1A0B4 A0A8V0YXI7 A0A8V1A7R0
Biological Process,lymphocyte activation involved in immune response,4,GO:0002285,4,14,255,2734,3.06,0.03493088559505314,1.46,A0A8V0YW57 A0A8V1A7R0 A0A8V0ZSX6 A0A8V0XMI5
Biological Process,membrane assembly,5,GO:0071709,4,14,255,2734,3.06,0.03493088559505314,1.46,A0A3Q2UGW3 A0A8V0Y9F8 A0A8V0YDT5 A0A8V0XYK6
Biological Process,bone remodeling,3,GO:0046849,4,14,255,2734,3.06,0.03493088559505314,1.46,A0A8V0ZKI8 A0A1I7Q3Z0 A0A8V0XEP8 Q98938
Biological Process,negative regulation of endothelial cell migration,6,GO:0010596,4,14,255,2734,3.06,0.03493088559505314,1.46,A0A1L1RX77 A0A8V0ZCF7 A0A8V0Z8N6 A0A8V0XMI5
Biological Process,positive regulation of endopeptidase activity,7,GO:0010950,10,56,255,2734,1.91,0.03539195613971179,1.45,A0A8V0YWI5 A0A8V0YFT7 A0A8V0ZE58 A0A8V0XMI5 A0A8V0YLI1 A0A8V0YSF6 A0A8V0XE48 A0A8V0XKW4 A0A8V1A7R0 A0A8V0YWM3
Biological Process,regulation of chemotaxis,4,GO:0050920,14,86,255,2734,1.75,0.03559918936315997,1.45,Q92182 A0A8V1AG56 A0A8V0Z8V4 A0A8V0XMI5 A0A8V0ZUU4 A0A8V0YDD6 Q00649 A0A8V0YDT5 A0A8V0YSF6 A0A8V1ABC9 A0A8V1ACD6 A0A1D5PBZ8 A0A8V0YRG2 A0A8V1A3H9
Biological Process,regulation of signaling,3,GO:0023051,91,817,255,2734,1.19,0.03713266847413392,1.43,A0A8V1A9L3 A0A8V1ABA3 A0A8V0YDT5 P15120 A0A8V0ZEJ3 A0A1D5P480 A0A1L1RX77 A0A8V0XPE8 A0A8V1ACD6 A0A8V1A7R0 A0A8V1A3N1 A0A8V0X7P4 A0A8V0Y9F8 A0A8V0YY90 A0A8V0XE48 A0A8V0Y699 F1NGB8 A0A3Q2TU24 A0A8V0XM98 A0A8V0ZTR7 A0A8V0ZSN8 A0A8V0ZUA4 A0A8V1A9R2 A0A1D5PSI3 A0A8V0Y070 A0A8V1AG56 A0A8V0XMI5 A0A8V0XDR8 A0A8V0ZUU4 A0A8V0XH99 A0A8V1A0B4 A0A1I7Q3Z0 P02460 A0A8V0Y0F3 A0A8V0X637 A0A1D5NYS2 A0A1D5PEW1 A0A8V0YRF2 A0A8V0X1T3 A0A8V1A6B5 A0A1D5P0D7 A0A8V0ZZZ5 A0A8V0ZE58 Q00649 A0A8V0YSF6 A0A8V1ABC9 A0A8V0XKW4 A0A8V0ZE30 A0A8V1ADF6 A0A8V0YWI5 P26652 A0A8V1AJI2 A0A8V0YRG2 A0A8V0X4D8 A0A8V0XBD4 A0A8V0YBZ6 A0A8V1AFP7 A0A1D5P6Q1 A0A8V0YFT7 A0A8V0ZSG8 A0A8V0ZHX5 E1C733 A0A8V0ZSX6 A0A8V0ZY91 A0A8V0ZF83 A0A8V0ZKI8 A0A8V0YDT4 A0A8V0YLZ8 Q98938 A0A8V0Y999 A0A8V1ACH5 A0A8V0ZFG7 A0A8V0Y290 A0A8V0X097 A0A8V0ZTC0 A0A8V0YMR1 A0A8V0ZYI9 A0A8V1A3H9 A0A1D5P6T3 A0A1I7Q421 A0A8V0YQ88 A0A3Q2UGW3 A0A8V0YLI1 A0A1L4FLS3 A0A3Q2TT95 A0A8V0ZJJ7 A0A8V0Z8N6 A0A8V0ZDW7 A0A1D5NT61 A0A1D5PMN7 A0A8V0YDD6
Biological Process,regulation of signal transduction,4,GO:0009966,83,735,255,2734,1.21,0.03759229536201665,1.42,A0A8V1A9L3 A0A8V1ABA3 A0A8V0YDT5 P15120 A0A8V0ZEJ3 A0A1D5P480 A0A1L1RX77 A0A8V0XPE8 A0A8V1ACD6 A0A8V1A7R0 A0A8V1A3N1 A0A8V0X7P4 A0A8V0YY90 A0A8V0XE48 A0A8V0Y699 F1NGB8 A0A3Q2TU24 A0A8V0XM98 A0A8V0ZTR7 A0A8V0ZSN8 A0A8V0ZUA4 A0A8V1A9R2 A0A1D5PSI3 A0A8V0Y070 A0A8V1AG56 A0A8V0XMI5 A0A8V0ZUU4 A0A8V0XH99 A0A8V1A0B4 A0A1I7Q3Z0 P02460 A0A8V0Y0F3 A0A8V0X637 A0A1D5PEW1 A0A8V0YRF2 A0A8V0X1T3 A0A8V1A6B5 A0A1D5P0D7 A0A8V0ZZZ5 A0A8V0ZE58 Q00649 A0A8V0YSF6 A0A8V1ABC9 A0A8V0XKW4 A0A8V0ZE30 A0A8V1ADF6 A0A8V0YWI5 P26652 A0A8V1AJI2 A0A8V0YRG2 A0A8V0X4D8 A0A8V0YBZ6 A0A8V1AFP7 A0A1D5P6Q1 A0A8V0YFT7 A0A8V0ZSG8 A0A8V0ZHX5 E1C733 A0A8V0ZF83 A0A8V0ZKI8 A0A8V0YDT4 A0A8V0YLZ8 Q98938 A0A8V0Y999 A0A8V1ACH5 A0A8V0ZFG7 A0A8V0Y290 A0A8V0X097 A0A8V0ZTC0 A0A8V0YMR1 A0A8V0ZYI9 A0A8V1A3H9 A0A1D5P6T3 A0A1I7Q421 A0A8V0YQ88 A0A3Q2UGW3 A0A8V0YLI1 A0A1L4FLS3 A0A3Q2TT95 A0A8V0Z8N6 A0A8V0ZDW7 A0A1D5PMN7 A0A8V0YDD6
Biological Process,learning or memory,3,GO:0007611,16,104,255,2734,1.65,0.03812170074259463,1.42,A0A8V0ZKI8 A0A1D5P6T3 A0A8V0XM98 A0A1D5NT61 A0A8V0ZSG8 A0A8V1ABA3 A0A8V0ZSN8 A0A8V1A9R2 A0A3Q2UGW3 A0A1D5PMN7 A0A8V0Z086 A0A8V0ZSX6 A0A8V0YSF6 A0A8V1ABC9 A0A8V0YRG2 A0A8V0ZDW7
Biological Process,negative regulation of developmental growth,5,GO:0048640,10,57,255,2734,1.88,0.03869514980618598,1.41,A0A8V1AG56 A0A1D5P6T3 A0A8V0Z8V4 Q98938 A0A8V0YDT5 A0A8V0YSF6 A0A8V1ACD6 A0A8V0XMV0 A0A8V0XUJ8 A0A8V0YMR1
Biological Process,negative regulation of cell activation,5,GO:0050866,7,35,255,2734,2.14,0.039149759393811705,1.41,A0A8V0Y0F3 A0A3Q2TU24 Q98938 A0A8V1A9R2 A0A8V0XMI5 A0A8V0YLI1 A0A8V0Y290
Biological Process,regulation of axon guidance,5,GO:1902667,7,35,255,2734,2.14,0.039149759393811705,1.41,A0A8V1AG56 A0A8V0Z8V4 A0A8V0ZUU4 A0A8V0YDT5 A0A8V1ACD6 A0A1D5PBZ8 A0A8V0YRG2
Biological Process,regulation of anatomical structure size,3,GO:0090066,12,220,255,2734,0.58,0.03940236519887527,1.4,A0A8V1AG56 A0A8V0Z8V4 E1C733 A0A8V0ZUU4 A0A8V0YDD6 Q00649 A0A8V0YDT5 A0A3Q2UHS2 A0A8V0ZSX6 A0A8V1ACD6 A0A1D5PBZ8 A0A8V0YMR1
Biological Process,B cell activation,4,GO:0042113,5,21,255,2734,2.55,0.0397751443797241,1.4,A0A8V0ZSG8 A0A8V1A9R2 A0A8V0XMI5 A0A8V0YW57 A0A8V0ZEJ3
Biological Process,mammary gland morphogenesis,5,GO:0060443,5,21,255,2734,2.55,0.0397751443797241,1.4,A0A8V0ZKI8 A0A8V1AG56 E1C733 A0A1I7Q3Z0 A0A8V1A3H9
Biological Process,mammary gland epithelium development,5,GO:0061180,5,21,255,2734,2.55,0.0397751443797241,1.4,A0A8V0ZKI8 A0A8V1AG56 E1C733 A0A1I7Q3Z0 A0A8V1A3H9
Biological Process,regulation of insulin receptor signaling pathway,5,GO:0046626,6,28,255,2734,2.3,0.04045484544388248,1.39,A0A1D5P6T3 A0A8V0ZSG8 A0A8V0ZHX5 A0A8V0YY90 A0A8V1ABC9 A0A1I7Q3Z0
Biological Process,negative regulation of translation,7,GO:0017148,6,28,255,2734,2.3,0.04045484544388248,1.39,A0A8V1ACH5 A0A8V0ZSX6 A0A8V1ABC9 A0A8V0ZE30 A0A8V1A7R0 A0A8V0ZY56
Biological Process,purine nucleoside triphosphate metabolic process,6,GO:0009144,4,106,255,2734,0.4,0.040942821354440516,1.39,A0A8V0YW57 A0A8V0ZRZ8 A0A8V0XCD2 A0A8V0YWM3
Biological Process,regulation of MAPK cascade,6,GO:0043408,27,198,255,2734,1.46,0.041112903813965075,1.39,A0A8V1AG56 A0A8V1ABA3 A0A8V0XMI5 A0A8V0Y290 A0A8V1A0B4 A0A1I7Q3Z0 A0A1D5P6T3 A0A8V0Y0F3 A0A8V0X637 A0A1D5P480 E1C733 A0A1D5PEW1 A0A8V0X1T3 A0A1D5P0D7 A0A8V1A3N1 A0A1L4FLS3 A0A8V0ZE58 A0A8V0X7P4 A0A8V0XE48 A0A8V1ABC9 A0A8V0ZDW7 A0A3Q2TU24 A0A8V0YDT4 P26652 A0A8V0YDD6 A0A8V0YLZ8 A0A8V0YRG2
Biological Process,photoreceptor cell differentiation,5,GO:0046530,12,73,255,2734,1.76,0.04130834479562884,1.38,A0A8V0XM98 A0A8V0ZZZ5 Q98938 A0A8V0ZSN8 A0A8V1A9R2 A0A8V0ZUU4 A0A8V0Y0X2 A0A1D5NTR5 A0A8V0YDT5 A0A8V1A7R0 A0A8V0ZDW7 A0A1D5P0D7
Biological Process,response to glucocorticoid,6,GO:0051384,12,73,255,2734,1.76,0.04130834479562884,1.38,A0A8V1AG56 A0A1D5P6T3 A0A8V0Z6E4 A0A8V1ABA3 A0A1D5P692 A0A8V0XMI5 A0A8V0ZP32 A0A8V0YDD6 A0A8V0ZJJ7 A0A8V1ABC9 A0A8V0Z8N6 A0A8V0YDL8
Biological Process,regulation of cell-substrate adhesion,5,GO:0010810,14,89,255,2734,1.69,0.04136991540657886,1.38,Q92182 A0A8V0Y0F3 A0A8V0ZZZ5 A0A8V0Y290 A0A8V0YDT4 A0A8V0ZE58 A0A1D5PEW1 A0A3Q2TT95 A0A8V0Y357 A0A8V0YDD6 A0A8V0XE48 P15120 A0A8V0YLZ8 A0A1I7Q3Z0
Biological Process,purine ribonucleotide biosynthetic process,7,GO:0009152,2,74,255,2734,0.29,0.04244162351012759,1.37,A0A8V0ZJD3 A0A8V0YC20
Biological Process,organelle fission,5,GO:0048285,3,90,255,2734,0.36,0.042590654178734505,1.37,A0A8V0XE48 A0A1D5PBU5 A0A8V0YTK5
Biological Process,cellular localization,2,GO:0051641,53,715,255,2734,0.79,0.043199276055459424,1.36,A0A8V1AG56 A0A8V0X4D8 A0A8V0XBD4 A0A8V0YBZ6 A0A8V1AEJ4 A0A8V0YDU6 A0A8V1ACH5 R4GGQ4 A0A1D5PBZ8 A0A8V0YG88 Q6ITC7 A0A8V1A0B4 A0A8V1ACV0 A0A8V0YVI8 A0A8V0XYK6 A0A8V0ZYI9 A0A8V0Z8V4 A0A3Q2UGW3 A0A8V0XM02 A0A8V1A8R2 A0A8V1ADS4 A0A8V0YLI1 A0A8V0ZCF7 A0A8V0YVB6 A0A8V1A6B5 A0A8V1A7R0 A0A8V0YIC3 A0A8V0ZZZ5 Q0PVE4 A0A8V0X7P4 A0A8V0XPN5 Q5ZJW4 A0A8V0Y9F8 Q00649 A0A8V1ALI6 A0A8V0XE48 A0A8V0Y699 A0A8V1AEJ0 A0A8V0ZRP2 A0A8V0ZE30 A0A8V0ZDW7 A0A1D5PGC2 A0A8V0ZKI8 A0A8V0XM98 A0A8V0ZTR7 A0A1D5PBU5 A0A8V0ZUA4 A0A8V1AFR2 A0A8V0Z3U6 A0A8V0Z9Z7 A0A1D5PMN7 A0A8V0XMV0 P28687
Biological Process,multicellular organismal process,1,GO:0032501,170,1658,255,2734,1.1,0.043294374591445695,1.36,A0A8V1A9L3 A0A8V1ABA3 A0A8V1AEJ4 A0A8V0XEP8 A0A8V0Z4R1 A0A1D5NTR5 A0A8V0YGN2 A0A8V0YDT5 A0A3Q2UHS2 R4GGQ4 P15120 A0A1D5PBZ8 A0A8V0YQU2 A0A8V0ZEJ3 A0A8V1ACV0 A0A8V0Z8V4 A0A8V0YTK5 A0A1D5P480 A0A8V0XXW6 A0A1L1RX77 A0A8V0XPE8 A0A8V0YW57 Q5ZJ73 A0A8V1ACD6 A0A8V0YHL6 A0A8V1A7R0 A0A8V0Y4Q2 A0A8V0Y579 A0A8V0Z086 A0A8V0Y9F8 A0A8V0XE48 A0A8V0Y699 A0A8V0YXI7 A0A8V0YYQ9 A0A8V0XXK8 A0A8V0ZJD3 F1NGB8 A0A3Q2TU24 A0A8V0ZJ97 A0A8V0Y478 A0A8V0XM98 A0A8V0ZSN8 A0A8V0ZUA4 A0A8V0YIR4 A0A8V1A9R2 A0A8V0ZTR7 A0A8V0YF36 A0A1D5PSI3 A0A8V0Y070 A0A8V0Y357 Q9W6H0 A0A8V0ZD24 A0A8V1AG56 A0A8V0XXM5 A0A8V0XMI5 A0A8V0XDR8 A0A8V0ZUU4 A0A8V0XH99 A0A8V1A0B4 A0A1I7Q3Z0 A0A8V0ZH96 A0A1D5PXI1 P02460 A0A8V0Y0F3 A0A8V0YUF6 A0A8V0X637 F1NTQ2 A0A8V0Z3Q9 A0A1D5PEW1 A0A8V0XCW4 A0A8V0YLZ5 A0A8V0XS21 A0A1D5P0D7 A0A8V0ZZZ5 A0A8V0XA92 Q0PVE4 A0A8V0ZE58 Q00649 A0A8V0YSF6 A0A1D5PDV9 A0A8V1ABC9 A0A8V0XKW4 A0A8V0ZRP2 A0A8V0ZE30 A0A8V1ADF6 A0A8V0Y4M6 A0A8V0YWI5 A0A1D5PBU5 Q05744 A0A8V1AFR2 P26652 A0A8V1AJI2 A0A1D5PT01 P33005 A0A8V0YRG2 A0A8V0X4D8 A0A8V0XBD4 A0A8V0ZBR8 A0A8V1AFP7 A0A8V0Y0X2 A0A8V0ZHL4 A0A8V0ZIF0 A0A8V0Y9B0 A0A8V0YG88 A0A8V0YVI8 A0A8V0XYK6 A0A8V0YFT7 A0A8V0ZSG8 E1C733 A0A8V1A8R2 A0A8V0ZSX6 A0A1D5P8I8 A0A8V0YRN1 A0A8V0ZY91 A0A8V0ZY42 F1NJI3 A0A8V0YPB9 A0A8V1ALI6 A0A8V0XXZ4 A0A1D5PLP1 A0A8V0ZF83 A0A8V0ZY56 A0A1D5PGC2 A0A8V0ZKI8 A0A8V0YDT4 A0A8V0X9N1 A0A8V0Z3U6 A0A8V0YQC4 A0A8V0YDL8 A0A8V0YLZ8 Q98938 A0A8V0YDU6 A0A8V1ACH5 A0A8V0ZSD7 A0A8V0ZFG7 A0A8V0XUJ8 A0A8V0Y290 A0A8V0YMR1 A0A8V0ZEC1 A0A8V1A3H9 A0A8V1AAN6 A0A1D5P6T3 F1NXR0 A0A1I7Q421 A0A3Q2UGW3 A0A8V0XM02 A0A8V0XZH4 A0A8V0WZN3 A0A8V0YLI1 A0A8V0ZCF7 A0A8V0YVB6 A0A8V0YIC3 A0A1D5P692 A0A8V0Z189 A0A8V0YE20 A0A3Q2TT95 A0A8V0Y6D2 A0A8V0ZJJ7 A0A8V0Z8N6 A0A8V0ZDW7 A0A1D5NT61 A0A8V1A3S8 A0A8V0Z9Z7 A0A1D5PMN7 A0A8V0Z938 A0A8V0YDD6 A0A1L1RKY9 A0A8V1AM47 A0A1D5PZ68 A0A8V0YWM3
Biological Process,regulation of developmental process,3,GO:0050793,80,712,255,2734,1.2,0.04331591137239065,1.36,A0A8V1A9L3 A0A8V0YDT5 A0A3Q2UHS2 A0A1D5PBZ8 P15120 A0A8V0Z8V4 A0A1L1RX77 A0A8V0YW57 A0A8V1ACD6 A0A8V1A7R0 A0A8V0Y4Q2 A0A8V0X7P4 A0A8V0XE48 A0A8V0Y699 A0A8V0XXK8 Q92182 A0A3Q2TU24 A0A8V0XM98 A0A8V1AHP7 A0A8V0ZTR7 A0A8V0ZSN8 A0A8V1A9R2 A0A1D5PSI3 A0A8V0XMV0 A0A8V1AG56 A0A8V0XMI5 A0A8V0ZUU4 A0A8V0XH99 A0A8V1A0B4 A0A1I7Q3Z0 A0A8V0Y0F3 F1NTQ2 A0A1D5P0D7 A0A8V0ZZZ5 A0A8V0ZE58 Q00649 A0A8V0YSF6 A0A1D5PDV9 A0A8V1ABC9 A0A8V0XKW4 A0A8V0ZRP2 A0A1D5PBU5 A0A8V1AJI2 A0A1D5PT01 A0A8V0YRG2 A0A8V0X4D8 A0A8V1AFP7 A0A8V0Y0X2 A0A8V0ZHL4 A0A8V0XYK6 A0A8V0YFT7 A0A8V0ZSG8 E1C733 A0A8V0ZSX6 A0A8V0ZKI8 A0A8V0YDT4 A0A8V0Z3U6 A0A8V0YG24 A0A8V0YLZ8 A0A8V1A8L5 Q98938 A0A8V0XUJ8 A0A8V0Y290 A0A8V0YMR1 A0A8V1A3H9 A0A1D5P6T3 A0A1I7Q421 A0A8V0YQ88 A0A8V0YLI1 A0A8V0ZCF7 A0A8V0YVB6 A0A8V0Z189 A0A1L4FLS3 A0A3Q2TT95 A0A8V0ZDW7 A0A8V1A3S8 A0A8V0Z9Z7 A0A8V0Z938 A0A8V0YDD6 A0A1D5PZ68
Biological Process,ribonucleotide biosynthetic process,6,GO:0009260,2,77,255,2734,0.28,0.04357507437397704,1.36,A0A8V0ZJD3 A0A8V0YC20
Biological Process,negative regulation of developmental process,4,GO:0051093,34,263,255,2734,1.39,0.04384943577092189,1.36,A0A8V1AG56 A0A8V0X4D8 Q98938 A0A8V0XMI5 A0A8V0YDT5 A0A8V0XUJ8 A0A8V0Y290 A0A8V0YMR1 A0A1D5P6T3 A0A8V0Z8V4 A0A1I7Q421 A0A8V0YFT7 A0A8V0Y0F3 A0A8V0ZSG8 A0A8V0YQ88 A0A1L1RX77 A0A8V0YLI1 A0A8V0ZSX6 A0A8V0ZCF7 A0A8V1ACD6 A0A8V0YVB6 A0A8V1A7R0 A0A8V0ZZZ5 A0A1L4FLS3 A0A8V0YSF6 A0A8V0XE48 A0A8V0ZKI8 A0A8V0YDT4 A0A8V1A9R2 A0A1D5PSI3 A0A8V0YG24 A0A8V0Z938 A0A8V0XMV0 A0A8V0YRG2
Biological Process,organic cyclic compound biosynthetic process,4,GO:1901362,13,230,255,2734,0.61,0.043993048657101644,1.36,A0A8V0ZJD3 A0A8V1A9L3 A0A8V0YFT7 F1NBR3 A0A1D5PSI3 A0A1D5PMN7 A0A3Q2TTB3 A0A8V0YBE2 A0A8V0Y9F8 A0A8V0YC20 A0A8V1A0B4 A0A8V0YXI7 A0A8V1A7R0
Biological Process,follicle cell of egg chamber stalk formation,3,GO:0030713,3,9,255,2734,3.57,0.04408532892625447,1.36,A0A8V1A9R2 A0A8V0ZSN8 Q98938
Biological Process,ceramide biosynthetic process,5,GO:0046513,3,9,255,2734,3.57,0.04408532892625447,1.36,A0A8V0X637 A0A8V0WZN3 A0A8V1ABA3
Biological Process,regulation of alpha-beta T cell differentiation,8,GO:0046637,3,9,255,2734,3.57,0.04408532892625447,1.36,A0A8V1A9R2 Q98938 A0A8V0XMI5
Biological Process,negative regulation of cation channel activity,6,GO:2001258,3,9,255,2734,3.57,0.04408532892625447,1.36,A0A8V0YRG2 A0A8V0ZY91 A0A8V0XYK6
Biological Process,"synaptic transmission, cholinergic",8,GO:0007271,3,9,255,2734,3.57,0.04408532892625447,1.36,A0A8V0Y357 A0A1D5NYS2 A0A8V0ZBR8
Biological Process,dermatan sulfate proteoglycan metabolic process,6,GO:0050655,3,9,255,2734,3.57,0.04408532892625447,1.36,A0A1L1RX77 E1C3Z8 E1C2T4
Biological Process,positive regulation of interleukin-1 production,6,GO:0032732,3,9,255,2734,3.57,0.04408532892625447,1.36,A0A8V1AG56 Q00649 A0A8V0XMI5
Biological Process,embryonic eye morphogenesis,5,GO:0048048,3,9,255,2734,3.57,0.04408532892625447,1.36,A0A8V0ZKI8 A0A8V1AG56 Q98938
Biological Process,negative regulation of lymphocyte differentiation,7,GO:0045620,3,9,255,2734,3.57,0.04408532892625447,1.36,A0A8V1A9R2 Q98938 A0A8V0XMI5
Biological Process,central nervous system projection neuron axonogenesis,9,GO:0021952,3,9,255,2734,3.57,0.04408532892625447,1.36,A0A8V0Z3U6 A0A8V0YRG2 Q98938
Biological Process,gastrulation with mouth forming second,5,GO:0001702,3,9,255,2734,3.57,0.04408532892625447,1.36,A0A8V0ZKI8 A0A8V0YXI7 A0A8V1AG56
Biological Process,positive regulation of glycoprotein metabolic process,7,GO:1903020,3,9,255,2734,3.57,0.04408532892625447,1.36,A0A1D5P201 A0A8V0YLI1 A0A1D5P6T3
Biological Process,extracellular matrix assembly,5,GO:0085029,3,9,255,2734,3.57,0.04408532892625447,1.36,A0A8V0Y290 A0A8V0Y0F3 Q98938
Biological Process,cartilage development involved in endochondral bone morphogenesis,5,GO:0060351,3,9,255,2734,3.57,0.04408532892625447,1.36,A0A8V0Z8N6 Q98938 P02460
Biological Process,regulation of response to stimulus,3,GO:0048583,102,934,255,2734,1.17,0.04418738873237139,1.35,A0A8V1A9L3 A0A8V1ABA3 A0A8V0YDT5 A0A3Q2UHS2 A0A1D5PBZ8 P15120 A0A8V0XEJ0 A0A8V0ZEJ3 A0A8V1ACV0 A0A8V0Z8V4 A0A1D5P480 A0A1L1RX77 A0A8V0XPE8 A0A8V0YW57 A0A8V1ACD6 A0A8V1A7R0 A0A8V0ZZD4 A0A8V1A3N1 A0A8V0X7P4 A0A8V0YY90 A0A8V0XE48 A0A8V0Y699 A0A8V0XXK8 Q92182 F1NGB8 A0A3Q2TU24 A0A8V0ZJ97 A0A8V0XM98 A0A8V0ZTR7 A0A8V0ZSN8 A0A8V0ZUA4 A0A8V1A9R2 A0A1D5PSI3 A0A8V0Y070 A0A8V0XMV0 A0A8V1AG56 A0A8V0XMI5 A0A8V0ZUU4 A0A8V0XH99 A0A8V1A0B4 A0A1I7Q3Z0 P02460 A0A8V0Y0F3 A0A8V0X637 A0A1D5PEW1 A0A8V0ZP32 A0A8V0YRF2 A0A8V0X1T3 A0A8V1A6B5 A0A1D5P0D7 A0A8V0ZZZ5 A0A8V0ZE58 Q00649 A0A8V0YSF6 A0A8V1ABC9 A0A8V0XKW4 A0A8V0ZE30 A0A8V1ADF6 A0A8V0YWI5 P26652 A0A8V1AJI2 A0A1D5PT01 A0A8V0YRG2 A0A8V0X4D8 A0A8V0YBZ6 A0A8V1AFP7 A0A1D5P6Q1 A0A8V0YFT7 A0A8V0ZSG8 A0A8V0ZHX5 E1C733 A0A8V0ZSX6 A0A8V0ZF83 A0A8V0ZKI8 A0A8V0YDT4 A0A8V0YLZ8 P01875 Q98938 A0A8V0Y999 A0A8V1ACH5 A0A8V0ZFG7 A0A8V0Y290 A0A8V0X097 A0A8V0ZTC0 A0A8V0YMR1 A0A8V0ZYI9 A0A8V1A3H9 A0A1D5P6T3 A0A1I7Q421 A0A8V0YQ88 A0A8V1A8N2 A0A3Q2UGW3 A0A8V0YLI1 A0A1L4FLS3 A0A3Q2TT95 A0A8V0Z8N6 K9JA28 A0A8V0ZDW7 A0A1D5PMN7 A0A8V0Z938 A0A8V0YDD6 A0A8V0YHS1
Biological Process,regulation of vacuole organization,6,GO:0044088,4,15,255,2734,2.86,0.044244541638474515,1.35,Q5ZJW4 A0A1D5P6T3 A0A8V0ZTC0 A0A8V0XM02
Biological Process,negative regulation of small molecule metabolic process,5,GO:0062014,4,15,255,2734,2.86,0.044244541638474515,1.35,A0A8V0Y4M6 A0A8V1A7R0 A0A8V0YY90 A0A8V1A3H9
Biological Process,heart valve morphogenesis,3,GO:0003179,4,15,255,2734,2.86,0.044244541638474515,1.35,A0A8V0Y290 A0A8V0Y0F3 A0A8V0ZE58 A0A8V0ZCF7
Biological Process,negative regulation of response to stimulus,4,GO:0048585,55,465,255,2734,1.27,0.044319835079749646,1.35,A0A8V1AG56 A0A8V1A9L3 A0A8V1ABA3 A0A8V1AFP7 A0A8V0XMI5 A0A8V0ZUU4 A0A8V1ACH5 A0A8V0XH99 A0A8V0YDT5 P15120 A0A8V0Y290 A0A8V0X097 A0A1I7Q3Z0 A0A8V0ZTC0 A0A8V0YMR1 A0A8V0ZYI9 P02460 A0A1D5P6T3 A0A8V0Z8V4 A0A1I7Q421 A0A8V0YFT7 A0A8V0Y0F3 A0A8V0ZSG8 A0A8V0X637 A0A3Q2UGW3 A0A1D5P480 A0A8V0YQ88 A0A1D5PEW1 A0A1L1RX77 A0A8V0XPE8 A0A8V0YLI1 A0A8V1ACD6 A0A8V1A6B5 A0A8V0ZZZ5 A0A1L4FLS3 A0A3Q2TT95 Q00649 A0A8V0YY90 A0A8V0YSF6 A0A8V0XE48 A0A8V0Y699 A0A8V1ABC9 A0A8V0XKW4 A0A8V0ZE30 Q92182 A0A8V0ZKI8 A0A3Q2TU24 A0A8V0XM98 A0A8V0YWI5 A0A8V0YDT4 A0A8V1A9R2 P26652 A0A8V0Z938 A0A8V0YLZ8 A0A8V0YRG2
Biological Process,regulation of response to external stimulus,4,GO:0032101,31,235,255,2734,1.41,0.04499999465640396,1.35,A0A8V1AG56 A0A8V1ABA3 A0A8V1AFP7 A0A8V0XMI5 A0A8V0ZUU4 A0A8V0YDT5 A0A1D5PBZ8 P15120 A0A8V1A3H9 A0A8V0Z8V4 A0A8V0YFT7 A0A8V1A8N2 A0A8V0ZP32 A0A8V0ZSX6 A0A8V1ACD6 A0A8V0YRF2 A0A1L4FLS3 Q00649 A0A8V0YY90 A0A8V0YSF6 A0A8V1ABC9 K9JA28 Q92182 A0A3Q2TU24 A0A8V0ZJ97 A0A8V0YWI5 A0A1D5PT01 A0A8V0Z938 A0A8V0YDD6 A0A8V0YRG2 A0A8V0YHS1
Biological Process,aromatic compound biosynthetic process,4,GO:0019438,11,206,255,2734,0.57,0.0451312305066551,1.35,A0A8V0ZJD3 A0A8V1A9L3 A0A8V0YFT7 F1NBR3 A0A1D5PSI3 A0A3Q2TTB3 A0A8V0YBE2 A0A8V0YC20 A0A8V1A0B4 A0A8V0YXI7 A0A8V1A7R0
Biological Process,negative regulation of protein kinase activity,7,GO:0006469,11,64,255,2734,1.84,0.045558464142194305,1.34,A0A8V0ZKI8 A0A8V0ZZZ5 Q0PVE4 A0A8V1A3S8 A0A8V0X637 A0A8V1ABA3 A0A1D5PEW1 A0A1L1RX77 Q00649 A0A8V1ABC9 A0A8V0YRG2
Biological Process,embryonic pattern specification,3,GO:0009880,13,79,255,2734,1.76,0.04576572472748352,1.34,A0A8V0ZKI8 A0A8V1AG56 Q98938 A0A8V0ZSN8 A0A8V0ZUA4 A0A8V1A9R2 A0A8V0Y070 A0A8V0ZUU4 A0A8V0XH99 A0A3Q2UHS2 A0A8V1ACD6 A0A8V0YXI7 A0A8V0ZF83
Biological Process,secretion by tissue,2,GO:0032941,2,4,255,2734,5.36,0.04581030433781999,1.34,A0A8V0YF36 A0A8V0ZUU4
Biological Process,regulation of heterochromatin formation,7,GO:0031445,2,4,255,2734,5.36,0.04581030433781999,1.34,A0A8V1A9R2 A0A8V0ZSN8
Biological Process,positive regulation of dendrite extension,6,GO:1903861,2,4,255,2734,5.36,0.04581030433781999,1.34,A0A8V0X4D8 A0A1D5PSI3
Biological Process,negative regulation of gluconeogenesis,6,GO:0045721,2,4,255,2734,5.36,0.04581030433781999,1.34,A0A8V0YY90 A0A8V1A3H9
Biological Process,negative regulation of nematode larval development,6,GO:0061064,2,4,255,2734,5.36,0.04581030433781999,1.34,A0A1D5P6T3 A0A8V0X4D8
Biological Process,regulation of epithelial cell differentiation involved in kidney development,6,GO:2000696,2,4,255,2734,5.36,0.04581030433781999,1.34,A0A8V0Y0X2 A0A8V0YFT7
Biological Process,regulation of autophagy of mitochondrion in response to mitochondrial depolarization,5,GO:1904923,2,4,255,2734,5.36,0.04581030433781999,1.34,A0A8V0XKW4 A0A8V1ABA3
Biological Process,insulin processing,4,GO:0030070,2,4,255,2734,5.36,0.04581030433781999,1.34,A0A8V0ZP32 A0A8V0X4D8
Biological Process,integrin activation,6,GO:0033622,2,4,255,2734,5.36,0.04581030433781999,1.34,A0A8V0YDD6 A0A8V0Y699
Biological Process,termination of signal transduction,6,GO:0023021,2,4,255,2734,5.36,0.04581030433781999,1.34,A0A8V0X637 A0A8V1ABA3
Biological Process,intracellular cholesterol transport,6,GO:0032367,2,4,255,2734,5.36,0.04581030433781999,1.34,A0A8V0ZKI8 A0A8V0Y9F8
Biological Process,detection of chemical stimulus involved in sensory perception of taste,5,GO:0050912,2,4,255,2734,5.36,0.04581030433781999,1.34,A0A8V1ACV0 A0A1D5PXI1
Biological Process,anterior head development,4,GO:0097065,2,4,255,2734,5.36,0.04581030433781999,1.34,Q98938 P02460
Biological Process,postsynaptic membrane assembly,6,GO:0097104,2,4,255,2734,5.36,0.04581030433781999,1.34,A0A3Q2UGW3 A0A8V0Y9F8
Biological Process,plasmatocyte differentiation,3,GO:0042387,2,4,255,2734,5.36,0.04581030433781999,1.34,A0A8V1A9R2 A0A8V0ZSN8
Biological Process,regulation of eye pigmentation,5,GO:0048073,2,4,255,2734,5.36,0.04581030433781999,1.34,A0A8V0ZKI8 Q98938
Biological Process,regulation of bicellular tight junction assembly,6,GO:2000810,2,4,255,2734,5.36,0.04581030433781999,1.34,A0A8V1A0B4 A0A8V0XE48
Biological Process,regulation of female gonad development,5,GO:2000194,2,4,255,2734,5.36,0.04581030433781999,1.34,A0A1D5P6T3 A0A1I7Q3Z0
Biological Process,interleukin-7-mediated signaling pathway,5,GO:0038111,2,4,255,2734,5.36,0.04581030433781999,1.34,A0A8V1A9R2 A0A8V1A7R0
Biological Process,lamellocyte differentiation,4,GO:0035171,2,4,255,2734,5.36,0.04581030433781999,1.34,A0A8V1A9R2 A0A8V0ZSN8
Biological Process,cardiac atrium morphogenesis,4,GO:0003209,2,4,255,2734,5.36,0.04581030433781999,1.34,A0A8V1AG56 A0A8V0ZE58
Biological Process,retinal cone cell differentiation,8,GO:0042670,2,4,255,2734,5.36,0.04581030433781999,1.34,A0A8V0ZZZ5 A0A1D5P0D7
Biological Process,negative regulation of macrophage migration,6,GO:1905522,2,4,255,2734,5.36,0.04581030433781999,1.34,A0A8V0Y290 A0A8V0Y0F3
Biological Process,defasciculation of motor neuron axon,5,GO:0007415,2,4,255,2734,5.36,0.04581030433781999,1.34,A0A8V0ZF83 A0A8V0Y070
Biological Process,cardiac atrium development,4,GO:0003230,2,4,255,2734,5.36,0.04581030433781999,1.34,A0A8V1AG56 A0A8V0ZE58
Biological Process,interleukin-35-mediated signaling pathway,5,GO:0070757,2,4,255,2734,5.36,0.04581030433781999,1.34,A0A8V1A7R0 A0A8V0YFT7
Biological Process,alpha-beta T cell activation,5,GO:0046631,2,4,255,2734,5.36,0.04581030433781999,1.34,A0A8V1A7R0 A0A8V0XMI5
Biological Process,elastic fiber assembly,5,GO:0048251,2,4,255,2734,5.36,0.04581030433781999,1.34,A0A8V0Y290 A0A8V0Y0F3
Biological Process,regulation of interleukin-10 production,5,GO:0032653,2,4,255,2734,5.36,0.04581030433781999,1.34,A0A8V1A9R2 A0A8V0XMI5
Biological Process,positive regulation of monocyte chemotaxis,7,GO:0090026,2,4,255,2734,5.36,0.04581030433781999,1.34,A0A8V0YSF6 A0A8V0XMI5
Biological Process,"positive regulation of substrate-dependent cell migration, cell attachment to substrate",7,GO:1904237,2,4,255,2734,5.36,0.04581030433781999,1.34,A0A8V0YDD6 A0A8V0YDT4
Biological Process,regulation of thymocyte apoptotic process,9,GO:0070243,2,4,255,2734,5.36,0.04581030433781999,1.34,A0A8V1AG56 A0A8V1A9R2
Biological Process,positive regulation of hair cycle,5,GO:0042635,2,4,255,2734,5.36,0.04581030433781999,1.34,A0A8V1AG56 A0A1I7Q421
Biological Process,fumarate metabolic process,7,GO:0006106,2,4,255,2734,5.36,0.04581030433781999,1.34,A0A8V0Y9B0 A0A1D5NT61
Biological Process,cellular response to interferon-beta,6,GO:0035458,2,4,255,2734,5.36,0.04581030433781999,1.34,A0A8V0XKW4 A0A8V0YFT7
Biological Process,interleukin-6-mediated signaling pathway,5,GO:0070102,2,4,255,2734,5.36,0.04581030433781999,1.34,A0A8V1A7R0 A0A8V0YFT7
Biological Process,forebrain morphogenesis,3,GO:0048853,2,4,255,2734,5.36,0.04581030433781999,1.34,A0A8V1AG56 A0A8V0Z8V4
Biological Process,temperature homeostasis,3,GO:0001659,2,4,255,2734,5.36,0.04581030433781999,1.34,A0A8V0Y4M6 A0A8V1A7R0
Biological Process,"regulation of substrate-dependent cell migration, cell attachment to substrate",6,GO:1904235,2,4,255,2734,5.36,0.04581030433781999,1.34,A0A8V0YDD6 A0A8V0YDT4
Biological Process,angiotensin maturation,4,GO:0002003,2,4,255,2734,5.36,0.04581030433781999,1.34,A0A8V0XA92 A0A8V0YVB6
Biological Process,positive regulation of heterochromatin formation,6,GO:0031453,2,4,255,2734,5.36,0.04581030433781999,1.34,A0A8V1A9R2 A0A8V0ZSN8
Biological Process,cellular response to interleukin-7,6,GO:0098761,2,4,255,2734,5.36,0.04581030433781999,1.34,A0A8V1A9R2 A0A8V1A7R0
Biological Process,negative regulation of stress fiber assembly,7,GO:0051497,2,4,255,2734,5.36,0.04581030433781999,1.34,A0A8V0YLZ8 A0A8V0ZTR7
Biological Process,branch elongation of an epithelium,5,GO:0060602,2,4,255,2734,5.36,0.04581030433781999,1.34,A0A8V1AG56 A0A8V1AAN6
Biological Process,response to interleukin-7,5,GO:0098760,2,4,255,2734,5.36,0.04581030433781999,1.34,A0A8V1A9R2 A0A8V1A7R0
Biological Process,positive regulation of hair follicle development,5,GO:0051798,2,4,255,2734,5.36,0.04581030433781999,1.34,A0A8V1AG56 A0A1I7Q421
Biological Process,cartilage morphogenesis,4,GO:0060536,2,4,255,2734,5.36,0.04581030433781999,1.34,A0A8V0ZKI8 A0A8V0Z8N6
Biological Process,negative regulation of actin filament bundle assembly,6,GO:0032232,2,4,255,2734,5.36,0.04581030433781999,1.34,A0A8V0YLZ8 A0A8V0ZTR7
Biological Process,regulation of metalloendopeptidase activity,7,GO:1904683,2,4,255,2734,5.36,0.04581030433781999,1.34,A0A8V1A7R0 P26652
Biological Process,positive regulation of transmission of nerve impulse,6,GO:0051971,2,4,255,2734,5.36,0.04581030433781999,1.34,A0A8V0YLI1 A0A8V1ABA3
Biological Process,response to mitochondrial depolarisation,4,GO:0098780,2,4,255,2734,5.36,0.04581030433781999,1.34,A0A8V0XKW4 A0A8V1ABA3
Biological Process,intracellular sterol transport,5,GO:0032366,2,4,255,2734,5.36,0.04581030433781999,1.34,A0A8V0ZKI8 A0A8V0Y9F8
Biological Process,regulation of neuronal action potential,4,GO:0098908,2,4,255,2734,5.36,0.04581030433781999,1.34,A0A8V0YLI1 A0A8V1ABA3
Biological Process,ganglioside catabolic process,6,GO:0006689,2,4,255,2734,5.36,0.04581030433781999,1.34,A0A8V0Z086 F1NTQ2
Biological Process,hemocyte proliferation,2,GO:0035172,2,4,255,2734,5.36,0.04581030433781999,1.34,A0A8V1A9R2 A0A8V0ZSN8
Biological Process,negative regulation of cardiac muscle tissue development,7,GO:0055026,2,4,255,2734,5.36,0.04581030433781999,1.34,A0A8V0ZKI8 A0A8V0XMV0
Biological Process,tissue remodeling,2,GO:0048771,6,29,255,2734,2.22,0.047175904277204216,1.33,A0A8V0ZKI8 Q98938 A0A8V0XEP8 A0A8V0XMI5 A0A1I7Q3Z0 A0A1D5PZ68
Biological Process,long-term memory,5,GO:0007616,6,29,255,2734,2.22,0.047175904277204216,1.33,A0A8V0ZKI8 A0A1D5NT61 A0A8V0ZSN8 A0A8V0ZSG8 A0A8V1A9R2 A0A8V0ZSX6
Biological Process,chondroitin sulfate proteoglycan biosynthetic process,7,GO:0050650,5,22,255,2734,2.44,0.047694294373428016,1.32,A0A1D5P201 A0A1L1RX77 A0A8V0Z938 E1C2T4 A0A8V0YXI7
Biological Process,respiratory system development,4,GO:0060541,22,158,255,2734,1.49,0.047832160135665366,1.32,A0A8V1AG56 Q98938 A0A8V0YDU6 A0A8V0XMI5 A0A8V0ZUU4 A0A1D5PBZ8 A0A8V0XUJ8 A0A8V1A0B4 A0A8V1AAN6 A0A8V0Z8V4 A0A8V0YVB6 A0A8V0YIC3 Q0PVE4 A0A8V0Z189 A0A8V0Y699 A0A8V0YXI7 A0A8V0ZKI8 A0A3Q2TU24 A0A8V0ZSN8 A0A8V1A9R2 P26652 A0A1D5PSI3
Biological Process,protein maturation,4,GO:0051604,13,81,255,2734,1.72,0.04910066935633428,1.31,A0A8V0X4D8 A0A8V0XA92 Q98938 A0A8V0Y070 A0A8V0ZP32 A0A8V0YLI1 A0A8V0YSF6 P15120 A0A8V0YVB6 A0A8V0YDL8 P28687 A0A8V0ZF83 A0A8V0XKW4
Biological Process,negative regulation of cell morphogenesis,6,GO:0010771,8,41,255,2734,2.09,0.049890155240214513,1.3,A0A8V1AG56 A0A8V0Z8V4 A0A8V0ZZZ5 A0A8V0YDT4 A0A8V0YDT5 A0A8V1ACD6 A0A8V0YRG2 A0A8V0YMR1
Biological Process,actin filament-based movement,3,GO:0030048,8,41,255,2734,2.09,0.049890155240214513,1.3,A0A8V0XBD4 A0A8V0ZSN8 A0A8V1A9R2 A0A8V0ZY91 A0A8V0XE48 A0A1D5PBZ8 A0A8V0YG88 A0A8V0YVI8
Biological Process,digestive system development,4,GO:0055123,15,99,255,2734,1.62,0.05146158610466258,1.29,A0A8V1AG56 A0A1D5P6T3 F1NXR0 A0A8V0Z8V4 F1NGB8 A0A3Q2TU24 Q98938 A0A8V0ZSN8 A0A8V0Z189 A0A8V1A9R2 A0A8V0YDU6 A0A8V0XDR8 A0A1D5NTR5 A0A3Q2UHS2 A0A8V0XE48
Biological Process,nucleobase-containing compound biosynthetic process,4,GO:0034654,10,191,255,2734,0.56,0.05158755228485312,1.29,A0A8V0ZJD3 A0A8V1A9L3 A0A8V0YFT7 A0A1D5PSI3 A0A3Q2TTB3 A0A8V0YBE2 A0A8V0YC20 A0A8V1A0B4 A0A8V0YXI7 A0A8V1A7R0
Biological Process,nucleobase-containing small molecule metabolic process,3,GO:0055086,15,254,255,2734,0.63,0.053402463030202144,1.27,A0A8V0ZJD3 A0A8V1A9L3 A0A8V0XCD2 A0A1D5NT61 A0A8V0ZRZ8 A0A1D5PMN7 A0A8V0YC20 A0A8V0YBE2 A0A8V0Y9F8 A0A8V0Z938 A0A8V0YW57 A0A8V0ZXC9 A0A8V0YXI7 A0A8V1A0B4 A0A8V0YWM3
Biological Process,biosynthetic process,2,GO:0009058,48,653,255,2734,0.79,0.05351454167355203,1.27,A0A8V1A9L3 A0A8V0X4D8 F1NBR3 Q98938 A0A8V1ABA3 A0A8V0ZRZ8 A0A8V0XMI5 A0A8V0Z4R1 A0A8V0YGN2 A0A8V1ACH5 A0A8V0XH99 Q6ITC7 A0A8V1A0B4 A0A8V0YFT7 A0A8V0X637 F1NTQ2 A0A8V0WZN3 E1C3Z8 A0A8V1A8R2 A0A3Q2TTB3 A0A1L1RX77 A0A8V0YLI1 A0A8V0X7J6 E1C2T4 A0A8V1A7R0 A0A8V0Z0B9 A0A8V0Z6S1 A0A8V0Y579 A0A8V0XPN5 A0A8V0Y9F8 A0A8V0Z865 A0A1L1S0X5 A0A8V0YXI7 A0A8V0YYQ9 Q92182 A0A8V0ZJD3 F1NGB8 A0A1D5NT61 A0A1D5P201 A0A1D5PSI3 A0A1D5PMN7 A0A8V0YC20 A0A8V0YBE2 A0A8V0Z938 A0A8V0YQC4 Q9W6H0 A0A8V1A7Y9 A0A8V0YDL8
Biological Process,negative regulation of protein serine/threonine kinase activity,8,GO:0071901,6,30,255,2734,2.14,0.054549605668621604,1.26,A0A8V0ZKI8 A0A8V0X637 A0A8V1ABA3 A0A1D5PEW1 Q00649 A0A8V1ABC9
Biological Process,regulation of receptor signaling pathway via STAT,5,GO:1904892,6,30,255,2734,2.14,0.054549605668621604,1.26,A0A8V0ZSN8 A0A8V1A9R2 A0A1L1RX77 A0A8V0YDT5 A0A8V1A7R0 A0A8V1A3H9
Biological Process,regulation of receptor signaling pathway via JAK-STAT,6,GO:0046425,6,30,255,2734,2.14,0.054549605668621604,1.26,A0A8V0ZSN8 A0A8V1A9R2 A0A1L1RX77 A0A8V0YDT5 A0A8V1A7R0 A0A8V1A3H9
Biological Process,tube development,3,GO:0035295,50,419,255,2734,1.28,0.05473514683581346,1.26,A0A8V1AG56 A0A8V0XBD4 Q98938 A0A8V0YDU6 A0A8V0XMI5 A0A8V0XDR8 A0A1D5NTR5 A0A8V0XH99 A0A3Q2UHS2 A0A1D5PBZ8 P15120 A0A8V0XUJ8 A0A8V1A0B4 A0A1I7Q3Z0 A0A8V1AAN6 A0A8V1A3H9 P02460 F1NXR0 A0A8V0Z8V4 A0A8V0YFT7 A0A1I7Q421 A0A8V0ZSG8 A0A8V0XM02 E1C733 A0A1D5PEW1 A0A8V0ZCF7 A0A8V0YVB6 A0A1D5P0D7 A0A8V0YIC3 A0A8V0XA92 A0A8V0ZZZ5 Q0PVE4 A0A8V0Z189 A0A8V0ZE58 A0A8V0XE48 A0A8V0Y699 A0A8V0YXI7 A0A8V0ZF83 A0A8V0ZKI8 F1NGB8 A0A3Q2TU24 A0A8V0ZTR7 A0A8V0ZSN8 A0A8V0ZUA4 A0A8V1A9R2 P26652 A0A1D5PSI3 A0A8V0Y070 A0A8V0YRG2 A0A1D5PZ68
Biological Process,regulation of glycoprotein metabolic process,6,GO:1903018,4,16,255,2734,2.68,0.05481189319971293,1.26,A0A8V1A9R2 A0A8V0YLI1 A0A1D5P6T3 A0A1D5P201
Biological Process,heart valve development,3,GO:0003170,4,16,255,2734,2.68,0.05481189319971293,1.26,A0A8V0Y290 A0A8V0Y0F3 A0A8V0ZE58 A0A8V0ZCF7
Biological Process,negative regulation of T cell activation,7,GO:0050868,4,16,255,2734,2.68,0.05481189319971293,1.26,A0A8V1A9R2 A0A8V0YLI1 Q98938 A0A8V0XMI5
Biological Process,glycosyl compound catabolic process,5,GO:1901658,4,16,255,2734,2.68,0.05481189319971293,1.26,A0A8V0YBE2 A0A8V0YC98 A0A1D5PMN7 A0A8V1ABA3
Biological Process,central nervous system neuron axonogenesis,8,GO:0021955,4,16,255,2734,2.68,0.05481189319971293,1.26,A0A8V0Z3U6 A0A8V0YRG2 A0A8V1ABC9 Q98938
Biological Process,neuromuscular process controlling balance,5,GO:0050885,4,16,255,2734,2.68,0.05481189319971293,1.26,A0A8V0Z086 F1NTQ2 A0A8V1ALI6 A0A8V0XEP8
Biological Process,negative regulation of multicellular organismal process,4,GO:0051241,41,332,255,2734,1.32,0.054988080104457486,1.26,A0A8V1AG56 A0A8V0X4D8 Q98938 A0A8V1ABA3 A0A8V0XMI5 A0A8V0YDT5 P15120 A0A8V0XUJ8 A0A8V0Y290 A0A8V0YMR1 A0A1D5P6T3 A0A8V0Z8V4 A0A1I7Q421 A0A8V0YFT7 A0A8V0Y0F3 A0A8V0ZSG8 A0A8V0YQ88 A0A3Q2UGW3 A0A1L1RX77 A0A8V0YLI1 A0A8V0ZSX6 A0A8V0ZCF7 A0A8V1ACD6 A0A8V0YVB6 A0A8V1A7R0 A0A8V0ZZZ5 A0A1L4FLS3 A0A8V0YSF6 A0A8V0XE48 A0A8V1ABC9 A0A8V0Z8N6 A0A8V0ZKI8 A0A3Q2TU24 A0A8V0YDT4 A0A8V1A9R2 A0A1D5PSI3 A0A8V0YG24 A0A8V0Z938 A0A8V0YDD6 A0A8V0XMV0 A0A8V0YRG2
Biological Process,purine ribonucleoside triphosphate metabolic process,7,GO:0009205,4,104,255,2734,0.41,0.05639416541211433,1.25,A0A8V0YW57 A0A8V0ZRZ8 A0A8V0XCD2 A0A8V0YWM3
Biological Process,regulation of establishment of planar polarity,6,GO:0090175,5,23,255,2734,2.33,0.05648102086214366,1.25,A0A8V0ZKI8 A0A8V1AG56 A0A8V0ZUU4 A0A8V0XE48 A0A8V0ZRP2
Biological Process,inner ear morphogenesis,4,GO:0042472,5,23,255,2734,2.33,0.05648102086214366,1.25,A0A8V1AG56 A0A1I7Q421 A0A8V0XBD4 A0A8V0YRG2 P02460
Biological Process,positive regulation of hemopoiesis,5,GO:1903708,5,23,255,2734,2.33,0.05648102086214366,1.25,A0A8V0YFT7 Q98938 A0A8V0XMI5 A0A8V1ABC9 A0A8V1A7R0
Biological Process,neural crest cell differentiation,5,GO:0014033,5,23,255,2734,2.33,0.05648102086214366,1.25,A0A8V0ZKI8 A0A8V0YDD6 A0A8V1ACD6 A0A1D5PZ68 A0A8V1ADF6
Biological Process,RNA processing,6,GO:0006396,4,105,255,2734,0.41,0.05708024523920369,1.24,A0A8V0ZJ97 A0A1D5PSI3 A0A8V1A8R2 A0A8V0XXW6
Biological Process,ribonucleoside triphosphate metabolic process,6,GO:0009199,4,105,255,2734,0.41,0.05708024523920369,1.24,A0A8V0YW57 A0A8V0ZRZ8 A0A8V0XCD2 A0A8V0YWM3
Biological Process,organelle organization,4,GO:0006996,68,874,255,2734,0.83,0.057202450972476754,1.24,A0A8V0ZBM0 A0A8V0XBD4 A0A8V1A803 A0A8V1ABA3 A0A8V0ZRZ8 A0A8V0YDU6 A0A8V0XEP8 A0A8V0XMI5 A0A8V0ZUU4 A0A1D5NTR5 A0A8V0ZSD7 A0A8V0YQU2 A0A3Q2UHS2 R4GGQ4 A0A1D5PBZ8 A0A8V0YG88 A0A8V1A0B4 A0A1I7Q3Z0 A0A8V0ZEC1 A0A8V0YVI8 A0A8V0XYK6 A0A8V0ZYI9 A0A1D5P6Q1 A0A8V0YTK5 A0A8V0XCD2 A0A8V0ZSG8 A0A8V0XM02 A0A8V0YK18 F1NTQ2 A0A8V0X535 A0A8V0XZH4 E1C733 A0A3Q2TTB3 A0A8V1ADS4 A0A8V0YW57 A0A8V0YLI1 A0A8V0ZSX6 A0A8V0YVB6 A0A8V1A7R0 A0A8V0ZZZ5 Q0PVE4 A0A8V0X7P4 A0A8V0XPN5 Q5ZJW4 A0A8V1ALI6 A0A8V0XE48 A0A8V0Y699 A0A8V1ABC9 A0A8V1AEJ0 A0A1D5PLP1 A0A8V0XKW4 A0A8V0ZE30 A0A8V0ZDW7 A0A1D5PGC2 A0A3Q2TU24 A0A8V0YWI5 A0A1D5PBU5 Q05744 A0A8V0ZSN8 A0A8V0ZUA4 A0A8V1A9R2 A0A8V1AFR2 A0A8V0Z3U6 A0A8V0Z9Z7 A0A1D5PMN7 A0A1L1RKY9 A0A8V0XMV0 A0A8V0YWM3
Biological Process,regulation of cytoskeleton organization,6,GO:0051493,11,199,255,2734,0.59,0.05726451357933567,1.24,A0A8V1A9L3 A0A3Q2TU24 A0A8V0ZTR7 A0A8V0XBD4 A0A1D5PBU5 A0A8V0Z3U6 E1C733 Q00649 A0A3Q2UHS2 A0A8V0XE48 A0A8V0YLZ8
Biological Process,ribonucleotide metabolic process,5,GO:0009259,9,171,255,2734,0.56,0.05770004018250831,1.24,A0A8V0ZJD3 A0A8V1A9L3 A0A8V0XCD2 A0A8V0ZRZ8 A0A8V0YC20 A0A8V0Y9F8 A0A8V0YW57 A0A8V1A0B4 A0A8V0YWM3
Biological Process,regulation of cellular localization,4,GO:0060341,16,263,255,2734,0.65,0.057960022690281346,1.24,A0A8V1AG56 A0A1D5P6T3 A0A8V0X4D8 A0A8V0ZZZ5 A0A8V0ZTR7 Q98938 A0A8V0XM02 A0A8V0Y999 A0A8V0Z189 A0A1D5PSI3 A0A8V0YY90 A0A8V0XE48 A0A8V0YRG2 A0A1I7Q3Z0 A0A8V0ZDW7 A0A8V0XYK6
Biological Process,purine nucleotide metabolic process,5,GO:0006163,9,174,255,2734,0.55,0.05800181525660182,1.24,A0A8V0ZJD3 A0A8V1A9L3 A0A8V0XCD2 A0A8V0ZRZ8 A0A8V0YC20 A0A8V0Y9F8 A0A8V0YW57 A0A8V1A0B4 A0A8V0YWM3
Biological Process,cellular biosynthetic process,3,GO:0044249,45,611,255,2734,0.79,0.05847852319915097,1.23,A0A8V1A9L3 A0A8V0X4D8 F1NBR3 Q98938 A0A8V1ABA3 A0A8V0ZRZ8 A0A8V0XMI5 A0A8V0Z4R1 A0A8V0YGN2 A0A8V1ACH5 Q6ITC7 A0A8V1A0B4 A0A8V0YFT7 A0A8V0X637 F1NTQ2 A0A8V0WZN3 E1C3Z8 A0A8V1A8R2 A0A3Q2TTB3 A0A1L1RX77 A0A8V0X7J6 E1C2T4 A0A8V1A7R0 A0A8V0Z0B9 A0A8V0Z6S1 A0A8V0Y579 A0A8V0XPN5 A0A8V0Z865 A0A1L1S0X5 A0A8V0YXI7 A0A8V0YYQ9 Q92182 A0A8V0ZJD3 F1NGB8 A0A1D5NT61 A0A1D5P201 A0A1D5PSI3 A0A1D5PMN7 A0A8V0YC20 A0A8V0YBE2 A0A8V0Z938 A0A8V0YQC4 Q9W6H0 A0A8V1A7Y9 A0A8V0YDL8
Biological Process,axis elongation,4,GO:0003401,3,10,255,2734,3.22,0.058748294936237205,1.23,A0A8V0ZKI8 A0A8V1AG56 A0A8V1AAN6
Biological Process,neuron apoptotic process,5,GO:0051402,3,10,255,2734,3.22,0.058748294936237205,1.23,A0A8V0YWM3 A0A8V0ZSG8 A0A8V0YRF2
Biological Process,regulation of non-canonical Wnt signaling pathway,6,GO:2000050,3,10,255,2734,3.22,0.058748294936237205,1.23,A0A8V0ZKI8 A0A8V0XE48 A0A8V1AG56
Biological Process,negative regulation of axon guidance,6,GO:1902668,3,10,255,2734,3.22,0.058748294936237205,1.23,A0A8V1AG56 A0A8V0Z8V4 A0A8V1ACD6
Biological Process,determination of dorsal/ventral asymmetry,5,GO:0048262,3,10,255,2734,3.22,0.058748294936237205,1.23,A0A1I7Q421 A0A8V0Y070 A0A1D5P0D7
Biological Process,positive regulation of interleukin-8 production,6,GO:0032757,3,10,255,2734,3.22,0.058748294936237205,1.23,A0A8V1AG56 A0A1L4FLS3 A0A8V0XMI5
Biological Process,regulation of erythrocyte differentiation,6,GO:0045646,3,10,255,2734,3.22,0.058748294936237205,1.23,A0A8V1A7R0 A0A8V0YFT7 A0A8V0XMI5
Biological Process,neuron cell-cell adhesion,4,GO:0007158,3,10,255,2734,3.22,0.058748294936237205,1.23,A0A3Q2UGW3 A0A8V0Y9F8 A0A1D5PBZ8
Biological Process,negative regulation of axon extension involved in axon guidance,6,GO:0048843,3,10,255,2734,3.22,0.058748294936237205,1.23,A0A8V1AG56 A0A8V0Z8V4 A0A8V1ACD6
Biological Process,regulation of type II interferon production,5,GO:0032649,3,10,255,2734,3.22,0.058748294936237205,1.23,A0A8V1AG56 A0A1L4FLS3 A0A8V0XMI5
Biological Process,positive regulation of cellular component biogenesis,5,GO:0044089,27,205,255,2734,1.41,0.05992814914462297,1.22,A0A8V0X4D8 A0A8V0YDU6 A0A1D5NTR5 A0A8V0YQU2 A0A8V0YDT5 A0A3Q2UHS2 A0A8V0Y290 A0A8V0ZTC0 A0A1I7Q3Z0 A0A8V0ZH96 A0A1D5P6T3 A0A8V0Y0F3 E1C733 A0A8V0ZZZ5 Q0PVE4 A0A8V0X7P4 A0A1D5PDV9 A0A8V0XE48 A0A8V1ABC9 A0A8V0ZE30 A0A8V0YWI5 A0A8V0ZTR7 A0A8V0ZSN8 A0A8V1A9R2 A0A8V0Z3U6 A0A8V0YLZ8 A0A8V0YRG2
Biological Process,protein stabilization,4,GO:0050821,2,69,255,2734,0.31,0.060140994125017506,1.22,A0A3Q2UHS2 A0A8V0ZEC1
Biological Process,cytoskeleton-dependent intracellular transport,4,GO:0030705,3,89,255,2734,0.36,0.060579504116589106,1.22,Q00649 A0A8V0XBD4 A0A8V0YVI8
Biological Process,cell-substrate adhesion,3,GO:0031589,10,58,255,2734,1.85,0.06191667806929052,1.21,A0A8V0Y0F3 A0A8V0ZZZ5 A0A8V1A3S8 A0A8V0ZBR8 A0A8V0ZHX5 A0A8V0Y357 A0A8V0YDD6 A0A8V0ZCF7 A0A8V0Y290 A0A1I7Q3Z0
Biological Process,cognition,4,GO:0050890,16,109,255,2734,1.57,0.062321504912853584,1.21,A0A8V0ZKI8 A0A1D5P6T3 A0A8V0XM98 A0A1D5NT61 A0A8V0ZSG8 A0A8V1ABA3 A0A8V0ZSN8 A0A8V1A9R2 A0A3Q2UGW3 A0A1D5PMN7 A0A8V0Z086 A0A8V0ZSX6 A0A8V0YSF6 A0A8V1ABC9 A0A8V0YRG2 A0A8V0ZDW7
Biological Process,embryonic skeletal system development,5,GO:0048706,6,31,255,2734,2.08,0.06258323151913166,1.2,A0A8V1AG56 A0A1I7Q421 Q98938 A0A8V0X9N1 P02460 A0A1D5P0D7
Biological Process,monocarboxylic acid metabolic process,6,GO:0032787,6,130,255,2734,0.49,0.06262616001147467,1.2,A0A8V0Y4M6 A0A8V0ZSC5 E1C3Z8 A0A1L1RX77 A0A8V0Y9F8 A0A1D5PXI1
Biological Process,anatomical structure development,2,GO:0048856,155,1510,255,2734,1.1,0.06416576033831485,1.19,A0A8V1A9L3 A0A8V1ABA3 A0A8V1AEJ4 A0A8V0XEP8 A0A8V0Z4R1 A0A1D5NTR5 A0A8V0YGN2 A0A8V0YDT5 A0A3Q2UHS2 A0A1D5PBZ8 P15120 A0A8V0YQU2 A0A8V0ZEJ3 A0A8V0Z8V4 A0A8V0YTK5 A0A1D5P480 A0A8V0XXW6 A0A1L1RX77 A0A8V0XPE8 A0A8V0YW57 Q5ZJ73 A0A8V1ACD6 A0A8V0YHL6 A0A8V1A7R0 A0A8V0Y4Q2 A0A8V0Y579 A0A8V0Y9F8 A0A8V0XE48 A0A8V0Y699 A0A8V0YXI7 A0A8V0YYQ9 A0A8V0XXK8 A0A8V0ZJD3 F1NGB8 A0A3Q2TU24 A0A8V0ZJ97 A0A8V0Y478 A0A8V0XM98 A0A8V0ZSN8 A0A8V0ZUA4 A0A8V0YIR4 A0A8V1A9R2 A0A8V0ZTR7 A0A8V0YF36 A0A1D5PSI3 A0A8V0Y070 A0A8V0Y357 Q9W6H0 A0A8V0ZD24 A0A8V1AG56 A0A8V0XXM5 A0A8V0XMI5 A0A8V0XDR8 A0A8V0ZUU4 A0A8V0XH99 A0A8V1A0B4 A0A1I7Q3Z0 A0A8V0ZH96 P02460 A0A8V0Y0F3 A0A8V0YUF6 A0A8V0X637 F1NTQ2 A0A8V0Z3Q9 A0A1D5PEW1 A0A8V0XCW4 A0A8V0XS21 A0A1D5P0D7 A0A8V0ZZZ5 A0A8V0XA92 Q0PVE4 A0A8V0ZE58 Q00649 A0A1D5PDV9 A0A8V1ABC9 A0A8V0XKW4 A0A8V0ZRP2 A0A8V0ZE30 A0A8V1ADF6 A0A8V0YWI5 A0A1D5PBU5 Q05744 A0A8V1AFR2 P26652 A0A8V1AJI2 A0A1D5PT01 P33005 A0A8V0YRG2 A0A8V0X4D8 A0A8V0XBD4 A0A8V0ZBR8 A0A8V0Y0X2 A0A8V0ZHL4 A0A8V0ZIF0 A0A8V0YG88 A0A8V0YVI8 A0A8V0XYK6 A0A8V0YFT7 A0A8V0ZSG8 E1C733 A0A8V1A8R2 A0A8V0ZSX6 A0A1D5P8I8 A0A8V0YRN1 A0A8V0ZY91 A0A8V0ZY42 A0A8V0YPB9 A0A8V1ALI6 A0A8V0XXZ4 A0A1D5PLP1 A0A8V0ZF83 A0A8V0ZY56 A0A1D5PGC2 A0A8V0ZKI8 A0A8V0YDT4 A0A8V0X9N1 A0A8V0Z3U6 A0A8V0YQC4 A0A8V0YDL8 A0A8V0YLZ8 Q98938 A0A8V0YDU6 A0A8V0ZSD7 A0A8V0ZFG7 A0A8V0XUJ8 A0A8V0Y290 A0A8V0YMR1 A0A8V0ZEC1 A0A8V1A3H9 A0A8V1AAN6 A0A1D5P6T3 F1NXR0 A0A1I7Q421 A0A3Q2UGW3 A0A8V0XM02 A0A8V0WZN3 A0A8V0ZCF7 A0A8V0YVB6 A0A8V0YIC3 A0A1D5P692 A0A8V0Z189 A0A8V0YE20 A0A3Q2TT95 A0A8V0Y6D2 A0A8V0ZJJ7 A0A8V0Z8N6 A0A8V0ZDW7 A0A1D5NT61 A0A8V1A3S8 A0A8V0Z9Z7 A0A8V0Z938 A0A8V0YDD6 A0A8V1AM47 A0A1D5PZ68 A0A8V0YWM3
Biological Process,regulation of cellular component biogenesis,4,GO:0044087,43,358,255,2734,1.29,0.06422517371318033,1.19,A0A8V1AG56 A0A8V1A9L3 A0A8V0X4D8 A0A8V1ABA3 A0A8V0YDU6 A0A8V0XMI5 A0A8V0ZUU4 A0A1D5NTR5 A0A8V0YQU2 A0A8V0YDT5 A0A3Q2UHS2 A0A8V0Y290 A0A8V1A0B4 A0A1I7Q3Z0 A0A8V0ZTC0 A0A8V0ZH96 A0A8V0YVI8 A0A1D5P6T3 A0A8V0Z8V4 A0A8V0Y0F3 A0A8V0XM02 E1C733 A0A8V0ZCF7 A0A8V0ZZZ5 Q0PVE4 A0A8V0ZE58 A0A8V0X7P4 Q5ZJW4 Q00649 A0A1D5PDV9 A0A8V0XE48 A0A8V1ABC9 A0A8V0ZE30 A0A8V0YWI5 A0A8V0ZTR7 A0A1D5PBU5 A0A8V0ZSN8 A0A8V1A9R2 A0A8V0Z3U6 A0A8V1AJI2 A0A8V0YLZ8 A0A8V0YRG2 A0A1D5NYA8
Biological Process,regulation of transforming growth factor beta receptor signaling pathway,6,GO:0017015,8,45,255,2734,1.91,0.06467877713507872,1.19,A0A8V0Y0F3 A0A8V0X4D8 A0A8V0YQ88 A0A8V0X7P4 A0A8V0Y070 A0A8V0XPE8 A0A8V0Y290 A0A8V0ZF83
Biological Process,cell-matrix adhesion,4,GO:0007160,8,45,255,2734,1.91,0.06467877713507872,1.19,A0A8V0Y0F3 A0A8V0ZZZ5 A0A8V0ZBR8 A0A8V0ZHX5 A0A8V0Y357 A0A8V0YDD6 A0A8V0ZCF7 A0A8V0Y290
Biological Process,regulation of cellular response to transforming growth factor beta stimulus,5,GO:1903844,8,45,255,2734,1.91,0.06467877713507872,1.19,A0A8V0Y0F3 A0A8V0X4D8 A0A8V0YQ88 A0A8V0X7P4 A0A8V0Y070 A0A8V0XPE8 A0A8V0Y290 A0A8V0ZF83
Biological Process,nervous system process,3,GO:0050877,31,245,255,2734,1.36,0.0654217357641377,1.18,A0A8V0XBD4 A0A8V1ABA3 A0A8V0XEP8 A0A8V1ACH5 R4GGQ4 A0A1D5PBZ8 A0A8V1A0B4 A0A1D5PXI1 A0A8V1ACV0 P02460 A0A8V0XYK6 A0A1D5P6T3 A0A8V0ZSG8 A0A3Q2UGW3 F1NTQ2 A0A8V0YLI1 A0A8V0ZSX6 A0A8V0ZY91 A0A8V0Z086 A0A8V0YSF6 A0A8V1ALI6 A0A8V1ABC9 A0A8V0ZDW7 A0A8V0ZKI8 A0A8V0XM98 A0A1D5NT61 A0A8V0ZSN8 A0A8V1A9R2 A0A1D5PMN7 A0A8V0YLZ8 A0A8V0YRG2
Biological Process,complement activation,3,GO:0006956,5,24,255,2734,2.23,0.06613671364237213,1.18,A0A8V0ZZD4 A0A8V1A8N2 A0A8V0XEJ0 P01875 A0A8V0YHS1
Biological Process,leg disc development,5,GO:0035218,5,24,255,2734,2.23,0.06613671364237213,1.18,A0A8V0ZKI8 A0A8V0ZTR7 Q98938 A0A8V0XMI5 A0A8V0XH99
Biological Process,neural crest cell migration,6,GO:0001755,4,17,255,2734,2.52,0.06661679784704609,1.18,A0A8V0YDD6 A0A1D5PZ68 A0A8V1ADF6 A0A8V1ACD6
Biological Process,B cell differentiation,5,GO:0030183,4,17,255,2734,2.52,0.06661679784704609,1.18,A0A8V1A9R2 A0A8V0ZEJ3 A0A8V0ZSG8 A0A8V0YW57
Biological Process,regulation of B cell activation,6,GO:0050864,4,17,255,2734,2.52,0.06661679784704609,1.18,A0A8V0YW57 P01875 A0A8V0YLI1 A0A8V0XEJ0
Biological Process,germ-line stem cell division,3,GO:0042078,4,17,255,2734,2.52,0.06661679784704609,1.18,A0A8V1A9R2 A0A8V0ZSN8 A0A8V0XH99 Q98938
Biological Process,protein trimerization,7,GO:0070206,4,17,255,2734,2.52,0.06661679784704609,1.18,A0A8V0XKW4 A0A8V0YGN2 A0A8V0Y0F3 A0A8V0Y290
Biological Process,positive regulation of dephosphorylation,8,GO:0035306,4,17,255,2734,2.52,0.06661679784704609,1.18,A0A8V0X637 A0A8V0YLI1 Q98938 A0A8V1ABA3
Biological Process,cell cycle,2,GO:0007049,15,250,255,2734,0.64,0.06693676539993713,1.17,A0A8V0YIC3 Q0PVE4 A0A8V0XBD4 A0A1D5PBU5 A0A8V0YTK5 A0A8V0Z3U6 A0A8V0Z9Z7 A0A8V0YW57 A0A8V0ZFG7 A0A8V0XE48 A0A8V1ABC9 A0A1D5PBZ8 A0A8V0ZE30 A0A8V0ZRP2 A0A8V0XYK6
Biological Process,neuron recognition,3,GO:0008038,10,60,255,2734,1.79,0.067180529880695,1.17,A0A8V1AG56 A0A8V0Z8V4 A0A8V0X4D8 A0A8V0ZF83 A0A8V0Y070 A0A8V0ZUU4 A0A8V0Y9F8 A0A1D5NTR5 A0A1D5PBZ8 A0A8V0YRG2
Biological Process,positive regulation of cell migration,6,GO:0030335,22,161,255,2734,1.47,0.06748546288221789,1.17,A0A8V1AG56 A0A8V0X4D8 A0A8V0XMI5 P15120 A0A1I7Q3Z0 A0A8V0YVI8 A0A1D5P6T3 A0A8V0ZSG8 E1C733 A0A8V0YLI1 A0A8V0ZZZ5 A0A8V0ZE58 A0A8V0X7P4 Q00649 A0A8V0YSF6 A0A8V0XE48 A0A8V1ABC9 A0A3Q2TU24 A0A8V0YDT4 A0A8V0YDD6 A0A8V0YLZ8 A0A1D5PZ68
Biological Process,digestive tract development,4,GO:0048565,14,94,255,2734,1.6,0.06931672501396649,1.16,A0A8V1AG56 F1NGB8 F1NXR0 A0A8V0Z8V4 A0A3Q2TU24 Q98938 A0A8V0ZSN8 A0A8V0Z189 A0A8V1A9R2 A0A8V0YDU6 A0A8V0XDR8 A0A1D5NTR5 A0A3Q2UHS2 A0A8V0XE48
Biological Process,negative regulation of transferase activity,5,GO:0051348,12,77,255,2734,1.67,0.07022400839053444,1.15,A0A8V0ZKI8 A0A8V0ZZZ5 Q0PVE4 A0A8V1A3S8 A0A8V0X637 A0A8V1ABA3 A0A1D5PEW1 A0A1L1RX77 Q00649 A0A8V1ABC9 A0A8V0YRG2 A0A1I7Q3Z0
Biological Process,negative regulation of neuron projection development,7,GO:0010977,10,61,255,2734,1.76,0.07048901294008489,1.15,A0A8V1AG56 A0A8V0Z8V4 A0A8V0ZZZ5 A0A1I7Q421 A0A8V0Z938 A0A8V0YDT5 A0A8V1ACD6 A0A8V0YVB6 A0A8V0YRG2 A0A8V0YMR1
Biological Process,cellular macromolecule localization,3,GO:0070727,30,430,255,2734,0.75,0.07087448119695637,1.15,A0A8V1AG56 A0A8V0X4D8 A0A8V0XBD4 A0A8V0YBZ6 A0A8V1AEJ4 A0A8V0YDU6 A0A8V1ACH5 R4GGQ4 Q6ITC7 A0A8V1A0B4 A0A8V1ACV0 A0A8V0YVI8 A0A8V0XYK6 A0A8V1A8R2 A0A8V1ADS4 A0A8V1A7R0 A0A8V0YIC3 A0A8V0ZZZ5 A0A8V0X7P4 A0A8V0XPN5 Q00649 A0A8V0XE48 A0A8V0Y699 A0A8V0ZRP2 A0A1D5PGC2 A0A8V0ZKI8 A0A1D5PBU5 A0A8V0ZUA4 A0A8V0XMV0 P28687
Biological Process,basal protein localization,5,GO:0045175,2,5,255,2734,4.29,0.0717123783306032,1.14,A0A3Q2UHS2 A0A8V0XBD4
Biological Process,positive regulation of activated T cell proliferation,9,GO:0042104,2,5,255,2734,4.29,0.0717123783306032,1.14,A0A8V1A9R2 A0A8V0XMI5
Biological Process,positive regulation of vascular endothelial cell proliferation,8,GO:1905564,2,5,255,2734,4.29,0.0717123783306032,1.14,A0A8V1A7R0 A0A8V0XMI5
Biological Process,neuronal ion channel clustering,5,GO:0045161,2,5,255,2734,4.29,0.0717123783306032,1.14,A0A8V0YLZ8 A0A1D5PBZ8
Biological Process,paraxial mesoderm development,5,GO:0048339,2,5,255,2734,4.29,0.0717123783306032,1.14,A0A8V1AG56 A0A3Q2UHS2
Biological Process,paraxial mesoderm morphogenesis,5,GO:0048340,2,5,255,2734,4.29,0.0717123783306032,1.14,A0A8V1AG56 A0A3Q2UHS2
Biological Process,somatic diversification of immune receptors,2,GO:0002200,2,5,255,2734,4.29,0.0717123783306032,1.14,A0A8V0YW57 A0A8V0XMI5
Biological Process,regulation of vascular endothelial cell proliferation,7,GO:1905562,2,5,255,2734,4.29,0.0717123783306032,1.14,A0A8V1A7R0 A0A8V0XMI5
Biological Process,positive regulation of leukocyte apoptotic process,7,GO:2000108,2,5,255,2734,4.29,0.0717123783306032,1.14,A0A8V1AG56 A0A8V1A9R2
Biological Process,uterus development,4,GO:0060065,2,5,255,2734,4.29,0.0717123783306032,1.14,A0A8V1AG56 A0A1I7Q3Z0
Biological Process,activation of cysteine-type endopeptidase activity,7,GO:0097202,2,5,255,2734,4.29,0.0717123783306032,1.14,A0A8V0YLI1 A0A8V0YSF6
Biological Process,trunk segmentation,5,GO:0035290,2,5,255,2734,4.29,0.0717123783306032,1.14,A0A8V1ACD6 Q98938
Biological Process,signal peptide processing,5,GO:0006465,2,5,255,2734,4.29,0.0717123783306032,1.14,P28687 A0A8V0X4D8
Biological Process,asymmetric protein localization involved in cell fate determination,5,GO:0045167,2,5,255,2734,4.29,0.0717123783306032,1.14,A0A8V0XBD4 A0A1D5PBU5
Biological Process,clustering of voltage-gated sodium channels,6,GO:0045162,2,5,255,2734,4.29,0.0717123783306032,1.14,A0A8V0YLZ8 A0A1D5PBZ8
Biological Process,regulation of angiotensin levels in blood,4,GO:0002002,2,5,255,2734,4.29,0.0717123783306032,1.14,A0A8V0XA92 A0A8V0YVB6
Biological Process,detection of chemical stimulus involved in sensory perception,4,GO:0050907,2,5,255,2734,4.29,0.0717123783306032,1.14,A0A8V1ACV0 A0A1D5PXI1
Biological Process,regulation of hydrogen peroxide metabolic process,6,GO:0010310,2,5,255,2734,4.29,0.0717123783306032,1.14,A0A1D5P6T3 A0A8V1A7R0
Biological Process,anterior/posterior axon guidance,9,GO:0033564,2,5,255,2734,4.29,0.0717123783306032,1.14,A0A8V1AG56 A0A1D5PBZ8
Biological Process,medial fin morphogenesis,5,GO:0035141,2,5,255,2734,4.29,0.0717123783306032,1.14,A0A8V0Y070 A0A8V0YDT4
Biological Process,negative regulation of protein homooligomerization,8,GO:0032463,2,5,255,2734,4.29,0.0717123783306032,1.14,A0A1I7Q3Z0 A0A8V1ABA3
Biological Process,positive regulation of nitric-oxide synthase biosynthetic process,7,GO:0051770,2,5,255,2734,4.29,0.0717123783306032,1.14,A0A8V1A9R2 A0A8V0YFT7
Biological Process,negative regulation of multicellular organism growth,5,GO:0040015,2,5,255,2734,4.29,0.0717123783306032,1.14,A0A1D5P6T3 A0A8V0YSF6
Biological Process,"negative regulation of CD4-positive, alpha-beta T cell differentiation",10,GO:0043371,2,5,255,2734,4.29,0.0717123783306032,1.14,A0A8V1A9R2 A0A8V0XMI5
Biological Process,"regulation of CD4-positive, alpha-beta T cell differentiation",9,GO:0043370,2,5,255,2734,4.29,0.0717123783306032,1.14,A0A8V1A9R2 A0A8V0XMI5
Biological Process,calcium-independent cell-matrix adhesion,5,GO:0007161,2,5,255,2734,4.29,0.0717123783306032,1.14,A0A8V0YDD6 A0A8V0ZHX5
Biological Process,post-embryonic body morphogenesis,4,GO:0040032,2,5,255,2734,4.29,0.0717123783306032,1.14,A0A1D5NTR5 A0A8V0YVB6
Biological Process,Wnt protein secretion,5,GO:0061355,2,5,255,2734,4.29,0.0717123783306032,1.14,Q5ZJW4 A0A8V0ZUA4
Biological Process,glycosylceramide catabolic process,6,GO:0046477,2,5,255,2734,4.29,0.0717123783306032,1.14,A0A8V0YC98 A0A8V1ABA3
Biological Process,apoptotic DNA fragmentation,6,GO:0006309,2,5,255,2734,4.29,0.0717123783306032,1.14,A0A8V0YWM3 A0A8V0XMI5
Biological Process,apical constriction involved in gastrulation,6,GO:0003384,2,5,255,2734,4.29,0.0717123783306032,1.14,A0A1D5PBZ8 A0A8V0XE48
Biological Process,epithelial cell morphogenesis involved in gastrulation,5,GO:0003381,2,5,255,2734,4.29,0.0717123783306032,1.14,A0A1D5PBZ8 A0A8V0XE48
Biological Process,pericardium morphogenesis,4,GO:0003344,2,5,255,2734,4.29,0.0717123783306032,1.14,A0A8V0ZKI8 A0A8V1AG56
Biological Process,chondrocyte proliferation,3,GO:0035988,2,5,255,2734,4.29,0.0717123783306032,1.14,A0A8V0Z8N6 Q98938
Biological Process,radial glial cell differentiation,5,GO:0060019,2,5,255,2734,4.29,0.0717123783306032,1.14,A0A8V0ZKI8 A0A8V1A7R0
Biological Process,positive regulation of cellular extravasation,6,GO:0002693,2,5,255,2734,4.29,0.0717123783306032,1.14,A0A8V0YLI1 A0A8V0ZZZ5
Biological Process,interleukin-27-mediated signaling pathway,5,GO:0070106,2,5,255,2734,4.29,0.0717123783306032,1.14,A0A8V1A7R0 A0A8V0YFT7
Biological Process,establishment of localization in cell,3,GO:0051649,41,560,255,2734,0.78,0.07285640187313946,1.14,A0A8V0XBD4 A0A8V0YBZ6 A0A8V1AEJ4 R4GGQ4 A0A1D5PBZ8 A0A8V0YG88 Q6ITC7 A0A8V0YVI8 A0A8V0XYK6 A0A8V0ZYI9 A0A8V0Z8V4 A0A3Q2UGW3 A0A8V0XM02 A0A8V1A8R2 A0A8V1ADS4 A0A8V0YLI1 A0A8V0ZCF7 A0A8V0YVB6 A0A8V1A6B5 A0A8V1A7R0 A0A8V0YIC3 Q0PVE4 A0A8V0X7P4 A0A8V0XPN5 Q5ZJW4 A0A8V0Y9F8 Q00649 A0A8V0XE48 A0A8V1AEJ0 A0A8V0ZRP2 A0A8V0ZE30 A0A1D5PGC2 A0A8V0ZKI8 A0A8V0XM98 A0A8V0ZTR7 A0A1D5PBU5 A0A8V0ZUA4 A0A8V1AFR2 A0A8V0Z9Z7 A0A8V0XMV0 P28687
Biological Process,positive regulation of synapse assembly,6,GO:0051965,7,36,255,2734,2.08,0.07364573651893906,1.13,A0A1D5P6T3 A0A8V0X4D8 A0A8V0ZTR7 A0A8V0YDT5 A0A1D5PDV9 A0A8V1ABC9 A0A8V0YRG2
Biological Process,glycosaminoglycan catabolic process,6,GO:0006027,7,36,255,2734,2.08,0.07364573651893906,1.13,F1NTQ2 A0A8V0YZJ3 A0A8V0YC89 A0A1L1RX77 A0A8V0XH99 A0A8V0ZIF0 Q9W6H0
Biological Process,limb morphogenesis,4,GO:0035108,7,36,255,2734,2.08,0.07364573651893906,1.13,A0A8V0ZKI8 A0A8V1AG56 Q98938 A0A8V0Z189 A0A1D5PZ68 A0A8V0XS21 P02460
Biological Process,organic substance biosynthetic process,3,GO:1901576,48,641,255,2734,0.8,0.07400996584883082,1.13,A0A8V1A9L3 A0A8V0X4D8 F1NBR3 Q98938 A0A8V1ABA3 A0A8V0ZRZ8 A0A8V0XMI5 A0A8V0Z4R1 A0A8V0YGN2 A0A8V1ACH5 A0A8V0XH99 Q6ITC7 A0A8V1A0B4 A0A8V0YFT7 A0A8V0X637 F1NTQ2 A0A8V0WZN3 E1C3Z8 A0A8V1A8R2 A0A3Q2TTB3 A0A1L1RX77 A0A8V0YLI1 A0A8V0X7J6 E1C2T4 A0A8V1A7R0 A0A8V0Z0B9 A0A8V0Z6S1 A0A8V0Y579 A0A8V0XPN5 A0A8V0Y9F8 A0A8V0Z865 A0A1L1S0X5 A0A8V0YXI7 A0A8V0YYQ9 Q92182 A0A8V0ZJD3 F1NGB8 A0A1D5NT61 A0A1D5P201 A0A1D5PSI3 A0A1D5PMN7 A0A8V0YC20 A0A8V0YBE2 A0A8V0Z938 A0A8V0YQC4 Q9W6H0 A0A8V1A7Y9 A0A8V0YDL8
Biological Process,purine ribonucleotide metabolic process,6,GO:0009150,9,168,255,2734,0.57,0.07425513038871676,1.13,A0A8V0ZJD3 A0A8V1A9L3 A0A8V0XCD2 A0A8V0ZRZ8 A0A8V0YC20 A0A8V0Y9F8 A0A8V0YW57 A0A8V1A0B4 A0A8V0YWM3
Biological Process,multicellular organismal-level homeostasis,2,GO:0048871,14,96,255,2734,1.56,0.07489415727106033,1.13,A0A8V0Y4M6 Q98938 A0A8V1ABA3 A0A8V1AFP7 A0A8V0XEP8 P02460 A0A8V0Y0X2 A0A8V0Y9B0 A0A8V0Y699 A0A8V0YLZ5 A0A8V1A7R0 A0A1I7Q3Z0 A0A8V0XXK8 A0A1D5P0D7
Biological Process,negative regulation of striated muscle tissue development,6,GO:0045843,3,11,255,2734,2.92,0.07538139514591738,1.12,A0A8V0ZKI8 A0A8V0ZSG8 A0A8V0XMV0
Biological Process,positive regulation of type I interferon production,6,GO:0032481,3,11,255,2734,2.92,0.07538139514591738,1.12,A0A1L4FLS3 A0A8V0YFT7 A0A8V0XMI5
Biological Process,regulation of macrophage migration,5,GO:1905521,3,11,255,2734,2.92,0.07538139514591738,1.12,A0A8V0Y290 A0A8V0Y0F3 A0A8V1A3H9
Biological Process,dendritic spine organization,5,GO:0097061,3,11,255,2734,2.92,0.07538139514591738,1.12,A0A1D5P6T3 A0A8V0YRG2 A0A8V0YSF6
Biological Process,mucosal immune response,4,GO:0002385,3,11,255,2734,2.92,0.07538139514591738,1.12,A0A8V1ACV0 K9JA28 Q98938
Biological Process,regulation of interleukin-12 production,5,GO:0032655,3,11,255,2734,2.92,0.07538139514591738,1.12,A0A8V1A9R2 A0A1L4FLS3 A0A8V0XMI5
Biological Process,negative regulation of muscle tissue development,5,GO:1901862,3,11,255,2734,2.92,0.07538139514591738,1.12,A0A8V0ZKI8 A0A8V0ZSG8 A0A8V0XMV0
Biological Process,regulation of interleukin-8 production,5,GO:0032677,3,11,255,2734,2.92,0.07538139514591738,1.12,A0A8V1AG56 A0A1L4FLS3 A0A8V0XMI5
Biological Process,positive regulation of tissue remodeling,5,GO:0034105,3,11,255,2734,2.92,0.07538139514591738,1.12,A0A8V0ZKI8 A0A8V0XE48 A0A8V1ABC9
Biological Process,negative regulation of muscle organ development,5,GO:0048635,3,11,255,2734,2.92,0.07538139514591738,1.12,A0A8V0ZKI8 A0A8V0ZSG8 A0A8V0XMV0
Biological Process,regulation of neuron migration,6,GO:2001222,3,11,255,2734,2.92,0.07538139514591738,1.12,A0A8V1AG56 A0A8V1A7R0 A0A8V0X4D8
Biological Process,larval lymph gland hemopoiesis,6,GO:0035167,3,11,255,2734,2.92,0.07538139514591738,1.12,A0A8V1A9R2 A0A8V1A8R2 A0A8V0ZSN8
Biological Process,negative regulation of organelle assembly,6,GO:1902116,3,11,255,2734,2.92,0.07538139514591738,1.12,Q5ZJW4 A0A8V1AJI2 A0A8V0XM02
Biological Process,ventral cord development,4,GO:0007419,3,11,255,2734,2.92,0.07538139514591738,1.12,A0A8V0YRN1 A0A8V0YUF6 P26652
Biological Process,response to glucose,7,GO:0009749,8,47,255,2734,1.82,0.07539439165311164,1.12,A0A1D5P6T3 A0A8V0ZRZ8 A0A1D5PSI3 A0A8V0XMI5 A0A8V0YDD6 A0A8V0ZJJ7 P15120 A0A8V0YDL8
Biological Process,positive regulation of cysteine-type endopeptidase activity,8,GO:2001056,8,47,255,2734,1.82,0.07539439165311164,1.12,A0A8V0YWI5 A0A8V0YFT7 A0A8V0ZE58 A0A8V0XMI5 A0A8V0YLI1 A0A8V0YSF6 A0A8V0XKW4 A0A8V0YWM3
Biological Process,negative regulation of transmembrane receptor protein serine/threonine kinase signaling pathway,6,GO:0090101,7,37,255,2734,2.03,0.07717554836039328,1.11,A0A8V1AG56 A0A8V0Y0F3 A0A1I7Q421 A0A8V0YQ88 A0A8V0XPE8 A0A3Q2TT95 A0A8V0Y290
Biological Process,male sex differentiation,4,GO:0046661,10,63,255,2734,1.7,0.07843901466035946,1.11,A0A8V1AG56 A0A1D5P6T3 A0A3Q2TU24 A0A8V0ZY91 A0A8V0XMI5 A0A1D5NTR5 A0A8V0YGN2 A0A8V0YW57 P33005 A0A8V0ZY56
Biological Process,cell motility,2,GO:0048870,43,360,255,2734,1.28,0.07930511687712465,1.1,A0A8V1AG56 A0A8V0XBD4 Q98938 A0A8V0ZBR8 A0A8V0YDU6 A0A8V0XMI5 A0A8V0ZUU4 A0A1D5NTR5 A0A8V0YDT5 A0A3Q2UHS2 A0A1D5PBZ8 P15120 A0A8V0Y290 A0A1I7Q3Z0 A0A8V0YVI8 A0A8V0Y0F3 A0A8V0Z8V4 A0A8V0YK18 F1NTQ2 E1C733 A0A8V0ZCF7 A0A8V1ACD6 A0A8V0YIC3 A0A8V0XA92 Q0PVE4 A0A8V0YE20 A0A8V0ZE58 A0A8V0X7P4 A0A8V0Y699 A0A8V1ABC9 A0A8V0YXI7 A0A8V1ADF6 A0A8V0ZKI8 A0A8V0YWI5 A0A1D5PBU5 A0A8V0ZSN8 A0A8V0YDT4 A0A8V0YIR4 A0A8V1A9R2 A0A8V0Y357 A0A8V0YDD6 P33005 A0A1D5PZ68
Biological Process,localization of cell,2,GO:0051674,43,360,255,2734,1.28,0.07930511687712465,1.1,A0A8V1AG56 A0A8V0XBD4 Q98938 A0A8V0ZBR8 A0A8V0YDU6 A0A8V0XMI5 A0A8V0ZUU4 A0A1D5NTR5 A0A8V0YDT5 A0A3Q2UHS2 A0A1D5PBZ8 P15120 A0A8V0Y290 A0A1I7Q3Z0 A0A8V0YVI8 A0A8V0Y0F3 A0A8V0Z8V4 A0A8V0YK18 F1NTQ2 E1C733 A0A8V0ZCF7 A0A8V1ACD6 A0A8V0YIC3 A0A8V0XA92 Q0PVE4 A0A8V0YE20 A0A8V0ZE58 A0A8V0X7P4 A0A8V0Y699 A0A8V1ABC9 A0A8V0YXI7 A0A8V1ADF6 A0A8V0ZKI8 A0A8V0YWI5 A0A1D5PBU5 A0A8V0ZSN8 A0A8V0YDT4 A0A8V0YIR4 A0A8V1A9R2 A0A8V0Y357 A0A8V0YDD6 P33005 A0A1D5PZ68
Biological Process,regulation of cell migration,5,GO:0030334,34,275,255,2734,1.33,0.07935305891373214,1.1,A0A8V1AG56 A0A8V0X4D8 Q98938 A0A8V0XMI5 P15120 A0A8V0Y290 A0A1I7Q3Z0 A0A8V0YVI8 A0A8V1A3H9 A0A1D5P6T3 A0A8V0Z8V4 A0A8V0Y0F3 A0A8V0ZSG8 E1C733 A0A1L1RX77 A0A8V0YLI1 A0A8V0ZCF7 A0A8V1A7R0 A0A8V0ZZZ5 Q0PVE4 A0A8V0ZE58 A0A8V0X7P4 Q00649 A0A8V0YSF6 A0A8V0XE48 A0A8V1ABC9 A0A8V0Z8N6 A0A3Q2TU24 A0A1D5PBU5 A0A8V1A3S8 A0A8V0YDT4 A0A8V0YDD6 A0A8V0YLZ8 A0A1D5PZ68
Biological Process,glucosamine-containing compound metabolic process,5,GO:1901071,4,18,255,2734,2.38,0.07962708263169176,1.1,F1NGB8 F1NTQ2 A0A8V0ZXC9 A0A8V0YYQ9
Biological Process,regulation of cardiac muscle hypertrophy,5,GO:0010611,4,18,255,2734,2.38,0.07962708263169176,1.1,A0A8V0XXK8 A0A8V0XE48 A0A8V1ABC9 A0A8V0XMV0
Biological Process,morphogenesis of a branching epithelium,3,GO:0061138,12,80,255,2734,1.61,0.08005076512568848,1.1,A0A8V0ZKI8 A0A8V1AG56 A0A8V0YIC3 Q0PVE4 Q98938 E1C733 A0A8V0YVB6 A0A8V0YXI7 A0A8V1A0B4 A0A1I7Q3Z0 A0A1D5PZ68 A0A8V1AAN6
Biological Process,morphogenesis of a branching structure,2,GO:0001763,12,80,255,2734,1.61,0.08005076512568848,1.1,A0A8V0ZKI8 A0A8V1AG56 A0A8V0YIC3 Q0PVE4 Q98938 E1C733 A0A8V0YVB6 A0A8V0YXI7 A0A8V1A0B4 A0A1I7Q3Z0 A0A1D5PZ68 A0A8V1AAN6
Biological Process,nuclear division,6,GO:0000280,3,81,255,2734,0.4,0.08120554438378058,1.09,A0A8V0XE48 A0A1D5PBU5 A0A8V0YTK5
Biological Process,microtubule-based transport,4,GO:0099111,3,81,255,2734,0.4,0.08120554438378058,1.09,Q00649 A0A8V0XBD4 A0A8V0YVI8
Biological Process,transport along microtubule,4,GO:0010970,3,81,255,2734,0.4,0.08120554438378058,1.09,Q00649 A0A8V0XBD4 A0A8V0YVI8
Biological Process,positive regulation of lymphocyte activation,6,GO:0051251,8,48,255,2734,1.79,0.08156547128712124,1.09,A0A8V0ZZZ5 Q98938 A0A8V1A9R2 A0A8V0XMI5 A0A8V0YW57 A0A8V0XEJ0 P01875 A0A1I7Q3Z0
Biological Process,positive regulation of cell-substrate adhesion,6,GO:0010811,10,64,255,2734,1.68,0.0830717667824946,1.08,A0A8V0Y0F3 A0A8V0ZZZ5 A0A8V0Y290 A0A8V0YDT4 A0A8V0ZE58 A0A1D5PEW1 A0A3Q2TT95 A0A8V0Y357 A0A8V0YDD6 A0A8V0YLZ8
Biological Process,positive regulation of cell-cell adhesion,6,GO:0022409,10,64,255,2734,1.68,0.0830717667824946,1.08,A0A8V1AG56 A0A8V0Z8V4 A0A8V0ZZZ5 Q98938 A0A8V1A9R2 A0A8V0XMI5 A0A1D5NTR5 A0A8V0YLI1 A0A1I7Q3Z0 A0A8V0XYK6
Biological Process,mucopolysaccharide metabolic process,6,GO:1903510,10,64,255,2734,1.68,0.0830717667824946,1.08,F1NGB8 F1NTQ2 E1C3Z8 A0A8V0YZJ3 A0A8V0YC89 A0A1L1RX77 A0A8V0Z938 Q9W6H0 E1C2T4 A0A8V0YXI7
Biological Process,ribose phosphate metabolic process,4,GO:0019693,10,179,255,2734,0.6,0.08320216678822688,1.08,A0A8V0ZJD3 A0A8V1A9L3 A0A8V0XCD2 A0A8V0ZRZ8 A0A8V0YC20 A0A8V0YBE2 A0A8V0Y9F8 A0A8V0YW57 A0A8V1A0B4 A0A8V0YWM3
Biological Process,negative regulation of signal transduction,5,GO:0009968,44,372,255,2734,1.27,0.08375093357171226,1.08,A0A8V1AG56 A0A8V1A9L3 A0A8V1ABA3 A0A8V0XMI5 A0A8V0ZUU4 A0A8V1ACH5 A0A8V0XH99 A0A8V0YDT5 A0A8V0Y290 A0A8V0X097 A0A1I7Q3Z0 A0A8V0ZTC0 A0A8V0YMR1 A0A8V0ZYI9 P02460 A0A1D5P6T3 A0A1I7Q421 A0A8V0Y0F3 A0A8V0YFT7 A0A8V0YQ88 A0A8V0ZSG8 A0A8V0X637 A0A3Q2UGW3 A0A1D5P480 A0A1D5PEW1 A0A1L1RX77 A0A8V0XPE8 A0A8V0YLI1 A0A8V1A6B5 A0A8V0ZZZ5 A0A1L4FLS3 A0A3Q2TT95 Q00649 A0A8V0YSF6 A0A8V0Y699 A0A8V1ABC9 A0A8V0XKW4 A0A8V0ZE30 A0A8V0ZKI8 A0A8V0XM98 A0A8V0YDT4 P26652 A0A8V0YLZ8 A0A8V0YRG2
Biological Process,open tracheal system development,5,GO:0007424,13,85,255,2734,1.64,0.08413315217339702,1.08,A0A8V0Z8V4 A0A8V0YIC3 Q0PVE4 Q98938 A0A8V0ZSN8 A0A8V1A9R2 A0A8V0YDU6 P26652 A0A8V0ZUU4 A0A1D5PBZ8 A0A8V0Y699 A0A8V0YXI7 A0A8V1A0B4
Biological Process,negative regulation of cell differentiation,5,GO:0045596,24,182,255,2734,1.41,0.08460167061700677,1.07,A0A8V1AG56 Q98938 A0A8V0XMI5 A0A8V0YDT5 A0A8V0YMR1 A0A8V0Z8V4 A0A1I7Q421 A0A8V0YFT7 A0A8V0YQ88 A0A8V0ZSG8 A0A8V0YLI1 A0A8V0ZSX6 A0A8V1ACD6 A0A8V0YVB6 A0A8V1A7R0 A0A8V0ZZZ5 A0A1L4FLS3 A0A8V0ZKI8 A0A8V0YDT4 A0A8V1A9R2 A0A8V0YG24 A0A8V0Z938 A0A8V0XMV0 A0A8V0YRG2
Biological Process,cellular metabolic process,2,GO:0044237,129,1526,255,2734,0.91,0.08505597761922279,1.07,A0A8V1A9L3 F1NBR3 A0A8V0ZRZ8 A0A8V1ABA3 A0A8V0XEP8 A0A8V0Z4R1 A0A8V0YGN2 A0A8V0YDT5 A0A1D5PBZ8 A0A8V0ZSC5 A0A1D5P480 A0A8V0XXW6 A0A1L1RX77 A0A8V0XPE8 A0A8V0YW57 A0A8V0X7J6 A0A8V1A3H7 A0A8V1A7R0 E1C0K5 A0A8V0Y3L3 A0A8V0Z0B9 A0A8V0Y4Q2 A0A8V1A3N1 A0A8V0Y579 A0A8V0Z086 A0A8V0Y9F8 A0A8V0XE48 A0A1L1S0X5 A0A8V0YXI7 A0A8V0YYQ9 Q92182 A0A8V0ZJD3 F1NGB8 A0A8V0ZJ97 A0A3Q2TU24 A0A8V0ZSN8 A0A8V1A9R2 A0A1D5PSI3 Q9W6H0 A0A8V1A7Y9 P28687 A0A8V1AG56 E1C744 A0A8V0Z6E4 A0A8V0XXM5 A0A8V0XMI5 A0A8V0YC89 A0A8V0XH99 A0A8V1A0B4 A0A1I7Q3Z0 A0A8V0ZH96 A0A1D5PXI1 P02460 A0A8V0X637 F1NTQ2 E1C3Z8 A0A3Q2TTB3 A0A8V0ZP32 A0A8V0ZXC9 A0A8V0YRF2 E1C2T4 A0A1D5P0D7 A0A8V0Z6S1 A0A8V0XA92 A0A8V0ZZZ5 A0A8V0ZE58 A0A8V0YZJ3 A0A8V0XPN5 A0A8V0YSF6 A0A8V1ABC9 A0A8V0XKW4 A0A8V0ZRP2 A0A8V0ZE30 A0A8V1ADF6 A0A8V0Y4M6 Q05744 A0A1D5P201 A0A8V0YC20 A0A8V0YBE2 A0A1D5PT01 A0A8V0YRG2 A0A8V0X4D8 A0A8V0ZHL4 A0A8V0Y9B0 A0A1L1RP76 A0A8V0YC98 A0A1D5P6Q1 A0A8V0YFT7 A0A8V0XCD2 A0A8V0ZSG8 A0A8V0YK18 A0A8V0X535 E1C733 A0A8V1A8R2 A0A8V0ZSX6 A0A8V0ZY91 A0A8V0ZY42 A0A8V0YPB9 A0A8V0Z865 A0A8V1ALI6 A0A8V0XXZ4 A0A8V0ZY56 A0A8V0YQC4 A0A8V0YDL8 A0A8V1A8L5 Q98938 A0A8V1ACH5 A0A8V0ZSD7 A0A8V0ZFG7 Q6ITC7 F1NNN0 A0A8V0ZTC0 A0A8V0ZEC1 A0A8V1AAN6 A0A1D5P6T3 F1NXR0 A0A8V0WZN3 A0A8V0XWD4 A0A8V0ZCF7 A0A8V0YVB6 A0A1D5P692 A0A8V0Z189 A0A1L4FLS3 A0A8V0ZJJ7 A0A1D5NT61 A0A1D5PMN7 A0A8V0Z938 A0A8V0YDD6 A0A8V0YWM3
Biological Process,liver development,5,GO:0001889,2,67,255,2734,0.32,0.08551571925609715,1.07,A0A1D5PSI3 A0A1D5PGC2
Biological Process,protein deubiquitination,8,GO:0016579,2,67,255,2734,0.32,0.08551571925609715,1.07,A0A8V0ZH96 A0A8V0ZY42
Biological Process,animal organ morphogenesis,3,GO:0009887,50,430,255,2734,1.25,0.08556829694999316,1.07,A0A8V1AG56 A0A8V1A9L3 A0A8V0XBD4 Q98938 A0A8V1ABA3 A0A8V0ZUU4 A0A8V0Y0X2 A0A1D5NTR5 A0A8V0XH99 A0A3Q2UHS2 A0A8V0YDT5 A0A1D5PBZ8 A0A8V1A0B4 A0A1I7Q3Z0 A0A8V1AAN6 A0A8V1A3H9 P02460 A0A1D5P6T3 A0A8V0Z8V4 A0A1I7Q421 E1C733 A0A8V0Z3Q9 A0A1D5PEW1 A0A1L1RX77 A0A8V0ZCF7 A0A8V0YVB6 A0A8V1A7R0 A0A8V0XS21 A0A1D5P0D7 A0A8V0ZZZ5 A0A8V0ZE58 A0A8V1ALI6 A0A8V0XE48 A0A8V0Y699 A0A8V0Z8N6 A0A8V0XXZ4 A0A8V0ZF83 A0A8V0ZKI8 A0A3Q2TU24 A0A8V0XM98 A0A8V0ZTR7 A0A8V0ZSN8 A0A8V0YDT4 A0A8V0X9N1 A0A8V1A9R2 A0A8V0ZUA4 P26652 A0A8V0Y070 A0A8V0YRG2 A0A1D5PZ68
Biological Process,sensory organ morphogenesis,4,GO:0090596,21,155,255,2734,1.45,0.08584746562991334,1.07,A0A8V1AG56 A0A8V1A9L3 A0A8V0XBD4 Q98938 A0A8V0ZUU4 A0A8V0Y0X2 A0A1D5NTR5 A0A8V0YDT5 A0A8V1A0B4 P02460 A0A1I7Q421 A0A8V0Z3Q9 A0A8V1A7R0 A0A1D5P0D7 A0A8V0ZZZ5 A0A8V0XE48 A0A8V0ZKI8 A0A8V0XM98 A0A8V0ZSN8 A0A8V1A9R2 A0A8V0YRG2
Biological Process,aminoglycan catabolic process,5,GO:0006026,7,39,255,2734,1.92,0.08655635713139406,1.06,F1NTQ2 A0A8V0YZJ3 A0A8V0YC89 A0A1L1RX77 A0A8V0XH99 A0A8V0ZIF0 Q9W6H0
Biological Process,positive regulation of endothelial cell migration,6,GO:0010595,7,39,255,2734,1.92,0.08655635713139406,1.06,A0A8V1AG56 A0A8V0ZSG8 A0A8V0XMI5 Q00649 A0A8V0YSF6 A0A8V0XE48 A0A8V1ABC9
Biological Process,hepaticobiliary system development,4,GO:0061008,2,68,255,2734,0.32,0.08670812846849263,1.06,A0A1D5PSI3 A0A1D5PGC2
Biological Process,negative regulation of phosphate metabolic process,7,GO:0045936,21,156,255,2734,1.44,0.08680321590926973,1.06,A0A8V1ABA3 A0A1L1RP76 A0A8V0Y290 A0A1D5P6T3 A0A8V0Y0F3 A0A8V0X637 A0A1D5PEW1 A0A1L1RX77 A0A8V1A7R0 A0A8V0ZZZ5 Q0PVE4 Q00649 A0A8V0XE48 A0A8V1ABC9 A0A8V0ZKI8 A0A3Q2TU24 A0A8V1A3S8 A0A8V0YDT4 P26652 A0A8V1AJI2 A0A8V0YRG2
Biological Process,negative regulation of phosphorus metabolic process,6,GO:0010563,21,156,255,2734,1.44,0.08680321590926973,1.06,A0A8V1ABA3 A0A1L1RP76 A0A8V0Y290 A0A1D5P6T3 A0A8V0Y0F3 A0A8V0X637 A0A1D5PEW1 A0A1L1RX77 A0A8V1A7R0 A0A8V0ZZZ5 Q0PVE4 Q00649 A0A8V0XE48 A0A8V1ABC9 A0A8V0ZKI8 A0A3Q2TU24 A0A8V1A3S8 A0A8V0YDT4 P26652 A0A8V1AJI2 A0A8V0YRG2
Biological Process,regulation of epithelial cell migration,4,GO:0010632,13,87,255,2734,1.6,0.08788267710528382,1.06,A0A8V1AG56 A0A8V0Z8V4 A0A8V0ZSG8 Q98938 A0A8V0XMI5 A0A1L1RX77 Q00649 A0A8V0YSF6 A0A8V0XE48 A0A8V0ZCF7 A0A8V1ABC9 A0A8V0Z8N6 A0A1I7Q3Z0
Biological Process,nerve development,3,GO:0021675,5,26,255,2734,2.06,0.08802046818926948,1.06,A0A8V1ACD6 A0A1D5PBZ8 A0A8V0YLZ8 A0A8V0YRG2 A0A8V1ADF6
Biological Process,negative regulation of transporter activity,4,GO:0032410,5,26,255,2734,2.06,0.08802046818926948,1.06,A0A1D5P6T3 A0A8V0ZY91 A0A8V1ABC9 A0A8V0YRG2 A0A8V0XYK6
Biological Process,sulfur compound catabolic process,4,GO:0044273,5,26,255,2734,2.06,0.08802046818926948,1.06,F1NTQ2 A0A8V0YZJ3 A0A8V0YC89 A0A1L1RX77 Q9W6H0
Biological Process,cellular response to growth factor stimulus,4,GO:0071363,21,158,255,2734,1.43,0.0893625477392136,1.05,A0A8V1AG56 A0A8V0Z6E4 A0A8V0X4D8 A0A8V0YLZ8 A0A8V0Y999 P15120 A0A1I7Q3Z0 P02460 A0A1D5P6T3 A0A1I7Q421 A0A8V0XCW4 A0A8V0XPE8 A0A1D5P0D7 Q00649 A0A8V0YSF6 A0A8V0XE48 A0A8V0XKW4 A0A8V0YXI7 A0A3Q2TU24 A0A8V0YDD6 P33005
Biological Process,eye morphogenesis,5,GO:0048592,18,132,255,2734,1.46,0.09028587836294477,1.04,A0A8V0ZKI8 A0A8V1AG56 A0A8V0XM98 A0A8V0ZZZ5 A0A8V1A9L3 Q98938 A0A8V0ZSN8 A0A8V1A9R2 A0A8V0Z3Q9 A0A8V0ZUU4 A0A8V0Y0X2 A0A1D5NTR5 A0A8V0YDT5 A0A8V1A7R0 A0A8V0XE48 A0A8V1A0B4 A0A8V0YRG2 A0A1D5P0D7
Biological Process,glycosaminoglycan metabolic process,5,GO:0030203,13,88,255,2734,1.58,0.09031480163358069,1.04,F1NGB8 A0A1D5P201 F1NTQ2 E1C3Z8 A0A8V0YZJ3 A0A8V0YC89 A0A1L1RX77 A0A8V0Z938 A0A8V0XH99 A0A8V0ZIF0 Q9W6H0 E1C2T4 A0A8V0YXI7
Biological Process,ossification,2,GO:0001503,9,54,255,2734,1.79,0.09097117592934684,1.04,Q98938 A0A8V0Z189 A0A8V0ZE58 A0A8V0XCW4 A0A8V0YDD6 A0A8V0ZFG7 A0A8V0Z8N6 A0A8V0YLZ8 P02460
Biological Process,response to stimulus,1,GO:0050896,165,1630,255,2734,1.09,0.09367723196344023,1.03,A0A8V0Y8Q2 A0A8V0ZRZ8 A0A8V1ABA3 A0A8V1AEJ4 A0A8V0XEP8 A0A8V0Z4R1 A0A8V0ZAP5 A0A1D5NTR5 A0A8V0YGN2 A0A8V0YDT5 A0A3Q2UHS2 A0A1D5PBZ8 P15120 A0A8V0XEJ0 A0A8V0ZEJ3 A0A8V1ACV0 A0A8V0Z8V4 A0A1D5P480 A0A1L1RX77 A0A8V0XPE8 A0A8V0YW57 Q5ZJ73 A0A8V1ACD6 A0A8V1A7R0 E1C0K5 A0A8V0Y3L3 A0A8V0Y4Q2 A0A8V0ZZD4 A0A8V1A3N1 A0A8V0Y579 A0A8V0X7P4 A0A8V0XW00 A0A8V0Z086 A0A8V0Y9F8 A0A8V0XE48 A0A8V0Y699 A0A8V0YXI7 A0A8V0YYQ9 Q92182 A0A8V0ZJD3 F1NGB8 A0A8V0ZJ97 A0A3Q2TU24 A0A8V0XM98 A0A8V0ZSN8 A0A8V0YIR4 A0A8V0ZTR7 A0A8V1A9R2 A0A8V1AHP7 A0A8V0YF36 A0A1D5PSI3 A0A8V0Y070 A0A8V0Y357 A0A8V0XMV0 A0A8V1AG56 A0A8V0Z6E4 A0A8V0XXM5 A0A8V0XMI5 A0A8V0XDR8 A0A8V0YC89 A0A8V0ZUU4 A0A8V0XH99 A0A8V1A0B4 A0A1I7Q3Z0 A0A8V0ZH96 A0A1D5PXI1 P02460 A0A8V0YUF6 A0A8V0X637 F1NTQ2 A0A1D5NYS2 A0A3Q2TTB3 A0A8V0XCW4 A0A8V0ZP32 A0A1D5PEW1 A0A8V0ZXC9 A0A8V0YRF2 E1C2T4 A0A1D5P7Y2 A0A1D5P0D7 A0A8V0ZZZ5 A0A8V0ZRV9 A0A8V0ZE58 A0A8V0YZJ3 Q00649 A0A8V0YSF6 A0A1D5PDV9 A0A8V1ABC9 A0A8V0XKW4 A0A8V0ZRP2 A0A8V1ADF6 A0A8V0Y4M6 A0A8V0YWI5 Q05744 P26652 A0A8V1AJI2 A0A8V0YC20 A0A8V0YBE2 A0A1D5PT01 P33005 A0A8V0YRG2 A0A8V0X4D8 A0A8V0XBD4 A0A8V0ZBR8 A0A8V1A803 A0A8V0YBZ6 A0A8V1AFP7 A0A8V0XYK6 A0A8V0YFT7 A0A8V0ZSG8 A0A8V0YK18 E1C733 A0A8V0ZSX6 A0A1D5PMF4 A0A8V0YRN1 A0A8V0ZY91 A0A8V0ZY42 A0A8V1A6Z0 A0A8V0YPB9 A0A8V0Y8I0 A0A8V1ALI6 A0A8V0XXZ4 A0A8V0ZF83 A0A8V0ZKI8 A0A8V0YDT4 A0A8V0Y652 A0A8V0YLZ8 A0A8V0YDL8 P01875 Q98938 A0A8V0Y999 A0A8V0YDU6 A0A8V0ZSD7 A0A8V0XWF0 A0A8V0ZFG7 A0A8V0XUJ8 A0A8V0ZTC0 A0A8V0ZEC1 A0A8V0ZYI9 A0A8V1A3H9 A0A8V1AAN6 A0A1D5P6T3 A0A1I7Q421 A0A8V0YQ88 A0A8V1A8N2 A0A8V0XM02 A0A8V0YLI1 A0A8V0YVB6 A0A8V0YIC3 A0A1D5P692 A0A1L4FLS3 A0A8V0YE20 A0A8V0ZJJ7 A0A8V0Z8N6 K9JA28 A0A8V0ZDW7 A0A1D5NT61 A0A8V0Z9Z7 A0A1D5PMN7 A0A8V0Z938 A0A8V0YDD6 A0A8V1AM47 A0A1D5PZ68 A0A8V0YHS1 A0A8V0YWM3
Biological Process,regulation of axon extension involved in axon guidance,6,GO:0048841,4,19,255,2734,2.26,0.09379660486754234,1.03,A0A8V1AG56 A0A8V0Z8V4 A0A8V0YDT5 A0A8V1ACD6
Biological Process,negative regulation of leukocyte cell-cell adhesion,7,GO:1903038,4,19,255,2734,2.26,0.09379660486754234,1.03,A0A8V1A9R2 A0A8V0YLI1 Q98938 A0A8V0XMI5
Biological Process,regulation of chondrocyte differentiation,5,GO:0032330,4,19,255,2734,2.26,0.09379660486754234,1.03,A0A8V0Z189 A0A8V0YG24 Q98938 A0A1D5P0D7
Biological Process,regulation of feeding behavior,5,GO:0060259,4,19,255,2734,2.26,0.09379660486754234,1.03,A0A1D5P6T3 A0A8V1A7R0 A0A8V0ZSX6 A0A8V1AEJ4
Biological Process,membrane biogenesis,4,GO:0044091,4,19,255,2734,2.26,0.09379660486754234,1.03,A0A3Q2UGW3 A0A8V0Y9F8 A0A8V0YDT5 A0A8V0XYK6
Biological Process,response to growth hormone,5,GO:0060416,4,19,255,2734,2.26,0.09379660486754234,1.03,A0A8V1A9R2 A0A8V1A7R0 A0A8V0Z6E4 A0A8V0ZSN8
Biological Process,negative regulation of chemotaxis,5,GO:0050922,4,19,255,2734,2.26,0.09379660486754234,1.03,Q92182 A0A8V0Z8V4 A0A8V1ACD6 A0A8V1AG56
Biological Process,zymogen activation,6,GO:0031638,4,19,255,2734,2.26,0.09379660486754234,1.03,A0A8V0YLI1 A0A8V0X4D8 A0A8V0YSF6 P15120
Biological Process,cellular response to vitamin,5,GO:0071295,3,12,255,2734,2.68,0.0938293609024254,1.03,A0A8V0XPE8 A0A8V0YLI1 P02460
Biological Process,positive regulation of protein dephosphorylation,8,GO:0035307,3,12,255,2734,2.68,0.0938293609024254,1.03,A0A8V0X637 A0A8V0YLI1 A0A8V1ABA3
Biological Process,regulation of alpha-beta T cell activation,7,GO:0046634,3,12,255,2734,2.68,0.0938293609024254,1.03,A0A8V1A9R2 Q98938 A0A8V0XMI5
Biological Process,post-embryonic hemopoiesis,5,GO:0035166,3,12,255,2734,2.68,0.0938293609024254,1.03,A0A8V1A9R2 A0A8V1A8R2 A0A8V0ZSN8
Biological Process,regulation of interleukin-1 beta production,6,GO:0032651,3,12,255,2734,2.68,0.0938293609024254,1.03,A0A8V1AG56 Q00649 A0A8V0XMI5
Biological Process,photoreceptor cell fate commitment,5,GO:0046552,3,12,255,2734,2.68,0.0938293609024254,1.03,A0A8V0ZUU4 Q98938 A0A1D5P0D7
Biological Process,midbrain development,3,GO:0030901,3,12,255,2734,2.68,0.0938293609024254,1.03,A0A8V0ZKI8 A0A1I7Q421 A0A8V1AG56
Biological Process,pharynx development,3,GO:0060465,3,12,255,2734,2.68,0.0938293609024254,1.03,F1NGB8 A0A1D5NTR5 A0A8V0XE48
Biological Process,regulation of epidermis development,4,GO:0045682,3,12,255,2734,2.68,0.0938293609024254,1.03,A0A8V1AG56 A0A1I7Q421 A0A8V0XE48
Biological Process,negative regulation of embryonic development,5,GO:0045992,3,12,255,2734,2.68,0.0938293609024254,1.03,A0A8V0ZKI8 A0A1I7Q421 A0A8V1AG56
Biological Process,synaptic target recognition,4,GO:0008039,3,12,255,2734,2.68,0.0938293609024254,1.03,A0A8V0Y9F8 A0A1D5NTR5 A0A8V0X4D8
Biological Process,organ or tissue specific immune response,3,GO:0002251,3,12,255,2734,2.68,0.0938293609024254,1.03,A0A8V1ACV0 K9JA28 Q98938
Biological Process,"zygotic determination of anterior/posterior axis, embryo",6,GO:0007354,3,12,255,2734,2.68,0.0938293609024254,1.03,A0A8V0ZF83 A0A3Q2UHS2 A0A8V0Y070
Biological Process,lymphocyte activation,3,GO:0046649,9,55,255,2734,1.75,0.09444806739455223,1.02,A0A8V0ZSG8 A0A8V0ZSN8 A0A8V1A9R2 A0A8V0XMI5 A0A8V0YW57 A0A8V0ZSX6 A0A8V1A7R0 A0A1I7Q3Z0 A0A8V0ZEJ3
Biological Process,vesicle organization,5,GO:0016050,7,135,255,2734,0.56,0.09544243049173157,1.02,A0A8V0ZUA4 A0A8V1AFR2 A0A8V0XM02 Q5ZJW4 A0A8V1ADS4 A0A8V0YVB6 A0A8V0ZYI9
Biological Process,negative regulation of kinase activity,6,GO:0033673,11,72,255,2734,1.64,0.0961986471423246,1.02,A0A8V0ZKI8 A0A8V0ZZZ5 Q0PVE4 A0A8V1A3S8 A0A8V0X637 A0A8V1ABA3 A0A1D5PEW1 A0A1L1RX77 Q00649 A0A8V1ABC9 A0A8V0YRG2
Biological Process,developmental process involved in reproduction,2,GO:0003006,48,415,255,2734,1.24,0.09855735030979124,1.01,A0A8V1AG56 A0A8V0XBD4 Q98938 A0A8V0YDU6 A0A8V0XMI5 A0A8V0XDR8 A0A1D5NTR5 A0A8V0YGN2 A0A8V0XH99 A0A8V0YDT5 A0A1I7Q3Z0 A0A8V0ZEC1 A0A8V1AAN6 A0A1D5P6T3 A0A8V0Z8V4 A0A1I7Q421 F1NTQ2 A0A8V0XXW6 A0A1L1RX77 A0A8V0YW57 A0A8V0ZCF7 A0A8V0YVB6 A0A8V0YIC3 Q0PVE4 A0A8V0ZE58 A0A8V0ZY91 A0A8V0XE48 A0A8V0Y699 A0A8V1ABC9 A0A8V0XKW4 A0A8V0ZRP2 A0A8V0ZF83 A0A1D5PLP1 A0A8V0Z8N6 A0A8V0ZE30 A0A8V0ZY56 A0A8V0ZKI8 A0A3Q2TU24 A0A8V0ZJ97 A0A1D5PBU5 Q05744 A0A8V0ZSN8 A0A8V0ZUA4 A0A8V1A9R2 A0A1D5PSI3 A0A8V0Y070 P33005 A0A8V0YRG2
Biological Process,asymmetric cell division,3,GO:0008356,7,41,255,2734,1.83,0.09891118249647517,1.0,Q0PVE4 A0A8V0YTK5 A0A8V0XBD4 A0A8V0XXW6 A0A8V0XH99 A0A8V0ZRP2 A0A8V0ZEC1
Biological Process,regulation of dephosphorylation,7,GO:0035303,7,41,255,2734,1.83,0.09891118249647517,1.0,Q98938 A0A8V0X637 A0A8V1ABA3 A0A8V1AJI2 A0A8V0YLI1 A0A8V0XE48 A0A1L1RP76
Biological Process,regulation of carbohydrate metabolic process,5,GO:0006109,7,41,255,2734,1.83,0.09891118249647517,1.0,A0A1D5P6T3 A0A1D5P480 A0A8V0XMI5 A0A8V0YY90 A0A8V1A7R0 A0A1I7Q3Z0 A0A8V1A3H9
Biological Process,negative regulation of metabolic process,4,GO:0009892,61,545,255,2734,1.2,0.0997069748108011,1.0,A0A8V1AG56 A0A8V0X4D8 Q98938 A0A8V1ABA3 A0A8V0Y999 A0A8V0XMI5 A0A8V1ACH5 A0A1D5NTR5 A0A1L1RP76 Q6ITC7 A0A8V0Y290 A0A1I7Q3Z0 A0A8V1A3H9 A0A1D5P6T3 A0A1I7Q421 A0A8V0Y0F3 A0A8V0YFT7 A0A8V0ZSG8 A0A8V0X637 A0A8V0XM02 A0A8V1A8R2 A0A1D5PEW1 A0A1L1RX77 A0A8V0YW57 Q5ZJ73 A0A8V0ZSX6 A0A8V0YLI1 A0A8V0YRF2 A0A8V0YVB6 A0A8V1A7R0 A0A8V0YIC3 A0A8V0ZZZ5 Q0PVE4 A0A8V0X7P4 A0A8V0XPN5 A0A8V0ZY91 Q5ZJW4 Q00649 A0A8V0YY90 A0A8V0YSF6 A0A8V0XE48 A0A8V0Y699 A0A8V1ABC9 A0A8V0XKW4 A0A8V0ZE30 A0A8V0ZF83 A0A8V0ZY56 A0A8V0Y4M6 A0A8V0ZKI8 A0A3Q2TU24 A0A8V0ZJ97 A0A8V1A3S8 A0A8V0YDT4 A0A8V1A9R2 P26652 A0A8V0Z9Z7 A0A1D5PSI3 A0A8V0Y070 A0A8V1AJI2 A0A8V0YRG2 A0A8V1A8L5
Biological Process,aminoglycan metabolic process,4,GO:0006022,13,91,255,2734,1.53,0.09979020356467411,1.0,F1NGB8 A0A1D5P201 F1NTQ2 E1C3Z8 A0A8V0YZJ3 A0A8V0YC89 A0A1L1RX77 A0A8V0Z938 A0A8V0XH99 A0A8V0ZIF0 Q9W6H0 E1C2T4 A0A8V0YXI7
Biological Process,positive regulation of cell motility,5,GO:2000147,22,169,255,2734,1.4,0.09997479792513285,1.0,A0A8V1AG56 A0A8V0X4D8 A0A8V0XMI5 P15120 A0A1I7Q3Z0 A0A8V0YVI8 A0A1D5P6T3 A0A8V0ZSG8 E1C733 A0A8V0YLI1 A0A8V0ZZZ5 A0A8V0ZE58 A0A8V0X7P4 Q00649 A0A8V0YSF6 A0A8V0XE48 A0A8V1ABC9 A0A3Q2TU24 A0A8V0YDT4 A0A8V0YDD6 A0A8V0YLZ8 A0A1D5PZ68
Biological Process,localization,1,GO:0051179,116,1381,255,2734,0.9,0.1000905484343941,1.0,A0A8V0ZRZ8 A0A8V1AEJ4 A0A1D5NTR5 A0A8V0YGN2 A0A8V0YDT5 A0A3Q2UHS2 R4GGQ4 P15120 A0A1D5PBZ8 A0A8V0XEJ0 A0A8V1ACV0 A0A8V0Z8V4 A0A8V0XPE8 Q5ZJ73 A0A8V1ACD6 A0A8V1A3H7 A0A8V1A7R0 E1C0K5 A0A8V0Y4Q2 A0A8V0Y579 A0A8V0X7P4 A0A8V0Z086 A0A8V0Y9F8 A0A8V0XE48 A0A8V0Y699 A0A8V0YXI7 A0A3Q2TU24 A0A8V0XM98 A0A8V0ZTR7 A0A8V0ZSN8 A0A8V0ZUA4 A0A8V0YIR4 A0A8V1A9R2 A0A8V0YF36 A0A8V0Y357 A0A8V0XMV0 P28687 A0A8V1AG56 A0A8V0ZAP0 A0A8V0XXM5 A0A8V0XMI5 A0A8V0YC89 A0A8V0ZUU4 A0A8V1A0B4 A0A1I7Q3Z0 A0A8V0ZH96 A0A8V0Y0F3 F1NTQ2 A0A1D5NYS2 A0A8V1A6B5 A0A8V0YLZ5 A0A8V0XS21 A0A8V0ZZZ5 A0A8V0XA92 Q0PVE4 A0A8V0ZE58 A0A8V0YZJ3 A0A8V0XPN5 Q5ZJW4 Q00649 A0A8V1ABC9 A0A8V0ZE30 A0A8V0ZRP2 A0A8V1ADF6 F1P4D6 A0A8V0YWI5 A0A1D5PBU5 Q05744 A0A8V1AFR2 P26652 A0A8V0YBE2 P33005 A0A8V0X4D8 A0A8V0XBD4 A0A8V0ZBR8 A0A8V0YBZ6 A0A8V0YG88 A0A8V0YVI8 A0A8V0XYK6 A0A8V0YK18 E1C733 A0A8V1A8R2 A0A8V1ADS4 A0A8V0ZY91 A0A8V0ZY42 A0A8V1A6Z0 A0A8V0YPB9 A0A8V1ALI6 A0A8V0YHF3 A0A8V0ZKI8 A0A1D5PGC2 A0A8V0YDT4 A0A8V0Z3U6 P01875 Q98938 A0A8V0YDU6 A0A8V1ACH5 Q6ITC7 A0A8V0Y290 A0A8V0ZYI9 A0A3Q2UGW3 A0A8V0XM02 A0A8V0YLI1 A0A8V0ZCF7 A0A8V0YVB6 A0A8V0YIC3 A0A8V0YE20 A0A8V0Y6D2 A0A8V0ZJJ7 A0A8V1AEJ0 A0A8V0ZDW7 A0A8V0Z9Z7 A0A1D5PMN7 A0A8V0YDD6 A0A8V1AM47 A0A1D5PZ68
Biological Process,COPII vesicle coating,6,GO:0048208,5,27,255,2734,1.99,0.10021273968128681,1.0,A0A8V0ZUA4 A0A8V1AFR2 A0A8V0XM02 Q5ZJW4 A0A8V0YVB6
Biological Process,axon ensheathment,3,GO:0008366,5,27,255,2734,1.99,0.10021273968128681,1.0,A0A8V0Y579 F1NTQ2 A0A8V0WZN3 A0A1D5PBZ8 A0A8V0YLZ8
Biological Process,ensheathment of neurons,2,GO:0007272,5,27,255,2734,1.99,0.10021273968128681,1.0,A0A8V0Y579 F1NTQ2 A0A8V0WZN3 A0A1D5PBZ8 A0A8V0YLZ8
Biological Process,oligosaccharide metabolic process,4,GO:0009311,5,27,255,2734,1.99,0.10021273968128681,1.0,Q92182 F1NTQ2 A0A8V0Z086 A0A8V1ALI6 A0A8V0YC98
Biological Process,"vesicle targeting, rough ER to cis-Golgi",4,GO:0048207,5,27,255,2734,1.99,0.10021273968128681,1.0,A0A8V0ZUA4 A0A8V1AFR2 A0A8V0XM02 Q5ZJW4 A0A8V0YVB6
Biological Process,nucleus localization,3,GO:0051647,5,27,255,2734,1.99,0.10021273968128681,1.0,A0A8V0Z8V4 A0A8V0XBD4 A0A8V0XE48 A0A8V0ZDW7 A0A8V0YVI8
Biological Process,regulation of protein dephosphorylation,7,GO:0035304,5,27,255,2734,1.99,0.10021273968128681,1.0,A0A8V0X637 A0A8V1ABA3 A0A8V1AJI2 A0A8V0YLI1 A0A8V0XE48
Biological Process,vulval development,4,GO:0040025,5,27,255,2734,1.99,0.10021273968128681,1.0,A0A8V1AG56 A0A8V0Z938 A0A8V0Y699 A0A8V0YVB6 A0A8V0YXI7
Biological Process,ear morphogenesis,5,GO:0042471,5,27,255,2734,1.99,0.10021273968128681,1.0,A0A8V1AG56 A0A1I7Q421 A0A8V0XBD4 A0A8V0YRG2 P02460
Biological Process,protein localization to organelle,5,GO:0033365,12,200,255,2734,0.64,0.10062965111088684,1.0,A0A8V0X4D8 A0A1D5PBU5 A0A8V0XMV0 A0A8V0XPN5 A0A8V1A8R2 A0A8V1ACH5 R4GGQ4 Q6ITC7 P28687 A0A8V1A7R0 A0A8V0YVI8 A0A1D5PGC2
Biological Process,insulin metabolic process,4,GO:1901142,2,6,255,2734,3.57,0.10108831054286267,1.0,A0A8V0ZP32 A0A8V0X4D8
Biological Process,negative regulation of protein oligomerization,7,GO:0032460,2,6,255,2734,3.57,0.10108831054286267,1.0,A0A1I7Q3Z0 A0A8V1ABA3
Biological Process,positive regulation of type II interferon production,6,GO:0032729,2,6,255,2734,3.57,0.10108831054286267,1.0,A0A8V1AG56 A0A1L4FLS3
Biological Process,response to interferon-beta,5,GO:0035456,2,6,255,2734,3.57,0.10108831054286267,1.0,A0A8V0XKW4 A0A8V0YFT7
Biological Process,neural crest cell migration involved in autonomic nervous system development,7,GO:1901166,2,6,255,2734,3.57,0.10108831054286267,1.0,A0A8V0YDD6 A0A8V1ACD6
Biological Process,regulation of systemic arterial blood pressure by circulatory renin-angiotensin,6,GO:0001991,2,6,255,2734,3.57,0.10108831054286267,1.0,A0A8V0XA92 A0A8V0YVB6
Biological Process,positive regulation of interferon-beta production,7,GO:0032728,2,6,255,2734,3.57,0.10108831054286267,1.0,A0A1L4FLS3 A0A8V0XMI5
Biological Process,regulation of extracellular matrix assembly,5,GO:1901201,2,6,255,2734,3.57,0.10108831054286267,1.0,A0A8V0Y290 A0A8V0Y0F3
Biological Process,negative regulation of phosphoprotein phosphatase activity,7,GO:0032515,2,6,255,2734,3.57,0.10108831054286267,1.0,A0A8V1AJI2 A0A8V0XE48
Biological Process,interleukin-15-mediated signaling pathway,5,GO:0035723,2,6,255,2734,3.57,0.10108831054286267,1.0,A0A8V1A9R2 A0A8V1A7R0
Biological Process,negative regulation of cell junction assembly,6,GO:1901889,2,6,255,2734,3.57,0.10108831054286267,1.0,A0A1I7Q3Z0 A0A8V0XE48
Biological Process,regulation of hair cycle,4,GO:0042634,2,6,255,2734,3.57,0.10108831054286267,1.0,A0A8V1AG56 A0A1I7Q421
Biological Process,positive regulation of protein localization to synapse,6,GO:1902474,2,6,255,2734,3.57,0.10108831054286267,1.0,A0A8V1AG56 A0A3Q2UHS2
Biological Process,larval lymph gland hemocyte differentiation,3,GO:0035168,2,6,255,2734,3.57,0.10108831054286267,1.0,A0A8V1A9R2 A0A8V0ZSN8
Biological Process,specification of axis polarity,3,GO:0065001,2,6,255,2734,3.57,0.10108831054286267,1.0,A0A8V1AG56 Q0PVE4
Biological Process,heparin biosynthetic process,5,GO:0030210,2,6,255,2734,3.57,0.10108831054286267,1.0,F1NGB8 A0A8V0Z938
Biological Process,protein localization to cell cortex,6,GO:0072697,2,6,255,2734,3.57,0.10108831054286267,1.0,A0A8V1A0B4 A0A8V0YIC3
Biological Process,fin morphogenesis,4,GO:0033334,2,6,255,2734,3.57,0.10108831054286267,1.0,A0A8V0Y070 A0A8V0YDT4
Biological Process,regulation of nitric-oxide synthase biosynthetic process,6,GO:0051769,2,6,255,2734,3.57,0.10108831054286267,1.0,A0A8V1A9R2 A0A8V0YFT7
Biological Process,ganglioside metabolic process,5,GO:0001573,2,6,255,2734,3.57,0.10108831054286267,1.0,A0A8V0Z086 F1NTQ2
Biological Process,positive regulation of insulin receptor signaling pathway,6,GO:0046628,2,6,255,2734,3.57,0.10108831054286267,1.0,A0A8V0YY90 A0A1I7Q3Z0
Biological Process,cellular component disassembly involved in execution phase of apoptosis,5,GO:0006921,2,6,255,2734,3.57,0.10108831054286267,1.0,A0A8V0YWM3 A0A8V0XMI5
Biological Process,regulation of hair follicle development,5,GO:0051797,2,6,255,2734,3.57,0.10108831054286267,1.0,A0A8V1AG56 A0A1I7Q421
Biological Process,apoptotic nuclear changes,6,GO:0030262,2,6,255,2734,3.57,0.10108831054286267,1.0,A0A8V0YWM3 A0A8V0XMI5
Biological Process,hepatocyte growth factor receptor signaling pathway,6,GO:0048012,2,6,255,2734,3.57,0.10108831054286267,1.0,A0A8V1A3H9 A0A8V1A3N1
Biological Process,cuticle pigmentation,3,GO:0048067,2,6,255,2734,3.57,0.10108831054286267,1.0,A0A8V0XH99 A0A8V0ZJJ7
Biological Process,primary sex determination,4,GO:0007538,2,6,255,2734,3.57,0.10108831054286267,1.0,A0A8V1A9R2 A0A8V0ZSN8
Biological Process,cellular response to interleukin-15,6,GO:0071350,2,6,255,2734,3.57,0.10108831054286267,1.0,A0A8V1A9R2 A0A8V1A7R0
Biological Process,adult chitin-containing cuticle pigmentation,4,GO:0048085,2,6,255,2734,3.57,0.10108831054286267,1.0,A0A8V0XH99 A0A8V0ZJJ7
Biological Process,stress granule assembly,7,GO:0034063,2,6,255,2734,3.57,0.10108831054286267,1.0,A0A8V0ZSX6 A0A8V0XPN5
Biological Process,mammary duct terminal end bud growth,4,GO:0060763,2,6,255,2734,3.57,0.10108831054286267,1.0,E1C733 A0A8V1A3H9
Biological Process,positive regulation of mononuclear cell migration,6,GO:0071677,2,6,255,2734,3.57,0.10108831054286267,1.0,A0A8V0YSF6 A0A8V0XMI5
Biological Process,negative regulation of vascular endothelial growth factor receptor signaling pathway,6,GO:0030948,2,6,255,2734,3.57,0.10108831054286267,1.0,A0A8V0Y290 A0A8V0Y0F3
Biological Process,dermatan sulfate biosynthetic process,5,GO:0030208,2,6,255,2734,3.57,0.10108831054286267,1.0,A0A1L1RX77 E1C3Z8
Biological Process,regulation of transmission of nerve impulse,5,GO:0051969,2,6,255,2734,3.57,0.10108831054286267,1.0,A0A8V0YLI1 A0A8V1ABA3
Biological Process,negative regulation of chondrocyte differentiation,6,GO:0032331,2,6,255,2734,3.57,0.10108831054286267,1.0,A0A8V0YG24 Q98938
Biological Process,medial fin development,5,GO:0033338,2,6,255,2734,3.57,0.10108831054286267,1.0,A0A8V0Y070 A0A8V0YDT4
Biological Process,zymogen inhibition,9,GO:0097341,2,6,255,2734,3.57,0.10108831054286267,1.0,A0A8V0X4D8 A0A8V0YRF2
Biological Process,positive regulation of extrinsic apoptotic signaling pathway in absence of ligand,8,GO:2001241,2,6,255,2734,3.57,0.10108831054286267,1.0,A0A8V0XKW4 A0A8V1A9R2
Biological Process,positive regulation of epidermis development,5,GO:0045684,2,6,255,2734,3.57,0.10108831054286267,1.0,A0A8V1AG56 A0A1I7Q421
Biological Process,collateral sprouting,4,GO:0048668,2,6,255,2734,3.57,0.10108831054286267,1.0,A0A8V0Z3U6 A0A3Q2UHS2
Biological Process,negative regulation of lipid storage,5,GO:0010888,2,6,255,2734,3.57,0.10108831054286267,1.0,A0A1D5P6T3 A0A8V0Z4R1
Biological Process,embryonic retina morphogenesis in camera-type eye,4,GO:0060059,2,6,255,2734,3.57,0.10108831054286267,1.0,A0A8V0ZKI8 A0A1D5P0D7
Biological Process,positive regulation of digestive system process,5,GO:0060456,2,6,255,2734,3.57,0.10108831054286267,1.0,A0A8V0YLI1 A0A8V0ZY91
Biological Process,"maternal specification of dorsal/ventral axis, oocyte, soma encoded",5,GO:0007313,2,6,255,2734,3.57,0.10108831054286267,1.0,A0A8V0ZF83 A0A8V0Y070
Biological Process,response to interleukin-15,5,GO:0070672,2,6,255,2734,3.57,0.10108831054286267,1.0,A0A8V1A9R2 A0A8V1A7R0
Biological Process,regulation of establishment of planar polarity involved in neural tube closure,7,GO:0090178,2,6,255,2734,3.57,0.10108831054286267,1.0,A0A8V0ZKI8 A0A8V1AG56
Biological Process,"regulation of CD4-positive, alpha-beta T cell activation",8,GO:2000514,2,6,255,2734,3.57,0.10108831054286267,1.0,A0A8V1A9R2 A0A8V0XMI5
Biological Process,"negative regulation of CD4-positive, alpha-beta T cell activation",9,GO:2000515,2,6,255,2734,3.57,0.10108831054286267,1.0,A0A8V1A9R2 A0A8V0XMI5
Biological Process,regulation of activated T cell proliferation,8,GO:0046006,2,6,255,2734,3.57,0.10108831054286267,1.0,A0A8V1A9R2 A0A8V0XMI5
Biological Process,intracellular lipid transport,4,GO:0032365,2,6,255,2734,3.57,0.10108831054286267,1.0,A0A8V0ZKI8 A0A8V0Y9F8
Biological Process,regulation of epithelial tube formation,5,GO:1905276,2,6,255,2734,3.57,0.10108831054286267,1.0,A0A8V0ZKI8 A0A8V1AG56
Biological Process,induction of positive chemotaxis,7,GO:0050930,2,6,255,2734,3.57,0.10108831054286267,1.0,A0A8V1ABC9 A0A8V0XMI5
Biological Process,negative regulation of dendritic spine development,5,GO:0061000,2,6,255,2734,3.57,0.10108831054286267,1.0,A0A8V0YDT5 A0A8V0YMR1
Biological Process,cell cycle process,2,GO:0022402,15,241,255,2734,0.67,0.10314381837392125,0.99,A0A8V0YIC3 Q0PVE4 A0A8V0XBD4 A0A1D5PBU5 A0A8V0YTK5 A0A8V0Z3U6 A0A8V0Z9Z7 A0A8V0YW57 A0A8V0ZFG7 A0A8V0XE48 A0A8V1ABC9 A0A1D5PBZ8 A0A8V0ZE30 A0A8V0ZRP2 A0A8V0XYK6
Biological Process,branching morphogenesis of an epithelial tube,4,GO:0048754,11,74,255,2734,1.59,0.10368091436163819,0.98,A0A8V0ZKI8 A0A8V1AG56 A0A8V0YIC3 Q0PVE4 Q98938 E1C733 A0A8V0YVB6 A0A8V0YXI7 A0A8V1A0B4 A0A1I7Q3Z0 A0A8V1AAN6
Biological Process,regulation of synapse assembly,6,GO:0051963,11,74,255,2734,1.59,0.10368091436163819,0.98,A0A8V1AG56 A0A1D5P6T3 A0A8V0Z8V4 A0A8V0X4D8 A0A8V0ZTR7 A0A8V0ZUU4 A0A8V0YDT5 A0A8V0ZCF7 A0A1D5PDV9 A0A8V1ABC9 A0A8V0YRG2
Biological Process,positive regulation of proteolysis,7,GO:0045862,16,117,255,2734,1.47,0.10373119837853167,0.98,A0A8V0X4D8 A0A8V0YFT7 A0A8V0YWI5 A0A8V1ABA3 A0A8V0YDT4 A0A8V0ZE58 A0A8V0XMI5 A0A8V0YLI1 A0A8V0YDD6 A0A8V0YSF6 A0A8V0XE48 A0A8V0XKW4 A0A8V1A7R0 A0A1I7Q3Z0 A0A8V0ZH96 A0A8V0YWM3
Biological Process,ATP metabolic process,7,GO:0046034,4,96,255,2734,0.45,0.1043028233550415,0.98,A0A8V0YW57 A0A8V0ZRZ8 A0A8V0XCD2 A0A8V0YWM3
Biological Process,positive regulation of synaptic transmission,5,GO:0050806,7,42,255,2734,1.79,0.10615535819044618,0.97,A0A1D5P6T3 A0A1D5PSI3 A0A8V0XDR8 A0A8V0ZSX6 A0A8V0YSF6 A0A8V0YRG2 A0A8V0ZDW7
Biological Process,cell recognition,2,GO:0008037,14,98,255,2734,1.53,0.10782487758811479,0.97,A0A8V1AG56 A0A8V0Z8V4 A0A8V0X4D8 E1C0K5 A0A8V0XXM5 A0A8V0ZF83 A0A8V0Y070 A0A8V0ZUU4 A0A8V0Y9F8 A0A1D5NTR5 A0A1D5PBZ8 A0A8V0XEJ0 A0A8V0YRG2 P01875
Biological Process,regulation of intracellular transport,5,GO:0032386,6,119,255,2734,0.54,0.107904646757856,0.97,A0A1D5P6T3 A0A8V0ZTR7 A0A8V0XM02 A0A8V0Y999 A0A1I7Q3Z0 A0A8V0XYK6
Biological Process,nucleoside monophosphate metabolic process,5,GO:0009123,6,120,255,2734,0.54,0.1079343805200074,0.97,A0A8V0ZRZ8 A0A8V0XCD2 A0A8V0YC20 A0A8V0YW57 A0A8V1A0B4 A0A8V0YWM3
Biological Process,regulation of cell morphogenesis,5,GO:0022604,26,209,255,2734,1.33,0.10825474310854555,0.97,A0A8V1AG56 A0A8V0X4D8 Q98938 A0A8V0ZUU4 A0A8V0YDT5 A0A3Q2UHS2 A0A1D5PBZ8 A0A8V1A0B4 A0A1I7Q3Z0 A0A8V0YMR1 A0A8V0Z8V4 F1NTQ2 E1C733 A0A8V1ACD6 A0A8V0ZZZ5 A0A8V0XE48 Q92182 A0A8V1A3S8 A0A8V0ZSN8 A0A8V0YDT4 A0A8V1A9R2 A0A8V0Z3U6 A0A1D5PSI3 A0A8V0YDD6 A0A8V0YLZ8 A0A8V0YRG2
Biological Process,negative regulation of MAPK cascade,7,GO:0043409,9,58,255,2734,1.66,0.1083100130083689,0.97,A0A8V0Y0F3 A0A8V0X637 A0A8V0YDT4 A0A8V1ABA3 P26652 A0A1D5PEW1 A0A8V1ABC9 A0A8V0Y290 A0A8V0YRG2
Biological Process,positive regulation of leukocyte activation,5,GO:0002696,9,58,255,2734,1.66,0.1083100130083689,0.97,A0A8V1AG56 A0A8V0ZZZ5 Q98938 A0A8V1A9R2 A0A8V0XMI5 A0A8V0YW57 A0A8V0XEJ0 P01875 A0A1I7Q3Z0
Biological Process,neuroblast division,3,GO:0055057,4,20,255,2734,2.14,0.10906733122585076,0.96,A0A8V0ZKI8 Q0PVE4 A0A8V0YTK5 A0A8V0XBD4
Biological Process,regulation of defense response to virus,5,GO:0050688,4,20,255,2734,2.14,0.10906733122585076,0.96,A0A8V0ZSX6 A0A8V0ZJ97 A0A8V0YFT7 K9JA28
Biological Process,convergent extension,5,GO:0060026,4,20,255,2734,2.14,0.10906733122585076,0.96,A0A8V0ZKI8 A0A8V1A9R2 A0A8V1AG56 A0A8V0ZSN8
Biological Process,negative regulation of lymphocyte activation,6,GO:0051250,4,20,255,2734,2.14,0.10906733122585076,0.96,A0A8V1A9R2 A0A8V0YLI1 Q98938 A0A8V0XMI5
Biological Process,formation of anatomical boundary,3,GO:0048859,4,20,255,2734,2.14,0.10906733122585076,0.96,A0A8V1A9R2 A0A8V0Z8V4 A0A8V0XH99 A0A8V0ZSN8
Biological Process,response to testosterone,5,GO:0033574,4,20,255,2734,2.14,0.10906733122585076,0.96,A0A8V1AG56 A0A1D5P6T3 A0A8V0XE48 A0A8V1ABA3
Biological Process,neuronal stem cell division,5,GO:0036445,4,20,255,2734,2.14,0.10906733122585076,0.96,A0A8V0ZKI8 Q0PVE4 A0A8V0YTK5 A0A8V0XBD4
Biological Process,chondroitin sulfate biosynthetic process,5,GO:0030206,4,20,255,2734,2.14,0.10906733122585076,0.96,A0A1L1RX77 A0A8V0YXI7 A0A8V0Z938 E1C2T4
Biological Process,negative regulation of MAP kinase activity,8,GO:0043407,4,20,255,2734,2.14,0.10906733122585076,0.96,A0A8V0X637 A0A1D5PEW1 A0A8V1ABC9 A0A8V1ABA3
Biological Process,positive regulation of tumor necrosis factor superfamily cytokine production,6,GO:1903557,4,20,255,2734,2.14,0.10906733122585076,0.96,A0A8V1AG56 A0A1L4FLS3 Q00649 A0A8V0XMI5
Biological Process,regulation of muscle hypertrophy,6,GO:0014743,4,20,255,2734,2.14,0.10906733122585076,0.96,A0A8V0XXK8 A0A8V0XE48 A0A8V1ABC9 A0A8V0XMV0
Biological Process,establishment of ommatidial planar polarity,3,GO:0042067,4,20,255,2734,2.14,0.10906733122585076,0.96,A0A8V1A9R2 A0A8V0XE48 A0A8V0ZSN8 A0A8V0ZUU4
Biological Process,positive regulation of tumor necrosis factor production,7,GO:0032760,4,20,255,2734,2.14,0.10906733122585076,0.96,A0A8V1AG56 A0A1L4FLS3 Q00649 A0A8V0XMI5
Biological Process,regulation of muscle adaptation,4,GO:0043502,4,20,255,2734,2.14,0.10906733122585076,0.96,A0A8V0XXK8 A0A8V0XE48 A0A8V1ABC9 A0A8V0XMV0
Biological Process,response to cold,3,GO:0009409,4,20,255,2734,2.14,0.10906733122585076,0.96,A0A8V0Y4M6 Q00649 A0A8V0ZSX6 A0A8V1AFP7
Biological Process,keratan sulfate metabolic process,4,GO:0042339,4,20,255,2734,2.14,0.10906733122585076,0.96,A0A8V0YZJ3 F1NTQ2 Q9W6H0 A0A8V0YC89
Biological Process,negative regulation of axon extension,6,GO:0030517,4,20,255,2734,2.14,0.10906733122585076,0.96,A0A8V1AG56 A0A8V0Z8V4 A0A8V0YDT5 A0A8V1ACD6
Biological Process,proteolysis involved in protein catabolic process,5,GO:0051603,6,123,255,2734,0.52,0.10989758878176198,0.96,A0A8V0XWD4 A0A8V0ZY42 A0A8V0ZFG7 A0A8V0YSF6 A0A8V0YVB6 A0A8V0ZH96
Biological Process,regulation of actin polymerization or depolymerization,6,GO:0008064,3,76,255,2734,0.42,0.11121444521366167,0.95,Q00649 A0A3Q2UHS2 E1C733
Biological Process,regulation of actin filament length,5,GO:0030832,3,77,255,2734,0.42,0.11123905586075417,0.95,Q00649 A0A3Q2UHS2 E1C733
Biological Process,protein phosphorylation,5,GO:0006468,23,181,255,2734,1.36,0.11198937023404895,0.95,A0A8V1AG56 A0A8V1A0B4 A0A8V0ZTC0 A0A1I7Q3Z0 A0A1D5P6T3 A0A8V0YK18 E1C733 A0A8V0XPE8 A0A8V0ZSX6 A0A1D5P0D7 A0A8V0ZZZ5 A0A8V1A3N1 A0A8V0Z189 A0A1L4FLS3 A0A8V0XE48 A0A8V1ABC9 A0A8V0XXZ4 A0A8V1ADF6 A0A3Q2TU24 A0A8V0ZSN8 A0A8V1A9R2 A0A1D5PT01 A0A8V0YRG2
Biological Process,cell-cell signaling,3,GO:0007267,31,255,255,2734,1.3,0.11266363177044464,0.95,A0A8V1AG56 A0A8V0XBD4 Q98938 A0A8V0ZBR8 A0A8V0YDU6 A0A8V0ZUU4 A0A1D5NTR5 A0A8V0ZSD7 A0A8V0YDL8 A0A8V1A0B4 A0A8V1AAN6 A0A8V0ZYI9 A0A1D5NYS2 E1C733 A0A8V0YHL6 A0A8V1A6B5 A0A8V0YIC3 A0A8V0XA92 A0A8V0ZZZ5 A0A8V0ZE58 A0A8V0X7P4 A0A8V0ZY91 Q5ZJW4 A0A8V0ZRP2 A0A8V0ZKI8 A0A3Q2TU24 A0A8V0Y478 A0A8V0ZUA4 A0A8V0Y357 A0A8V0YLZ8 A0A8V0YRG2
Biological Process,reproductive process,1,GO:0022414,67,608,255,2734,1.18,0.11351131927637598,0.94,A0A8V1AG56 A0A8V0XBD4 Q98938 A0A8V0XXM5 A0A8V0YDU6 A0A8V0XMI5 A0A8V0XDR8 A0A1D5NTR5 A0A8V0YGN2 A0A8V0XH99 A0A3Q2UHS2 A0A8V0YDT5 P15120 A0A8V0ZUU4 A0A1D5PBZ8 A0A8V0XUJ8 A0A1I7Q3Z0 A0A8V0ZEC1 A0A8V1A3H9 A0A8V1AAN6 A0A1D5P6T3 A0A8V0Z8V4 A0A1I7Q421 A0A8V0YTK5 A0A8V0XZH4 F1NTQ2 A0A8V0WZN3 A0A8V0XXW6 A0A1L1RX77 A0A8V0YW57 A0A8V0ZSX6 A0A8V0ZCF7 A0A8V0YVB6 A0A8V1A7R0 A0A8V0YIC3 Q0PVE4 A0A8V1A3N1 A0A8V0ZE58 A0A8V0ZY91 A0A8V0Y9F8 Q00649 A0A8V0YPB9 A0A8V0XE48 A0A8V0Y699 A0A8V1ABC9 A0A8V0XKW4 A0A8V0YXI7 A0A8V0ZF83 A0A8V0ZRP2 A0A1D5PLP1 A0A8V0Z8N6 A0A8V0ZE30 A0A8V0ZY56 A0A8V0ZKI8 A0A3Q2TU24 A0A8V0ZJ97 A0A1D5PBU5 Q05744 A0A8V0ZSN8 A0A8V0ZUA4 A0A8V1A9R2 A0A1D5PSI3 A0A8V0Y070 A0A8V0Z938 A0A1L1RKY9 P33005 A0A8V0YRG2
Biological Process,endochondral bone morphogenesis,5,GO:0060350,3,13,255,2734,2.47,0.11391744705356131,0.94,A0A8V0Z8N6 Q98938 P02460
Biological Process,regulation of embryonic cell shape,4,GO:0016476,3,13,255,2734,2.47,0.11391744705356131,0.94,A0A8V1A9R2 A0A8V1A0B4 A0A8V0ZSN8
Biological Process,locomotor rhythm,4,GO:0045475,3,13,255,2734,2.47,0.11391744705356131,0.94,A0A8V1A9R2 A0A8V0ZFG7 A0A8V0ZSN8
Biological Process,ommatidial rotation,3,GO:0016318,3,13,255,2734,2.47,0.11391744705356131,0.94,A0A8V1A9R2 A0A8V0ZSN8 A0A8V0ZUU4
Biological Process,protein autoprocessing,6,GO:0016540,3,13,255,2734,2.47,0.11391744705356131,0.94,A0A8V0YDL8 Q98938 A0A8V0XKW4
Biological Process,negative regulation of DNA metabolic process,6,GO:0051053,3,13,255,2734,2.47,0.11391744705356131,0.94,A0A8V0YW57 A0A1I7Q3Z0 A0A8V0XMI5
Biological Process,collagen catabolic process,3,GO:0030574,3,13,255,2734,2.47,0.11391744705356131,0.94,A0A8V0ZRV9 A0A8V0X4D8 Q05744
Biological Process,positive regulation of B cell activation,7,GO:0050871,3,13,255,2734,2.47,0.11391744705356131,0.94,A0A8V0YW57 P01875 A0A8V0XEJ0
Biological Process,embryonic digestive tract development,5,GO:0048566,3,13,255,2734,2.47,0.11391744705356131,0.94,A0A8V0Z189 A0A3Q2UHS2 Q98938
Biological Process,developmental cell growth,3,GO:0048588,9,59,255,2734,1.64,0.11403340053856012,0.94,A0A8V1AG56 A0A8V0Z8V4 A0A8V0Z3U6 A0A8V0ZSX6 A0A8V0YDT5 A0A3Q2UHS2 A0A8V1ACD6 A0A1D5PBZ8 P33005
Biological Process,regulation of fibroblast proliferation,5,GO:0048145,6,32,255,2734,2.01,0.11404809392437085,0.94,A0A8V1AG56 A0A3Q2TU24 A0A8V0ZZZ5 A0A8V0YDT4 A0A8V0YLI1 A0A8V0YDD6
Biological Process,negative regulation of amide metabolic process,6,GO:0034249,6,32,255,2734,2.01,0.11404809392437085,0.94,A0A8V1ACH5 A0A8V0ZSX6 A0A8V1ABC9 A0A8V0ZE30 A0A8V1A7R0 A0A8V0ZY56
Biological Process,negative regulation of angiogenesis,6,GO:0016525,6,32,255,2734,2.01,0.11404809392437085,0.94,A0A8V0Y0F3 A0A8V0YFT7 A0A1L1RX77 A0A8V0ZCF7 A0A8V0XE48 A0A8V0Y290
Biological Process,neuron projection extension,4,GO:1990138,7,43,255,2734,1.75,0.11408274186018051,0.94,A0A8V1AG56 A0A8V0Z8V4 A0A8V0ZSX6 A0A8V0YDT5 A0A8V1ACD6 A0A1D5PBZ8 P33005
Biological Process,regulation of morphogenesis of an epithelium,5,GO:1905330,7,43,255,2734,1.75,0.11408274186018051,0.94,A0A8V0ZKI8 A0A8V1AG56 A0A3Q2TU24 A0A8V0YFT7 A0A8V0ZUU4 A0A8V0XE48 A0A8V0ZRP2
Biological Process,proteasomal protein catabolic process,5,GO:0010498,3,80,255,2734,0.4,0.11421002741343066,0.94,A0A8V0ZH96 A0A8V0ZFG7 A0A8V0ZY42
Biological Process,animal organ development,3,GO:0048513,103,978,255,2734,1.13,0.11454835762681549,0.94,A0A8V1A9L3 A0A8V1ABA3 A0A1D5NTR5 A0A8V0YGN2 A0A8V0YDT5 A0A3Q2UHS2 A0A1D5PBZ8 A0A8V0YQU2 A0A8V0ZEJ3 A0A8V0Z8V4 A0A1L1RX77 A0A8V0XPE8 A0A8V0YW57 A0A8V1ACD6 A0A8V1A7R0 A0A8V0Y4Q2 A0A8V0XE48 A0A8V0Y699 A0A8V0YXI7 A0A8V0YYQ9 A0A8V0XXK8 A0A8V0ZJD3 A0A3Q2TU24 A0A8V0XM98 A0A8V0ZTR7 A0A8V0ZSN8 A0A8V0ZUA4 A0A8V1A9R2 A0A1D5PSI3 A0A8V0Y070 A0A8V0Y357 A0A8V1AG56 A0A8V0XMI5 A0A8V0XDR8 A0A8V0ZUU4 A0A8V0XH99 A0A8V1A0B4 A0A1I7Q3Z0 P02460 A0A8V0Y0F3 A0A8V0YUF6 A0A8V0Z3Q9 A0A1D5PEW1 A0A8V0XCW4 A0A8V0XS21 A0A1D5P0D7 A0A8V0ZZZ5 A0A8V0XA92 Q0PVE4 A0A8V0ZE58 A0A1D5PDV9 A0A8V1ABC9 A0A8V0XKW4 A0A8V1ADF6 P26652 A0A8V0YRG2 A0A8V0X4D8 A0A8V0XBD4 A0A8V0Y0X2 A0A8V0YVI8 A0A8V0YFT7 A0A8V0ZSG8 E1C733 A0A8V1A8R2 A0A8V0YRN1 A0A8V0ZY91 A0A8V0YPB9 A0A8V1ALI6 A0A8V0XXZ4 A0A1D5PLP1 A0A8V0ZF83 A0A8V0ZY56 A0A1D5PGC2 A0A8V0ZKI8 A0A8V0YDT4 A0A8V0X9N1 A0A8V0Z3U6 A0A8V0YDL8 A0A8V0YLZ8 Q98938 A0A8V0YDU6 A0A8V0ZFG7 A0A8V0XUJ8 A0A8V0Y290 A0A8V1AAN6 A0A8V1A3H9 A0A1D5P6T3 F1NXR0 A0A1I7Q421 A0A3Q2UGW3 A0A8V0XM02 A0A8V0ZCF7 A0A8V0YVB6 A0A1D5P692 A0A8V0Z189 A0A8V0Y6D2 A0A8V0ZJJ7 A0A8V0Z8N6 A0A1D5NT61 A0A8V0Z9Z7 A0A8V0Z938 A0A8V0YDD6 A0A1D5PZ68
Biological Process,cell-cell adhesion,3,GO:0098609,17,126,255,2734,1.45,0.114610877434459,0.94,A0A8V0ZKI8 A0A8V0ZZZ5 Q98938 A0A3Q2UGW3 A0A8V0YDU6 A0A8V0ZE58 A0A8V0Z3Q9 A0A8V0ZUU4 A0A8V0ZDW7 A0A8V0Y9F8 A0A1D5NTR5 A0A8V0YDT5 A0A1D5PBZ8 A0A8V0Y699 A0A8V1A0B4 A0A1I7Q3Z0 A0A8V0XXK8
Biological Process,macromolecule modification,4,GO:0043412,47,612,255,2734,0.82,0.11517849794481688,0.94,A0A8V1AG56 E1C744 A0A8V0ZSD7 A0A8V0ZHL4 A0A8V0YDT5 A0A8V0ZFG7 A0A1L1RP76 F1NNN0 A0A8V1A0B4 A0A1I7Q3Z0 A0A8V0ZTC0 A0A8V0ZEC1 A0A8V0ZH96 A0A8V1AAN6 A0A1D5P6T3 A0A1D5P6Q1 A0A8V0ZSG8 A0A8V0YK18 A0A1D5P480 A0A8V0WZN3 E1C733 A0A1L1RX77 A0A8V0XPE8 A0A8V0ZSX6 A0A8V0YRF2 E1C0K5 A0A8V0Z0B9 A0A1D5P0D7 A0A8V0Z6S1 A0A8V0ZZZ5 A0A8V1A3N1 A0A8V0Z189 A0A1L4FLS3 A0A8V0ZE58 A0A8V0ZY42 A0A8V0XE48 A0A8V1ABC9 A0A8V0XXZ4 A0A8V0YYQ9 A0A8V1ADF6 Q92182 A0A3Q2TU24 A0A8V0ZSN8 A0A8V1A9R2 A0A1D5PT01 A0A8V0YDD6 A0A8V0YRG2
Biological Process,regulation of locomotion,3,GO:0040012,41,352,255,2734,1.25,0.11592248601769622,0.94,A0A8V1AG56 A0A8V0X4D8 Q98938 A0A8V0XMI5 A0A8V0ZUU4 A0A1D5NTR5 A0A8V0YDT5 A0A1D5PBZ8 P15120 A0A8V0Y290 A0A1I7Q3Z0 A0A8V0YVI8 A0A8V1A3H9 A0A1D5P6T3 A0A8V0Z8V4 A0A8V0Y0F3 A0A8V0ZSG8 E1C733 A0A1L1RX77 A0A8V0YLI1 A0A8V0ZCF7 A0A8V1ACD6 A0A8V1A7R0 A0A8V0ZZZ5 Q0PVE4 A0A8V0ZE58 A0A8V0X7P4 Q00649 A0A8V0YSF6 A0A8V0XE48 A0A8V1ABC9 A0A8V0Z8N6 Q92182 A0A3Q2TU24 A0A1D5PBU5 A0A8V1A3S8 A0A8V0YDT4 A0A8V0YDD6 A0A8V0YLZ8 A0A8V0YRG2 A0A1D5PZ68
Biological Process,regulation of intracellular protein transport,6,GO:0033157,2,61,255,2734,0.35,0.11859051836905046,0.93,A0A1D5P6T3 A0A8V0XYK6
Biological Process,regulation of synapse organization,5,GO:0050807,14,102,255,2734,1.47,0.11923176827402233,0.92,A0A8V1AG56 A0A1D5P6T3 A0A8V0Z8V4 A0A8V0X4D8 A0A8V0ZTR7 A0A8V1A3S8 A0A1D5PSI3 A0A8V0ZUU4 A0A1D5NTR5 A0A8V0YDT5 A0A8V0ZCF7 A0A1D5PDV9 A0A8V1ABC9 A0A8V0YRG2
Biological Process,pyridine-containing compound metabolic process,4,GO:0072524,2,62,255,2734,0.35,0.11924356100253289,0.92,A0A8V0YBE2 A0A1D5NT61
Biological Process,nucleocytoplasmic transport,5,GO:0006913,2,62,255,2734,0.35,0.11924356100253289,0.92,A0A8V1AEJ0 A0A8V1A7R0
Biological Process,regulation of cellular response to insulin stimulus,4,GO:1900076,6,33,255,2734,1.95,0.1193686090918156,0.92,A0A1D5P6T3 A0A8V0ZSG8 A0A8V0ZHX5 A0A8V0YY90 A0A8V1ABC9 A0A1I7Q3Z0
Biological Process,negative regulation of blood vessel morphogenesis,5,GO:2000181,6,33,255,2734,1.95,0.1193686090918156,0.92,A0A8V0Y0F3 A0A8V0YFT7 A0A1L1RX77 A0A8V0ZCF7 A0A8V0XE48 A0A8V0Y290
Biological Process,central nervous system development,4,GO:0007417,37,312,255,2734,1.27,0.11987293171426497,0.92,A0A8V1AG56 Q98938 A0A8V0XXM5 A0A8V0XEP8 A0A8V0ZUU4 A0A1D5NTR5 A0A3Q2UHS2 A0A1D5PBZ8 A0A1I7Q3Z0 A0A8V0YVI8 P02460 A0A1D5P6T3 F1NXR0 A0A8V0Z8V4 A0A1I7Q421 A0A8V0YUF6 A0A3Q2UGW3 A0A8V1ACD6 A0A8V1A7R0 A0A1D5P692 A0A8V0YRN1 A0A8V0YPB9 A0A8V0Y6D2 A0A8V0ZJJ7 A0A1D5PDV9 A0A8V1ABC9 A0A8V0XKW4 A0A8V0ZKI8 A0A8V0XM98 A0A1D5NT61 A0A8V0Z3U6 P26652 A0A8V0Z9Z7 A0A1D5PSI3 A0A8V0YDL8 A0A8V0YRG2 A0A8V0ZD24
Biological Process,nuclear transport,4,GO:0051169,2,63,255,2734,0.34,0.12051416185774216,0.92,A0A8V1AEJ0 A0A8V1A7R0
Biological Process,tube morphogenesis,3,GO:0035239,37,314,255,2734,1.26,0.12130173904126498,0.92,A0A8V1AG56 A0A8V0XBD4 Q98938 A0A8V0YDU6 A0A8V0XH99 A0A3Q2UHS2 A0A1D5PBZ8 P15120 A0A8V1A0B4 A0A1I7Q3Z0 A0A8V1AAN6 A0A8V1A3H9 A0A1I7Q421 A0A8V0ZSG8 E1C733 A0A1D5PEW1 A0A8V0ZCF7 A0A8V0YVB6 A0A1D5P0D7 A0A8V0YIC3 A0A8V0XA92 A0A8V0ZZZ5 Q0PVE4 A0A8V0ZE58 A0A8V0XE48 A0A8V0Y699 A0A8V0YXI7 A0A8V0ZF83 A0A8V0ZKI8 A0A3Q2TU24 A0A8V0ZTR7 A0A8V0ZSN8 A0A8V0ZUA4 A0A8V1A9R2 P26652 A0A8V0Y070 A0A8V0YRG2
Biological Process,cell surface receptor signaling pathway,3,GO:0007166,56,500,255,2734,1.2,0.12525749833225958,0.9,A0A8V1AG56 A0A8V0X4D8 A0A8V0YLZ8 Q98938 A0A8V0ZUU4 A0A8V0XH99 A0A3Q2UHS2 A0A8V0YDT5 A0A1D5PBZ8 A0A8V0XEJ0 A0A8V1A0B4 A0A1I7Q3Z0 A0A8V0ZEJ3 A0A8V1ACV0 P01875 A0A8V0ZYI9 A0A8V1A3H9 A0A1D5P6T3 A0A8V0Z8V4 A0A1I7Q421 A0A8V0YFT7 A0A8V0YQ88 E1C733 A0A1D5PEW1 A0A1L1RX77 A0A8V0XPE8 A0A8V1ACD6 A0A1D5P7Y2 A0A8V1A7R0 A0A1D5P0D7 A0A8V0ZZZ5 A0A8V1A3N1 A0A1L4FLS3 A0A8V0X7P4 Q00649 A0A8V0XE48 A0A8V0Y699 A0A8V1ABC9 A0A8V0XXZ4 A0A8V0YXI7 A0A8V0ZF83 A0A8V0ZRP2 K9JA28 A0A8V1ADF6 A0A8V0ZKI8 F1NGB8 A0A3Q2TU24 A0A8V0ZSN8 A0A8V1A9R2 A0A8V0Y652 A0A8V0Y070 A0A1D5PT01 A0A8V0YDD6 P33005 A0A8V0YRG2 A0A1D5PZ68
Biological Process,mesenchymal cell development,4,GO:0014031,4,21,255,2734,2.04,0.12537137518964353,0.9,A0A8V0YDD6 A0A1D5PZ68 A0A8V1ADF6 A0A8V1ACD6
Biological Process,neural crest cell development,5,GO:0014032,4,21,255,2734,2.04,0.12537137518964353,0.9,A0A8V0YDD6 A0A1D5PZ68 A0A8V1ADF6 A0A8V1ACD6
Biological Process,regulation of extracellular matrix organization,5,GO:1903053,4,21,255,2734,2.04,0.12537137518964353,0.9,A0A1L1RX77 A0A8V0Y0F3 A0A8V0YG24 A0A8V0Y290
Biological Process,sphingolipid biosynthetic process,5,GO:0030148,4,21,255,2734,2.04,0.12537137518964353,0.9,A0A8V0X637 A0A8V0WZN3 A0A8V0YYQ9 A0A8V1ABA3
Biological Process,cerebellum development,3,GO:0021549,6,34,255,2734,1.89,0.1257229304006992,0.9,A0A8V0ZKI8 A0A1D5P6T3 F1NXR0 A0A1D5NT61 A0A3Q2UGW3 A0A1D5PSI3
Biological Process,embryonic appendage morphogenesis,4,GO:0035113,6,34,255,2734,1.89,0.1257229304006992,0.9,A0A8V0ZKI8 A0A8V1AG56 Q98938 A0A8V0YDT4 A0A8V0Y070 A0A8V0XS21
Biological Process,chondroitin sulfate proteoglycan metabolic process,6,GO:0050654,6,34,255,2734,1.89,0.1257229304006992,0.9,A0A1D5P201 F1NTQ2 A0A1L1RX77 A0A8V0Z938 E1C2T4 A0A8V0YXI7
Biological Process,response to growth factor,3,GO:0070848,21,164,255,2734,1.37,0.1262638077943589,0.9,A0A8V1AG56 A0A8V0Z6E4 A0A8V0X4D8 A0A8V0YLZ8 A0A8V0Y999 P15120 A0A1I7Q3Z0 P02460 A0A1D5P6T3 A0A1I7Q421 A0A8V0XCW4 A0A8V0XPE8 A0A1D5P0D7 Q00649 A0A8V0YSF6 A0A8V0XE48 A0A8V0XKW4 A0A8V0YXI7 A0A3Q2TU24 A0A8V0YDD6 P33005
Biological Process,regulation of multicellular organismal process,3,GO:0051239,84,784,255,2734,1.15,0.12655900011070412,0.9,A0A8V1A9L3 A0A8V1ABA3 A0A8V0YDT5 A0A3Q2UHS2 A0A1D5PBZ8 P15120 A0A8V0Z8V4 A0A1L1RX77 A0A8V0YW57 A0A8V1ACD6 A0A8V1A7R0 A0A8V0Y4Q2 A0A8V0X7P4 A0A8V0Y9F8 A0A8V0XE48 A0A8V0Y699 A0A8V0XXK8 A0A3Q2TU24 A0A8V0XM98 A0A8V1AHP7 A0A8V0ZTR7 A0A8V0ZSN8 A0A8V0ZUA4 A0A8V1A9R2 A0A1D5PSI3 A0A8V0XMV0 A0A8V1AG56 A0A8V0XMI5 A0A8V0ZUU4 A0A8V0XH99 A0A8V1A0B4 A0A1I7Q3Z0 A0A8V0Y0F3 A0A1D5P0D7 A0A8V0ZZZ5 A0A8V0ZE58 Q00649 A0A8V0YSF6 A0A1D5PDV9 A0A8V1ABC9 A0A8V0XKW4 A0A8V0ZRP2 A0A8V0YWI5 A0A1D5PBU5 A0A8V1AJI2 A0A1D5PT01 A0A8V0YRG2 A0A8V0X4D8 A0A8V0Y0X2 A0A8V0ZHL4 A0A8V0XYK6 A0A8V0YFT7 A0A8V0ZSG8 E1C733 A0A8V0ZSX6 A0A8V0ZY91 A0A8V1ALI6 A0A8V0ZKI8 A0A8V0YDT4 A0A8V0Z3U6 A0A8V0YG24 A0A8V1A8L5 Q98938 A0A8V0XUJ8 A0A8V0Y290 A0A8V0YMR1 A0A8V1A3H9 A0A1D5P6T3 A0A1I7Q421 A0A8V0YQ88 A0A3Q2UGW3 A0A8V0YLI1 A0A8V0ZCF7 A0A8V0YVB6 A0A8V0Z189 A0A1L4FLS3 A0A3Q2TT95 A0A8V0Z8N6 A0A8V0ZDW7 A0A8V1A3S8 A0A8V0Z9Z7 A0A8V0Z938 A0A8V0YDD6 A0A1D5PZ68
Biological Process,innate immune response,3,GO:0045087,15,109,255,2734,1.48,0.12713427986049783,0.9,A0A8V1AG56 A0A8V0YIC3 A0A8V0YFT7 A0A8V0ZSN8 A0A8V0Y579 A0A8V1A9R2 A0A1L4FLS3 E1C733 A0A8V0XMI5 A0A1D5PBZ8 A0A8V0XEJ0 A0A8V0YRG2 A0A1I7Q3Z0 K9JA28 P01875
Biological Process,nitrogen compound transport,4,GO:0071705,27,379,255,2734,0.76,0.12744896496582275,0.89,A0A8V0XBD4 A0A8V0YBZ6 A0A8V1AEJ4 A0A8V0XMI5 R4GGQ4 A0A8V0YG88 Q6ITC7 A0A8V0XYK6 A0A8V1A8R2 A0A8V1ADS4 A0A8V0YLZ5 A0A8V1A7R0 A0A8V0XS21 A0A8V0YIC3 A0A8V0XA92 A0A8V0Y579 A0A8V0X7P4 A0A8V0XPN5 Q5ZJW4 Q00649 A0A8V0ZRP2 A0A1D5PGC2 A0A8V0ZTR7 A0A8V0ZUA4 A0A8V0Z9Z7 A0A8V0XMV0 P28687
Biological Process,positive regulation of cell communication,5,GO:0010647,50,442,255,2734,1.21,0.12845298970377034,0.89,A0A8V1AG56 A0A8V0X4D8 Q98938 A0A8V1ABA3 A0A8V0XMI5 A0A8V0XDR8 A0A8V0XH99 A0A8V0ZFG7 A0A1I7Q3Z0 A0A8V0ZTC0 A0A8V0ZEJ3 A0A8V0XYK6 A0A1D5P6T3 A0A1I7Q421 A0A1D5P6Q1 A0A1D5P480 E1C733 A0A1L1RX77 A0A8V0YLI1 A0A8V0ZSX6 A0A8V0YRF2 A0A8V0X1T3 A0A8V1A7R0 A0A1D5P0D7 A0A8V1A3N1 A0A1L4FLS3 A0A8V0ZE58 A0A8V0X7P4 A0A8V0YY90 A0A8V0ZJJ7 A0A8V0XE48 A0A8V0YSF6 A0A8V1ABC9 A0A8V0XKW4 A0A8V0ZF83 A0A8V0ZDW7 A0A8V0ZKI8 F1NGB8 A0A3Q2TU24 A0A8V0ZTR7 A0A1D5NT61 A0A8V0ZSN8 A0A8V1A9R2 P26652 A0A1D5PSI3 A0A8V0Y070 A0A1D5PMN7 A0A8V1AJI2 A0A8V0YLZ8 A0A8V0YRG2
Biological Process,response to hexose,6,GO:0009746,8,49,255,2734,1.75,0.12881284948599345,0.89,A0A1D5P6T3 A0A8V0ZRZ8 A0A1D5PSI3 A0A8V0XMI5 A0A8V0YDD6 A0A8V0ZJJ7 P15120 A0A8V0YDL8
Biological Process,immune effector process,2,GO:0002252,38,327,255,2734,1.25,0.1290358833685818,0.89,A0A8V0XXM5 A0A8V0XMI5 A0A8V0YC89 A0A8V0YGN2 A0A3Q2UHS2 A0A1D5PBZ8 P15120 A0A8V0XEJ0 A0A1I7Q3Z0 A0A8V0ZH96 A0A8V1ACV0 P01875 A0A8V0YFT7 A0A8V1A8N2 F1NTQ2 A0A8V0YW57 Q5ZJ73 A0A8V0ZSX6 A0A8V0YVB6 A0A8V1A7R0 A0A8V0ZZD4 A0A8V0Y579 A0A1L4FLS3 A0A8V0X7P4 A0A8V0YZJ3 A0A8V0ZY42 A0A8V0Z086 A0A8V1A6Z0 A0A8V0ZJJ7 A0A8V1ALI6 A0A8V0ZRP2 K9JA28 Q05744 A0A8V0ZSN8 A0A8V1A9R2 A0A8V0YBE2 A0A8V0YRG2 A0A8V0YHS1
Biological Process,regulation of axonogenesis,5,GO:0050770,12,86,255,2734,1.5,0.13252569556741506,0.88,A0A8V1AG56 A0A8V0Z8V4 A0A8V0ZZZ5 A0A8V0Z3U6 A0A8V0ZUU4 A0A8V0YDD6 A0A8V0YDT5 A0A8V1ACD6 A0A8V0XE48 A0A1D5PBZ8 A0A8V0YRG2 A0A8V0YMR1
Biological Process,positive regulation of chemotaxis,5,GO:0050921,8,50,255,2734,1.72,0.13295621670646704,0.88,A0A8V1AG56 A0A8V0Z8V4 A0A8V0XMI5 A0A8V0ZUU4 A0A8V0YDD6 Q00649 A0A8V0YSF6 A0A8V1ABC9
Biological Process,metencephalon development,3,GO:0022037,6,35,255,2734,1.84,0.1330648738566083,0.88,A0A8V0ZKI8 A0A1D5P6T3 F1NXR0 A0A1D5NT61 A0A3Q2UGW3 A0A1D5PSI3
Biological Process,adaptive immune response based on somatic recombination of immune receptors built from immunoglobulin superfamily domains,4,GO:0002460,6,35,255,2734,1.84,0.1330648738566083,0.88,A0A8V0ZZD4 A0A8V0XMI5 A0A8V0YW57 A0A8V0XEJ0 A0A8V1A7R0 P01875
Biological Process,"regulation of Wnt signaling pathway, planar cell polarity pathway",7,GO:2000095,2,7,255,2734,3.06,0.13307017222578593,0.88,A0A8V0ZKI8 A0A8V0XE48
Biological Process,cranial nerve morphogenesis,3,GO:0021602,2,7,255,2734,3.06,0.13307017222578593,0.88,A0A8V0YRG2 A0A8V1ACD6
Biological Process,"heparan sulfate proteoglycan biosynthetic process, polysaccharide chain biosynthetic process",6,GO:0015014,2,7,255,2734,3.06,0.13307017222578593,0.88,F1NGB8 A0A8V0YXI7
Biological Process,regulation of protein homooligomerization,7,GO:0032462,2,7,255,2734,3.06,0.13307017222578593,0.88,A0A1I7Q3Z0 A0A8V1ABA3
Biological Process,positive regulation of chondrocyte differentiation,6,GO:0032332,2,7,255,2734,3.06,0.13307017222578593,0.88,A0A8V0Z189 A0A1D5P0D7
Biological Process,regulation of gonad development,4,GO:1905939,2,7,255,2734,3.06,0.13307017222578593,0.88,A0A1D5P6T3 A0A1I7Q3Z0
Biological Process,glycoside catabolic process,6,GO:0016139,2,7,255,2734,3.06,0.13307017222578593,0.88,A0A8V0YC98 A0A8V1ABA3
Biological Process,leukocyte homeostasis,2,GO:0001776,2,7,255,2734,3.06,0.13307017222578593,0.88,A0A8V1A9R2 A0A8V0XMI5
Biological Process,transmission of nerve impulse,4,GO:0019226,2,7,255,2734,3.06,0.13307017222578593,0.88,A0A1D5PBZ8 A0A8V0XYK6
Biological Process,dermatan sulfate metabolic process,4,GO:0030205,2,7,255,2734,3.06,0.13307017222578593,0.88,A0A1L1RX77 E1C3Z8
Biological Process,regulation of metallopeptidase activity,6,GO:1905048,2,7,255,2734,3.06,0.13307017222578593,0.88,A0A8V1A7R0 P26652
Biological Process,positive regulation of endothelial cell chemotaxis,6,GO:2001028,2,7,255,2734,3.06,0.13307017222578593,0.88,Q00649 A0A8V0YSF6
Biological Process,regulation of lipoprotein particle clearance,4,GO:0010984,2,7,255,2734,3.06,0.13307017222578593,0.88,A0A8V0Y9F8 A0A1D5PSI3
Biological Process,centripetally migrating follicle cell migration,4,GO:0060269,2,7,255,2734,3.06,0.13307017222578593,0.88,A0A8V0YDT5 A0A8V0YDU6
Biological Process,B cell receptor signaling pathway,6,GO:0050853,2,7,255,2734,3.06,0.13307017222578593,0.88,P01875 A0A8V0XEJ0
Biological Process,aortic valve development,5,GO:0003176,2,7,255,2734,3.06,0.13307017222578593,0.88,A0A8V0Y290 A0A8V0Y0F3
Biological Process,negative regulation of T cell receptor signaling pathway,6,GO:0050860,2,7,255,2734,3.06,0.13307017222578593,0.88,A0A8V0YLI1 A0A8V0ZZZ5
Biological Process,negative regulation of antigen receptor-mediated signaling pathway,5,GO:0050858,2,7,255,2734,3.06,0.13307017222578593,0.88,A0A8V0YLI1 A0A8V0ZZZ5
Biological Process,negative regulation of fat cell differentiation,6,GO:0045599,2,7,255,2734,3.06,0.13307017222578593,0.88,A0A8V0ZKI8 A0A8V1AG56
Biological Process,DNA catabolic process,5,GO:0006308,2,7,255,2734,3.06,0.13307017222578593,0.88,A0A8V0YWM3 A0A8V0XMI5
Biological Process,establishment of protein localization to mitochondrial membrane,4,GO:0090151,2,7,255,2734,3.06,0.13307017222578593,0.88,R4GGQ4 A0A1D5PGC2
Biological Process,cell surface receptor signaling pathway involved in heart development,4,GO:0061311,2,7,255,2734,3.06,0.13307017222578593,0.88,A0A8V0ZKI8 A0A8V1AG56
Biological Process,DNA-templated DNA replication,7,GO:0006261,2,7,255,2734,3.06,0.13307017222578593,0.88,A0A8V0XMI5 A0A3Q2TTB3
Biological Process,aortic valve morphogenesis,4,GO:0003180,2,7,255,2734,3.06,0.13307017222578593,0.88,A0A8V0Y290 A0A8V0Y0F3
Biological Process,determination of ventral identity,5,GO:0048264,2,7,255,2734,3.06,0.13307017222578593,0.88,A0A8V0Y070 A0A1D5P0D7
Biological Process,regulation of T cell apoptotic process,8,GO:0070232,2,7,255,2734,3.06,0.13307017222578593,0.88,A0A8V1AG56 A0A8V1A9R2
Biological Process,inorganic ion import across plasma membrane,4,GO:0099587,2,7,255,2734,3.06,0.13307017222578593,0.88,A0A8V0YLI1 A0A8V0ZTR7
Biological Process,oligosaccharide catabolic process,5,GO:0009313,2,7,255,2734,3.06,0.13307017222578593,0.88,A0A8V0Z086 F1NTQ2
Biological Process,positive regulation of glycogen metabolic process,6,GO:0070875,2,7,255,2734,3.06,0.13307017222578593,0.88,A0A1D5P6T3 A0A8V0XMI5
Biological Process,growth plate cartilage development,5,GO:0003417,2,7,255,2734,3.06,0.13307017222578593,0.88,A0A8V0Z8N6 P02460
Biological Process,energy homeostasis,3,GO:0097009,2,7,255,2734,3.06,0.13307017222578593,0.88,A0A8V1A7R0 A0A8V1AFP7
Biological Process,inorganic cation import across plasma membrane,5,GO:0098659,2,7,255,2734,3.06,0.13307017222578593,0.88,A0A8V0YLI1 A0A8V0ZTR7
Biological Process,glutamine family amino acid catabolic process,5,GO:0009065,2,7,255,2734,3.06,0.13307017222578593,0.88,A0A1D5NT61 A0A1D5PXI1
Biological Process,axonal defasciculation,4,GO:0007414,2,7,255,2734,3.06,0.13307017222578593,0.88,A0A8V0ZF83 A0A8V0Y070
Biological Process,terminal region determination,4,GO:0007362,2,7,255,2734,3.06,0.13307017222578593,0.88,A0A8V0ZF83 A0A8V0Y070
Biological Process,cystoblast division,3,GO:0007282,2,7,255,2734,3.06,0.13307017222578593,0.88,A0A8V0ZEC1 A0A8V0XXW6
Biological Process,regulation of protein localization to synapse,6,GO:1902473,2,7,255,2734,3.06,0.13307017222578593,0.88,A0A8V1AG56 A0A3Q2UHS2
Biological Process,positive regulation of cyclin-dependent protein serine/threonine kinase activity,6,GO:0045737,2,7,255,2734,3.06,0.13307017222578593,0.88,A0A8V0X1T3 A0A1I7Q3Z0
Biological Process,digestive tract mesoderm development,4,GO:0007502,2,7,255,2734,3.06,0.13307017222578593,0.88,A0A8V0XDR8 A0A8V0Z8V4
Biological Process,ectodermal placode formation,3,GO:0060788,2,7,255,2734,3.06,0.13307017222578593,0.88,A0A8V0ZKI8 A0A1I7Q421
Biological Process,labyrinthine layer blood vessel development,5,GO:0060716,2,7,255,2734,3.06,0.13307017222578593,0.88,A0A8V0ZE58 A0A8V0ZUA4
Biological Process,otic vesicle development,4,GO:0071599,2,7,255,2734,3.06,0.13307017222578593,0.88,A0A1I7Q421 P02460
Biological Process,embryonic skeletal joint development,6,GO:0072498,2,7,255,2734,3.06,0.13307017222578593,0.88,Q98938 P02460
Biological Process,regulation of cell growth involved in cardiac muscle cell development,5,GO:0061050,2,7,255,2734,3.06,0.13307017222578593,0.88,A0A8V0XXK8 A0A8V0XMV0
Biological Process,cellular response to estradiol stimulus,5,GO:0071392,2,7,255,2734,3.06,0.13307017222578593,0.88,A0A8V0YLI1 A0A8V0YWM3
Biological Process,ectodermal placode morphogenesis,3,GO:0071697,2,7,255,2734,3.06,0.13307017222578593,0.88,A0A8V0ZKI8 A0A1I7Q421
Biological Process,glycosphingolipid biosynthetic process,6,GO:0006688,2,7,255,2734,3.06,0.13307017222578593,0.88,A0A8V0WZN3 A0A8V0YYQ9
Biological Process,chitin-based cuticle sclerotization,3,GO:0007593,2,7,255,2734,3.06,0.13307017222578593,0.88,A0A8V0XH99 A0A8V0ZJJ7
Biological Process,amide transport,5,GO:0042886,24,339,255,2734,0.76,0.13527926474726687,0.87,A0A8V0XBD4 A0A8V0YBZ6 A0A8V1AEJ4 A0A8V0XMI5 R4GGQ4 A0A8V0YG88 Q6ITC7 A0A8V0XYK6 A0A8V1A8R2 A0A8V1ADS4 A0A8V1A7R0 A0A8V0XS21 A0A8V0YIC3 A0A8V0X7P4 A0A8V0XPN5 Q5ZJW4 Q00649 A0A8V0ZRP2 A0A1D5PGC2 A0A8V0ZTR7 A0A8V0ZUA4 A0A8V0Z9Z7 A0A8V0XMV0 P28687
Biological Process,regulation of homotypic cell-cell adhesion,6,GO:0034110,3,14,255,2734,2.3,0.1354592365407753,0.87,A0A1D5NTR5 A0A8V1ABC9 A0A8V0XYK6
Biological Process,T cell differentiation,5,GO:0030217,3,14,255,2734,2.3,0.1354592365407753,0.87,A0A8V1A7R0 A0A8V0ZSN8 A0A8V0XMI5
Biological Process,glomerulus development,3,GO:0032835,3,14,255,2734,2.3,0.1354592365407753,0.87,A0A8V0Y0X2 A0A8V0Y357 A0A8V0XA92
Biological Process,negative regulation of neuron projection regeneration,5,GO:0070571,3,14,255,2734,2.3,0.1354592365407753,0.87,A0A8V0Z938 A0A8V0YDT5 A0A8V0ZZZ5
Biological Process,regulation of protein oligomerization,6,GO:0032459,3,14,255,2734,2.3,0.1354592365407753,0.87,A0A8V0YWI5 A0A1I7Q3Z0 A0A8V1ABA3
Biological Process,bone mineralization,5,GO:0030282,3,14,255,2734,2.3,0.1354592365407753,0.87,A0A8V0XCW4 A0A8V0ZFG7 A0A8V0Z189
Biological Process,negative regulation of phosphatase activity,6,GO:0010923,3,14,255,2734,2.3,0.1354592365407753,0.87,A0A8V1AJI2 A0A8V0XE48 A0A1L1RP76
Biological Process,response to ischemia,3,GO:0002931,3,14,255,2734,2.3,0.1354592365407753,0.87,A0A8V0YDD6 Q00649 A0A8V0YWM3
Biological Process,protein targeting to mitochondrion,5,GO:0006626,3,14,255,2734,2.3,0.1354592365407753,0.87,A0A8V0XMV0 R4GGQ4 A0A1D5PGC2
Biological Process,lymph gland development,5,GO:0048542,3,14,255,2734,2.3,0.1354592365407753,0.87,A0A8V1A9R2 A0A8V1A8R2 A0A8V0ZSN8
Biological Process,regulation of glucose import,6,GO:0046324,3,14,255,2734,2.3,0.1354592365407753,0.87,A0A1D5P6T3 A0A8V0YY90 A0A8V1ABC9
Biological Process,response to salt,3,GO:1902074,3,14,255,2734,2.3,0.1354592365407753,0.87,A0A1D5P6T3 A0A8V0ZSX6 A0A1D5PSI3
Biological Process,positive regulation of chemokine production,6,GO:0032722,3,14,255,2734,2.3,0.1354592365407753,0.87,A0A8V1AG56 A0A1L4FLS3 A0A8V0XMI5
Biological Process,positive regulation of lamellipodium organization,7,GO:1902745,3,14,255,2734,2.3,0.1354592365407753,0.87,A0A1I7Q3Z0 A0A3Q2UHS2 Q0PVE4
Biological Process,negative regulation of cell communication,5,GO:0010648,45,397,255,2734,1.22,0.1360445920268274,0.87,A0A8V1AG56 A0A8V1A9L3 A0A8V1ABA3 A0A8V0XMI5 A0A8V0ZUU4 A0A8V1ACH5 A0A8V0XH99 A0A8V0YDT5 A0A8V0Y290 A0A8V0X097 A0A1I7Q3Z0 A0A8V0ZTC0 A0A8V0YMR1 A0A8V0ZYI9 P02460 A0A1D5P6T3 A0A1I7Q421 A0A8V0Y0F3 A0A8V0YFT7 A0A8V0YQ88 A0A8V0ZSG8 A0A8V0X637 A0A3Q2UGW3 A0A1D5P480 A0A1D5PEW1 A0A1L1RX77 A0A8V0XPE8 A0A8V0YLI1 A0A8V1A6B5 A0A8V0ZZZ5 A0A1L4FLS3 A0A8V0ZY91 A0A3Q2TT95 Q00649 A0A8V0YSF6 A0A8V0Y699 A0A8V1ABC9 A0A8V0XKW4 A0A8V0ZE30 A0A8V0ZKI8 A0A8V0XM98 A0A8V0YDT4 P26652 A0A8V0YLZ8 A0A8V0YRG2
Biological Process,signal transduction,2,GO:0007165,90,851,255,2734,1.13,0.1360750856415862,0.87,A0A8V0Y8Q2 A0A8V0XEP8 A0A1D5NTR5 A0A8V0YDT5 A0A3Q2UHS2 A0A1D5PBZ8 P15120 A0A8V0XEJ0 A0A8V0ZEJ3 A0A8V1ACV0 A0A8V0Z8V4 A0A1D5P480 A0A1L1RX77 A0A8V0XPE8 A0A8V0YW57 A0A8V1ACD6 A0A8V1A7R0 A0A8V0Y4Q2 A0A8V1A3N1 A0A8V0X7P4 A0A8V0XW00 A0A8V0XE48 A0A8V0Y699 A0A8V0YXI7 F1NGB8 A0A3Q2TU24 A0A8V0XM98 A0A8V0ZTR7 A0A8V0ZSN8 A0A8V1A9R2 A0A8V0YF36 A0A1D5PSI3 A0A8V0Y070 A0A8V1AG56 A0A8V0Z6E4 A0A8V0XMI5 A0A8V0ZUU4 A0A8V0XH99 A0A8V1A0B4 A0A1I7Q3Z0 A0A1D5PXI1 A0A8V0X637 A0A1D5PEW1 A0A8V0ZXC9 A0A1D5P7Y2 A0A1D5P0D7 A0A8V0ZZZ5 A0A8V0ZRV9 A0A8V0ZE58 Q00649 A0A1D5PDV9 A0A8V1ABC9 A0A8V0XKW4 A0A8V0ZRP2 A0A8V1ADF6 A0A8V0YWI5 A0A8V1AJI2 A0A1D5PT01 P33005 A0A8V0YRG2 A0A8V0X4D8 A0A8V0XBD4 A0A8V0YBZ6 A0A8V0YFT7 A0A8V0YK18 E1C733 A0A8V0ZSX6 A0A8V0ZY91 A0A8V0Y8I0 A0A8V0XXZ4 A0A8V0ZF83 A0A8V0ZKI8 A0A8V0Y652 A0A8V0YLZ8 P01875 Q98938 A0A8V0XWF0 A0A8V0XUJ8 A0A8V0ZYI9 A0A8V1A3H9 A0A1D5P6T3 A0A1I7Q421 A0A8V0YQ88 A0A8V0YLI1 A0A1L4FLS3 K9JA28 A0A1D5PMN7 A0A8V0YDD6 A0A1D5PZ68 A0A8V0YWM3
Biological Process,negative regulation of peptidase activity,6,GO:0010466,4,87,255,2734,0.49,0.13625644358120603,0.87,A0A8V0X4D8 P26652 A0A1I7Q3Z0 A0A8V0YRF2
Biological Process,regulation of microtubule-based process,4,GO:0032886,4,90,255,2734,0.48,0.13745189279598036,0.86,A0A8V1A9L3 A0A8V0Z3U6 A0A8V0XE48 A0A1D5PBU5
Biological Process,regulation of intracellular signal transduction,5,GO:1902531,46,404,255,2734,1.22,0.13757138575416156,0.86,A0A8V1AG56 A0A8V1A9L3 A0A8V0YBZ6 A0A8V1ABA3 A0A8V0XMI5 A0A8V1ACH5 A0A8V0YDT5 A0A8V0Y290 A0A8V1A0B4 A0A1I7Q3Z0 A0A8V1A3H9 A0A1D5P6T3 A0A8V0Y0F3 A0A1D5P6Q1 A0A8V0YFT7 A0A8V0ZSG8 A0A8V0X637 A0A1D5P480 E1C733 A0A1D5PEW1 A0A1L1RX77 A0A8V0YRF2 A0A8V0X1T3 A0A8V1A7R0 A0A1D5P0D7 A0A8V1A3N1 A0A1L4FLS3 A0A8V0ZE58 A0A8V0X7P4 Q00649 A0A8V0YY90 A0A8V0XE48 A0A8V1ABC9 A0A8V0XKW4 A0A8V0ZDW7 A0A3Q2TU24 A0A8V0ZTR7 A0A8V0ZSN8 A0A8V0YDT4 A0A8V1A9R2 P26652 A0A1D5PSI3 A0A8V1AJI2 A0A8V0YDD6 A0A8V0YLZ8 A0A8V0YRG2
Biological Process,regulation of protein serine/threonine kinase activity,7,GO:0071900,15,113,255,2734,1.42,0.1380642570131341,0.86,A0A8V0ZKI8 A0A1D5P6T3 A0A8V1AG56 A0A8V0ZZZ5 A0A3Q2TU24 A0A8V1A3N1 A0A8V1ABA3 A0A8V0X637 A0A1D5PEW1 Q00649 A0A8V1ABC9 A0A8V0X1T3 A0A8V0YRG2 A0A1I7Q3Z0 A0A8V1A3H9
Biological Process,metabolic process,1,GO:0008152,143,1652,255,2734,0.93,0.13945939952903524,0.86,A0A8V1A9L3 F1NBR3 A0A8V0ZRZ8 A0A8V1ABA3 A0A8V0XEP8 A0A8V0Z4R1 A0A8V0YGN2 A0A8V0YDT5 A0A1D5PBZ8 P15120 A0A8V0XEJ0 A0A8V0ZSC5 A0A1D5P480 A0A8V0XXW6 A0A1L1RX77 A0A8V0XPE8 A0A8V0YW57 A0A8V0X7J6 A0A8V1A3H7 A0A8V1A7R0 E1C0K5 A0A8V0Y3L3 A0A8V0Z0B9 A0A8V0Y4Q2 A0A8V0ZZD4 A0A8V1A3N1 A0A8V0Y579 A0A8V0Z086 A0A8V0Y9F8 A0A8V0XE48 A0A1L1S0X5 A0A8V0YXI7 A0A8V0YYQ9 Q92182 A0A8V0ZJD3 F1NGB8 A0A8V0ZJ97 A0A3Q2TU24 A0A8V0ZSN8 A0A8V1A9R2 A0A1D5PSI3 A0A8V0Y070 Q9W6H0 A0A8V1A7Y9 P28687 A0A8V1AG56 E1C744 A0A8V0Z6E4 A0A8V0XXM5 A0A8V0XMI5 A0A8V0YC89 A0A8V0XH99 A0A8V1A0B4 A0A1I7Q3Z0 A0A8V0ZH96 A0A1D5PXI1 P02460 A0A8V0X637 F1NTQ2 E1C3Z8 A0A3Q2TTB3 A0A8V0ZP32 A0A8V0ZXC9 A0A8V0YRF2 E1C2T4 A0A1D5P0D7 A0A8V0Z6S1 A0A8V0XA92 A0A8V0ZZZ5 A0A8V0ZRV9 A0A8V0ZE58 A0A8V0YZJ3 A0A8V0XPN5 A0A8V0YSF6 A0A8V1ABC9 A0A8V0XKW4 A0A8V0ZRP2 A0A8V0ZE30 A0A8V1ADF6 A0A8V0Y4M6 Q05744 A0A1D5P201 A0A8V0YC20 A0A8V0YBE2 A0A1D5PT01 A0A8V0YRG2 A0A8V0X4D8 A0A8V0ZHL4 A0A8V0ZIF0 A0A8V0Y9B0 A0A1L1RP76 A0A8V0YC98 A0A1D5P6Q1 A0A8V0YFT7 A0A8V0XCD2 A0A8V0ZSG8 A0A8V0YK18 A0A8V0X535 E1C733 A0A8V1A8R2 A0A8V0ZSX6 A0A8V0ZI47 A0A8V0ZY91 A0A8V0ZY42 A0A8V1A6Z0 A0A8V0YPB9 A0A8V0Z865 A0A8V1ALI6 A0A8V0XXZ4 A0A8V0ZF83 A0A8V0ZY56 A0A8V0YDT4 A0A8V0YQC4 A0A8V0YDL8 P01875 A0A8V1A8L5 Q98938 A0A8V1ACH5 A0A8V0ZSD7 A0A8V0ZFG7 Q6ITC7 F1NNN0 A0A8V0ZTC0 A0A8V0ZEC1 A0A8V1AAN6 A0A1D5P6T3 F1NXR0 A0A8V1A8N2 A0A8V0WZN3 A0A8V0XWD4 A0A8V0YLI1 A0A8V0ZCF7 A0A8V0YVB6 A0A1D5P692 A0A8V0Z189 A0A1L4FLS3 A0A8V0ZJJ7 A0A1D5NT61 A0A1D5PMN7 A0A8V0Z938 A0A8V0YDD6 A0A8V0YHS1 A0A8V0YWM3
Biological Process,negative regulation of gene expression,7,GO:0010629,35,299,255,2734,1.26,0.13996625821938458,0.85,A0A8V1AG56 A0A8V0X4D8 A0A8V0Y999 A0A8V0XMI5 A0A8V1ACH5 A0A1D5NTR5 Q6ITC7 A0A8V0Y290 A0A1I7Q3Z0 A0A1D5P6T3 A0A1I7Q421 A0A8V0Y0F3 A0A8V0YFT7 A0A8V0ZSG8 A0A8V1A8R2 Q5ZJ73 A0A8V0YLI1 A0A8V0ZSX6 A0A8V0YRF2 A0A8V0YVB6 A0A8V1A7R0 A0A8V0YIC3 A0A8V0XPN5 A0A8V0ZY91 A0A8V0YSF6 A0A8V0Y699 A0A8V1ABC9 A0A8V0ZE30 A0A8V0ZF83 A0A8V0ZY56 A0A8V0ZJ97 A0A8V0Z9Z7 A0A1D5PSI3 A0A8V0Y070 A0A8V1A8L5
Biological Process,ribonucleoside monophosphate metabolic process,6,GO:0009161,6,115,255,2734,0.56,0.14034602675826188,0.85,A0A8V0ZRZ8 A0A8V0XCD2 A0A8V0YC20 A0A8V0YW57 A0A8V1A0B4 A0A8V0YWM3
Biological Process,cellular nitrogen compound biosynthetic process,4,GO:0044271,25,350,255,2734,0.77,0.14052291075114345,0.85,A0A8V1A9L3 A0A8V0X4D8 F1NBR3 A0A8V1ABA3 Q6ITC7 A0A8V1A0B4 A0A8V0YFT7 A0A8V0X637 A0A8V0WZN3 A0A8V1A8R2 A0A3Q2TTB3 A0A8V0X7J6 A0A8V1A7R0 A0A8V0XPN5 A0A8V0Z865 A0A1L1S0X5 A0A8V0YXI7 A0A8V0ZJD3 A0A1D5PSI3 A0A1D5PMN7 A0A8V0YC20 A0A8V0YBE2 A0A8V0YQC4 A0A8V1A7Y9 A0A8V0YDL8
Biological Process,mammary gland development,5,GO:0030879,6,36,255,2734,1.79,0.14134756122383813,0.85,A0A8V0ZKI8 A0A8V1AG56 E1C733 A0A8V0XUJ8 A0A1I7Q3Z0 A0A8V1A3H9
Biological Process,pancreas development,4,GO:0031016,4,22,255,2734,1.95,0.14263294870343005,0.85,A0A8V0YDL8 A0A1D5P6T3 A0A8V1AG56 Q98938
Biological Process,basement membrane organization,6,GO:0071711,4,22,255,2734,1.95,0.14263294870343005,0.85,A0A8V0Y357 A0A1D5NTR5 P26652 A0A8V0ZBR8
Biological Process,positive regulation of mitochondrion organization,7,GO:0010822,4,22,255,2734,1.95,0.14263294870343005,0.85,A0A1L1RX77 A0A8V1A9L3 A0A8V0XKW4 A0A8V1ABA3
Biological Process,neuron projection fasciculation,7,GO:0106030,4,22,255,2734,1.95,0.14263294870343005,0.85,A0A8V1AG56 A0A1D5NTR5 A0A8V0YRG2 A0A1D5PBZ8
Biological Process,axonal fasciculation,4,GO:0007413,4,22,255,2734,1.95,0.14263294870343005,0.85,A0A8V1AG56 A0A1D5NTR5 A0A8V0YRG2 A0A1D5PBZ8
Biological Process,collagen fibril organization,5,GO:0030199,4,22,255,2734,1.95,0.14263294870343005,0.85,A0A8V0ZHL4 A0A8V0XXK8 A0A1D5P8I8 P02460
Biological Process,negative regulation of protein maturation,7,GO:1903318,4,22,255,2734,1.95,0.14263294870343005,0.85,A0A8V0YVB6 A0A8V0Y999 A0A8V0X4D8 A0A8V0YRF2
Biological Process,negative regulation of epithelial cell migration,5,GO:0010633,4,22,255,2734,1.95,0.14263294870343005,0.85,A0A1L1RX77 A0A8V0ZCF7 A0A8V0Z8N6 A0A8V0XMI5
Biological Process,myelination,4,GO:0042552,4,22,255,2734,1.95,0.14263294870343005,0.85,A0A8V0YLZ8 F1NTQ2 A0A8V0WZN3 A0A8V0Y579
Biological Process,negative regulation of protein processing,8,GO:0010955,4,22,255,2734,1.95,0.14263294870343005,0.85,A0A8V0YVB6 A0A8V0Y999 A0A8V0X4D8 A0A8V0YRF2
Biological Process,positive chemotaxis,4,GO:0050918,4,22,255,2734,1.95,0.14263294870343005,0.85,A0A8V1AG56 A0A1D5NTR5 Q98938 A0A8V0XMI5
Biological Process,negative regulation of leukocyte differentiation,6,GO:1902106,4,22,255,2734,1.95,0.14263294870343005,0.85,A0A8V1A9R2 A0A1L4FLS3 Q98938 A0A8V0XMI5
Biological Process,cell fate commitment,3,GO:0045165,13,94,255,2734,1.48,0.14540763854982636,0.84,A0A8V1AG56 Q0PVE4 A0A8V0YTK5 A0A8V0XBD4 A0A1D5PBU5 Q98938 A0A8V0Y999 A0A1D5PSI3 A0A8V0ZUU4 A0A8V0Y699 A0A8V1A0B4 A0A8V1A7R0 A0A1D5P0D7
Biological Process,cell growth,2,GO:0016049,10,70,255,2734,1.53,0.14563792565910658,0.84,A0A8V0ZKI8 A0A8V1AG56 A0A8V0Z8V4 A0A8V0Z3U6 A0A8V0YDT5 A0A3Q2UHS2 A0A8V0ZSX6 A0A8V1ACD6 A0A1D5PBZ8 P33005
Biological Process,humoral immune response,3,GO:0006959,10,70,255,2734,1.53,0.14563792565910658,0.84,Q92182 A0A8V0ZZD4 A0A8V0ZSN8 A0A8V1A8N2 A0A8V1A9R2 E1C733 A0A8V0XEJ0 P01875 A0A8V0ZEJ3 A0A8V0YHS1
Biological Process,tissue homeostasis,4,GO:0001894,10,70,255,2734,1.53,0.14563792565910658,0.84,Q98938 A0A8V0XEP8 P02460 A0A8V0Y0X2 A0A8V0Y9B0 A0A8V0Y699 A0A8V0YLZ5 A0A1I7Q3Z0 A0A8V0XXK8 A0A1D5P0D7
Biological Process,response to monosaccharide,5,GO:0034284,8,53,255,2734,1.62,0.14970241834671835,0.82,A0A1D5P6T3 A0A8V0ZRZ8 A0A1D5PSI3 A0A8V0XMI5 A0A8V0YDD6 A0A8V0ZJJ7 P15120 A0A8V0YDL8
Biological Process,molting cycle,2,GO:0042303,8,53,255,2734,1.62,0.14970241834671835,0.82,A0A3Q2TU24 A0A1I7Q421 A0A8V0XBD4 F1NJI3 A0A8V0ZHL4 A0A8V0XH99 A0A8V0ZJJ7 A0A8V0YVB6
Biological Process,negative regulation of vasculature development,5,GO:1901343,6,37,255,2734,1.74,0.15052337401390536,0.82,A0A8V0Y0F3 A0A8V0YFT7 A0A1L1RX77 A0A8V0ZCF7 A0A8V0XE48 A0A8V0Y290
Biological Process,protein modification by small protein removal,7,GO:0070646,3,72,255,2734,0.45,0.1512024048934743,0.82,A0A8V0ZH96 A0A8V0ZEC1 A0A8V0ZY42
Biological Process,regulation of actin filament polymerization,7,GO:0030833,3,71,255,2734,0.45,0.15135273379903547,0.82,Q00649 A0A3Q2UHS2 E1C733
Biological Process,proteasome-mediated ubiquitin-dependent protein catabolic process,6,GO:0043161,3,71,255,2734,0.45,0.15135273379903547,0.82,A0A8V0ZH96 A0A8V0ZFG7 A0A8V0ZY42
Biological Process,imaginal disc development,4,GO:0007444,19,151,255,2734,1.35,0.15144730879210788,0.82,A0A8V0XBD4 Q98938 A0A8V0XMI5 A0A8V0XH99 A0A1D5PBZ8 A0A8V1A0B4 A0A8V0XM02 A0A1D5PEW1 A0A8V0XE48 A0A8V0Y699 A0A8V0ZF83 A0A8V0ZKI8 A0A8V0ZTR7 A0A8V0ZSN8 A0A8V0ZUA4 A0A8V1A9R2 P26652 A0A1D5PSI3 A0A8V0Y070
Biological Process,fatty acid metabolic process,4,GO:0006631,3,74,255,2734,0.43,0.15268039408059894,0.82,A0A8V0Y4M6 A0A8V0Y9F8 A0A8V0ZSC5
Biological Process,regulation of developmental growth,4,GO:0048638,23,188,255,2734,1.31,0.15356765220542173,0.81,A0A8V1AG56 A0A8V0X4D8 Q98938 A0A8V0ZUU4 A0A8V0ZHL4 A0A8V0XH99 A0A8V0YDT5 A0A1D5PBZ8 A0A8V0XUJ8 A0A8V0YMR1 A0A8V0XYK6 A0A1D5P6T3 A0A8V0Z8V4 A0A8V1ACD6 A0A8V1A7R0 A0A8V0YSF6 A0A8V0XE48 A0A8V0XKW4 A0A8V0XXK8 A0A8V0ZTR7 A0A1D5PSI3 A0A8V0YDD6 A0A8V0XMV0
Biological Process,positive regulation of signaling,4,GO:0023056,50,446,255,2734,1.2,0.15387431058377837,0.81,A0A8V1AG56 A0A8V0X4D8 Q98938 A0A8V1ABA3 A0A8V0XMI5 A0A8V0XDR8 A0A8V0XH99 A0A8V0ZFG7 A0A1I7Q3Z0 A0A8V0ZTC0 A0A8V0ZEJ3 A0A8V0ZYI9 A0A1D5P6T3 A0A1I7Q421 A0A1D5P6Q1 A0A1D5P480 E1C733 A0A1L1RX77 A0A8V0YLI1 A0A8V0ZSX6 A0A8V0YRF2 A0A8V0X1T3 A0A8V1A7R0 A0A1D5P0D7 A0A8V1A3N1 A0A1L4FLS3 A0A8V0ZE58 A0A8V0X7P4 A0A8V0YY90 A0A8V0ZJJ7 A0A8V0XE48 A0A8V0YSF6 A0A8V1ABC9 A0A8V0XKW4 A0A8V0ZF83 A0A8V0ZDW7 A0A8V0ZKI8 F1NGB8 A0A3Q2TU24 A0A8V0ZTR7 A0A1D5NT61 A0A8V0ZSN8 A0A8V1A9R2 P26652 A0A1D5PSI3 A0A8V0Y070 A0A1D5PMN7 A0A8V1AJI2 A0A8V0YLZ8 A0A8V0YRG2
Biological Process,regulation of cell development,5,GO:0060284,37,322,255,2734,1.23,0.15392484710974774,0.81,A0A8V1AG56 A0A8V1A9L3 A0A8V0X4D8 Q98938 A0A8V0XMI5 A0A8V0ZUU4 A0A8V0YDT5 A0A1D5PBZ8 A0A8V0YMR1 A0A8V0Z8V4 A0A1I7Q421 A0A8V0ZSG8 A0A8V0ZSX6 A0A8V1ACD6 A0A8V0YVB6 A0A8V1A7R0 A0A1D5P0D7 A0A8V0ZZZ5 A0A3Q2TT95 Q00649 A0A8V0XE48 A0A8V0XXK8 A0A8V0ZDW7 Q92182 A0A8V0ZKI8 A0A8V1A3S8 A0A8V0YDT4 A0A8V0Z3U6 A0A1D5PSI3 A0A8V1AJI2 A0A1D5PT01 A0A8V0Z938 A0A8V0YDD6 A0A8V0XMV0 A0A8V0YLZ8 A0A8V0YRG2 A0A1D5PZ68
Biological Process,microtubule cytoskeleton organization,3,GO:0000226,12,190,255,2734,0.68,0.15529487340786027,0.81,A0A8V0ZBM0 Q0PVE4 A0A8V0YTK5 A0A8V0XBD4 A0A1D5PBU5 A0A8V0XZH4 A0A8V0Z3U6 A0A1D5NTR5 A0A8V0XE48 A0A1D5PBZ8 A0A8V0ZE30 A0A8V0YVI8
Biological Process,response to mechanical stimulus,3,GO:0009612,11,76,255,2734,1.55,0.15645579072100474,0.81,A0A8V0YFT7 A0A8V0ZSG8 A0A1L4FLS3 P26652 A0A1L1RX77 A0A8V0XPE8 Q00649 A0A8V0YLI1 A0A8V1ABC9 A0A1I7Q3Z0 P02460
Biological Process,negative regulation of neuron differentiation,6,GO:0045665,11,76,255,2734,1.55,0.15645579072100474,0.81,A0A8V1AG56 A0A8V0Z8V4 A0A8V0ZZZ5 A0A1I7Q421 A0A8V0Z938 A0A8V0YDT5 A0A8V0ZSX6 A0A8V1ACD6 A0A8V0YVB6 A0A8V0YRG2 A0A8V0YMR1
Biological Process,apoptotic signaling pathway,3,GO:0097190,8,54,255,2734,1.59,0.15663989898038755,0.81,A0A8V0YWI5 A0A1L4FLS3 A0A8V0YW57 A0A8V0YLI1 A0A8V0XE48 A0A8V1ABC9 A0A8V0XKW4 A0A8V0YWM3
Biological Process,reproduction,1,GO:0000003,67,621,255,2734,1.16,0.1580125725308931,0.8,A0A8V1AG56 A0A8V0XBD4 Q98938 A0A8V0XXM5 A0A8V0YDU6 A0A8V0XMI5 A0A8V0XDR8 A0A1D5NTR5 A0A8V0YGN2 A0A8V0XH99 A0A3Q2UHS2 A0A8V0YDT5 P15120 A0A8V0ZUU4 A0A1D5PBZ8 A0A8V0XUJ8 A0A1I7Q3Z0 A0A8V0ZEC1 A0A8V1A3H9 A0A8V1AAN6 A0A1D5P6T3 A0A8V0Z8V4 A0A1I7Q421 A0A8V0YTK5 A0A8V0XZH4 F1NTQ2 A0A8V0WZN3 A0A8V0XXW6 A0A1L1RX77 A0A8V0YW57 A0A8V0ZSX6 A0A8V0ZCF7 A0A8V0YVB6 A0A8V1A7R0 A0A8V0YIC3 Q0PVE4 A0A8V1A3N1 A0A8V0ZE58 A0A8V0ZY91 A0A8V0Y9F8 Q00649 A0A8V0YPB9 A0A8V0XE48 A0A8V0Y699 A0A8V1ABC9 A0A8V0XKW4 A0A8V0YXI7 A0A8V0ZF83 A0A8V0ZRP2 A0A1D5PLP1 A0A8V0Z8N6 A0A8V0ZE30 A0A8V0ZY56 A0A8V0ZKI8 A0A3Q2TU24 A0A8V0ZJ97 A0A1D5PBU5 Q05744 A0A8V0ZSN8 A0A8V0ZUA4 A0A8V1A9R2 A0A1D5PSI3 A0A8V0Y070 A0A8V0Z938 A0A1L1RKY9 P33005 A0A8V0YRG2
Biological Process,cellular response to platelet-derived growth factor stimulus,5,GO:0036120,3,15,255,2734,2.14,0.15826291026711184,0.8,A0A8V0XPE8 A0A8V0YDD6 A0A1I7Q3Z0
Biological Process,positive regulation of receptor signaling pathway via STAT,6,GO:1904894,3,15,255,2734,2.14,0.15826291026711184,0.8,A0A8V1A9R2 A0A8V1A7R0 A0A8V0ZSN8
Biological Process,regulation of morphogenesis of a branching structure,4,GO:0060688,3,15,255,2734,2.14,0.15826291026711184,0.8,A0A8V1AG56 A0A3Q2TU24 A0A1D5PSI3
Biological Process,neuron projection organization,6,GO:0106027,3,15,255,2734,2.14,0.15826291026711184,0.8,A0A1D5P6T3 A0A8V0YRG2 A0A8V0YSF6
Biological Process,convergent extension involved in gastrulation,4,GO:0060027,3,15,255,2734,2.14,0.15826291026711184,0.8,A0A8V1AG56 A0A8V1A9R2 A0A8V0ZSN8
Biological Process,cellular response to vascular endothelial growth factor stimulus,5,GO:0035924,3,15,255,2734,2.14,0.15826291026711184,0.8,A0A8V0YDD6 Q00649 A0A8V0Y999
Biological Process,circadian behavior,3,GO:0048512,3,15,255,2734,2.14,0.15826291026711184,0.8,A0A8V1A9R2 A0A8V0ZFG7 A0A8V0ZSN8
Biological Process,response to platelet-derived growth factor,4,GO:0036119,3,15,255,2734,2.14,0.15826291026711184,0.8,A0A8V0XPE8 A0A8V0YDD6 A0A1I7Q3Z0
Biological Process,mesodermal cell migration,5,GO:0008078,3,15,255,2734,2.14,0.15826291026711184,0.8,A0A8V0YXI7 A0A8V0Z8V4 A0A3Q2UHS2
Biological Process,lung alveolus development,3,GO:0048286,3,15,255,2734,2.14,0.15826291026711184,0.8,A0A8V1AG56 A0A3Q2TU24 A0A8V0Z189
Biological Process,positive regulation of receptor signaling pathway via JAK-STAT,7,GO:0046427,3,15,255,2734,2.14,0.15826291026711184,0.8,A0A8V1A9R2 A0A8V1A7R0 A0A8V0ZSN8
Biological Process,rhythmic behavior,3,GO:0007622,3,15,255,2734,2.14,0.15826291026711184,0.8,A0A8V1A9R2 A0A8V0ZFG7 A0A8V0ZSN8
Biological Process,regulation of interleukin-1 production,5,GO:0032652,3,15,255,2734,2.14,0.15826291026711184,0.8,A0A8V1AG56 Q00649 A0A8V0XMI5
Biological Process,regulation of animal organ morphogenesis,5,GO:2000027,11,77,255,2734,1.53,0.15917536488901668,0.8,A0A8V0ZKI8 A0A8V1AG56 A0A1I7Q421 A0A3Q2TU24 A0A8V0YFT7 Q98938 A0A8V0ZUU4 A0A8V0XE48 P15120 A0A8V0ZRP2 A0A1D5PZ68
Biological Process,positive regulation of leukocyte cell-cell adhesion,7,GO:1903039,6,38,255,2734,1.69,0.160543963342586,0.79,A0A8V0ZZZ5 Q98938 A0A8V1A9R2 A0A8V0XMI5 A0A8V0YLI1 A0A1I7Q3Z0
Biological Process,adaptive immune response,3,GO:0002250,6,38,255,2734,1.69,0.160543963342586,0.79,A0A8V0ZZD4 A0A8V0XMI5 A0A8V0YW57 A0A8V0XEJ0 A0A8V1A7R0 P01875
Biological Process,regulation of endothelial cell proliferation,6,GO:0001936,6,38,255,2734,1.69,0.160543963342586,0.79,A0A8V1AG56 A0A8V0YFT7 E1C733 A0A8V0XMI5 A0A8V1ABC9 A0A8V1A7R0
Biological Process,regulation of post-embryonic development,5,GO:0048580,6,38,255,2734,1.69,0.160543963342586,0.79,A0A1D5P6T3 A0A8V0XM98 A0A8V0X4D8 A0A8V0ZSX6 A0A8V0Y699 A0A8V0XUJ8
Biological Process,peptide transport,5,GO:0015833,24,334,255,2734,0.77,0.16065633938296794,0.79,A0A8V0XBD4 A0A8V0YBZ6 A0A8V1AEJ4 A0A8V0XMI5 R4GGQ4 A0A8V0YG88 Q6ITC7 A0A8V0XYK6 A0A8V1A8R2 A0A8V1ADS4 A0A8V1A7R0 A0A8V0XS21 A0A8V0YIC3 A0A8V0X7P4 A0A8V0XPN5 Q5ZJW4 Q00649 A0A8V0ZRP2 A0A1D5PGC2 A0A8V0ZTR7 A0A8V0ZUA4 A0A8V0Z9Z7 A0A8V0XMV0 P28687
Biological Process,negative regulation of signaling,4,GO:0023057,45,398,255,2734,1.21,0.1612585057476666,0.79,A0A8V1AG56 A0A8V1A9L3 A0A8V1ABA3 A0A8V0XMI5 A0A8V0ZUU4 A0A8V1ACH5 A0A8V0XH99 A0A8V0YDT5 A0A8V0Y290 A0A8V0X097 A0A1I7Q3Z0 A0A8V0ZTC0 A0A8V0YMR1 A0A8V0ZYI9 P02460 A0A1D5P6T3 A0A1I7Q421 A0A8V0Y0F3 A0A8V0YFT7 A0A8V0YQ88 A0A8V0ZSG8 A0A8V0X637 A0A3Q2UGW3 A0A1D5P480 A0A1D5PEW1 A0A1L1RX77 A0A8V0XPE8 A0A8V0YLI1 A0A8V1A6B5 A0A8V0ZZZ5 A0A1L4FLS3 A0A8V0ZY91 A0A3Q2TT95 Q00649 A0A8V0YSF6 A0A8V0Y699 A0A8V1ABC9 A0A8V0XKW4 A0A8V0ZE30 A0A8V0ZKI8 A0A8V0XM98 A0A8V0YDT4 P26652 A0A8V0YLZ8 A0A8V0YRG2
Biological Process,small molecule metabolic process,2,GO:0044281,42,546,255,2734,0.82,0.16174469107970896,0.79,A0A8V1A9L3 F1NBR3 A0A8V0ZRZ8 A0A8V1ABA3 A0A8V0YC89 A0A8V1ACH5 A0A8V0ZHL4 A0A8V0Y9B0 A0A8V1A0B4 A0A1D5PXI1 F1NXR0 A0A8V0ZSC5 A0A8V0XCD2 F1NTQ2 E1C3Z8 A0A1L1RX77 A0A8V0YW57 A0A8V0ZXC9 E1C2T4 A0A8V0ZI47 A0A8V1A3H7 A0A1D5P692 A0A8V0Y579 A0A8V0YZJ3 A0A8V0Y9F8 A0A8V0ZJJ7 A0A8V0YSF6 A0A8V1ALI6 A0A8V0YXI7 Q92182 A0A8V0Y4M6 A0A8V0ZJD3 F1NGB8 A0A1D5NT61 A0A1D5PMN7 A0A8V0YC20 A0A8V0YBE2 A0A8V0Z938 A0A8V0YQC4 Q9W6H0 A0A8V1A7Y9 A0A8V0YWM3
Biological Process,negative regulation of cellular metabolic process,5,GO:0031324,52,468,255,2734,1.19,0.1619494681412284,0.79,A0A8V1AG56 A0A8V0X4D8 Q98938 A0A8V1ABA3 A0A8V0Y999 A0A8V0XMI5 A0A8V1ACH5 A0A1D5NTR5 A0A1L1RP76 Q6ITC7 A0A8V0Y290 A0A1I7Q3Z0 A0A8V1A3H9 A0A1D5P6T3 A0A1I7Q421 A0A8V0Y0F3 A0A8V0YFT7 A0A8V0ZSG8 A0A8V0X637 A0A8V0XM02 A0A1D5PEW1 A0A1L1RX77 A0A8V0YW57 Q5ZJ73 A0A8V0ZSX6 A0A8V0YLI1 A0A8V0YRF2 A0A8V0YVB6 A0A8V1A7R0 A0A8V0ZZZ5 Q0PVE4 A0A8V0X7P4 Q5ZJW4 Q00649 A0A8V0YY90 A0A8V0XE48 A0A8V0Y699 A0A8V1ABC9 A0A8V0XKW4 A0A8V0ZE30 A0A8V0ZY56 A0A8V0Y4M6 A0A8V0ZKI8 A0A3Q2TU24 A0A8V1A3S8 A0A8V0YDT4 A0A8V1A9R2 P26652 A0A8V0Z9Z7 A0A1D5PSI3 A0A8V1AJI2 A0A8V0YRG2
Biological Process,gliogenesis,5,GO:0042063,11,78,255,2734,1.51,0.1624327440955072,0.79,A0A8V0ZKI8 A0A8V0Z8V4 Q98938 A0A8V0YIR4 F1NTQ2 A0A8V0YE20 A0A8V0YDD6 A0A1D5PBZ8 A0A8V0YLZ8 A0A8V1A7R0 A0A8V0YVI8
Biological Process,dendrite development,3,GO:0016358,11,78,255,2734,1.51,0.1624327440955072,0.79,A0A8V1AG56 A0A8V0Z8V4 A0A8V0X4D8 A0A8V0XBD4 A0A8V0YIR4 A0A8V0YE20 A0A8V0ZUU4 A0A8V0XH99 A0A8V0XE48 A0A1D5PBZ8 A0A8V0YRG2
Biological Process,appendage morphogenesis,3,GO:0035107,17,131,255,2734,1.39,0.16325331459443881,0.79,A0A8V0ZKI8 A0A8V1AG56 A0A8V0ZTR7 Q98938 A0A8V0YDT4 A0A8V0Z189 P26652 A0A1D5PSI3 A0A8V0Y070 A0A1D5PEW1 A0A8V0XH99 A0A8V0XE48 A0A8V0Y699 A0A8V0ZF83 A0A1D5PZ68 A0A8V0XS21 P02460
Biological Process,positive regulation of epithelial cell migration,5,GO:0010634,8,55,255,2734,1.56,0.1642119620843135,0.78,A0A8V1AG56 A0A8V0ZSG8 A0A8V0XMI5 Q00649 A0A8V0YSF6 A0A8V0XE48 A0A8V1ABC9 A0A1I7Q3Z0
Biological Process,immune response,2,GO:0006955,45,403,255,2734,1.2,0.16515842195555253,0.78,A0A8V1AG56 Q98938 A0A8V0XXM5 A0A8V0XMI5 A0A8V0YC89 A0A8V0YGN2 A0A1D5PBZ8 P15120 A0A8V0XEJ0 A0A1I7Q3Z0 A0A8V0ZEJ3 A0A8V0ZH96 P01875 A0A8V1ACV0 A0A8V0YFT7 A0A8V1A8N2 F1NTQ2 E1C733 A0A8V0YW57 Q5ZJ73 A0A8V0ZSX6 A0A8V0YVB6 A0A8V1A7R0 A0A8V0ZZD4 A0A8V0YIC3 A0A8V0Y579 A0A1L4FLS3 A0A8V0X7P4 A0A8V0YZJ3 A0A8V0ZY42 A0A8V0Z086 A0A8V1A6Z0 A0A8V0ZJJ7 A0A8V1ALI6 A0A8V0ZRP2 K9JA28 Q92182 Q05744 A0A8V0ZSN8 A0A8V1A9R2 A0A8V0Y652 A0A8V0YBE2 A0A8V0YRG2 A0A1D5PZ68 A0A8V0YHS1
Biological Process,regulation of cell motility,4,GO:2000145,34,292,255,2734,1.25,0.16543623784081554,0.78,A0A8V1AG56 A0A8V0X4D8 Q98938 A0A8V0XMI5 P15120 A0A8V0Y290 A0A1I7Q3Z0 A0A8V0YVI8 A0A8V1A3H9 A0A1D5P6T3 A0A8V0Z8V4 A0A8V0Y0F3 A0A8V0ZSG8 E1C733 A0A1L1RX77 A0A8V0YLI1 A0A8V0ZCF7 A0A8V1A7R0 A0A8V0ZZZ5 Q0PVE4 A0A8V0ZE58 A0A8V0X7P4 Q00649 A0A8V0YSF6 A0A8V0XE48 A0A8V1ABC9 A0A8V0Z8N6 A0A3Q2TU24 A0A1D5PBU5 A0A8V1A3S8 A0A8V0YDT4 A0A8V0YDD6 A0A8V0YLZ8 A0A1D5PZ68
Biological Process,muscle structure development,3,GO:0061061,13,201,255,2734,0.69,0.1660523398697467,0.78,A0A8V1AG56 F1NXR0 Q98938 A0A1L1RX77 A0A8V0XDR8 A0A8V0YQU2 A0A3Q2UHS2 A0A8V0ZCF7 A0A8V0Y699 A0A1D5PLP1 A0A8V0YYQ9 A0A8V0ZDW7 A0A1D5P0D7
Biological Process,regulation of intracellular estrogen receptor signaling pathway,6,GO:0033146,2,8,255,2734,2.68,0.1669206722026161,0.78,A0A8V0ZE30 A0A1I7Q3Z0
Biological Process,regulation of myeloid cell apoptotic process,6,GO:0033032,2,8,255,2734,2.68,0.1669206722026161,0.78,Q92182 A0A8V0XMI5
Biological Process,pituitary gland development,5,GO:0021983,2,8,255,2734,2.68,0.1669206722026161,0.78,A0A8V0YDL8 A0A8V1AG56
Biological Process,positive regulation of heterotypic cell-cell adhesion,7,GO:0034116,2,8,255,2734,2.68,0.1669206722026161,0.78,A0A1D5NTR5 A0A8V0ZZZ5
Biological Process,corpus callosum development,3,GO:0022038,2,8,255,2734,2.68,0.1669206722026161,0.78,A0A8V0YRG2 A0A8V0Z3U6
Biological Process,brown fat cell differentiation,5,GO:0050873,2,8,255,2734,2.68,0.1669206722026161,0.78,A0A8V1AFP7 A0A8V1AEM5
Biological Process,negative regulation of protein dephosphorylation,8,GO:0035308,2,8,255,2734,2.68,0.1669206722026161,0.78,A0A8V1AJI2 A0A8V0XE48
Biological Process,positive regulation of interleukin-12 production,6,GO:0032735,2,8,255,2734,2.68,0.1669206722026161,0.78,A0A1L4FLS3 A0A8V0XMI5
Biological Process,regulation of endothelial cell chemotaxis,5,GO:2001026,2,8,255,2734,2.68,0.1669206722026161,0.78,Q00649 A0A8V0YSF6
Biological Process,regulation of metanephros development,5,GO:0072215,2,8,255,2734,2.68,0.1669206722026161,0.78,A0A3Q2TU24 A0A8V0YFT7
Biological Process,response to exogenous dsRNA,5,GO:0043330,2,8,255,2734,2.68,0.1669206722026161,0.78,A0A1L4FLS3 A0A8V0YFT7
Biological Process,regulation of dauer larval development,7,GO:0061065,2,8,255,2734,2.68,0.1669206722026161,0.78,A0A1D5P6T3 A0A8V0X4D8
Biological Process,positive regulation of bone remodeling,6,GO:0046852,2,8,255,2734,2.68,0.1669206722026161,0.78,A0A8V0ZKI8 A0A8V1ABC9
Biological Process,dopaminergic neuron differentiation,5,GO:0071542,2,8,255,2734,2.68,0.1669206722026161,0.78,A0A8V0ZKI8 A0A8V1AG56
Biological Process,negative regulation of fibroblast proliferation,6,GO:0048147,2,8,255,2734,2.68,0.1669206722026161,0.78,A0A8V0YLI1 A0A8V0ZZZ5
Biological Process,neutrophil chemotaxis,5,GO:0030593,2,8,255,2734,2.68,0.1669206722026161,0.78,E1C733 A0A8V1ABC9
Biological Process,response to vitamin E,4,GO:0033197,2,8,255,2734,2.68,0.1669206722026161,0.78,A0A8V0YLI1 P02460
Biological Process,regulation of RNA polymerase II transcription preinitiation complex assembly,6,GO:0045898,2,8,255,2734,2.68,0.1669206722026161,0.78,A0A8V0ZH96 A0A8V0XMI5
Biological Process,positive regulation of bone resorption,5,GO:0045780,2,8,255,2734,2.68,0.1669206722026161,0.78,A0A8V0ZKI8 A0A8V1ABC9
Biological Process,meiotic spindle assembly,4,GO:0090306,2,8,255,2734,2.68,0.1669206722026161,0.78,A0A8V0YTK5 A0A1D5PBU5
Biological Process,embryonic digestive tract morphogenesis,5,GO:0048557,2,8,255,2734,2.68,0.1669206722026161,0.78,A0A3Q2UHS2 Q98938
Biological Process,positive regulation of fibroblast growth factor receptor signaling pathway,6,GO:0045743,2,8,255,2734,2.68,0.1669206722026161,0.78,A0A8V0ZDW7 Q98938
Biological Process,regulation of hemocyte differentiation,4,GO:0045610,2,8,255,2734,2.68,0.1669206722026161,0.78,A0A8V1A9R2 A0A8V0ZSN8
Biological Process,establishment or maintenance of neuroblast polarity,3,GO:0045196,2,8,255,2734,2.68,0.1669206722026161,0.78,Q0PVE4 A0A8V0YTK5
Biological Process,heparin metabolic process,4,GO:0030202,2,8,255,2734,2.68,0.1669206722026161,0.78,F1NGB8 A0A8V0Z938
Biological Process,import across plasma membrane,3,GO:0098739,2,8,255,2734,2.68,0.1669206722026161,0.78,A0A8V0YLI1 A0A8V0ZTR7
Biological Process,bone growth,3,GO:0098868,2,8,255,2734,2.68,0.1669206722026161,0.78,A0A8V0Z8N6 P02460
Biological Process,skin morphogenesis,4,GO:0043589,2,8,255,2734,2.68,0.1669206722026161,0.78,A0A8V0YDT4 A0A8V1ABA3
Biological Process,ectodermal placode development,3,GO:0071696,2,8,255,2734,2.68,0.1669206722026161,0.78,A0A8V0ZKI8 A0A1I7Q421
Biological Process,positive regulation of cyclin-dependent protein kinase activity,6,GO:1904031,2,8,255,2734,2.68,0.1669206722026161,0.78,A0A8V0X1T3 A0A1I7Q3Z0
Biological Process,hemocyte differentiation,2,GO:0042386,2,8,255,2734,2.68,0.1669206722026161,0.78,A0A8V1A9R2 A0A8V0ZSN8
Biological Process,protein refolding,3,GO:0042026,2,8,255,2734,2.68,0.1669206722026161,0.78,Q00649 A0A1D5NYA8
Biological Process,astral microtubule organization,4,GO:0030953,2,8,255,2734,2.68,0.1669206722026161,0.78,A0A8V0ZE30 A0A1D5PBU5
Biological Process,cellular modified amino acid catabolic process,4,GO:0042219,2,8,255,2734,2.68,0.1669206722026161,0.78,A0A8V0Y4M6 A0A1D5PXI1
Biological Process,canonical NF-kappaB signal transduction,4,GO:0007249,2,8,255,2734,2.68,0.1669206722026161,0.78,A0A1L4FLS3 A0A8V0XE48
Biological Process,amnioserosa formation,3,GO:0007378,2,8,255,2734,2.68,0.1669206722026161,0.78,A0A8V0ZF83 A0A8V0Y070
Biological Process,regulation of systemic arterial blood pressure by renin-angiotensin,5,GO:0003081,2,8,255,2734,2.68,0.1669206722026161,0.78,A0A8V0XA92 A0A8V0YVB6
Biological Process,regulation of the force of heart contraction,3,GO:0002026,2,8,255,2734,2.68,0.1669206722026161,0.78,A0A8V1ALI6 A0A8V1ABC9
Biological Process,endochondral bone growth,4,GO:0003416,2,8,255,2734,2.68,0.1669206722026161,0.78,A0A8V0Z8N6 P02460
Biological Process,galactose metabolic process,5,GO:0006012,2,8,255,2734,2.68,0.1669206722026161,0.78,A0A8V0YZJ3 A0A8V0ZI47
Biological Process,4-hydroxyproline metabolic process,4,GO:0019471,2,8,255,2734,2.68,0.1669206722026161,0.78,A0A8V0ZHL4 A0A1D5PXI1
Biological Process,chaeta morphogenesis,4,GO:0008407,2,8,255,2734,2.68,0.1669206722026161,0.78,A0A8V0XH99 A0A3Q2UHS2
Biological Process,regulation of gluconeogenesis,6,GO:0006111,2,8,255,2734,2.68,0.1669206722026161,0.78,A0A8V0YY90 A0A8V1A3H9
Biological Process,response to acidic pH,4,GO:0010447,2,8,255,2734,2.68,0.1669206722026161,0.78,A0A1I7Q3Z0 A0A8V0YSF6
Biological Process,regulation of cell activation,4,GO:0050865,14,105,255,2734,1.43,0.16806261826898433,0.77,A0A8V1AG56 A0A3Q2TU24 A0A8V0Y0F3 A0A8V0ZZZ5 Q98938 A0A8V1A9R2 A0A8V0XMI5 A0A8V0YW57 A0A8V0YLI1 A0A8V0XEJ0 A0A8V1ABC9 A0A8V0Y290 P01875 A0A1I7Q3Z0
Biological Process,nicotinamide nucleotide metabolic process,6,GO:0046496,2,59,255,2734,0.36,0.16889568018394135,0.77,A0A8V0YBE2 A0A1D5NT61
Biological Process,pyridine nucleotide metabolic process,5,GO:0019362,2,59,255,2734,0.36,0.16889568018394135,0.77,A0A8V0YBE2 A0A1D5NT61
Biological Process,tissue development,3,GO:0009888,72,675,255,2734,1.14,0.17028524830599417,0.77,A0A8V1AG56 A0A8V0X4D8 A0A8V0XBD4 Q98938 A0A8V0YDU6 A0A8V0XEP8 A0A8V0XMI5 A0A8V0XDR8 A0A8V0ZUU4 A0A8V0Y0X2 A0A8V0XH99 A0A3Q2UHS2 A0A8V0YDT5 P15120 A0A1D5PBZ8 A0A8V0XUJ8 A0A8V0ZFG7 A0A8V1A0B4 A0A1I7Q3Z0 A0A8V0ZEC1 A0A8V1A3H9 P02460 A0A8V1AAN6 A0A1D5P6T3 F1NXR0 A0A8V0Z8V4 A0A8V0YFT7 A0A1I7Q421 A0A8V0XM02 E1C733 A0A1D5PEW1 A0A1L1RX77 A0A8V0XCW4 A0A8V0ZCF7 A0A8V1ACD6 A0A8V0YVB6 A0A8V0XS21 A0A1D5P8I8 A0A1D5P0D7 A0A8V0YIC3 Q0PVE4 A0A8V0Z189 A0A8V0ZE58 A0A8V0Y9F8 A0A8V1ALI6 A0A8V0XE48 A0A8V0Y699 A0A8V1ABC9 A0A8V0XXZ4 A0A8V0YXI7 A0A8V0ZF83 A0A8V0ZRP2 A0A8V0YYQ9 A0A8V1ADF6 A0A8V0XXK8 A0A8V0Z8N6 A0A8V0ZKI8 A0A3Q2TU24 A0A8V0ZE30 A0A8V0ZTR7 A0A8V0ZSN8 A0A8V0ZUA4 A0A8V1AFR2 A0A8V1A9R2 P26652 A0A1D5PSI3 A0A8V0Y070 A0A8V0Z938 A0A8V0YDD6 P33005 A0A8V0YRG2 A0A1D5PZ68
Biological Process,ammonium ion metabolic process,3,GO:0097164,6,39,255,2734,1.65,0.17136030647796252,0.77,A0A8V0Y4M6 A0A8V0ZSC5 F1NBR3 A0A8V0X637 A0A8V1ABA3 A0A1D5P692
Biological Process,positive regulation of cytosolic calcium ion concentration,3,GO:0007204,6,39,255,2734,1.65,0.17136030647796252,0.77,A0A8V0ZKI8 A0A8V0ZZZ5 A0A8V1A9R2 A0A8V0XMI5 A0A8V0YLI1 A0A8V0ZDW7
Biological Process,positive regulation of canonical Wnt signaling pathway,7,GO:0090263,6,39,255,2734,1.65,0.17136030647796252,0.77,A0A8V0ZKI8 A0A8V1AG56 F1NGB8 A0A8V0XH99 A0A8V0YRF2 A0A1I7Q3Z0
Biological Process,ERBB signaling pathway,6,GO:0038127,6,39,255,2734,1.65,0.17136030647796252,0.77,A0A1D5PBZ8 A0A8V1ABC9 A0A8V0YLZ8 A0A1I7Q3Z0 A0A8V1ACV0 A0A8V0ZYI9
Biological Process,positive regulation of locomotion,4,GO:0040017,25,209,255,2734,1.28,0.17355172572721397,0.76,A0A8V1AG56 A0A8V0X4D8 A0A8V0XMI5 A0A8V0ZUU4 A0A1D5NTR5 P15120 A0A1I7Q3Z0 A0A8V0YVI8 A0A1D5P6T3 A0A8V0Z8V4 A0A8V0ZSG8 E1C733 A0A8V0YLI1 A0A8V0ZZZ5 A0A8V0ZE58 A0A8V0X7P4 Q00649 A0A8V0YSF6 A0A8V0XE48 A0A8V1ABC9 A0A3Q2TU24 A0A8V0YDT4 A0A8V0YDD6 A0A8V0YLZ8 A0A1D5PZ68
Biological Process,response to chemical,2,GO:0042221,105,1017,255,2734,1.11,0.1738843647613011,0.76,A0A8V0ZRZ8 A0A8V1ABA3 A0A8V1AEJ4 A0A8V0XEP8 A0A8V0Z4R1 A0A1D5NTR5 A0A8V0YGN2 A0A8V0YDT5 A0A1D5PBZ8 P15120 A0A8V1ACV0 A0A8V0Z8V4 A0A1L1RX77 A0A8V0XPE8 A0A8V0YW57 A0A8V1ACD6 A0A8V1A7R0 A0A8V0Y3L3 A0A8V0Y4Q2 A0A8V1A3N1 A0A8V0Y9F8 A0A8V0XE48 A0A8V0Y699 A0A8V0YXI7 Q92182 F1NGB8 A0A3Q2TU24 A0A8V0ZJ97 A0A8V0XM98 A0A8V0ZSN8 A0A8V0YIR4 A0A8V1A9R2 A0A1D5PSI3 A0A8V0Y070 A0A8V0Y357 A0A8V0XMV0 A0A8V1AG56 A0A8V0Z6E4 A0A8V0XXM5 A0A8V0XMI5 A0A8V0XDR8 A0A8V0ZUU4 A0A8V0XH99 A0A8V1A0B4 A0A1I7Q3Z0 A0A8V0ZH96 A0A1D5PXI1 P02460 A0A8V0YUF6 A0A8V0X637 A0A1D5NYS2 A0A8V0XCW4 A0A8V0ZP32 A0A8V0ZXC9 A0A1D5P0D7 A0A8V0ZE58 Q00649 A0A8V0YSF6 A0A8V1ABC9 A0A8V0XKW4 A0A8V1ADF6 A0A8V0YWI5 P26652 A0A8V0YC20 A0A1D5PT01 P33005 A0A8V0YRG2 A0A8V0X4D8 A0A8V0XBD4 A0A8V0ZBR8 A0A8V0XYK6 A0A8V0YFT7 E1C733 A0A8V0ZSX6 A0A1D5PMF4 A0A8V0YRN1 A0A8V0ZY91 A0A8V0ZF83 A0A8V0ZKI8 A0A8V0Y652 A0A8V0YDL8 A0A8V0YLZ8 Q98938 A0A8V0Y999 A0A8V0YDU6 A0A8V0ZSD7 A0A8V0XUJ8 A0A1D5P6T3 A0A1I7Q421 A0A8V0YQ88 A0A8V0XM02 A0A8V0YLI1 A0A1D5P692 A0A1L4FLS3 A0A8V0YE20 A0A8V0ZJJ7 A0A8V0Z8N6 K9JA28 A0A1D5NT61 A0A8V0Z9Z7 A0A8V0Z938 A0A8V0YDD6 A0A8V1AM47 A0A1D5PZ68 A0A8V0YWM3
Biological Process,regulation of signaling receptor activity,3,GO:0010469,14,107,255,2734,1.4,0.17424893568392186,0.76,A0A8V1AG56 A0A3Q2TU24 A0A8V0YWI5 Q98938 A0A8V1AFP7 E1C733 A0A8V0XMI5 A0A8V0YY90 A0A8V1ACD6 P15120 A0A8V0Z8N6 A0A8V0YRG2 A0A8V1ADF6 A0A1D5P0D7
Biological Process,glycosaminoglycan biosynthetic process,6,GO:0006024,9,61,255,2734,1.58,0.17515663151251004,0.76,F1NGB8 A0A1D5P201 E1C3Z8 A0A1L1RX77 A0A8V0Z938 A0A8V0XH99 Q9W6H0 E1C2T4 A0A8V0YXI7
Biological Process,aminoglycan biosynthetic process,5,GO:0006023,9,61,255,2734,1.58,0.17515663151251004,0.76,F1NGB8 A0A1D5P201 E1C3Z8 A0A1L1RX77 A0A8V0Z938 A0A8V0XH99 Q9W6H0 E1C2T4 A0A8V0YXI7
Biological Process,protein modification process,4,GO:0036211,47,597,255,2734,0.84,0.17657965199374023,0.75,A0A8V1AG56 E1C744 A0A8V0ZSD7 A0A8V0ZHL4 A0A8V0YDT5 A0A8V0ZFG7 A0A1L1RP76 F1NNN0 A0A8V1A0B4 A0A1I7Q3Z0 A0A8V0ZTC0 A0A8V0ZEC1 A0A8V0ZH96 A0A8V1AAN6 A0A1D5P6T3 A0A1D5P6Q1 A0A8V0ZSG8 A0A8V0YK18 A0A1D5P480 A0A8V0WZN3 E1C733 A0A1L1RX77 A0A8V0XPE8 A0A8V0ZSX6 A0A8V0YRF2 E1C0K5 A0A8V0Z0B9 A0A1D5P0D7 A0A8V0Z6S1 A0A8V0ZZZ5 A0A8V1A3N1 A0A8V0Z189 A0A1L4FLS3 A0A8V0ZE58 A0A8V0ZY42 A0A8V0XE48 A0A8V1ABC9 A0A8V0XXZ4 A0A8V0YYQ9 A0A8V1ADF6 Q92182 A0A3Q2TU24 A0A8V0ZSN8 A0A8V1A9R2 A0A1D5PT01 A0A8V0YDD6 A0A8V0YRG2
Biological Process,stem cell proliferation,3,GO:0072089,5,28,255,2734,1.91,0.1767606878373747,0.75,A0A8V0ZKI8 A0A8V1AG56 Q0PVE4 A0A8V0YTK5 A0A8V0XBD4
Biological Process,central nervous system neuron development,5,GO:0021954,5,28,255,2734,1.91,0.1767606878373747,0.75,A0A8V1AG56 Q98938 A0A8V0Z3U6 A0A8V1ABC9 A0A8V0YRG2
Biological Process,mesenchyme development,4,GO:0060485,9,62,255,2734,1.56,0.1793253665434771,0.75,A0A8V0ZKI8 A0A8V1AG56 A0A8V0YFT7 Q98938 A0A8V0YDD6 A0A3Q2UHS2 A0A8V1ACD6 A0A1D5PZ68 A0A8V1ADF6
Biological Process,negative regulation of cell adhesion,5,GO:0007162,11,82,255,2734,1.44,0.18057025082317674,0.74,A0A8V1A3S8 Q98938 A0A8V0YDT4 A0A8V1A9R2 P26652 A0A8V0XMI5 A0A8V0YLI1 A0A8V0YDT5 A0A8V0YLZ8 A0A1I7Q3Z0 A0A8V1AAN6
Biological Process,heart morphogenesis,4,GO:0003007,11,82,255,2734,1.44,0.18057025082317674,0.74,A0A8V0ZKI8 A0A1D5P6T3 A0A8V0Z8V4 A0A8V1AG56 Q98938 A0A8V0ZUA4 A0A8V0ZE58 A0A8V1ALI6 A0A1D5PBZ8 A0A1D5PZ68 P02460
Biological Process,negative regulation of endopeptidase activity,7,GO:0010951,4,85,255,2734,0.5,0.18207907815319618,0.74,A0A8V0X4D8 P26652 A0A1I7Q3Z0 A0A8V0YRF2
Biological Process,diencephalon development,3,GO:0021536,3,16,255,2734,2.01,0.18213622189905368,0.74,A0A8V0YDL8 A0A8V0ZKI8 A0A8V1AG56
Biological Process,protein-DNA complex assembly,6,GO:0065004,3,16,255,2734,2.01,0.18213622189905368,0.74,A0A8V1AEJ0 A0A8V0Z9Z7 A0A8V0XMI5
Biological Process,regulation of vesicle fusion,5,GO:0031338,3,16,255,2734,2.01,0.18213622189905368,0.74,A0A8V1ADS4 A0A8V0YIC3 A0A8V0YBZ6
Biological Process,negative regulation of dephosphorylation,8,GO:0035305,3,16,255,2734,2.01,0.18213622189905368,0.74,A0A8V1AJI2 A0A8V0XE48 A0A1L1RP76
Biological Process,regulation of bone resorption,6,GO:0045124,3,16,255,2734,2.01,0.18213622189905368,0.74,A0A8V0ZKI8 A0A1I7Q3Z0 A0A8V1ABC9
Biological Process,ventricular septum development,4,GO:0003281,3,16,255,2734,2.01,0.18213622189905368,0.74,A0A8V0XPE8 A0A8V0ZE58 A0A8V1AG56
Biological Process,cellular response to retinoic acid,5,GO:0071300,3,16,255,2734,2.01,0.18213622189905368,0.74,A0A8V1AG56 A0A8V0XKW4 P02460
Biological Process,heparan sulfate proteoglycan biosynthetic process,5,GO:0015012,3,16,255,2734,2.01,0.18213622189905368,0.74,F1NGB8 A0A8V0YXI7 A0A8V0Z938
Biological Process,regulation of action potential,3,GO:0098900,3,16,255,2734,2.01,0.18213622189905368,0.74,A0A8V0YLI1 A0A8V0XYK6 A0A8V1ABA3
Biological Process,action potential,4,GO:0001508,3,16,255,2734,2.01,0.18213622189905368,0.74,A0A1D5PBZ8 A0A8V0ZY91 A0A8V0XYK6
Biological Process,response to vitamin D,4,GO:0033280,3,16,255,2734,2.01,0.18213622189905368,0.74,A0A8V0XPE8 A0A1D5P6T3 A0A8V0Z8N6
Biological Process,negative regulation of synapse assembly,6,GO:0051964,3,16,255,2734,2.01,0.18213622189905368,0.74,A0A8V1AG56 A0A8V0Z8V4 A0A8V0ZCF7
Biological Process,neuron fate commitment,4,GO:0048663,3,16,255,2734,2.01,0.18213622189905368,0.74,A0A8V0ZUU4 Q98938 A0A1D5P0D7
Biological Process,positive regulation of extrinsic apoptotic signaling pathway,7,GO:2001238,3,16,255,2734,2.01,0.18213622189905368,0.74,A0A8V0XKW4 A0A8V1A9R2 P26652
Biological Process,imaginal disc-derived wing vein morphogenesis,4,GO:0008586,3,16,255,2734,2.01,0.18213622189905368,0.74,A0A8V0ZF83 A0A8V0XH99 A0A8V0Y070
Biological Process,purine ribonucleoside monophosphate metabolic process,7,GO:0009167,6,112,255,2734,0.57,0.18226679022032696,0.74,A0A8V0ZRZ8 A0A8V0XCD2 A0A8V0YC20 A0A8V0YW57 A0A8V1A0B4 A0A8V0YWM3
Biological Process,purine nucleoside monophosphate metabolic process,6,GO:0009126,6,112,255,2734,0.57,0.18226679022032696,0.74,A0A8V0ZRZ8 A0A8V0XCD2 A0A8V0YC20 A0A8V0YW57 A0A8V1A0B4 A0A8V0YWM3
Biological Process,response to vitamin,4,GO:0033273,7,44,255,2734,1.71,0.18247294713683299,0.74,A0A8V0ZKI8 A0A1D5P6T3 P26652 A0A8V0XPE8 A0A8V0YLI1 A0A8V0Z8N6 P02460
Biological Process,cellular response to interleukin-1,6,GO:0071347,5,29,255,2734,1.85,0.18452714933506376,0.73,A0A8V0Z6E4 E1C733 A0A8V0XMI5 A0A8V0YLI1 A0A8V0YDD6
Biological Process,"vesicle targeting, to, from or within Golgi",3,GO:0048199,5,29,255,2734,1.85,0.18452714933506376,0.73,A0A8V0ZUA4 A0A8V1AFR2 A0A8V0XM02 Q5ZJW4 A0A8V0YVB6
Biological Process,tube closure,4,GO:0060606,5,29,255,2734,1.85,0.18452714933506376,0.73,A0A8V0ZKI8 A0A8V1AG56 A0A8V0ZUA4 A0A3Q2UHS2 A0A8V0XE48
Biological Process,neural tube closure,5,GO:0001843,5,29,255,2734,1.85,0.18452714933506376,0.73,A0A8V0ZKI8 A0A8V1AG56 A0A8V0ZUA4 A0A3Q2UHS2 A0A8V0XE48
Biological Process,vesicle coating,6,GO:0006901,5,29,255,2734,1.85,0.18452714933506376,0.73,A0A8V0ZUA4 A0A8V1AFR2 A0A8V0XM02 Q5ZJW4 A0A8V0YVB6
Biological Process,establishment of spindle localization,4,GO:0051293,5,29,255,2734,1.85,0.18452714933506376,0.73,Q0PVE4 A0A8V0XBD4 A0A1D5PBU5 A0A1D5PBZ8 A0A8V0ZE30
Biological Process,positive regulation of autophagy,7,GO:0010508,5,29,255,2734,1.85,0.18452714933506376,0.73,A0A8V1ABA3 A0A8V0XMI5 A0A1L1RX77 A0A8V0ZSX6 A0A8V0ZTC0
Biological Process,fat cell differentiation,4,GO:0045444,5,29,255,2734,1.85,0.18452714933506376,0.73,A0A1D5P6T3 A0A8V1AFP7 P28687 A0A8V1AEM5 A0A1D5P0D7
Biological Process,negative regulation of cell development,6,GO:0010721,15,116,255,2734,1.39,0.18929219459579227,0.72,A0A8V1AG56 A0A8V0Z8V4 A0A8V0ZZZ5 A0A1I7Q421 Q98938 A0A8V0YDT4 A0A8V0XMV0 A0A8V0Z938 A0A8V0YDT5 A0A8V0ZSX6 A0A8V1A7R0 A0A8V1ACD6 A0A8V0YVB6 A0A8V0YRG2 A0A8V0YMR1
Biological Process,protein transport,4,GO:0015031,24,329,255,2734,0.78,0.18982185255856637,0.72,A0A8V0XBD4 A0A8V0YBZ6 A0A8V1AEJ4 A0A8V0XMI5 R4GGQ4 A0A8V0YG88 Q6ITC7 A0A8V0XYK6 A0A8V1A8R2 A0A8V1ADS4 A0A8V1A7R0 A0A8V0XS21 A0A8V0YIC3 A0A8V0X7P4 A0A8V0XPN5 Q5ZJW4 Q00649 A0A8V0ZRP2 A0A1D5PGC2 A0A8V0ZTR7 A0A8V0ZUA4 A0A8V0Z9Z7 A0A8V0XMV0 P28687
Biological Process,microtubule cytoskeleton organization involved in mitosis,4,GO:1902850,7,46,255,2734,1.63,0.19300248228805678,0.71,Q0PVE4 A0A8V0YTK5 A0A8V0XBD4 A0A1D5PBU5 A0A8V0XE48 A0A1D5PBZ8 A0A8V0ZE30
Biological Process,ephrin receptor signaling pathway,6,GO:0048013,5,30,255,2734,1.79,0.19358219018741538,0.71,A0A8V0X7P4 A0A8V0XE48 A0A8V0ZRP2 A0A8V0YRG2 A0A1I7Q3Z0
Biological Process,primary neural tube formation,6,GO:0014020,5,30,255,2734,1.79,0.19358219018741538,0.71,A0A8V0ZKI8 A0A8V1AG56 A0A8V0ZUA4 A0A3Q2UHS2 A0A8V0XE48
Biological Process,actin-mediated cell contraction,4,GO:0070252,5,30,255,2734,1.79,0.19358219018741538,0.71,A0A8V0ZSN8 A0A8V1A9R2 A0A8V0ZY91 A0A8V0XE48 A0A1D5PBZ8
Biological Process,positive regulation of endothelial cell proliferation,7,GO:0001938,5,30,255,2734,1.79,0.19358219018741538,0.71,A0A8V1AG56 E1C733 A0A8V0XMI5 A0A8V1ABC9 A0A8V1A7R0
Biological Process,regulation of protein kinase activity,6,GO:0045859,23,190,255,2734,1.3,0.19427543537990216,0.71,A0A8V1AG56 A0A8V1ABA3 A0A8V0XMI5 A0A1I7Q3Z0 A0A8V1A3H9 A0A1D5P6T3 A0A8V0X637 A0A1D5PEW1 A0A1L1RX77 A0A8V0X1T3 A0A8V0ZZZ5 Q0PVE4 A0A8V1A3N1 A0A1L4FLS3 A0A8V0ZE58 Q00649 A0A8V1ABC9 A0A8V0ZKI8 A0A3Q2TU24 A0A8V1A3S8 A0A8V0ZSN8 A0A8V1A9R2 A0A8V0YRG2
Biological Process,positive regulation of cell activation,5,GO:0050867,9,65,255,2734,1.48,0.19571026310579143,0.71,A0A8V1AG56 A0A8V0ZZZ5 Q98938 A0A8V1A9R2 A0A8V0XMI5 A0A8V0YW57 A0A8V0XEJ0 P01875 A0A1I7Q3Z0
Biological Process,organonitrogen compound catabolic process,4,GO:1901565,33,286,255,2734,1.24,0.1962462987728678,0.71,A0A8V1A9L3 F1NBR3 A0A8V1ABA3 A0A8V0XEP8 A0A8V0YC89 A0A8V0XH99 A0A8V0ZFG7 A0A8V0ZIF0 A0A8V0YC98 A0A8V0ZH96 A0A1D5PXI1 A0A8V0ZSC5 A0A8V0X637 F1NTQ2 A0A8V0XWD4 A0A1L1RX77 A0A8V0ZP32 A0A8V0ZCF7 A0A8V0YVB6 A0A8V0XA92 A0A1D5P692 A0A8V0YZJ3 A0A8V0ZY42 A0A8V0Z086 A0A8V0YSF6 A0A8V0XKW4 A0A8V0ZRP2 A0A8V0Y4M6 A0A1D5NT61 Q05744 A0A1D5PMN7 A0A8V0YBE2 Q9W6H0
Biological Process,positive regulation of developmental process,4,GO:0051094,45,408,255,2734,1.18,0.19711118172487346,0.71,A0A8V1AG56 A0A8V0X4D8 Q98938 A0A8V1AFP7 A0A8V0XMI5 A0A8V0ZUU4 A0A8V0Y0X2 A0A8V0ZHL4 A0A8V0YDT5 A0A1D5PBZ8 A0A1I7Q3Z0 A0A8V1A3H9 A0A8V0XYK6 A0A1D5P6T3 A0A1I7Q421 A0A8V0YFT7 A0A8V0ZSG8 E1C733 A0A1L1RX77 A0A8V0YW57 A0A8V0YLI1 A0A8V0ZSX6 A0A8V1A7R0 A0A1D5P0D7 A0A8V0Z189 A0A1L4FLS3 A0A8V0ZE58 A0A8V0X7P4 A0A3Q2TT95 Q00649 A0A1D5PDV9 A0A8V1ABC9 A0A8V0ZDW7 A0A8V0ZKI8 A0A3Q2TU24 A0A8V1AHP7 A0A8V0ZTR7 A0A8V0Z3U6 A0A1D5PSI3 A0A8V1AJI2 A0A1D5PT01 A0A8V0YDD6 A0A8V0YLZ8 A0A8V0YRG2 A0A1D5PZ68
Biological Process,secretion by cell,3,GO:0032940,31,409,255,2734,0.81,0.19793728500139018,0.7,A0A8V0X4D8 A0A8V0XBD4 A0A8V0XXM5 A0A8V0XMI5 A0A8V0YC89 A0A8V0YGN2 P15120 A0A8V0ZH96 A0A8V1ACV0 F1NTQ2 E1C733 Q5ZJ73 A0A8V0YVB6 A0A8V0YIC3 A0A8V0X7P4 A0A8V0YZJ3 A0A8V0ZY42 Q5ZJW4 A0A8V0YPB9 A0A8V0Z086 A0A8V1A6Z0 A0A8V0ZJJ7 A0A8V1ALI6 A0A8V0Y699 A0A8V0ZRP2 A0A3Q2TU24 Q05744 A0A8V0ZUA4 P26652 A0A8V0YBE2 A0A8V0YDD6
Biological Process,limb development,4,GO:0060173,7,47,255,2734,1.6,0.19959060487075012,0.7,A0A8V0ZKI8 A0A8V1AG56 Q98938 A0A8V0Z189 A0A1D5PZ68 A0A8V0XS21 P02460
Biological Process,mesenchymal cell differentiation,4,GO:0048762,7,47,255,2734,1.6,0.19959060487075012,0.7,A0A8V0ZKI8 A0A8V1AG56 A0A8V0YFT7 A0A8V0YDD6 A0A8V1ACD6 A0A1D5PZ68 A0A8V1ADF6
Biological Process,translation,4,GO:0006412,7,121,255,2734,0.62,0.20138883041841832,0.7,A0A8V0XPN5 A0A8V1A8R2 A0A8V0Z865 A0A8V0YQC4 A0A8V1A7Y9 Q6ITC7 A0A1L1S0X5
Biological Process,establishment of protein localization,3,GO:0045184,26,351,255,2734,0.79,0.20190455646540584,0.69,A0A8V0XBD4 A0A8V0YBZ6 A0A8V1AEJ4 A0A8V0XMI5 R4GGQ4 A0A8V0YG88 Q6ITC7 A0A8V0XYK6 A0A8V1A8R2 A0A8V1ADS4 A0A8V1A7R0 A0A8V0XS21 A0A8V0YIC3 A0A8V0X7P4 A0A8V0XPN5 Q5ZJW4 Q00649 A0A8V0XE48 A0A8V1ABC9 A0A8V0ZRP2 A0A1D5PGC2 A0A8V0ZTR7 A0A8V0ZUA4 A0A8V0Z9Z7 A0A8V0XMV0 P28687
Biological Process,semi-lunar valve development,4,GO:1905314,2,9,255,2734,2.38,0.2020164845673882,0.69,A0A8V0Y290 A0A8V0Y0F3
Biological Process,negative regulation of cartilage development,5,GO:0061037,2,9,255,2734,2.38,0.2020164845673882,0.69,A0A8V0YG24 Q98938
Biological Process,clathrin coat assembly,6,GO:0048268,2,9,255,2734,2.38,0.2020164845673882,0.69,A0A8V0ZRP2 A0A8V0ZYI9
Biological Process,response to X-ray,5,GO:0010165,2,9,255,2734,2.38,0.2020164845673882,0.69,A0A8V0YW57 P02460
Biological Process,positive regulation of protein localization to cell surface,6,GO:2000010,2,9,255,2734,2.38,0.2020164845673882,0.69,A0A1D5PSI3 Q98938
Biological Process,autonomic nervous system development,4,GO:0048483,2,9,255,2734,2.38,0.2020164845673882,0.69,A0A8V0YDD6 A0A8V1ACD6
Biological Process,fin development,4,GO:0033333,2,9,255,2734,2.38,0.2020164845673882,0.69,A0A8V0Y070 A0A8V0YDT4
Biological Process,positive regulation of positive chemotaxis,6,GO:0050927,2,9,255,2734,2.38,0.2020164845673882,0.69,A0A8V1ABC9 A0A8V0XMI5
Biological Process,negative regulation of collateral sprouting,6,GO:0048671,2,9,255,2734,2.38,0.2020164845673882,0.69,A0A8V0YDT5 A0A8V0YMR1
Biological Process,homeostasis of number of cells within a tissue,4,GO:0048873,2,9,255,2734,2.38,0.2020164845673882,0.69,A0A8V0XXK8 A0A8V0Y9B0
Biological Process,signal transduction by p53 class mediator,4,GO:0072331,2,9,255,2734,2.38,0.2020164845673882,0.69,A0A8V0YW57 A0A8V0XBD4
Biological Process,negative regulation of epithelial to mesenchymal transition,5,GO:0010719,2,9,255,2734,2.38,0.2020164845673882,0.69,A0A8V0YLI1 A0A8V0YQ88
Biological Process,regulation of heterotypic cell-cell adhesion,6,GO:0034114,2,9,255,2734,2.38,0.2020164845673882,0.69,A0A1D5NTR5 A0A8V0ZZZ5
Biological Process,regulation of monocyte chemotaxis,6,GO:0090025,2,9,255,2734,2.38,0.2020164845673882,0.69,A0A8V0YSF6 A0A8V0XMI5
Biological Process,regulation of cellular extravasation,5,GO:0002691,2,9,255,2734,2.38,0.2020164845673882,0.69,A0A8V0YLI1 A0A8V0ZZZ5
Biological Process,positive regulation of meiotic cell cycle,5,GO:0051446,2,9,255,2734,2.38,0.2020164845673882,0.69,A0A8V1AG56 A0A1D5P6T3
Biological Process,regulation of ER to Golgi vesicle-mediated transport,5,GO:0060628,2,9,255,2734,2.38,0.2020164845673882,0.69,A0A8V0XM02 A0A8V0Y999
Biological Process,cranial nerve development,4,GO:0021545,2,9,255,2734,2.38,0.2020164845673882,0.69,A0A8V0YRG2 A0A8V1ACD6
Biological Process,R7 cell development,8,GO:0045467,2,9,255,2734,2.38,0.2020164845673882,0.69,A0A1D5NTR5 A0A8V0YDT5
Biological Process,cellular response to fluid shear stress,4,GO:0071498,2,9,255,2734,2.38,0.2020164845673882,0.69,A0A1I7Q3Z0 P15120
Biological Process,chondroitin sulfate catabolic process,5,GO:0030207,2,9,255,2734,2.38,0.2020164845673882,0.69,A0A1L1RX77 F1NTQ2
Biological Process,regulation of T cell receptor signaling pathway,6,GO:0050856,2,9,255,2734,2.38,0.2020164845673882,0.69,A0A8V0YLI1 A0A8V0ZZZ5
Biological Process,regulation of lipoprotein lipase activity,6,GO:0051004,2,9,255,2734,2.38,0.2020164845673882,0.69,A0A8V1AHP7 A0A8V0X4D8
Biological Process,regulation of cytokinetic process,6,GO:0032954,2,9,255,2734,2.38,0.2020164845673882,0.69,A0A8V0XE48 A0A1D5PBU5
Biological Process,mesoderm migration involved in gastrulation,3,GO:0007509,2,9,255,2734,2.38,0.2020164845673882,0.69,A0A8V0YXI7 A0A8V0Z8V4
Biological Process,regulation of calcium ion import,8,GO:0090279,2,9,255,2734,2.38,0.2020164845673882,0.69,A0A8V0YLI1 A0A8V0Z8N6
Biological Process,respiratory gaseous exchange by respiratory system,2,GO:0007585,2,9,255,2734,2.38,0.2020164845673882,0.69,A0A8V1ALI6 A0A1D5P692
Biological Process,positive regulation of lamellipodium assembly,7,GO:0010592,2,9,255,2734,2.38,0.2020164845673882,0.69,Q0PVE4 A0A3Q2UHS2
Biological Process,intrinsic apoptotic signaling pathway in response to DNA damage,5,GO:0008630,2,9,255,2734,2.38,0.2020164845673882,0.69,A0A8V0XKW4 A0A8V0YW57
Biological Process,negative regulation of cell-matrix adhesion,7,GO:0001953,2,9,255,2734,2.38,0.2020164845673882,0.69,A0A8V0YLZ8 A0A1I7Q3Z0
Biological Process,central complex development,3,GO:0048036,2,9,255,2734,2.38,0.2020164845673882,0.69,A0A1D5NTR5 A0A1D5PBZ8
Biological Process,nucleoside catabolic process,5,GO:0009164,2,9,255,2734,2.38,0.2020164845673882,0.69,A0A8V0YBE2 A0A1D5PMN7
Biological Process,"regulation of epithelial cell migration, open tracheal system",5,GO:2000274,2,9,255,2734,2.38,0.2020164845673882,0.69,A0A8V0Z8V4 Q98938
Biological Process,nucleosome assembly,7,GO:0006334,2,9,255,2734,2.38,0.2020164845673882,0.69,A0A8V1AEJ0 A0A8V0XMI5
Biological Process,negative regulation of potassium ion transmembrane transporter activity,6,GO:1901017,2,9,255,2734,2.38,0.2020164845673882,0.69,A0A8V0ZY91 A0A8V0XYK6
Biological Process,regulation of interferon-beta production,6,GO:0032648,2,9,255,2734,2.38,0.2020164845673882,0.69,A0A1L4FLS3 A0A8V0XMI5
Biological Process,regulation of positive chemotaxis,5,GO:0050926,2,9,255,2734,2.38,0.2020164845673882,0.69,A0A8V1ABC9 A0A8V0XMI5
Biological Process,positive regulation of filopodium assembly,7,GO:0051491,5,31,255,2734,1.73,0.2038300714134177,0.69,Q0PVE4 A0A8V0YDU6 A0A1D5NTR5 A0A8V0YQU2 A0A8V0YDT5
Biological Process,regulation of cell junction assembly,5,GO:1901888,5,31,255,2734,1.73,0.2038300714134177,0.69,A0A8V0ZZZ5 A0A8V0XE48 A0A8V0YLZ8 A0A8V1A0B4 A0A1I7Q3Z0
Biological Process,spermatid development,4,GO:0007286,3,68,255,2734,0.47,0.20446865658483712,0.69,A0A8V0XBD4 A0A1D5PBU5 A0A8V0XMI5
Biological Process,blood vessel development,3,GO:0001568,16,125,255,2734,1.37,0.20502654219253977,0.69,A0A3Q2TU24 A0A8V0ZZZ5 A0A8V0XA92 Q98938 A0A8V0ZSG8 A0A8V0ZUA4 A0A8V0ZE58 A0A8V0Y070 A0A8V0XPE8 A0A8V0ZCF7 A0A1D5PBZ8 P15120 A0A8V0XXZ4 A0A8V0YRG2 A0A1D5PZ68 A0A1D5P0D7
Biological Process,carbohydrate derivative biosynthetic process,4,GO:1901137,17,244,255,2734,0.75,0.2051873662017098,0.69,Q92182 A0A8V0ZJD3 F1NGB8 A0A8V0Z6S1 Q98938 A0A1D5P201 A0A8V0WZN3 E1C3Z8 A0A8V0YC20 A0A1L1RX77 A0A8V0Z938 A0A8V0XH99 Q9W6H0 E1C2T4 A0A8V0YXI7 A0A8V0YYQ9 A0A8V0Z0B9
Biological Process,negative regulation of protein modification process,7,GO:0031400,19,157,255,2734,1.3,0.2052741445369184,0.69,Q98938 A0A8V1ABA3 A0A8V0Y290 A0A1D5P6T3 A0A8V0Y0F3 A0A8V0X637 A0A1D5PEW1 A0A1L1RX77 A0A8V0ZZZ5 Q0PVE4 Q00649 A0A8V0XE48 A0A8V1ABC9 A0A8V0ZKI8 A0A8V1A3S8 A0A8V0YDT4 P26652 A0A8V1AJI2 A0A8V0YRG2
Biological Process,generation of precursor metabolites and energy,3,GO:0006091,10,159,255,2734,0.67,0.20598518370680557,0.69,A0A8V0XCD2 A0A8V0ZRZ8 A0A8V0X535 A0A8V0YC20 A0A8V0YW57 A0A8V1ALI6 A0A8V0Y9B0 A0A8V0YXI7 A0A1D5PXI1 A0A8V0YWM3
Biological Process,cell population proliferation,2,GO:0008283,24,201,255,2734,1.28,0.20615365646290723,0.69,A0A8V1AG56 A0A8V0X4D8 A0A8V0XBD4 Q98938 A0A8V0XMI5 A0A1I7Q3Z0 A0A8V0ZEC1 A0A8V0ZYI9 A0A1I7Q421 A0A8V0YFT7 A0A8V0YTK5 A0A1D5P480 Q5ZJ73 A0A8V1A7R0 Q0PVE4 A0A8V0XA92 A0A8V0ZE58 A0A8V0Z8N6 A0A8V0ZKI8 A0A8V0ZSN8 A0A8V1A9R2 A0A8V0Z9Z7 A0A8V0YF36 A0A1D5PSI3
Biological Process,establishment of protein localization to mitochondrion,5,GO:0072655,3,17,255,2734,1.89,0.20689038419452002,0.68,A0A8V0XMV0 R4GGQ4 A0A1D5PGC2
Biological Process,calcium-dependent cell-cell adhesion via plasma membrane cell adhesion molecules,5,GO:0016339,3,17,255,2734,1.89,0.20689038419452002,0.68,A0A8V0YDU6 A0A1D5PBZ8 A0A8V0ZUU4
Biological Process,positive regulation of interleukin-6 production,6,GO:0032755,3,17,255,2734,1.89,0.20689038419452002,0.68,A0A8V1AG56 A0A1L4FLS3 A0A8V0XMI5
Biological Process,"Wnt signaling pathway, planar cell polarity pathway",6,GO:0060071,3,17,255,2734,1.89,0.20689038419452002,0.68,A0A8V1AG56 A0A8V0ZRP2 A0A8V0ZUU4
Biological Process,regulation of cardiac muscle tissue development,6,GO:0055024,3,17,255,2734,1.89,0.20689038419452002,0.68,A0A8V0ZKI8 A0A8V0XXK8 A0A8V0XMV0
Biological Process,protein localization to synapse,6,GO:0035418,3,17,255,2734,1.89,0.20689038419452002,0.68,A0A8V0Y357 Q00649 A0A8V0ZBR8
Biological Process,chondrocyte differentiation,4,GO:0002062,3,17,255,2734,1.89,0.20689038419452002,0.68,A0A8V1ABC9 Q98938 P02460
Biological Process,negative regulation of cellular response to insulin stimulus,5,GO:1900077,3,17,255,2734,1.89,0.20689038419452002,0.68,A0A1D5P6T3 A0A8V1ABC9 A0A8V0ZSG8
Biological Process,negative regulation of insulin receptor signaling pathway,6,GO:0046627,3,17,255,2734,1.89,0.20689038419452002,0.68,A0A1D5P6T3 A0A8V1ABC9 A0A8V0ZSG8
Biological Process,positive regulation of leukocyte differentiation,6,GO:1902107,3,17,255,2734,1.89,0.20689038419452002,0.68,A0A8V1ABC9 Q98938 A0A8V0XMI5
Biological Process,regulation of kidney development,4,GO:0090183,3,17,255,2734,1.89,0.20689038419452002,0.68,A0A8V0Y0X2 A0A3Q2TU24 A0A8V0YFT7
Biological Process,regulation of sprouting angiogenesis,6,GO:1903670,3,17,255,2734,1.89,0.20689038419452002,0.68,A0A8V0ZCF7 A0A8V0ZSG8 A0A8V0XMI5
Biological Process,regulation of carbohydrate catabolic process,5,GO:0043470,3,17,255,2734,1.89,0.20689038419452002,0.68,A0A1D5P6T3 A0A8V1A7R0 A0A8V0XMI5
Biological Process,regulation of cardiocyte differentiation,5,GO:1905207,3,17,255,2734,1.89,0.20689038419452002,0.68,A0A1D5PZ68 A0A8V0XXK8 A0A8V0XMV0
Biological Process,cholesterol transport,7,GO:0030301,3,17,255,2734,1.89,0.20689038419452002,0.68,A0A8V0ZKI8 A0A8V0Y9F8 A0A8V1A3H7
Biological Process,regulation of leukocyte apoptotic process,6,GO:2000106,3,17,255,2734,1.89,0.20689038419452002,0.68,Q92182 A0A8V1A9R2 A0A8V1AG56
Biological Process,polysaccharide biosynthetic process,5,GO:0000271,3,17,255,2734,1.89,0.20689038419452002,0.68,F1NGB8 A0A8V0YXI7 E1C2T4
Biological Process,execution phase of apoptosis,2,GO:0097194,3,17,255,2734,1.89,0.20689038419452002,0.68,A0A8V0XKW4 A0A8V0YWM3 A0A8V0XMI5
Biological Process,response to dsRNA,4,GO:0043331,3,17,255,2734,1.89,0.20689038419452002,0.68,A0A1L4FLS3 A0A8V0ZJ97 A0A8V0YFT7
Biological Process,bone development,4,GO:0060348,7,48,255,2734,1.56,0.20700294591007767,0.68,A0A8V0ZJD3 A0A3Q2TU24 Q98938 A0A8V0Z8N6 A0A8V0YLZ8 A0A1I7Q3Z0 P02460
Biological Process,spermatid differentiation,3,GO:0048515,3,70,255,2734,0.46,0.20722511605586874,0.68,A0A8V0XBD4 A0A1D5PBU5 A0A8V0XMI5
Biological Process,regulation of neuron projection development,7,GO:0010975,24,202,255,2734,1.27,0.20754802889420826,0.68,A0A8V1AG56 A0A8V0X4D8 A0A8V0XMI5 A0A8V0ZUU4 A0A8V0YDT5 A0A1D5PBZ8 A0A8V0YMR1 A0A8V0Z8V4 A0A1I7Q421 A0A8V1ACD6 A0A8V0YVB6 A0A8V0ZZZ5 Q00649 A0A8V0XE48 A0A8V0ZDW7 A0A8V0ZKI8 A0A8V1A3S8 A0A8V0Z3U6 A0A1D5PSI3 A0A8V1AJI2 A0A1D5PT01 A0A8V0Z938 A0A8V0YDD6 A0A8V0YRG2
Biological Process,regulation of mitotic cell cycle,5,GO:0007346,10,162,255,2734,0.66,0.20798964004600656,0.68,A0A1D5P6T3 A0A1D5PBU5 Q98938 A0A8V0Y999 A0A8V0X7P4 A0A8V0Z9Z7 A0A8V0XMI5 A0A8V0YW57 A0A8V0YSF6 A0A8V1ABC9
Biological Process,cellular response to organic cyclic compound,5,GO:0071407,16,127,255,2734,1.35,0.20913612421095704,0.68,A0A8V0ZKI8 A0A8V0Z6E4 A0A8V0ZJ97 A0A8V0YFT7 A0A1L4FLS3 A0A8V0YWM3 A0A1D5PSI3 A0A8V0ZY91 A0A8V0XPE8 A0A8V0YLI1 A0A8V0XE48 P15120 A0A8V0Z8N6 A0A8V1A7R0 A0A1I7Q3Z0 P02460
Biological Process,cellular response to lipid,5,GO:0071396,16,128,255,2734,1.34,0.21174167514305398,0.67,A0A8V0ZKI8 A0A8V1AG56 A0A8V0Z6E4 A0A8V0YFT7 A0A8V0YWM3 A0A1D5PSI3 A0A8V0XPE8 A0A8V0YLI1 Q00649 A0A8V0YDD6 A0A8V0XE48 P15120 A0A8V0Z8N6 A0A8V0XKW4 A0A1I7Q3Z0 P02460
Biological Process,negative regulation of locomotion,4,GO:0040013,13,98,255,2734,1.42,0.21196295002107768,0.67,Q92182 A0A8V1AG56 A0A8V0Z8V4 A0A8V0ZZZ5 A0A8V0Y0F3 A0A8V0YDT4 A0A8V0XMI5 A0A1L1RX77 A0A8V0ZCF7 A0A8V1ACD6 A0A8V0Z8N6 A0A8V0Y290 A0A8V1A7R0
Biological Process,positive regulation of response to stimulus,4,GO:0048584,57,530,255,2734,1.15,0.21234600371220494,0.67,A0A8V1AG56 A0A8V0X4D8 Q98938 A0A8V0XMI5 A0A8V0ZUU4 A0A8V0XH99 A0A3Q2UHS2 A0A8V0XEJ0 A0A8V0ZFG7 A0A1I7Q3Z0 A0A8V0ZTC0 A0A8V0ZEJ3 P01875 A0A1D5P6T3 A0A8V0Z8V4 A0A1D5P6Q1 A0A1I7Q421 A0A8V1A8N2 A0A1D5P480 E1C733 A0A1L1RX77 A0A8V0YW57 A0A8V0YLI1 A0A8V0ZSX6 A0A8V0YRF2 A0A8V0X1T3 A0A8V1A7R0 A0A1D5P0D7 A0A8V0ZZD4 A0A8V0ZZZ5 A0A8V1A3N1 A0A1L4FLS3 A0A8V0ZE58 A0A8V0X7P4 Q00649 A0A8V0YY90 A0A8V0YSF6 A0A8V0XE48 A0A8V1ABC9 A0A8V0XKW4 A0A8V0ZF83 A0A8V0ZDW7 A0A8V0ZKI8 F1NGB8 A0A3Q2TU24 A0A8V0ZTR7 A0A8V0ZSN8 A0A8V1A9R2 P26652 A0A8V1AJI2 A0A8V0Y070 A0A1D5PMN7 A0A1D5PT01 A0A8V0YDD6 A0A8V0YLZ8 A0A8V0YRG2 A0A8V0YHS1
Biological Process,telencephalon development,3,GO:0021537,10,72,255,2734,1.49,0.21262508213663117,0.67,A0A8V0ZKI8 A0A1D5P6T3 A0A8V0Z8V4 A0A8V1AG56 Q98938 A0A8V0Z3U6 A0A1D5PSI3 A0A8V0ZJJ7 A0A8V0YRG2 A0A8V0YVI8
Biological Process,negative regulation of protein phosphorylation,8,GO:0001933,16,129,255,2734,1.33,0.2147051670755727,0.67,A0A8V0ZKI8 A0A1D5P6T3 A0A8V0Y0F3 A0A8V0ZZZ5 Q0PVE4 A0A8V1A3S8 A0A8V1ABA3 A0A8V0X637 A0A8V0YDT4 P26652 A0A1D5PEW1 A0A1L1RX77 Q00649 A0A8V1ABC9 A0A8V0Y290 A0A8V0YRG2
Biological Process,positive regulation of ossification,5,GO:0045778,5,32,255,2734,1.68,0.21517627914358173,0.67,A0A8V0ZKI8 A0A8V1AG56 Q98938 A0A8V0Z189 A0A8V0ZE58
Biological Process,regulation of axon extension,5,GO:0030516,7,49,255,2734,1.53,0.2151953777017745,0.67,A0A8V1AG56 A0A8V0Z8V4 A0A8V0ZUU4 A0A8V0YDD6 A0A8V0YDT5 A0A8V1ACD6 A0A1D5PBZ8
Biological Process,cell development,3,GO:0048468,68,644,255,2734,1.13,0.2159139357832266,0.67,A0A8V1AG56 A0A8V0X4D8 A0A8V0YLZ8 A0A8V0XBD4 Q98938 A0A8V0ZBR8 A0A8V0YDU6 A0A8V0XMI5 A0A8V0XDR8 A0A1D5NTR5 A0A8V0ZUU4 A0A8V0XH99 A0A3Q2UHS2 A0A8V0YDT5 A0A1D5PBZ8 A0A8V0Y0X2 A0A8V0YQU2 A0A8V1A0B4 A0A1I7Q3Z0 A0A8V0ZEC1 A0A8V1AAN6 A0A8V0XYK6 A0A8V0Z8V4 A0A1I7Q421 A0A8V0YUF6 F1NTQ2 A0A8V0XXW6 A0A8V0YW57 A0A8V0ZSX6 A0A8V1ACD6 A0A1D5P0D7 A0A8V0YIC3 A0A8V0ZZZ5 Q0PVE4 A0A8V0YRN1 A0A8V0YE20 A0A8V0Y9F8 A0A8V0XE48 A0A8V0Y699 A0A8V1ABC9 A0A8V0XKW4 A0A8V0ZRP2 A0A8V0ZF83 A0A1D5PLP1 A0A8V0Z8N6 A0A8V1ADF6 A0A8V0ZDW7 A0A8V0ZE30 A0A8V0ZKI8 A0A8V0XM98 A0A8V0ZJ97 A0A8V0YWI5 A0A1D5PBU5 Q05744 A0A8V0ZSN8 A0A8V0YIR4 A0A8V1A9R2 A0A8V0Z3U6 A0A8V1A3S8 A0A8V0Y070 A0A8V0Y357 A0A8V0YDD6 A0A1D5PT01 Q9W6H0 P33005 A0A8V0YRG2 A0A1D5PZ68 A0A8V0YWM3
Biological Process,positive regulation of cell population proliferation,5,GO:0008284,25,211,255,2734,1.27,0.21636517468060734,0.66,A0A8V1AG56 Q98938 A0A8V0XMI5 P15120 A0A8V1AAN6 A0A8V1A3H9 A0A1D5P6T3 A0A8V0YFT7 E1C733 A0A1D5PEW1 A0A8V0YVB6 E1C0K5 A0A8V1A7R0 A0A8V1A3N1 A0A8V0ZE58 A0A8V0X7P4 A0A8V0YSF6 A0A8V1ABC9 Q92182 A0A8V0ZKI8 A0A3Q2TU24 A0A8V0YWI5 A0A8V0YDT4 A0A8V1A9R2 A0A8V0YDD6
Biological Process,negative regulation of cellular biosynthetic process,6,GO:0031327,25,212,255,2734,1.26,0.21751415151619158,0.66,A0A8V1AG56 A0A8V0XMI5 A0A8V1ACH5 A0A1D5NTR5 A0A8V0Y290 A0A1I7Q3Z0 A0A8V1A3H9 A0A8V0Y0F3 A0A1I7Q421 A0A8V0YFT7 A0A8V0ZSG8 Q5ZJ73 A0A8V0YLI1 A0A8V0ZSX6 A0A8V1A7R0 A0A8V0YY90 A0A8V0Y699 A0A8V1ABC9 A0A8V0ZE30 A0A8V0ZY56 A0A8V0Y4M6 A0A3Q2TU24 A0A8V1A9R2 A0A8V0Z9Z7 A0A1D5PSI3
Biological Process,morphogenesis of an epithelium,4,GO:0002009,36,320,255,2734,1.21,0.2191214565437067,0.66,A0A8V1AG56 A0A8V0XBD4 Q98938 A0A8V0YDU6 A0A8V0ZUU4 A0A8V0XH99 A0A3Q2UHS2 A0A1D5PBZ8 A0A8V1A0B4 A0A1I7Q3Z0 A0A8V0ZEC1 A0A8V1A3H9 A0A8V1AAN6 A0A1I7Q421 E1C733 A0A1D5PEW1 A0A8V0YVB6 A0A8V0XS21 A0A8V0YIC3 Q0PVE4 A0A8V0ZE58 A0A8V0XE48 A0A8V0Y699 A0A8V0YXI7 A0A8V0ZF83 A0A8V0ZKI8 A0A8V0ZTR7 A0A8V0ZSN8 A0A8V0ZUA4 A0A8V1A9R2 P26652 A0A8V0Y070 A0A8V0Z938 P33005 A0A8V0YRG2 A0A1D5PZ68
Biological Process,positive regulation of establishment of protein localization,6,GO:1904951,8,133,255,2734,0.64,0.22050892345483836,0.66,A0A8V1AG56 A0A1D5NT61 A0A8V0XMI5 A0A8V0YY90 A0A8V0XMV0 A0A8V0YDL8 A0A1I7Q3Z0 A0A8V0XYK6
Biological Process,negative regulation of response to external stimulus,5,GO:0032102,13,102,255,2734,1.37,0.2238344287435448,0.65,Q92182 A0A8V1AG56 A0A8V0Z8V4 A0A3Q2TU24 A0A8V0YWI5 A0A8V1ABA3 A0A8V1AFP7 A0A8V0XMI5 A0A8V0Z938 A0A8V0YDT5 A0A8V1ACD6 A0A8V0YY90 P15120
Biological Process,positive regulation of epithelial cell proliferation,6,GO:0050679,7,50,255,2734,1.5,0.22412343391769207,0.65,A0A8V1AG56 Q98938 E1C733 A0A8V0XMI5 A0A8V1ABC9 A0A8V1A7R0 A0A8V1A3H9
Biological Process,sensory perception of sound,6,GO:0007605,7,50,255,2734,1.5,0.22412343391769207,0.65,A0A8V0XBD4 F1NTQ2 A0A8V0ZY91 A0A8V1ACH5 R4GGQ4 A0A8V1A0B4 P02460
Biological Process,negative regulation of cell projection organization,6,GO:0031345,10,75,255,2734,1.43,0.2253535408758897,0.65,A0A8V1AG56 A0A8V0Z8V4 A0A8V0ZZZ5 A0A1I7Q421 A0A8V0Z938 A0A8V0YDT5 A0A8V1ACD6 A0A8V0YVB6 A0A8V0YRG2 A0A8V0YMR1
Biological Process,positive regulation of DNA-templated transcription,8,GO:0045893,21,176,255,2734,1.28,0.22687212977983529,0.64,A0A8V1AG56 A0A8V0XBD4 Q98938 A0A8V0XMI5 A0A8V0Y290 A0A1I7Q3Z0 A0A8V0ZH96 A0A1D5P6T3 A0A8V0Y0F3 A0A8V0YFT7 F1NTQ2 A0A1L1RX77 A0A8V0ZSX6 A0A8V0X1T3 A0A8V1A7R0 A0A1D5P0D7 A0A1L4FLS3 A0A8V0ZE58 A0A8V0ZKI8 A0A8V1A9R2 A0A1D5PSI3
Biological Process,molting cycle process,2,GO:0022404,5,33,255,2734,1.62,0.22752775357694238,0.64,A0A3Q2TU24 A0A1I7Q421 A0A8V0XH99 A0A8V0ZJJ7 A0A8V0YVB6
Biological Process,spindle localization,3,GO:0051653,5,33,255,2734,1.62,0.22752775357694238,0.64,Q0PVE4 A0A8V0XBD4 A0A1D5PBU5 A0A1D5PBZ8 A0A8V0ZE30
Biological Process,regulation of striated muscle tissue development,5,GO:0016202,5,33,255,2734,1.62,0.22752775357694238,0.64,A0A8V0ZKI8 A0A8V0ZSG8 A0A8V0Z9Z7 A0A8V0XMV0 A0A8V0XXK8
Biological Process,COPII-coated vesicle budding,6,GO:0090114,5,33,255,2734,1.62,0.22752775357694238,0.64,A0A8V0ZUA4 A0A8V1AFR2 A0A8V0XM02 Q5ZJW4 A0A8V0YVB6
Biological Process,chondroitin sulfate metabolic process,4,GO:0030204,5,33,255,2734,1.62,0.22752775357694238,0.64,F1NTQ2 A0A1L1RX77 A0A8V0Z938 E1C2T4 A0A8V0YXI7
Biological Process,regulation of muscle tissue development,4,GO:1901861,5,33,255,2734,1.62,0.22752775357694238,0.64,A0A8V0ZKI8 A0A8V0ZSG8 A0A8V0Z9Z7 A0A8V0XMV0 A0A8V0XXK8
Biological Process,negative regulation of phosphorylation,8,GO:0042326,17,138,255,2734,1.32,0.22767375202097762,0.64,A0A8V0ZKI8 A0A1D5P6T3 A0A8V0Y0F3 A0A8V0ZZZ5 Q0PVE4 A0A8V1A3S8 A0A8V1ABA3 A0A8V0X637 A0A8V0YDT4 P26652 A0A1D5PEW1 A0A1L1RX77 Q00649 A0A8V1A7R0 A0A8V1ABC9 A0A8V0Y290 A0A8V0YRG2
Biological Process,forebrain development,3,GO:0030900,13,103,255,2734,1.35,0.2279158871519328,0.64,A0A8V0ZKI8 A0A1D5P6T3 A0A8V0Z8V4 A0A8V1AG56 Q98938 A0A8V0Z3U6 A0A1D5PSI3 A0A8V0ZJJ7 A0A8V0YDL8 A0A8V0YRG2 A0A1I7Q3Z0 A0A8V0YVI8 A0A8V0XKW4
Biological Process,regulation of mitotic nuclear division,6,GO:0007088,2,51,255,2734,0.42,0.22822563587202385,0.64,A0A1D5P6T3 A0A8V0Z9Z7
Biological Process,protein localization to nucleus,6,GO:0034504,2,51,255,2734,0.42,0.22822563587202385,0.64,A0A8V1A7R0 A0A8V0YVI8
Biological Process,synaptic vesicle localization,4,GO:0097479,2,53,255,2734,0.4,0.22983615681314423,0.64,A0A8V0ZRP2 A0A8V0YIC3
Biological Process,synaptic vesicle transport,2,GO:0048489,2,53,255,2734,0.4,0.22983615681314423,0.64,A0A8V0ZRP2 A0A8V0YIC3
Biological Process,establishment of synaptic vesicle localization,5,GO:0097480,2,53,255,2734,0.4,0.22983615681314423,0.64,A0A8V0ZRP2 A0A8V0YIC3
Biological Process,antibiotic metabolic process,2,GO:0016999,2,53,255,2734,0.4,0.22983615681314423,0.64,Q92182 A0A8V0Y9B0
Biological Process,nucleobase-containing small molecule biosynthetic process,4,GO:0034404,2,53,255,2734,0.4,0.22983615681314423,0.64,A0A8V0YBE2 A0A8V1A9L3
Biological Process,"phagocytosis, engulfment",7,GO:0006911,3,18,255,2734,1.79,0.23234304450755963,0.63,E1C0K5 A0A8V0XEJ0 P01875
Biological Process,endodermal cell differentiation,4,GO:0035987,3,18,255,2734,1.79,0.23234304450755963,0.63,A0A8V0YDD6 A0A1D5P8I8 A0A8V1AFR2
Biological Process,sterol transport,6,GO:0015918,3,18,255,2734,1.79,0.23234304450755963,0.63,A0A8V0ZKI8 A0A8V0Y9F8 A0A8V1A3H7
Biological Process,negative regulation of synapse organization,6,GO:1905809,3,18,255,2734,1.79,0.23234304450755963,0.63,A0A8V1AG56 A0A8V0Z8V4 A0A8V0ZCF7
Biological Process,regulation of chemokine production,5,GO:0032642,3,18,255,2734,1.79,0.23234304450755963,0.63,A0A8V1AG56 A0A1L4FLS3 A0A8V0XMI5
Biological Process,asymmetric neuroblast division,4,GO:0055059,3,18,255,2734,1.79,0.23234304450755963,0.63,Q0PVE4 A0A8V0YTK5 A0A8V0XBD4
Biological Process,leukocyte chemotaxis,3,GO:0030595,3,18,255,2734,1.79,0.23234304450755963,0.63,E1C733 A0A8V1ABC9 A0A8V0XMI5
Biological Process,male mating behavior,4,GO:0060179,3,18,255,2734,1.79,0.23234304450755963,0.63,A0A8V0Y9F8 F1NTQ2 A0A1D5PBZ8
Biological Process,"complement activation, classical pathway",4,GO:0006958,3,18,255,2734,1.79,0.23234304450755963,0.63,A0A8V0ZZD4 P01875 A0A8V0XEJ0
Biological Process,peptide catabolic process,4,GO:0043171,3,18,255,2734,1.79,0.23234304450755963,0.63,A0A8V0ZP32 A0A8V0XA92 A0A8V0XEP8
Biological Process,neuron projection regeneration,4,GO:0031102,3,18,255,2734,1.79,0.23234304450755963,0.63,A0A8V0YE20 A0A8V1AAN6 A0A8V0YIR4
Biological Process,regulation of microtubule polymerization,6,GO:0031113,3,18,255,2734,1.79,0.23234304450755963,0.63,A0A8V1A9L3 A0A8V0Z3U6 A0A1D5PBU5
Biological Process,cellular response to calcium ion,5,GO:0071277,3,18,255,2734,1.79,0.23234304450755963,0.63,A0A8V1AG56 A0A8V1A0B4 A0A8V0YSF6
Biological Process,positive regulation of mononuclear cell proliferation,7,GO:0032946,3,18,255,2734,1.79,0.23234304450755963,0.63,Q92182 A0A8V1A9R2 A0A8V0XMI5
Biological Process,heparan sulfate proteoglycan metabolic process,6,GO:0030201,3,18,255,2734,1.79,0.23234304450755963,0.63,F1NGB8 A0A8V0YXI7 A0A8V0Z938
Biological Process,humoral immune response mediated by circulating immunoglobulin,4,GO:0002455,3,18,255,2734,1.79,0.23234304450755963,0.63,A0A8V0ZZD4 P01875 A0A8V0XEJ0
Biological Process,positive regulation of carbohydrate metabolic process,5,GO:0045913,3,18,255,2734,1.79,0.23234304450755963,0.63,A0A1D5P6T3 A0A1I7Q3Z0 A0A8V0XMI5
Biological Process,positive regulation of synaptic assembly at neuromuscular junction,6,GO:0045887,3,18,255,2734,1.79,0.23234304450755963,0.63,A0A1D5P6T3 A0A8V0X4D8 A0A8V0ZTR7
Biological Process,embryonic organ development,4,GO:0048568,17,140,255,2734,1.3,0.23299493539218563,0.63,A0A8V0ZKI8 A0A8V1AG56 A0A8V0Z8V4 A0A1I7Q421 A0A3Q2TU24 A0A8V0XBD4 Q98938 A0A8V0ZUA4 A0A8V0X9N1 A0A8V0Z189 A0A8V0ZE58 A0A8V0Y070 P02460 A0A3Q2UHS2 A0A8V0XXZ4 A0A8V0YRG2 A0A1D5P0D7
Biological Process,regulation of cell growth,4,GO:0001558,17,140,255,2734,1.3,0.23299493539218563,0.63,A0A8V1AG56 F1NGB8 A0A8V0Z8V4 A0A8V0X4D8 Q98938 A0A1D5P480 A0A8V0X7P4 A0A1D5PSI3 A0A8V0ZUU4 A0A8V0XXW6 A0A8V0YDD6 A0A8V0YDT5 A0A8V1ACD6 A0A1D5PBZ8 A0A8V0XMV0 A0A8V0YMR1 A0A8V0XXK8
Biological Process,regulation of plasma membrane bounded cell projection organization,6,GO:0120035,32,283,255,2734,1.21,0.2345934640543053,0.63,A0A8V1AG56 A0A8V0X4D8 A0A8V0YDU6 A0A8V0XMI5 A0A8V0ZUU4 A0A1D5NTR5 A0A8V0YQU2 A0A8V0YDT5 A0A3Q2UHS2 A0A1D5PBZ8 A0A1I7Q3Z0 A0A8V0YMR1 A0A8V0YVI8 A0A8V0Z8V4 A0A1I7Q421 A0A8V1ACD6 A0A8V0YVB6 A0A8V0ZZZ5 Q0PVE4 Q00649 A0A8V0XE48 A0A8V0ZDW7 A0A8V0ZKI8 A0A1D5PBU5 A0A8V1A3S8 A0A8V0Z3U6 A0A1D5PSI3 A0A8V1AJI2 A0A1D5PT01 A0A8V0Z938 A0A8V0YDD6 A0A8V0YRG2
Biological Process,regulation of tube size,4,GO:0035150,2,55,255,2734,0.39,0.23503580550967257,0.63,A0A1D5PBZ8 A0A8V0ZUU4
Biological Process,intracellular protein transport,4,GO:0006886,16,229,255,2734,0.75,0.23526678509107796,0.63,A0A8V0XBD4 A0A8V0ZUA4 A0A8V0YBZ6 A0A8V0XMV0 A0A8V1AEJ4 A0A8V0X7P4 A0A8V0XPN5 A0A8V1A8R2 A0A8V1ADS4 Q00649 A0A8V0ZRP2 R4GGQ4 Q6ITC7 P28687 A0A8V1A7R0 A0A1D5PGC2
Biological Process,appendage development,3,GO:0048736,17,141,255,2734,1.29,0.23615643765634128,0.63,A0A8V0ZKI8 A0A8V1AG56 A0A8V0ZTR7 Q98938 A0A8V0YDT4 A0A8V0Z189 P26652 A0A1D5PSI3 A0A8V0Y070 A0A1D5PEW1 A0A8V0XH99 A0A8V0XE48 A0A8V0Y699 A0A8V0ZF83 A0A1D5PZ68 A0A8V0XS21 P02460
Biological Process,defense response to other organism,3,GO:0098542,14,109,255,2734,1.38,0.23616771301127362,0.63,A0A8V0YFT7 Q05744 A0A8V0ZSN8 A0A8V0XXM5 A0A8V1A9R2 A0A1L4FLS3 A0A8V0Y579 A0A8V0XMI5 A0A8V0Y9F8 Q00649 A0A8V0XEJ0 P01875 K9JA28 A0A8V0YWM3
Biological Process,regulation of cell-cell adhesion,5,GO:0022407,14,109,255,2734,1.38,0.23616771301127362,0.63,A0A8V1AG56 A0A8V0Z8V4 A0A8V0ZZZ5 Q98938 A0A8V1A9R2 P26652 A0A8V0XMI5 A0A8V0ZUU4 A0A1D5NTR5 A0A8V0YLI1 A0A8V0YDT5 A0A8V1ABC9 A0A1I7Q3Z0 A0A8V0XYK6
Biological Process,intracellular calcium ion homeostasis,5,GO:0006874,10,77,255,2734,1.39,0.23668821597247974,0.63,A0A8V0ZKI8 A0A8V0ZZZ5 A0A8V1A9R2 F1NTQ2 E1C733 A0A8V0XMI5 A0A8V0YLI1 A0A8V1ABC9 A0A8V0Z8N6 A0A8V0ZDW7
Biological Process,regulation of neuron differentiation,5,GO:0045664,27,233,255,2734,1.24,0.23763277818901068,0.62,A0A8V1AG56 A0A8V0X4D8 A0A8V0XMI5 A0A8V0ZUU4 A0A8V0YDT5 A0A1D5PBZ8 A0A8V0YMR1 A0A8V0Z8V4 A0A1I7Q421 A0A8V0ZSX6 A0A8V1ACD6 A0A8V0YVB6 A0A1D5P0D7 A0A8V0ZZZ5 A0A3Q2TT95 Q00649 A0A8V0XE48 A0A8V0ZDW7 A0A8V0ZKI8 A0A8V1A3S8 A0A8V0Z3U6 A0A1D5PSI3 A0A8V1AJI2 A0A1D5PT01 A0A8V0Z938 A0A8V0YDD6 A0A8V0YRG2
Biological Process,cellular response to hepatocyte growth factor stimulus,5,GO:0035729,2,10,255,2734,2.14,0.23783353197523122,0.62,A0A8V0YSF6 P15120
Biological Process,dicarboxylic acid transport,7,GO:0006835,2,10,255,2734,2.14,0.23783353197523122,0.62,A0A8V1AM47 A0A8V0XBD4
Biological Process,retina layer formation,3,GO:0010842,2,10,255,2734,2.14,0.23783353197523122,0.62,A0A8V0Y0X2 A0A8V0Z3Q9
Biological Process,negative regulation of T cell proliferation,8,GO:0042130,2,10,255,2734,2.14,0.23783353197523122,0.62,A0A8V0YLI1 Q98938
Biological Process,regulation of long-term neuronal synaptic plasticity,5,GO:0048169,2,10,255,2734,2.14,0.23783353197523122,0.62,A0A8V0YRG2 A0A8V0ZDW7
Biological Process,phospholipid catabolic process,5,GO:0009395,2,10,255,2734,2.14,0.23783353197523122,0.62,A0A8V0ZSC5 A0A8V0X637
Biological Process,photoreceptor cell morphogenesis,5,GO:0008594,2,10,255,2734,2.14,0.23783353197523122,0.62,A0A8V0YDT5 A0A8V0ZDW7
Biological Process,eye-antennal disc development,5,GO:0035214,2,10,255,2734,2.14,0.23783353197523122,0.62,A0A8V1A9R2 A0A8V0ZSN8
Biological Process,positive regulation of phosphatase activity,6,GO:0010922,2,10,255,2734,2.14,0.23783353197523122,0.62,A0A8V0YLI1 Q98938
Biological Process,response to hepatocyte growth factor,4,GO:0035728,2,10,255,2734,2.14,0.23783353197523122,0.62,A0A8V0YSF6 P15120
Biological Process,regulation of antigen receptor-mediated signaling pathway,5,GO:0050854,2,10,255,2734,2.14,0.23783353197523122,0.62,A0A8V0YLI1 A0A8V0ZZZ5
Biological Process,negative regulation of RNA splicing,7,GO:0033119,2,10,255,2734,2.14,0.23783353197523122,0.62,A0A1D5PSI3 Q6ITC7
Biological Process,positive regulation of G protein-coupled receptor signaling pathway,6,GO:0045745,2,10,255,2734,2.14,0.23783353197523122,0.62,A0A8V1AG56 A0A8V1ABC9
Biological Process,eye-antennal disc morphogenesis,5,GO:0007455,2,10,255,2734,2.14,0.23783353197523122,0.62,A0A8V1A9R2 A0A8V0ZSN8
Biological Process,negative regulation of receptor signaling pathway via JAK-STAT,7,GO:0046426,2,10,255,2734,2.14,0.23783353197523122,0.62,A0A1L1RX77 A0A8V0YDT5
Biological Process,positive regulation of toll-like receptor signaling pathway,7,GO:0034123,2,10,255,2734,2.14,0.23783353197523122,0.62,A0A1L4FLS3 A0A8V0XMI5
Biological Process,regulation of digestive system process,5,GO:0044058,2,10,255,2734,2.14,0.23783353197523122,0.62,A0A8V0YLI1 A0A8V0ZY91
Biological Process,ERBB2 signaling pathway,7,GO:0038128,2,10,255,2734,2.14,0.23783353197523122,0.62,A0A8V0YLZ8 A0A8V1ABC9
Biological Process,negative regulation of stem cell proliferation,6,GO:2000647,2,10,255,2734,2.14,0.23783353197523122,0.62,A0A1D5P6Q1 A0A8V0YDT4
Biological Process,negative regulation of leukocyte apoptotic process,7,GO:2000107,2,10,255,2734,2.14,0.23783353197523122,0.62,Q92182 A0A8V1A9R2
Biological Process,neutrophil migration,5,GO:1990266,2,10,255,2734,2.14,0.23783353197523122,0.62,E1C733 A0A8V1ABC9
Biological Process,blastocyst development,3,GO:0001824,2,10,255,2734,2.14,0.23783353197523122,0.62,A0A8V1A0B4 A0A8V0ZH96
Biological Process,positive regulation of sprouting angiogenesis,7,GO:1903672,2,10,255,2734,2.14,0.23783353197523122,0.62,A0A8V0ZSG8 A0A8V0XMI5
Biological Process,negative regulation of receptor signaling pathway via STAT,6,GO:1904893,2,10,255,2734,2.14,0.23783353197523122,0.62,A0A1L1RX77 A0A8V0YDT5
Biological Process,cellular response to amyloid-beta,6,GO:1904646,2,10,255,2734,2.14,0.23783353197523122,0.62,A0A8V0YDD6 A0A8V0YSF6
Biological Process,cellular response to interleukin-6,6,GO:0071354,2,10,255,2734,2.14,0.23783353197523122,0.62,A0A8V1A7R0 A0A8V0YFT7
Biological Process,regulation of systemic arterial blood pressure by hormone,4,GO:0001990,2,10,255,2734,2.14,0.23783353197523122,0.62,A0A8V0XA92 A0A8V0YVB6
Biological Process,response to interleukin-6,5,GO:0070741,2,10,255,2734,2.14,0.23783353197523122,0.62,A0A8V1A7R0 A0A8V0YFT7
Biological Process,biogenic amine metabolic process,5,GO:0006576,2,10,255,2734,2.14,0.23783353197523122,0.62,F1NBR3 A0A1D5P692
Biological Process,regulation of autophagy of mitochondrion,7,GO:1903146,2,10,255,2734,2.14,0.23783353197523122,0.62,A0A8V0XKW4 A0A8V1ABA3
Biological Process,DNA replication,6,GO:0006260,2,10,255,2734,2.14,0.23783353197523122,0.62,A0A8V0XMI5 A0A3Q2TTB3
Biological Process,cellular response to angiotensin,6,GO:1904385,2,10,255,2734,2.14,0.23783353197523122,0.62,A0A8V0YDD6 A0A1I7Q3Z0
Biological Process,regulation of lymphocyte apoptotic process,7,GO:0070228,2,10,255,2734,2.14,0.23783353197523122,0.62,A0A8V1AG56 A0A8V1A9R2
Biological Process,modulation by virus of host process,2,GO:0019048,2,10,255,2734,2.14,0.23783353197523122,0.62,A0A1D5P6T3 A0A8V0ZSX6
Biological Process,positive regulation of ATP biosynthetic process,9,GO:2001171,2,10,255,2734,2.14,0.23783353197523122,0.62,A0A1D5P6T3 A0A8V1A7R0
Biological Process,defecation,4,GO:0030421,2,10,255,2734,2.14,0.23783353197523122,0.62,A0A1D5NTR5 A0A8V1AEJ4
Biological Process,pericardium development,5,GO:0060039,2,10,255,2734,2.14,0.23783353197523122,0.62,A0A8V0ZKI8 A0A8V1AG56
Biological Process,negative regulation of potassium ion transmembrane transport,7,GO:1901380,2,10,255,2734,2.14,0.23783353197523122,0.62,A0A8V0ZY91 A0A8V0XYK6
Biological Process,B cell activation involved in immune response,5,GO:0002312,2,10,255,2734,2.14,0.23783353197523122,0.62,A0A8V0YW57 A0A8V0XMI5
Biological Process,regulation of actin filament-based process,4,GO:0032970,9,144,255,2734,0.67,0.23803497511848648,0.62,A0A3Q2TU24 A0A8V0ZTR7 A0A8V0XBD4 E1C733 Q00649 A0A3Q2UHS2 A0A8V0XE48 A0A8V0Z8N6 A0A8V0YLZ8
Biological Process,regulation of gene expression,6,GO:0010468,65,617,255,2734,1.13,0.23880204258317528,0.62,A0A8V1AG56 A0A8V0X4D8 A0A8V0XBD4 Q98938 A0A8V0Y999 A0A8V0XMI5 A0A8V0ZUU4 A0A1D5NTR5 A0A8V1ACH5 A0A8V0XH99 A0A8V0ZFG7 Q6ITC7 A0A8V0Y290 A0A1I7Q3Z0 A0A8V0ZH96 A0A8V1AAN6 A0A8V1A3H9 P02460 A0A8V0XYK6 A0A1D5P6T3 A0A1I7Q421 A0A8V0Y0F3 A0A8V0YFT7 A0A8V0ZSG8 A0A8V1A8N2 F1NTQ2 A0A8V1A8R2 A0A8V0XXW6 A0A1L1RX77 A0A8V0ZP32 Q5ZJ73 A0A8V0ZSX6 A0A8V0YLI1 A0A8V0YRF2 A0A8V0YVB6 A0A8V0X1T3 A0A8V1A7R0 A0A1D5P0D7 A0A8V0YIC3 A0A1L4FLS3 A0A8V0ZE58 A0A8V0XPN5 A0A8V0ZY91 A0A3Q2TT95 A0A8V0Y9F8 Q00649 A0A8V0YSF6 A0A8V0XE48 A0A8V0Y699 A0A8V1ABC9 A0A8V0ZE30 A0A8V0ZF83 A0A8V0ZY56 A0A8V0ZKI8 A0A8V0ZJ97 A0A8V0ZUA4 A0A8V0YDT4 A0A8V1A9R2 A0A8V0Z9Z7 A0A1D5PSI3 A0A8V0Y070 A0A8V0YDD6 A0A8V0YRG2 A0A8V1A8L5 A0A8V0YHS1
Biological Process,regulation of protein maturation,6,GO:1903317,8,56,255,2734,1.53,0.2389026213335933,0.62,A0A8V0X4D8 A0A8V1A8N2 A0A8V0YRF2 A0A8V0Y999 A0A8V0ZP32 A0A8V0YVB6 A0A1I7Q3Z0 A0A8V0YHS1
Biological Process,regulation of protein processing,7,GO:0070613,8,56,255,2734,1.53,0.2389026213335933,0.62,A0A8V0X4D8 A0A8V1A8N2 A0A8V0YRF2 A0A8V0Y999 A0A8V0ZP32 A0A8V0YVB6 A0A1I7Q3Z0 A0A8V0YHS1
Biological Process,negative regulation of cell cycle,5,GO:0045786,4,80,255,2734,0.54,0.2394660032404498,0.62,A0A8V0XKW4 A0A8V0YW57 A0A8V0Y999 A0A8V0Z9Z7
Biological Process,secretion,4,GO:0046903,33,430,255,2734,0.82,0.2397897242058404,0.62,A0A8V0X4D8 A0A8V0XBD4 A0A8V0XXM5 A0A8V0XMI5 A0A8V0YC89 A0A8V0YGN2 A0A8V0ZUU4 P15120 A0A8V0ZH96 A0A8V1ACV0 F1NTQ2 E1C733 Q5ZJ73 A0A8V0YVB6 A0A8V0YIC3 A0A8V0X7P4 A0A8V0YZJ3 A0A8V0ZY42 Q5ZJW4 A0A8V0YPB9 A0A8V0Z086 A0A8V1A6Z0 A0A8V0ZJJ7 A0A8V1ALI6 A0A8V0Y699 A0A8V0ZRP2 A0A3Q2TU24 Q05744 A0A8V0ZUA4 P26652 A0A8V0YF36 A0A8V0YBE2 A0A8V0YDD6
Biological Process,response to organic cyclic compound,4,GO:0014070,33,292,255,2734,1.21,0.24062250226540288,0.62,A0A8V1AG56 A0A8V0Z6E4 A0A8V1ABA3 A0A8V1AEJ4 A0A8V0XMI5 A0A8V0Z4R1 P15120 A0A1I7Q3Z0 P02460 A0A1D5P6T3 A0A8V0YFT7 A0A8V0X637 A0A8V0XPE8 A0A8V0YW57 A0A8V0ZP32 A0A8V0YLI1 A0A8V1A7R0 A0A1D5P692 A0A1L4FLS3 A0A8V0ZY91 A0A8V0ZJJ7 A0A8V0XE48 A0A8V1ABC9 A0A8V0Z8N6 A0A8V0ZKI8 A0A3Q2TU24 A0A8V0ZJ97 P26652 A0A1D5PSI3 A0A8V0YDD6 A0A8V0XMV0 A0A8V0YDL8 A0A8V0YWM3
Biological Process,positive regulation of T cell activation,7,GO:0050870,5,34,255,2734,1.58,0.24079313615543152,0.62,A0A8V0ZZZ5 Q98938 A0A8V1A9R2 A0A8V0XMI5 A0A1I7Q3Z0
Biological Process,regulation of phosphatase activity,5,GO:0010921,5,34,255,2734,1.58,0.24079313615543152,0.62,Q98938 A0A8V1AJI2 A0A8V0YLI1 A0A8V0XE48 A0A1L1RP76
Biological Process,regulation of nematode larval development,6,GO:0061062,5,34,255,2734,1.58,0.24079313615543152,0.62,A0A1D5P6T3 A0A8V0XM98 A0A8V0X4D8 A0A8V0ZSX6 A0A8V0Y699
Biological Process,regulation of mononuclear cell proliferation,6,GO:0032944,5,34,255,2734,1.58,0.24079313615543152,0.62,Q92182 Q98938 A0A8V1A9R2 A0A8V0XMI5 A0A8V0YLI1
Biological Process,regulation of protein phosphorylation,7,GO:0001932,39,355,255,2734,1.18,0.24149359311845908,0.62,A0A8V1AG56 A0A8V1ABA3 A0A8V0XMI5 A0A8V0Y290 A0A8V1A0B4 A0A1I7Q3Z0 A0A8V1A3H9 A0A1D5P6T3 A0A8V0Y0F3 A0A8V0X637 A0A1D5P480 E1C733 A0A1D5PEW1 A0A1L1RX77 A0A8V0ZSX6 A0A8V0X1T3 A0A8V1A7R0 A0A1D5P0D7 A0A8V0ZZZ5 Q0PVE4 A0A8V1A3N1 A0A1L4FLS3 A0A8V0ZE58 A0A8V0X7P4 Q00649 A0A8V0XE48 A0A8V1ABC9 A0A8V0ZDW7 A0A8V0ZKI8 A0A3Q2TU24 A0A8V0YWI5 A0A8V1A3S8 A0A8V0ZSN8 A0A8V0YDT4 A0A8V1A9R2 P26652 A0A8V0YDD6 A0A8V0YLZ8 A0A8V0YRG2
Biological Process,epithelial tube morphogenesis,4,GO:0060562,27,237,255,2734,1.22,0.24354529840215644,0.61,A0A8V1AG56 A0A8V0XBD4 Q98938 A0A8V0XH99 A0A3Q2UHS2 A0A1D5PBZ8 A0A8V1A0B4 A0A1I7Q3Z0 A0A8V1AAN6 A0A8V1A3H9 A0A1I7Q421 E1C733 A0A1D5PEW1 A0A8V0YVB6 A0A8V0YIC3 Q0PVE4 A0A8V0XE48 A0A8V0Y699 A0A8V0YXI7 A0A8V0ZF83 A0A8V0ZKI8 A0A8V0ZTR7 A0A8V0ZSN8 A0A8V0ZUA4 A0A8V1A9R2 P26652 A0A8V0Y070
Biological Process,embryonic organ morphogenesis,4,GO:0048562,11,83,255,2734,1.42,0.24577481649055294,0.61,A0A8V0ZKI8 A0A8V1AG56 A0A1I7Q421 A0A8V0XBD4 Q98938 A0A8V0ZUA4 A0A8V0X9N1 A0A3Q2UHS2 A0A8V0XXZ4 A0A8V0YRG2 P02460
Biological Process,anatomical structure formation involved in morphogenesis,2,GO:0048646,40,365,255,2734,1.17,0.2465453655808654,0.61,A0A8V1AG56 A0A8V0XBD4 Q98938 A0A8V0Y0X2 A0A1D5NTR5 A0A8V0YQU2 A0A8V0XH99 A0A3Q2UHS2 A0A1D5PBZ8 P15120 A0A8V1A0B4 A0A8V0ZEC1 P02460 A0A8V0Z8V4 A0A1I7Q421 A0A8V0Z3Q9 A0A1D5P8I8 A0A8V0YIC3 A0A8V0XA92 A0A8V0ZZZ5 A0A8V0ZE58 A0A8V0XE48 A0A8V0Y699 A0A8V0XXZ4 A0A8V0YXI7 A0A8V0ZF83 A0A1D5PLP1 A0A8V0ZDW7 A0A8V0ZKI8 A0A3Q2TU24 A0A8V0ZTR7 A0A8V0ZSN8 A0A8V0ZUA4 A0A8V1AFR2 A0A8V1A9R2 P26652 A0A8V0Y070 A0A8V0YDD6 A0A8V0YRG2 A0A1D5PZ68
Biological Process,organonitrogen compound biosynthetic process,4,GO:1901566,35,450,255,2734,0.83,0.2487350569887799,0.6,A0A8V0X4D8 F1NBR3 Q98938 A0A8V1ABA3 A0A8V0YGN2 A0A8V0XH99 Q6ITC7 A0A8V0X637 A0A8V0WZN3 E1C3Z8 A0A8V1A8R2 A0A1L1RX77 A0A8V0YLI1 A0A8V0X7J6 E1C2T4 A0A8V0Z0B9 A0A8V0Z6S1 A0A8V0Y579 A0A8V0XPN5 A0A8V0Z865 A0A1L1S0X5 A0A8V0YXI7 A0A8V0YYQ9 Q92182 A0A8V0ZJD3 F1NGB8 A0A1D5NT61 A0A1D5P201 A0A1D5PMN7 A0A8V0YC20 A0A8V0Z938 A0A8V0YQC4 Q9W6H0 A0A8V1A7Y9 A0A8V0YDL8
Biological Process,leukocyte differentiation,4,GO:0002521,8,58,255,2734,1.48,0.2490025149864405,0.6,A0A8V0ZSG8 A0A8V0ZSN8 A0A8V1A9R2 A0A8V0XMI5 A0A8V0YW57 A0A8V1A7R0 A0A1I7Q3Z0 A0A8V0ZEJ3
Biological Process,regulation of extent of cell growth,5,GO:0061387,8,58,255,2734,1.48,0.2490025149864405,0.6,A0A8V1AG56 A0A8V0Z8V4 A0A8V0ZUU4 A0A8V0YDD6 A0A8V0YDT5 A0A8V1ACD6 A0A1D5PBZ8 A0A8V0YMR1
Biological Process,follicle cell of egg chamber migration,3,GO:0007297,8,58,255,2734,1.48,0.2490025149864405,0.6,A0A8V0YIC3 Q0PVE4 A0A8V0XBD4 A0A8V0ZSN8 A0A8V1A9R2 A0A8V0YDU6 A0A8V0YDT5 A0A8V0Y699
Biological Process,cellular nitrogen compound metabolic process,3,GO:0034641,54,664,255,2734,0.87,0.25000045382881425,0.6,A0A8V1A9L3 A0A8V0X4D8 F1NBR3 A0A8V0ZRZ8 A0A8V1ABA3 A0A8V0XEP8 A0A8V0XMI5 A0A8V0YGN2 Q6ITC7 A0A8V0YC98 A0A8V1A0B4 A0A8V0ZEC1 A0A8V0ZSC5 A0A8V0YFT7 A0A8V0XCD2 A0A8V0X637 A0A1D5P480 F1NTQ2 A0A8V0WZN3 A0A8V1A8R2 A0A3Q2TTB3 A0A8V0ZP32 A0A8V0YW57 A0A8V0XXW6 A0A8V0ZXC9 A0A8V0X7J6 A0A8V0YVB6 A0A8V1A7R0 A0A8V0XA92 A0A1D5P692 A0A8V0XPN5 A0A8V0ZY91 A0A8V0Z086 A0A8V0Y9F8 A0A8V0Z865 A0A1L1S0X5 A0A8V0YXI7 A0A8V0ZE30 A0A8V0ZY56 A0A8V0Y4M6 A0A8V0ZJD3 A0A8V0ZJ97 A0A1D5NT61 A0A1D5PSI3 A0A1D5PMN7 A0A8V0YC20 A0A8V0YBE2 A0A8V0Z938 A0A8V0YQC4 A0A8V1A7Y9 A0A8V0YDL8 P28687 A0A8V1A8L5 A0A8V0YWM3
Biological Process,response to lipopolysaccharide,4,GO:0032496,11,85,255,2734,1.39,0.2528308972416556,0.6,A0A8V1AG56 A0A8V0Y4Q2 A0A8V0YFT7 A0A8V0XMI5 A0A1L1RX77 A0A8V0YGN2 A0A8V0YDD6 A0A8V0YLI1 P15120 A0A8V0YDL8 A0A1I7Q3Z0
Biological Process,positive regulation of RNA metabolic process,6,GO:0051254,23,198,255,2734,1.25,0.2530410951698169,0.6,A0A8V1AG56 A0A8V0XBD4 Q98938 A0A8V0XMI5 A0A8V0Y290 A0A1I7Q3Z0 A0A8V0ZH96 A0A1D5P6T3 A0A8V0Y0F3 A0A8V0YFT7 F1NTQ2 A0A1L1RX77 A0A8V0ZSX6 A0A8V0X1T3 A0A8V1A7R0 A0A1D5P0D7 A0A1L4FLS3 A0A8V0ZE58 A0A8V0ZE30 A0A1D5PLP1 A0A8V0ZKI8 A0A8V1A9R2 A0A1D5PSI3
Biological Process,muscle cell differentiation,4,GO:0042692,7,115,255,2734,0.65,0.25458828402674905,0.59,Q98938 A0A8V0YQU2 A0A3Q2UHS2 A0A8V0Y699 A0A1D5PLP1 A0A8V0ZDW7 A0A1D5P0D7
Biological Process,regulation of leukocyte migration,4,GO:0002685,8,59,255,2734,1.45,0.2551658512420912,0.59,A0A8V1AG56 A0A8V0Y0F3 A0A8V0ZZZ5 A0A8V0XMI5 A0A8V0YLI1 A0A8V0YSF6 A0A8V0Y290 A0A8V1A3H9
Biological Process,anterior/posterior pattern specification,4,GO:0009952,11,86,255,2734,1.37,0.25716387387848505,0.59,A0A8V0ZKI8 A0A8V1AG56 Q0PVE4 Q98938 A0A8V0ZUA4 A0A8V0Y070 A0A8V0ZUU4 A0A3Q2UHS2 A0A8V0XXZ4 A0A8V0ZF83 A0A1D5PZ68
Biological Process,sulfur compound biosynthetic process,4,GO:0044272,11,86,255,2734,1.37,0.25716387387848505,0.59,A0A8V0ZJD3 F1NGB8 E1C3Z8 A0A8V0Z4R1 A0A1L1RX77 A0A8V0YGN2 A0A8V0Z938 Q9W6H0 A0A8V0X7J6 E1C2T4 A0A8V0YXI7
Biological Process,RNA metabolic process,5,GO:0016070,14,202,255,2734,0.74,0.2583287530629629,0.59,A0A8V0ZJ97 A0A8V0YFT7 A0A1D5PSI3 A0A8V0XPN5 A0A3Q2TTB3 A0A8V0XXW6 A0A8V1A8R2 A0A8V0ZY56 A0A8V0YQC4 A0A8V1A7Y9 Q6ITC7 A0A8V0ZE30 A0A8V1A7R0 A0A8V1A8L5
Biological Process,regulation of cell differentiation,4,GO:0045595,51,476,255,2734,1.15,0.25958743089729147,0.59,A0A8V1AG56 A0A8V1A9L3 A0A8V0X4D8 Q98938 A0A8V1AFP7 A0A8V0XMI5 A0A8V0ZUU4 A0A8V0Y0X2 A0A8V0YDT5 A0A1D5PBZ8 A0A8V0YMR1 A0A8V0Z8V4 A0A1I7Q421 A0A8V0YFT7 A0A8V0YQ88 A0A8V0ZSG8 A0A8V0YLI1 A0A8V0ZSX6 A0A8V1ACD6 A0A8V0YVB6 A0A8V1A7R0 A0A1D5P0D7 A0A8V0ZZZ5 A0A8V0Z189 A0A1L4FLS3 A0A8V0ZE58 A0A8V0X7P4 A0A3Q2TT95 Q00649 A0A8V0XE48 A0A8V1ABC9 A0A8V0ZRP2 A0A8V0XXK8 A0A8V0ZDW7 Q92182 A0A8V0ZKI8 A0A8V1A3S8 A0A8V0ZSN8 A0A8V0YDT4 A0A8V1A9R2 A0A8V0Z3U6 A0A1D5PSI3 A0A8V1AJI2 A0A1D5PT01 A0A8V0Z938 A0A8V0YDD6 A0A8V0YG24 A0A8V0XMV0 A0A8V0YLZ8 A0A8V0YRG2 A0A1D5PZ68
Biological Process,negative regulation of nervous system development,5,GO:0051961,15,121,255,2734,1.33,0.2603247131873351,0.58,A0A8V0ZKI8 A0A8V1AG56 A0A8V0Z8V4 A0A8V0ZZZ5 A0A1I7Q421 A0A1D5PSI3 A0A8V0Z938 A0A8V0YDT5 A0A8V0ZCF7 A0A8V0ZSX6 A0A8V1A7R0 A0A8V0YVB6 A0A8V1ACD6 A0A8V0YRG2 A0A8V0YMR1
Biological Process,primary metabolic process,2,GO:0044238,131,1499,255,2734,0.94,0.26140981748967207,0.58,A0A8V1A9L3 A0A8V0ZRZ8 A0A8V1ABA3 A0A8V0XEP8 A0A8V0YDT5 A0A8V0XEJ0 P15120 A0A8V0ZSC5 A0A1D5P480 A0A8V0XXW6 A0A1L1RX77 A0A8V0XPE8 A0A8V0YW57 A0A8V0X7J6 A0A8V1A3H7 A0A8V1A7R0 E1C0K5 A0A8V0Z0B9 A0A8V0ZZD4 A0A8V1A3N1 A0A8V0Y579 A0A8V0Z086 A0A8V0Y9F8 A0A8V0XE48 A0A1L1S0X5 A0A8V0YXI7 A0A8V0YYQ9 Q92182 A0A8V0ZJD3 F1NGB8 A0A8V0ZJ97 A0A3Q2TU24 A0A8V0ZSN8 A0A8V1A9R2 A0A1D5PSI3 A0A8V0Y070 A0A8V1A7Y9 P28687 A0A8V1AG56 E1C744 A0A8V0Z6E4 A0A8V0XXM5 A0A8V0XMI5 A0A8V0XH99 A0A8V1A0B4 A0A1I7Q3Z0 A0A8V0ZH96 A0A1D5PXI1 P02460 A0A8V0X637 F1NTQ2 E1C3Z8 A0A3Q2TTB3 A0A8V0ZP32 A0A8V0ZXC9 A0A8V0YRF2 E1C2T4 A0A1D5P0D7 A0A8V0Z6S1 A0A8V0XA92 A0A8V0ZZZ5 A0A8V0ZE58 A0A8V0YZJ3 A0A8V0XPN5 A0A8V0YSF6 A0A8V1ABC9 A0A8V0XKW4 A0A8V0ZRP2 A0A8V0ZE30 A0A8V1ADF6 A0A8V0Y4M6 Q05744 A0A1D5P201 A0A8V0YC20 A0A8V0YBE2 A0A1D5PT01 A0A8V0YRG2 A0A8V0X4D8 A0A8V0ZHL4 A0A8V0Y9B0 A0A1L1RP76 A0A8V0YC98 A0A1D5P6Q1 A0A8V0YFT7 A0A8V0XCD2 A0A8V0ZSG8 A0A8V0YK18 E1C733 A0A8V1A8R2 A0A8V0ZSX6 A0A8V0ZI47 A0A8V0ZY91 A0A8V0ZY42 A0A8V1A6Z0 A0A8V0Z865 A0A8V1ALI6 A0A8V0XXZ4 A0A8V0ZF83 A0A8V0ZY56 A0A8V0YDT4 A0A8V0YQC4 A0A8V0YDL8 P01875 A0A8V1A8L5 Q98938 A0A8V1ACH5 A0A8V0ZSD7 A0A8V0ZFG7 Q6ITC7 F1NNN0 A0A8V0ZTC0 A0A8V0ZEC1 A0A8V1AAN6 A0A1D5P6T3 F1NXR0 A0A8V1A8N2 A0A8V0WZN3 A0A8V0XWD4 A0A8V0YLI1 A0A8V0ZCF7 A0A8V0YVB6 A0A1D5P692 A0A8V0Z189 A0A1L4FLS3 A0A8V0ZJJ7 A0A1D5NT61 A0A1D5PMN7 A0A8V0Z938 A0A8V0YDD6 A0A8V0YHS1 A0A8V0YWM3
Biological Process,compound eye morphogenesis,6,GO:0001745,11,87,255,2734,1.36,0.2620097437179757,0.58,A0A8V0ZKI8 A0A8V1A9L3 A0A8V0XM98 Q98938 A0A8V0ZSN8 A0A8V1A9R2 A0A8V0ZUU4 A0A1D5NTR5 A0A8V0YDT5 A0A8V0XE48 A0A8V1A0B4
Biological Process,cellular response to nutrient levels,4,GO:0031669,8,60,255,2734,1.43,0.26202382141891706,0.58,A0A8V1AHP7 A0A8V0ZSG8 A0A8V1ABA3 A0A8V0XPE8 P02460 A0A8V0YLI1 A0A8V0ZSX6 A0A8V0YWM3
Biological Process,negative regulation of supramolecular fiber organization,6,GO:1902904,8,60,255,2734,1.43,0.26202382141891706,0.58,A0A8V0Y0F3 A0A8V0ZTR7 A0A1D5PBU5 A0A8V0Y290 A0A1L1RX77 A0A8V0YG24 Q00649 A0A8V0YLZ8
Biological Process,negative regulation of cellular catabolic process,6,GO:0031330,8,60,255,2734,1.43,0.26202382141891706,0.58,A0A8V0X4D8 A0A8V0XM02 P26652 A0A8V0X7P4 Q5ZJW4 A0A1L1RP76 A0A8V0XKW4 A0A8V1A7R0
Biological Process,dendrite morphogenesis,7,GO:0048813,8,60,255,2734,1.43,0.26202382141891706,0.58,A0A8V1AG56 A0A8V0Z8V4 A0A8V0X4D8 A0A8V0ZUU4 A0A8V0XH99 A0A8V0XE48 A0A1D5PBZ8 A0A8V0YRG2
Biological Process,anterior/posterior axis specification,4,GO:0009948,8,60,255,2734,1.43,0.26202382141891706,0.58,A0A8V0ZKI8 A0A8V1AG56 Q0PVE4 Q98938 A0A8V0ZUA4 A0A8V0Y070 A0A3Q2UHS2 A0A8V0ZF83
Biological Process,regulation of nervous system development,5,GO:0051960,36,324,255,2734,1.19,0.2622861002546678,0.58,A0A8V1AG56 A0A8V1A9L3 A0A8V0X4D8 Q98938 A0A8V0XMI5 A0A8V0ZUU4 A0A8V0YDT5 A0A1D5PBZ8 A0A8V0YMR1 A0A1D5P6T3 A0A8V0Z8V4 A0A1I7Q421 A0A8V0ZSX6 A0A8V0ZCF7 A0A8V1ACD6 A0A8V0YVB6 A0A8V1A7R0 A0A1D5P0D7 A0A8V0Y4Q2 A0A8V0ZZZ5 A0A3Q2TT95 Q00649 A0A1D5PDV9 A0A8V0XE48 A0A8V1ABC9 A0A8V0ZDW7 A0A8V0ZKI8 A0A8V0ZTR7 A0A8V1A3S8 A0A8V0Z3U6 A0A1D5PSI3 A0A8V1AJI2 A0A1D5PT01 A0A8V0Z938 A0A8V0YDD6 A0A8V0YRG2
Biological Process,establishment of tissue polarity,3,GO:0007164,6,40,255,2734,1.61,0.26373098078202617,0.58,A0A8V1AG56 A0A8V0ZSN8 A0A8V1A9R2 A0A8V0YDU6 A0A8V0ZUU4 A0A8V0XE48
Biological Process,axon extension,5,GO:0048675,6,40,255,2734,1.61,0.26373098078202617,0.58,A0A8V1AG56 A0A8V0Z8V4 A0A8V0YDT5 A0A8V1ACD6 A0A1D5PBZ8 P33005
Biological Process,circadian rhythm,2,GO:0007623,6,40,255,2734,1.61,0.26373098078202617,0.58,A0A8V0ZRZ8 A0A8V0ZSN8 A0A8V1A9R2 A0A8V0Z4R1 A0A8V0XMI5 A0A8V0ZFG7
Biological Process,establishment of planar polarity,4,GO:0001736,6,40,255,2734,1.61,0.26373098078202617,0.58,A0A8V1AG56 A0A8V0ZSN8 A0A8V1A9R2 A0A8V0YDU6 A0A8V0ZUU4 A0A8V0XE48
Biological Process,central nervous system neuron differentiation,5,GO:0021953,6,40,255,2734,1.61,0.26373098078202617,0.58,A0A8V0ZKI8 A0A8V1AG56 Q98938 A0A8V0Z3U6 A0A8V1ABC9 A0A8V0YRG2
Biological Process,cartilage development,4,GO:0051216,6,40,255,2734,1.61,0.26373098078202617,0.58,A0A8V0ZKI8 Q98938 A0A8V0ZE58 A0A8V1ABC9 A0A8V0Z8N6 P02460
Biological Process,establishment of mitotic spindle localization,5,GO:0040001,4,23,255,2734,1.86,0.2649626781892733,0.58,A0A8V0ZE30 A0A1D5PBZ8 Q0PVE4 A0A8V0XBD4
Biological Process,detection of stimulus involved in sensory perception,3,GO:0050906,4,23,255,2734,1.86,0.2649626781892733,0.58,A0A8V0YLI1 A0A8V1ACV0 A0A1D5PXI1 A0A8V1ABC9
Biological Process,positive regulation of fibroblast proliferation,6,GO:0048146,4,23,255,2734,1.86,0.2649626781892733,0.58,A0A8V1AG56 A0A3Q2TU24 A0A8V0YDD6 A0A8V0YDT4
Biological Process,negative regulation of molecular function,3,GO:0044092,30,265,255,2734,1.21,0.26531358667009314,0.58,A0A8V0X4D8 A0A8V1ABA3 A0A1L1RP76 A0A1I7Q3Z0 A0A8V0XYK6 A0A1D5P6T3 F1NXR0 A0A8V0X637 A0A1D5PEW1 A0A1L1RX77 A0A8V0ZSX6 A0A8V0YVB6 A0A8V0YRF2 A0A8V0ZZZ5 Q0PVE4 A0A8V0ZY91 Q00649 A0A8V0XE48 A0A8V1ABC9 A0A8V0ZKI8 A0A8V1AHP7 A0A8V1A3S8 A0A8V0ZUA4 P26652 A0A8V0YF36 A0A1D5PSI3 A0A8V1AJI2 A0A1L1RKY9 A0A8V0YRG2 A0A8V1A8L5
Biological Process,negative regulation of intracellular signal transduction,6,GO:1902532,19,162,255,2734,1.26,0.26612700636454,0.57,A0A8V1A9L3 A0A8V1ABA3 A0A8V1ACH5 A0A8V0YDT5 A0A8V0Y290 A0A1I7Q3Z0 A0A8V0Y0F3 A0A8V0YFT7 A0A8V0ZSG8 A0A8V0X637 A0A1D5PEW1 A0A1L1RX77 Q00649 A0A8V1ABC9 A0A8V0XKW4 A0A8V0YDT4 P26652 A0A8V0YLZ8 A0A8V0YRG2
Biological Process,coagulation,2,GO:0050817,5,90,255,2734,0.6,0.26862652030704526,0.57,A0A8V0ZJD3 A0A3Q2TU24 A0A8V0YDT4 A0A8V1ABC9 A0A1I7Q3Z0
Biological Process,regulation of neurogenesis,6,GO:0050767,30,268,255,2734,1.2,0.26879487340389935,0.57,A0A8V1AG56 A0A8V1A9L3 A0A8V0X4D8 Q98938 A0A8V0XMI5 A0A8V0ZUU4 A0A8V0YDT5 A0A1D5PBZ8 A0A8V0YMR1 A0A8V0Z8V4 A0A1I7Q421 A0A8V0ZSX6 A0A8V1ACD6 A0A8V0YVB6 A0A8V1A7R0 A0A1D5P0D7 A0A8V0ZZZ5 A0A3Q2TT95 Q00649 A0A8V0XE48 A0A8V0ZDW7 A0A8V0ZKI8 A0A8V1A3S8 A0A8V0Z3U6 A0A1D5PSI3 A0A8V1AJI2 A0A1D5PT01 A0A8V0Z938 A0A8V0YDD6 A0A8V0YRG2
Biological Process,protein catabolic process,4,GO:0030163,11,164,255,2734,0.72,0.26920525409893376,0.57,Q05744 A0A8V0XWD4 A0A8V0XEP8 A0A8V0ZY42 A0A8V0ZCF7 A0A8V0YSF6 A0A8V0ZFG7 A0A8V0YVB6 A0A8V0XKW4 A0A8V0ZRP2 A0A8V0ZH96
Biological Process,sensory perception of mechanical stimulus,5,GO:0050954,8,61,255,2734,1.41,0.26954007123423906,0.57,A0A8V0XBD4 F1NTQ2 A0A8V0ZY91 A0A8V1ACH5 A0A8V0YLI1 R4GGQ4 A0A8V1A0B4 P02460
Biological Process,stem cell differentiation,4,GO:0048863,6,41,255,2734,1.57,0.2702004187236341,0.57,A0A8V0ZKI8 A0A8V0ZY42 A0A8V0YDD6 A0A8V1ACD6 A0A1D5PZ68 A0A8V1ADF6
Biological Process,male gamete generation,4,GO:0048232,11,167,255,2734,0.71,0.2704405293248182,0.57,A0A8V0XBD4 A0A1D5PBU5 A0A8V0XZH4 A0A8V0WZN3 A0A8V0XMI5 A0A8V0ZUU4 A0A8V0YW57 A0A8V0YDT5 P15120 A0A8V0XKW4 A0A8V0ZEC1
Biological Process,negative regulation of macromolecule metabolic process,5,GO:0010605,54,506,255,2734,1.14,0.27064097667641507,0.57,A0A8V1AG56 A0A8V0X4D8 Q98938 A0A8V1ABA3 A0A8V0Y999 A0A8V0XMI5 A0A8V1ACH5 A0A1D5NTR5 A0A1L1RP76 Q6ITC7 A0A8V0Y290 A0A1I7Q3Z0 A0A1D5P6T3 A0A1I7Q421 A0A8V0Y0F3 A0A8V0YFT7 A0A8V0ZSG8 A0A8V0X637 A0A8V1A8R2 A0A1D5PEW1 A0A1L1RX77 A0A8V0YW57 Q5ZJ73 A0A8V0ZSX6 A0A8V0YLI1 A0A8V0YRF2 A0A8V0YVB6 A0A8V1A7R0 A0A8V0YIC3 A0A8V0ZZZ5 Q0PVE4 A0A8V0X7P4 A0A8V0XPN5 A0A8V0ZY91 Q00649 A0A8V0YSF6 A0A8V0XE48 A0A8V0Y699 A0A8V1ABC9 A0A8V0ZE30 A0A8V0ZF83 A0A8V0ZY56 A0A8V0ZKI8 A0A8V0ZJ97 A0A8V1A3S8 A0A8V0YDT4 A0A8V1A9R2 P26652 A0A8V0Z9Z7 A0A1D5PSI3 A0A8V0Y070 A0A8V1AJI2 A0A8V0YRG2 A0A8V1A8L5
Biological Process,hemostasis,4,GO:0007599,5,92,255,2734,0.58,0.2708350962676138,0.57,A0A8V0ZJD3 A0A3Q2TU24 A0A8V0YDT4 A0A8V1ABC9 A0A1I7Q3Z0
Biological Process,behavior,2,GO:0007610,30,270,255,2734,1.19,0.27210051122653434,0.57,A0A8V0XBD4 A0A8V1ABA3 A0A3Q2UHS2 A0A1D5PBZ8 A0A8V0ZFG7 A0A1D5P6T3 A0A8V0ZSG8 A0A3Q2UGW3 F1NTQ2 A0A8V0ZSX6 A0A8V1A7R0 A0A8V0Z086 A0A8V0Y9F8 A0A8V0YPB9 A0A8V0YSF6 A0A8V1ALI6 A0A8V1ABC9 A0A8V0XKW4 A0A8V0YXI7 A0A8V0ZDW7 A0A8V0ZKI8 A0A8V0XM98 A0A8V0YWI5 A0A1D5PBU5 A0A1D5NT61 A0A8V0ZSN8 A0A8V1A9R2 A0A1D5PMN7 A0A8V0Z938 A0A8V0YRG2
Biological Process,positive regulation of cell projection organization,6,GO:0031346,20,169,255,2734,1.27,0.27281776099600286,0.56,A0A8V1AG56 A0A8V0X4D8 A0A8V0YDU6 A0A8V0XMI5 A0A8V0ZUU4 A0A1D5NTR5 A0A8V0YQU2 A0A8V0YDT5 A0A3Q2UHS2 A0A1D5PBZ8 A0A1I7Q3Z0 Q0PVE4 Q00649 A0A8V0ZDW7 A0A8V0ZKI8 A0A8V0Z3U6 A0A1D5PSI3 A0A8V1AJI2 A0A1D5PT01 A0A8V0YDD6
Biological Process,hexose metabolic process,4,GO:0019318,3,62,255,2734,0.52,0.2734169258598095,0.56,A0A8V1ALI6 A0A8V0YZJ3 A0A8V0ZI47
Biological Process,macromolecule localization,2,GO:0033036,51,624,255,2734,0.88,0.2735409982566794,0.56,A0A8V1AG56 A0A8V0X4D8 A0A8V0XBD4 A0A8V0ZBR8 A0A8V0YBZ6 A0A8V1AEJ4 A0A8V0YDU6 A0A8V0XMI5 A0A8V1ACH5 A0A3Q2UHS2 R4GGQ4 A0A1D5PBZ8 Q6ITC7 A0A8V0YG88 A0A8V1A0B4 A0A8V1ACV0 A0A8V0YVI8 A0A8V0XYK6 F1NTQ2 A0A8V1A8R2 A0A8V0XPE8 A0A8V1ADS4 A0A8V1A3H7 A0A8V1A7R0 A0A8V0XS21 A0A8V0YIC3 A0A8V0XA92 A0A8V0ZZZ5 Q0PVE4 A0A8V0X7P4 A0A8V0XPN5 Q5ZJW4 A0A8V0Y9F8 Q00649 A0A8V0Z086 A0A8V0XE48 A0A8V0Y699 A0A8V1ABC9 A0A8V0ZRP2 A0A1D5PGC2 A0A8V0ZKI8 A0A8V0XM98 A0A8V0ZTR7 A0A1D5PBU5 A0A8V0ZUA4 A0A8V0YDT4 A0A8V0Z3U6 A0A8V0Z9Z7 A0A8V0Y357 A0A8V0XMV0 P28687
Biological Process,regulation of protein localization to membrane,6,GO:1905475,3,63,255,2734,0.51,0.27363474163708934,0.56,A0A8V0Z189 A0A8V0YRG2 A0A8V0XYK6
Biological Process,amine metabolic process,4,GO:0009308,2,11,255,2734,1.95,0.27393400682631014,0.56,F1NBR3 A0A1D5P692
Biological Process,ovarian nurse cell to oocyte transport,2,GO:0007300,2,11,255,2734,1.95,0.27393400682631014,0.56,A0A8V0XE48 A0A8V0XBD4
Biological Process,postreplication repair,6,GO:0006301,2,11,255,2734,1.95,0.27393400682631014,0.56,A0A8V0YW57 A0A3Q2TTB3
Biological Process,positive regulation of collagen metabolic process,5,GO:0010714,2,11,255,2734,1.95,0.27393400682631014,0.56,A0A8V0XPE8 Q98938
Biological Process,amino acid transport,5,GO:0006865,2,11,255,2734,1.95,0.27393400682631014,0.56,A0A8V0Y579 A0A8V0XBD4
Biological Process,mitotic spindle assembly,5,GO:0090307,2,11,255,2734,1.95,0.27393400682631014,0.56,A0A8V0YTK5 A0A1D5PBU5
Biological Process,positive regulation of clathrin-dependent endocytosis,7,GO:2000370,2,11,255,2734,1.95,0.27393400682631014,0.56,A0A3Q2UHS2 A0A8V1ABC9
Biological Process,spliceosomal complex assembly,7,GO:0000245,2,11,255,2734,1.95,0.27393400682631014,0.56,A0A8V0ZJ97 A0A8V0XXW6
Biological Process,nucleosome organization,8,GO:0034728,2,11,255,2734,1.95,0.27393400682631014,0.56,A0A8V1AEJ0 A0A8V0XMI5
Biological Process,placenta blood vessel development,4,GO:0060674,2,11,255,2734,1.95,0.27393400682631014,0.56,A0A8V0ZE58 A0A8V0ZUA4
Biological Process,regulation of cardiac muscle cell differentiation,6,GO:2000725,2,11,255,2734,1.95,0.27393400682631014,0.56,A0A8V0XXK8 A0A8V0XMV0
Biological Process,imaginal disc growth,3,GO:0007446,2,11,255,2734,1.95,0.27393400682631014,0.56,A0A1D5PSI3 Q98938
Biological Process,regulation of cyclin-dependent protein serine/threonine kinase activity,6,GO:0000079,2,11,255,2734,1.95,0.27393400682631014,0.56,A0A8V0X1T3 A0A1I7Q3Z0
Biological Process,regulation of cAMP-mediated signaling,6,GO:0043949,2,11,255,2734,1.95,0.27393400682631014,0.56,A0A8V1A9L3 A0A8V1ABC9
Biological Process,sensory perception of taste,6,GO:0050909,2,11,255,2734,1.95,0.27393400682631014,0.56,A0A8V1ACV0 A0A1D5PXI1
Biological Process,response to interleukin-4,5,GO:0070670,2,11,255,2734,1.95,0.27393400682631014,0.56,A0A8V1A9R2 E1C733
Biological Process,skeletal muscle tissue regeneration,4,GO:0043403,2,11,255,2734,1.95,0.27393400682631014,0.56,A0A8V0YYQ9 P15120
Biological Process,regulation of osteoblast proliferation,5,GO:0033688,2,11,255,2734,1.95,0.27393400682631014,0.56,A0A8V0ZE58 A0A8V0YF36
Biological Process,neuron projection extension involved in neuron projection guidance,5,GO:1902284,2,11,255,2734,1.95,0.27393400682631014,0.56,A0A8V0Z8V4 A0A8V1ACD6
Biological Process,granulocyte chemotaxis,4,GO:0071621,2,11,255,2734,1.95,0.27393400682631014,0.56,E1C733 A0A8V1ABC9
Biological Process,negative regulation of protein tyrosine kinase activity,8,GO:0061099,2,11,255,2734,1.95,0.27393400682631014,0.56,A0A8V0ZZZ5 A0A8V1A3S8
Biological Process,regulation of membrane protein ectodomain proteolysis,6,GO:0051043,2,11,255,2734,1.95,0.27393400682631014,0.56,A0A8V0X4D8 P26652
Biological Process,positive regulation of extracellular matrix organization,6,GO:1903055,2,11,255,2734,1.95,0.27393400682631014,0.56,A0A8V0Y290 A0A8V0Y0F3
Biological Process,DNA recombination,6,GO:0006310,2,11,255,2734,1.95,0.27393400682631014,0.56,A0A8V0YW57 A0A8V0XMI5
Biological Process,negative regulation of epithelial cell apoptotic process,7,GO:1904036,2,11,255,2734,1.95,0.27393400682631014,0.56,A0A8V1AHP7 A0A8V1A3H9
Biological Process,regulation of platelet activation,5,GO:0010543,2,11,255,2734,1.95,0.27393400682631014,0.56,A0A3Q2TU24 A0A8V1ABC9
Biological Process,maternal placenta development,3,GO:0001893,2,11,255,2734,1.95,0.27393400682631014,0.56,A0A8V0Z8N6 A0A8V0ZUA4
Biological Process,positive regulation of collagen biosynthetic process,6,GO:0032967,2,11,255,2734,1.95,0.27393400682631014,0.56,A0A8V0XPE8 Q98938
Biological Process,negative regulation of dendrite development,5,GO:2000171,2,11,255,2734,1.95,0.27393400682631014,0.56,A0A8V0YDT5 A0A8V0YMR1
Biological Process,eating behavior,4,GO:0042755,2,11,255,2734,1.95,0.27393400682631014,0.56,A0A8V1A7R0 A0A8V0YWI5
Biological Process,torso signaling pathway,6,GO:0008293,2,11,255,2734,1.95,0.27393400682631014,0.56,A0A8V0ZF83 A0A8V0Y070
Biological Process,compound eye photoreceptor fate commitment,7,GO:0001752,2,11,255,2734,1.95,0.27393400682631014,0.56,Q98938 A0A8V0ZUU4
Biological Process,response to amyloid-beta,5,GO:1904645,2,11,255,2734,1.95,0.27393400682631014,0.56,A0A8V0YDD6 A0A8V0YSF6
Biological Process,regulation of glycogen metabolic process,6,GO:0070873,2,11,255,2734,1.95,0.27393400682631014,0.56,A0A1D5P6T3 A0A8V0XMI5
Biological Process,eye photoreceptor cell fate commitment,6,GO:0042706,2,11,255,2734,1.95,0.27393400682631014,0.56,Q98938 A0A8V0ZUU4
Biological Process,positive regulation of axon guidance,6,GO:1902669,2,11,255,2734,1.95,0.27393400682631014,0.56,A0A8V1AG56 A0A8V0ZUU4
Biological Process,axon extension involved in axon guidance,6,GO:0048846,2,11,255,2734,1.95,0.27393400682631014,0.56,A0A8V0Z8V4 A0A8V1ACD6
Biological Process,B cell mediated immunity,5,GO:0019724,4,24,255,2734,1.79,0.2740889016154531,0.56,A0A8V0ZZD4 A0A8V0YW57 P01875 A0A8V0XEJ0
Biological Process,IRE1-mediated unfolded protein response,4,GO:0036498,4,24,255,2734,1.79,0.2740889016154531,0.56,F1NGB8 A0A8V0ZXC9 A0A8V0XEP8 A0A8V0Y699
Biological Process,apical protein localization,5,GO:0045176,4,24,255,2734,1.79,0.2740889016154531,0.56,A0A8V0XM98 Q0PVE4 A0A3Q2UHS2 A0A8V1A0B4
Biological Process,sodium ion transport,7,GO:0006814,4,24,255,2734,1.79,0.2740889016154531,0.56,A0A8V0YLZ5 A0A8V1AM47 A0A1D5NYS2 A0A8V0ZRZ8
Biological Process,antigen receptor-mediated signaling pathway,5,GO:0050851,4,24,255,2734,1.79,0.2740889016154531,0.56,P01875 A0A1I7Q3Z0 A0A8V0XEJ0 A0A8V0ZZZ5
Biological Process,actin filament bundle assembly,5,GO:0051017,4,24,255,2734,1.79,0.2740889016154531,0.56,A0A8V0YLI1 A0A1I7Q3Z0 A0A1L1RKY9 A0A8V0YG88
Biological Process,stem cell development,4,GO:0048864,4,24,255,2734,1.79,0.2740889016154531,0.56,A0A8V0YDD6 A0A1D5PZ68 A0A8V1ADF6 A0A8V1ACD6
Biological Process,regulation of adaptive immune response,5,GO:0002819,4,24,255,2734,1.79,0.2740889016154531,0.56,A0A8V1A9R2 A0A8V0ZSX6 A0A8V0YW57 A0A8V0XMI5
Biological Process,immunoglobulin mediated immune response,6,GO:0016064,4,24,255,2734,1.79,0.2740889016154531,0.56,A0A8V0ZZD4 A0A8V0YW57 P01875 A0A8V0XEJ0
Biological Process,branching involved in open tracheal system development,5,GO:0060446,4,24,255,2734,1.79,0.2740889016154531,0.56,A0A8V0YXI7 A0A8V1A0B4 A0A8V0YIC3 Q0PVE4
Biological Process,negative regulation of leukocyte activation,5,GO:0002695,4,24,255,2734,1.79,0.2740889016154531,0.56,A0A8V1A9R2 A0A8V0YLI1 Q98938 A0A8V0XMI5
Biological Process,negative regulation of ion transmembrane transporter activity,5,GO:0032413,4,24,255,2734,1.79,0.2740889016154531,0.56,A0A8V0YRG2 A0A8V1ABC9 A0A8V0ZY91 A0A8V0XYK6
Biological Process,RNA splicing,7,GO:0008380,3,64,255,2734,0.5,0.27464774352845994,0.56,A0A8V0ZJ97 A0A1D5PSI3 A0A8V0XXW6
Biological Process,positive regulation of cell cycle process,6,GO:0090068,3,64,255,2734,0.5,0.27464774352845994,0.56,A0A8V1AG56 A0A1D5P6T3 A0A8V0XE48
Biological Process,signal release,4,GO:0023061,3,64,255,2734,0.5,0.27464774352845994,0.56,Q5ZJW4 A0A8V0YIC3 A0A8V0ZUA4
Biological Process,protein modification by small protein conjugation or removal,6,GO:0070647,8,126,255,2734,0.68,0.2749356225398194,0.56,F1NNN0 A0A8V0ZSG8 A0A8V0ZY42 A0A8V0ZFG7 A0A1L1RP76 A0A8V0YRF2 A0A8V0ZH96 A0A8V0ZEC1
Biological Process,regulation of actin cytoskeleton organization,5,GO:0032956,8,130,255,2734,0.66,0.2771056599734205,0.56,A0A3Q2TU24 A0A8V0ZTR7 A0A8V0XBD4 E1C733 Q00649 A0A3Q2UHS2 A0A8V0XE48 A0A8V0YLZ8
Biological Process,digestive tract morphogenesis,4,GO:0048546,6,42,255,2734,1.53,0.2776862089132187,0.56,A0A8V1AG56 A0A8V0ZSN8 Q98938 A0A8V1A9R2 A0A8V0YDU6 A0A3Q2UHS2
Biological Process,positive regulation of cysteine-type endopeptidase activity involved in apoptotic process,9,GO:0043280,6,42,255,2734,1.53,0.2776862089132187,0.56,A0A8V0YWI5 A0A8V0YFT7 A0A8V0ZE58 A0A8V0XMI5 A0A8V0XKW4 A0A8V0YWM3
Biological Process,cell-cell junction assembly,6,GO:0007043,6,42,255,2734,1.53,0.2776862089132187,0.56,Q0PVE4 A0A8V0ZSG8 A0A1D5PBZ8 A0A8V0Y699 A0A8V1ABC9 A0A8V1A0B4
Biological Process,embryonic heart tube development,4,GO:0035050,6,42,255,2734,1.53,0.2776862089132187,0.56,A0A8V0ZKI8 A0A8V1AG56 A0A8V0Z8V4 Q98938 A0A8V0ZUA4 A0A3Q2UHS2
Biological Process,vesicle targeting,2,GO:0006903,6,42,255,2734,1.53,0.2776862089132187,0.56,A0A8V0YIC3 A0A8V0ZUA4 A0A8V1AFR2 A0A8V0XM02 Q5ZJW4 A0A8V0YVB6
Biological Process,negative regulation of biosynthetic process,5,GO:0009890,25,221,255,2734,1.21,0.27854929348123053,0.56,A0A8V1AG56 A0A8V0XMI5 A0A8V1ACH5 A0A1D5NTR5 A0A8V0Y290 A0A1I7Q3Z0 A0A8V1A3H9 A0A8V0Y0F3 A0A1I7Q421 A0A8V0YFT7 A0A8V0ZSG8 Q5ZJ73 A0A8V0YLI1 A0A8V0ZSX6 A0A8V1A7R0 A0A8V0YY90 A0A8V0Y699 A0A8V1ABC9 A0A8V0ZE30 A0A8V0ZY56 A0A8V0Y4M6 A0A3Q2TU24 A0A8V1A9R2 A0A8V0Z9Z7 A0A1D5PSI3
Biological Process,positive regulation of transcription by RNA polymerase II,9,GO:0045944,16,131,255,2734,1.31,0.278636727936276,0.55,A0A8V0ZKI8 A0A8V1AG56 A0A8V0YFT7 A0A8V0XBD4 Q98938 A0A8V1A9R2 F1NTQ2 A0A1L4FLS3 A0A8V0ZE58 A0A1D5PSI3 A0A8V0XMI5 A0A1L1RX77 A0A8V0ZSX6 A0A8V0X1T3 A0A8V1A7R0 A0A8V0ZH96
Biological Process,tissue morphogenesis,3,GO:0048729,38,349,255,2734,1.17,0.27893382970722735,0.55,A0A8V1AG56 A0A8V0XBD4 Q98938 A0A8V0YDU6 A0A8V0ZUU4 A0A8V0XH99 A0A3Q2UHS2 A0A1D5PBZ8 A0A8V1A0B4 A0A1I7Q3Z0 A0A8V0ZEC1 A0A8V1A3H9 A0A8V1AAN6 A0A8V0Z8V4 A0A1I7Q421 E1C733 A0A1D5PEW1 A0A8V0YVB6 A0A8V0XS21 A0A8V0YIC3 Q0PVE4 A0A8V0ZE58 A0A8V0XE48 A0A8V0Y699 A0A8V0Z8N6 A0A8V0YXI7 A0A8V0ZF83 A0A8V0ZKI8 A0A8V0ZTR7 A0A8V0ZSN8 A0A8V0ZUA4 A0A8V1A9R2 P26652 A0A8V0Y070 A0A8V0Z938 P33005 A0A8V0YRG2 A0A1D5PZ68
Biological Process,mRNA processing,7,GO:0006397,3,66,255,2734,0.49,0.2789675769389218,0.55,A0A8V0ZJ97 A0A1D5PSI3 A0A8V0XXW6
Biological Process,organic substance transport,4,GO:0071702,34,432,255,2734,0.84,0.2799487153615732,0.55,A0A8V0XBD4 A0A8V0YBZ6 A0A8V1AEJ4 A0A8V0XMI5 R4GGQ4 A0A8V0YG88 Q6ITC7 A0A8V0XYK6 A0A1D5NYS2 A0A8V1A8R2 A0A8V1ADS4 A0A8V1A3H7 A0A8V0YLZ5 A0A8V1A7R0 A0A8V0XS21 A0A8V0YIC3 A0A8V0XA92 A0A8V0Y579 A0A8V0X7P4 A0A8V0XPN5 Q5ZJW4 A0A8V0Y9F8 Q00649 A0A8V0ZJJ7 A0A8V0ZRP2 F1P4D6 A0A1D5PGC2 A0A8V0ZKI8 A0A8V0ZTR7 A0A8V0ZUA4 A0A8V0Z9Z7 A0A8V1AM47 A0A8V0XMV0 P28687
Biological Process,vasculature development,4,GO:0001944,16,132,255,2734,1.3,0.2805502063134555,0.55,A0A3Q2TU24 A0A8V0ZZZ5 A0A8V0XA92 Q98938 A0A8V0ZSG8 A0A8V0ZUA4 A0A8V0ZE58 A0A8V0Y070 A0A8V0XPE8 A0A8V0ZCF7 A0A1D5PBZ8 P15120 A0A8V0XXZ4 A0A8V0YRG2 A0A1D5PZ68 A0A1D5P0D7
Biological Process,response to carbohydrate,4,GO:0009743,9,67,255,2734,1.44,0.28222529365314664,0.55,A0A1D5P6T3 A0A8V0ZRZ8 A0A1D5PSI3 A0A8V0XMI5 A0A8V0YDD6 A0A8V0ZJJ7 P15120 A0A8V1ABC9 A0A8V0YDL8
Biological Process,regulation of tumor necrosis factor superfamily cytokine production,5,GO:1903555,4,25,255,2734,1.72,0.2848340909011029,0.55,A0A8V1AG56 A0A1L4FLS3 Q00649 A0A8V0XMI5
Biological Process,regulation of tumor necrosis factor production,6,GO:0032680,4,25,255,2734,1.72,0.2848340909011029,0.55,A0A8V1AG56 A0A1L4FLS3 Q00649 A0A8V0XMI5
Biological Process,actin filament bundle organization,6,GO:0061572,4,25,255,2734,1.72,0.2848340909011029,0.55,A0A8V0YLI1 A0A1I7Q3Z0 A0A1L1RKY9 A0A8V0YG88
Biological Process,neuromuscular process,4,GO:0050905,4,25,255,2734,1.72,0.2848340909011029,0.55,A0A8V0Z086 F1NTQ2 A0A8V1ALI6 A0A8V0XEP8
Biological Process,negative regulation of cellular response to transforming growth factor beta stimulus,6,GO:1903845,4,25,255,2734,1.72,0.2848340909011029,0.55,A0A8V0XPE8 A0A8V0Y0F3 A0A8V0Y290 A0A8V0YQ88
Biological Process,regulation of neuron projection regeneration,4,GO:0070570,4,25,255,2734,1.72,0.2848340909011029,0.55,A0A1D5PT01 A0A8V0Z938 A0A8V0YDT5 A0A8V0ZZZ5
Biological Process,regulation of interleukin-6 production,5,GO:0032675,4,25,255,2734,1.72,0.2848340909011029,0.55,A0A8V0XMI5 A0A1L4FLS3 A0A8V1AG56 A0A8V1ABA3
Biological Process,vascular endothelial growth factor receptor signaling pathway,6,GO:0048010,4,25,255,2734,1.72,0.2848340909011029,0.55,Q00649 A0A1I7Q3Z0 A0A3Q2UHS2 A0A8V0XE48
Biological Process,regulation of cell-substrate junction assembly,6,GO:0090109,4,25,255,2734,1.72,0.2848340909011029,0.55,A0A8V0YLZ8 A0A1I7Q3Z0 A0A8V0XE48 A0A8V0ZZZ5
Biological Process,egg-laying behavior,3,GO:0018991,4,25,255,2734,1.72,0.2848340909011029,0.55,A0A8V0YXI7 A0A8V0Z938 A0A3Q2UHS2 A0A1D5PBU5
Biological Process,regulation of focal adhesion assembly,7,GO:0051893,4,25,255,2734,1.72,0.2848340909011029,0.55,A0A8V0YLZ8 A0A1I7Q3Z0 A0A8V0XE48 A0A8V0ZZZ5
Biological Process,negative regulation of transforming growth factor beta receptor signaling pathway,7,GO:0030512,4,25,255,2734,1.72,0.2848340909011029,0.55,A0A8V0XPE8 A0A8V0Y0F3 A0A8V0Y290 A0A8V0YQ88
Biological Process,regulation of dendritic spine development,4,GO:0060998,4,25,255,2734,1.72,0.2848340909011029,0.55,A0A8V1A3S8 A0A8V0YDT5 A0A8V0YMR1 A0A1D5PSI3
Biological Process,imaginal disc pattern formation,4,GO:0007447,4,25,255,2734,1.72,0.2848340909011029,0.55,A0A8V0ZKI8 A0A8V0XH99 A0A8V0XM02 Q98938
Biological Process,neuroblast proliferation,4,GO:0007405,4,25,255,2734,1.72,0.2848340909011029,0.55,A0A8V0ZKI8 Q0PVE4 A0A8V0YTK5 A0A8V0XBD4
Biological Process,post-embryonic animal morphogenesis,3,GO:0009886,16,134,255,2734,1.28,0.2854948442135863,0.54,A0A8V0ZKI8 A0A8V0ZTR7 A0A8V0XBD4 Q98938 A0A8V0ZSN8 A0A8V1A9R2 P26652 A0A8V0Y070 A0A1D5PEW1 A0A1D5NTR5 A0A8V0XH99 A0A8V0XE48 A0A8V0Y699 A0A8V0YVB6 A0A1D5PBZ8 A0A8V0ZF83
Biological Process,positive regulation of cellular component organization,5,GO:0051130,48,447,255,2734,1.15,0.2855092045650277,0.54,A0A8V1AG56 A0A8V1A9L3 A0A8V0X4D8 Q98938 A0A8V1ABA3 A0A8V0YDU6 A0A8V0XMI5 A0A8V0ZUU4 A0A1D5NTR5 A0A8V0YQU2 A0A8V0YDT5 A0A3Q2UHS2 A0A1D5PBZ8 A0A8V0Y290 A0A1I7Q3Z0 A0A8V0ZTC0 A0A8V0ZH96 A0A1D5P6T3 A0A8V0Y0F3 E1C733 A0A1L1RX77 E1C0K5 A0A8V0YIC3 A0A8V0ZZZ5 Q0PVE4 A0A8V0X7P4 Q00649 A0A1D5PDV9 A0A8V0XE48 A0A8V1ABC9 A0A8V0XKW4 A0A8V0ZRP2 A0A8V0ZE30 A0A8V0ZDW7 A0A8V0ZKI8 A0A8V0XM98 A0A8V0YWI5 A0A8V0ZTR7 A0A8V0ZSN8 A0A8V1A9R2 A0A8V0Z3U6 A0A1D5PSI3 A0A8V1AJI2 A0A1D5PT01 A0A8V0YDD6 A0A8V0YLZ8 A0A8V0YRG2 A0A8V0YWM3
Biological Process,epithelium migration,3,GO:0090132,12,97,255,2734,1.33,0.2855351068823976,0.54,A0A8V0Z8V4 A0A8V0YIC3 Q0PVE4 A0A8V0XBD4 Q98938 A0A8V0ZSN8 A0A8V1A9R2 A0A8V0YDU6 A0A8V0XMI5 A0A8V0YDT5 A0A8V0Y699 A0A8V0YXI7
Biological Process,epithelial cell migration,5,GO:0010631,12,97,255,2734,1.33,0.2855351068823976,0.54,A0A8V0Z8V4 A0A8V0YIC3 Q0PVE4 A0A8V0XBD4 Q98938 A0A8V0ZSN8 A0A8V1A9R2 A0A8V0YDU6 A0A8V0XMI5 A0A8V0YDT5 A0A8V0Y699 A0A8V0YXI7
Biological Process,compound eye photoreceptor cell differentiation,7,GO:0001751,6,43,255,2734,1.5,0.28611950278444886,0.54,A0A8V0ZSN8 Q98938 A0A8V1A9R2 A0A8V0ZUU4 A0A1D5NTR5 A0A8V0YDT5
Biological Process,neuromuscular junction development,6,GO:0007528,6,43,255,2734,1.5,0.28611950278444886,0.54,A0A8V0XM98 A0A1D5NTR5 A0A8V0YDT5 A0A3Q2UHS2 A0A8V1AAN6 A0A8V0XYK6
Biological Process,cellular response to ketone,5,GO:1901655,6,43,255,2734,1.5,0.28611950278444886,0.54,A0A8V0Z6E4 A0A1D5PSI3 A0A8V0YDD6 A0A8V0XE48 A0A1I7Q3Z0 A0A8V0YWM3
Biological Process,organic substance metabolic process,2,GO:0071704,139,1580,255,2734,0.94,0.2867739740775641,0.54,A0A8V1A9L3 F1NBR3 A0A8V0ZRZ8 A0A8V1ABA3 A0A8V0XEP8 A0A8V0Z4R1 A0A8V0YGN2 A0A8V0YDT5 A0A1D5PBZ8 P15120 A0A8V0XEJ0 A0A8V0ZSC5 A0A1D5P480 A0A8V0XXW6 A0A1L1RX77 A0A8V0XPE8 A0A8V0YW57 A0A8V0X7J6 A0A8V1A3H7 A0A8V1A7R0 E1C0K5 A0A8V0Z0B9 A0A8V0Y4Q2 A0A8V0ZZD4 A0A8V1A3N1 A0A8V0Y579 A0A8V0Z086 A0A8V0Y9F8 A0A8V0XE48 A0A1L1S0X5 A0A8V0YXI7 A0A8V0YYQ9 Q92182 A0A8V0ZJD3 F1NGB8 A0A8V0ZJ97 A0A3Q2TU24 A0A8V0ZSN8 A0A8V1A9R2 A0A1D5PSI3 A0A8V0Y070 Q9W6H0 A0A8V1A7Y9 P28687 A0A8V1AG56 E1C744 A0A8V0Z6E4 A0A8V0XXM5 A0A8V0XMI5 A0A8V0YC89 A0A8V0XH99 A0A8V1A0B4 A0A1I7Q3Z0 A0A8V0ZH96 A0A1D5PXI1 P02460 A0A8V0X637 F1NTQ2 E1C3Z8 A0A3Q2TTB3 A0A8V0ZP32 A0A8V0ZXC9 A0A8V0YRF2 E1C2T4 A0A1D5P0D7 A0A8V0Z6S1 A0A8V0XA92 A0A8V0ZZZ5 A0A8V0ZE58 A0A8V0YZJ3 A0A8V0XPN5 A0A8V0YSF6 A0A8V1ABC9 A0A8V0XKW4 A0A8V0ZRP2 A0A8V0ZE30 A0A8V1ADF6 A0A8V0Y4M6 Q05744 A0A1D5P201 A0A8V0YC20 A0A8V0YBE2 A0A1D5PT01 A0A8V0YRG2 A0A8V0X4D8 A0A8V0ZHL4 A0A8V0ZIF0 A0A8V0Y9B0 A0A1L1RP76 A0A8V0YC98 A0A1D5P6Q1 A0A8V0YFT7 A0A8V0XCD2 A0A8V0ZSG8 A0A8V0YK18 E1C733 A0A8V1A8R2 A0A8V0ZSX6 A0A8V0ZI47 A0A8V0ZY91 A0A8V0ZY42 A0A8V1A6Z0 A0A8V0Z865 A0A8V1ALI6 A0A8V0XXZ4 A0A8V0ZF83 A0A8V0ZY56 A0A8V0YDT4 A0A8V0YQC4 A0A8V0YDL8 P01875 A0A8V1A8L5 Q98938 A0A8V1ACH5 A0A8V0ZSD7 A0A8V0ZFG7 Q6ITC7 F1NNN0 A0A8V0ZTC0 A0A8V0ZEC1 A0A8V1AAN6 A0A1D5P6T3 F1NXR0 A0A8V1A8N2 A0A8V0WZN3 A0A8V0XWD4 A0A8V0YLI1 A0A8V0ZCF7 A0A8V0YVB6 A0A1D5P692 A0A8V0Z189 A0A1L4FLS3 A0A8V0ZJJ7 A0A1D5NT61 A0A1D5PMN7 A0A8V0Z938 A0A8V0YDD6 A0A8V0YHS1 A0A8V0YWM3
Biological Process,cellular process,1,GO:0009987,234,2554,255,2734,0.98,0.28716072130538506,0.54,A0A8V0Y8Q2 A0A8V0ZBM0 A0A8V1A9L3 F1NBR3 A0A8V0ZRZ8 A0A8V1ABA3 A0A8V1AEJ4 A0A8V0XEP8 A0A8V0Z4R1 A0A1D5NTR5 A0A8V0YGN2 A0A8V0YDT5 A0A3Q2UHS2 R4GGQ4 P15120 A0A1D5PBZ8 A0A8V0XEJ0 A0A8V0YQU2 A0A8V0ZEJ3 A0A8V1ACV0 A0A8V0Z8V4 A0A8V0ZSC5 A0A8V0YTK5 A0A1D5P480 A0A8V0XXW6 A0A1L1RX77 A0A8V0XPE8 A0A8V0YW57 Q5ZJ73 A0A8V1ACD6 A0A8V0YHL6 A0A8V0X7J6 A0A8V1A3H7 A0A8V1A7R0 E1C0K5 A0A8V0Y3L3 A0A8V0Z0B9 A0A8V0Y4Q2 A0A8V1A3N1 A0A8V0Y579 A0A8V0X7P4 A0A8V0XW00 A0A8V0Z086 A0A8V0Y9F8 A0A8V0XE48 A0A8V0Y699 A0A1L1S0X5 A0A8V0YXI7 A0A8V0YYQ9 A0A8V0XXK8 Q92182 A0A8V0ZJD3 F1NGB8 A0A8V0ZJ97 A0A8V0Y478 A0A3Q2TU24 A0A8V0ZSN8 A0A8V0ZUA4 A0A8V0XM98 A0A8V1A9R2 A0A8V0YIR4 A0A8V0ZTR7 A0A8V0YF36 A0A1D5PSI3 A0A8V0Y070 A0A8V0Y357 Q9W6H0 A0A8V1A7Y9 A0A8V0XMV0 P28687 A0A1D5NYA8 A0A8V1AG56 E1C744 A0A8V0Z6E4 A0A8V0XXM5 A0A8V0XMI5 A0A8V0XDR8 A0A8V0YC89 A0A8V0ZUU4 A0A8V0XH99 A0A8V1A0B4 A0A1I7Q3Z0 A0A8V0ZH96 A0A1D5PXI1 P02460 A0A8V0Y0F3 A0A8V0YUF6 A0A8V0X637 F1NTQ2 A0A1D5NYS2 E1C3Z8 A0A3Q2TTB3 A0A8V0XCW4 A0A8V0ZP32 A0A1D5PEW1 A0A8V0ZXC9 A0A8V0YRF2 E1C2T4 A0A8V1A6B5 A0A1D5P7Y2 A0A1D5P0D7 A0A8V0Z6S1 A0A8V0XA92 A0A8V0ZZZ5 Q0PVE4 A0A8V0ZRV9 A0A8V0ZE58 A0A8V0YZJ3 A0A8V0XPN5 Q5ZJW4 Q00649 A0A8V0YSF6 A0A1D5PDV9 A0A8V1ABC9 A0A8V0XKW4 A0A8V0ZRP2 A0A8V0ZE30 A0A8V1ADF6 A0A8V0Y4M6 A0A8V0YWI5 A0A1D5PBU5 Q05744 A0A8V1AFR2 A0A1D5P201 P26652 A0A8V1AJI2 A0A8V0YC20 A0A8V0YBE2 A0A1D5PT01 P33005 A0A8V0YRG2 A0A8V0X4D8 A0A8V0XBD4 A0A8V0ZBR8 A0A8V1A803 A0A8V0YBZ6 A0A8V1AFP7 A0A8V0Y0X2 A0A8V0ZHL4 A0A8V0Y9B0 A0A1L1RP76 A0A8V0YG88 A0A8V0YC98 A0A8V0YVI8 A0A8V0XYK6 A0A1D5P6Q1 A0A8V0YFT7 A0A8V0XCD2 A0A8V0ZSG8 A0A8V0ZHX5 A0A8V1AHP7 A0A8V0YK18 A0A8V0X535 E1C733 A0A8V1A8R2 A0A8V1ADS4 A0A8V0ZSX6 A0A1D5P8I8 A0A8V0YRN1 A0A8V0ZY91 A0A8V0ZY42 A0A8V1A6Z0 A0A8V0YPB9 A0A8V0ZGF6 A0A8V0Y8I0 A0A8V0Z865 A0A8V1ALI6 F1NJI3 A0A8V0XXZ4 A0A1D5PLP1 A0A8V0ZF83 A0A8V0ZY56 A0A1D5PGC2 A0A8V0ZKI8 A0A8V0YDT4 A0A8V0Z3U6 A0A8V0Y652 A0A8V0YQC4 A0A8V0YLZ8 A0A8V0YDL8 P01875 A0A8V1A8L5 Q98938 A0A8V0Y999 A0A8V0YDU6 A0A8V1ACH5 A0A8V0ZSD7 A0A8V0XWF0 A0A8V0ZFG7 Q6ITC7 A0A8V0XUJ8 A0A8V0Y290 F1NNN0 A0A8V0ZTC0 A0A8V1AEM5 A0A8V0ZEC1 A0A8V0YMR1 A0A8V0ZYI9 A0A8V1A3H9 A0A1D5P6T3 F1NXR0 A0A1I7Q421 A0A8V1AAN6 A0A8V0YQ88 A0A8V1A8N2 A0A3Q2UGW3 A0A8V0XM02 A0A8V0XZH4 A0A8V0WZN3 A0A8V0XWD4 A0A8V0YGQ5 A0A8V0YLI1 A0A8V0ZCF7 A0A8V0YVB6 A0A8V0YIC3 A0A1D5P692 A0A8V0Z189 A0A1L4FLS3 A0A8V0YE20 A0A3Q2TT95 A0A8V0ZJJ7 A0A8V0Z8N6 A0A8V1AEJ0 K9JA28 A0A8V0ZDW7 A0A1D5NT61 A0A8V1A3S8 A0A8V0Z9Z7 A0A1D5PMN7 A0A8V0Z938 A0A8V0YDD6 A0A1L1RKY9 A0A1D5PZ68 A0A8V0YWM3
Biological Process,response to nutrient levels,4,GO:0031667,21,180,255,2734,1.25,0.28716072130538506,0.54,A0A8V0Z6E4 A0A8V1ABA3 A0A8V0XXM5 A0A1I7Q3Z0 P02460 A0A1D5P6T3 A0A8V0YFT7 A0A8V0ZSG8 A0A8V0XPE8 A0A8V0YLI1 A0A8V0ZSX6 Q00649 A0A8V0Z8N6 A0A8V0ZKI8 A0A8V0YWI5 A0A8V1AHP7 Q05744 P26652 A0A8V0YC20 A0A8V0YDL8 A0A8V0YWM3
Biological Process,regulation of cell projection organization,5,GO:0031344,32,291,255,2734,1.18,0.28753425628451934,0.54,A0A8V1AG56 A0A8V0X4D8 A0A8V0YDU6 A0A8V0XMI5 A0A8V0ZUU4 A0A1D5NTR5 A0A8V0YQU2 A0A8V0YDT5 A0A3Q2UHS2 A0A1D5PBZ8 A0A1I7Q3Z0 A0A8V0YMR1 A0A8V0YVI8 A0A8V0Z8V4 A0A1I7Q421 A0A8V1ACD6 A0A8V0YVB6 A0A8V0ZZZ5 Q0PVE4 Q00649 A0A8V0XE48 A0A8V0ZDW7 A0A8V0ZKI8 A0A1D5PBU5 A0A8V1A3S8 A0A8V0Z3U6 A0A1D5PSI3 A0A8V1AJI2 A0A1D5PT01 A0A8V0Z938 A0A8V0YDD6 A0A8V0YRG2
Biological Process,positive regulation of nervous system development,5,GO:0051962,21,181,255,2734,1.24,0.28876787695861983,0.54,A0A8V1AG56 A0A8V0X4D8 A0A8V0XMI5 A0A8V0ZUU4 A0A8V0YDT5 A0A1D5PBZ8 A0A1D5P6T3 A0A1D5P0D7 A0A3Q2TT95 Q00649 A0A1D5PDV9 A0A8V1ABC9 A0A8V0ZDW7 A0A8V0ZKI8 A0A8V0ZTR7 A0A8V0Z3U6 A0A1D5PSI3 A0A8V1AJI2 A0A1D5PT01 A0A8V0YDD6 A0A8V0YRG2
Biological Process,supramolecular fiber organization,4,GO:0097435,21,182,255,2734,1.24,0.29065637709322,0.54,A0A8V0XBD4 A0A8V0YDU6 A0A1D5NTR5 A0A8V0YQU2 A0A8V0ZHL4 A0A3Q2UHS2 A0A8V0YG88 A0A8V1A0B4 A0A1I7Q3Z0 P02460 E1C733 A0A8V0YLI1 A0A1D5P8I8 A0A8V0Y699 A0A8V0ZE30 A0A1D5PLP1 A0A8V0XXK8 A0A8V0ZDW7 A0A1D5PBU5 A0A8V0Z3U6 A0A1L1RKY9
Biological Process,response to extracellular stimulus,3,GO:0009991,21,183,255,2734,1.23,0.29282176311471575,0.53,A0A8V0Z6E4 A0A8V1ABA3 A0A8V0XXM5 A0A1I7Q3Z0 P02460 A0A1D5P6T3 A0A8V0YFT7 A0A8V0ZSG8 A0A8V0XPE8 A0A8V0YLI1 A0A8V0ZSX6 Q00649 A0A8V0Z8N6 A0A8V0ZKI8 A0A8V0YWI5 A0A8V1AHP7 Q05744 P26652 A0A8V0YC20 A0A8V0YDL8 A0A8V0YWM3
Biological Process,negative regulation of neurogenesis,6,GO:0050768,12,99,255,2734,1.3,0.29478913130840717,0.53,A0A8V1AG56 A0A8V0Z8V4 A0A8V0ZZZ5 A0A1I7Q421 A0A8V0Z938 A0A8V0YDT5 A0A8V0ZSX6 A0A8V1A7R0 A0A8V1ACD6 A0A8V0YVB6 A0A8V0YRG2 A0A8V0YMR1
Biological Process,inorganic cation transmembrane transport,4,GO:0098662,6,100,255,2734,0.64,0.2950402462309336,0.53,A0A8V0ZTR7 A0A1D5NYS2 A0A8V0ZY91 A0A8V0YLI1 A0A8V1AM47 A0A8V0YLZ5
Biological Process,regulation of actin filament organization,6,GO:0110053,6,101,255,2734,0.64,0.29532709502564936,0.53,A0A8V0ZTR7 E1C733 Q00649 A0A3Q2UHS2 A0A8V0XE48 A0A8V0YLZ8
Biological Process,positive regulation of phosphatidylinositol 3-kinase/protein kinase B signal transduction,7,GO:0051897,6,44,255,2734,1.46,0.295431661884601,0.53,A0A1D5P6T3 A0A3Q2TU24 A0A8V1A3N1 A0A8V0YY90 A0A8V0YLZ8 A0A1I7Q3Z0
Biological Process,negative regulation of monoatomic ion transport,5,GO:0043271,6,44,255,2734,1.46,0.295431661884601,0.53,A0A8V0ZY91 A0A8V0YLI1 A0A8V1ABC9 A0A8V0Z8N6 A0A8V0YRG2 A0A8V0XYK6
Biological Process,monoatomic anion transmembrane transport,4,GO:0098656,6,44,255,2734,1.46,0.295431661884601,0.53,A0A8V0Y579 A0A1D5NYS2 A0A8V1AM47 A0A8V0ZJJ7 F1P4D6 A0A8V0YHF3
Biological Process,regulation of response to biotic stimulus,4,GO:0002831,6,44,255,2734,1.46,0.295431661884601,0.53,A0A8V0ZJ97 A0A8V0YFT7 A0A8V0XMI5 A0A8V0ZSX6 A0A8V1ABC9 K9JA28
Biological Process,protein activation cascade,5,GO:0072376,6,44,255,2734,1.46,0.295431661884601,0.53,A0A8V0ZZD4 A0A8V1A8N2 A0A8V0YDT4 A0A8V0XEJ0 P01875 A0A8V0YHS1
Biological Process,female sex differentiation,4,GO:0046660,6,44,255,2734,1.46,0.295431661884601,0.53,A0A8V1AG56 A0A1I7Q421 A0A1D5PSI3 A0A1D5NTR5 A0A8V1ABC9 A0A1I7Q3Z0
Biological Process,regulation of lymphocyte activation,5,GO:0051249,9,70,255,2734,1.38,0.296072280091356,0.53,A0A8V0ZZZ5 Q98938 A0A8V1A9R2 A0A8V0XMI5 A0A8V0YW57 A0A8V0YLI1 A0A8V0XEJ0 P01875 A0A1I7Q3Z0
Biological Process,cellular response to BMP stimulus,5,GO:0071773,4,26,255,2734,1.65,0.297021970588547,0.53,A0A1I7Q421 A0A1D5P0D7 A0A8V0YDD6 P02460
Biological Process,regulation of T cell proliferation,7,GO:0042129,4,26,255,2734,1.65,0.297021970588547,0.53,A0A8V1A9R2 A0A8V0YLI1 Q98938 A0A8V0XMI5
Biological Process,response to BMP,4,GO:0071772,4,26,255,2734,1.65,0.297021970588547,0.53,A0A1I7Q421 A0A1D5P0D7 A0A8V0YDD6 P02460
Biological Process,non-canonical Wnt signaling pathway,5,GO:0035567,4,26,255,2734,1.65,0.297021970588547,0.53,A0A8V0YLZ8 A0A8V0ZRP2 A0A8V1AG56 A0A8V0ZUU4
Biological Process,positive regulation of blood vessel endothelial cell migration,7,GO:0043536,4,26,255,2734,1.65,0.297021970588547,0.53,Q00649 A0A8V1ABC9 A0A8V0ZSG8 A0A8V0XMI5
Biological Process,heart looping,5,GO:0001947,4,26,255,2734,1.65,0.297021970588547,0.53,A0A8V0ZKI8 A0A8V0ZUA4 A0A8V1AG56 Q98938
Biological Process,asymmetric stem cell division,4,GO:0098722,4,26,255,2734,1.65,0.297021970588547,0.53,A0A8V0XH99 A0A8V0YTK5 A0A8V0XBD4 Q0PVE4
Biological Process,mushroom body development,3,GO:0016319,4,26,255,2734,1.65,0.297021970588547,0.53,A0A8V0YRG2 A0A1D5PBZ8 A0A8V0XM98 A0A8V0ZUU4
Biological Process,positive regulation of RNA biosynthetic process,7,GO:1902680,22,190,255,2734,1.24,0.29933311893820413,0.52,A0A8V1AG56 A0A8V0XBD4 Q98938 A0A8V0XMI5 A0A8V0Y290 A0A1I7Q3Z0 A0A8V0ZH96 A0A1D5P6T3 A0A8V0Y0F3 A0A8V0YFT7 F1NTQ2 A0A1L1RX77 A0A8V0ZSX6 A0A8V0X1T3 A0A8V1A7R0 A0A1D5P0D7 A0A1L4FLS3 A0A8V0ZE58 A0A1D5PLP1 A0A8V0ZKI8 A0A8V1A9R2 A0A1D5PSI3
Biological Process,defense response,3,GO:0006952,28,249,255,2734,1.21,0.30256161732297804,0.52,A0A8V1AG56 A0A8V0XXM5 A0A8V0XMI5 A0A1D5PBZ8 A0A8V0XEJ0 A0A1I7Q3Z0 A0A8V0ZEJ3 P01875 A0A8V0YFT7 A0A8V0ZSG8 A0A1D5P480 E1C733 A0A8V1A7R0 A0A8V0YIC3 A0A8V1A3N1 A0A8V0Y579 A0A1L4FLS3 A0A8V0Y9F8 Q00649 K9JA28 A0A8V0YWI5 Q05744 A0A8V0ZSN8 A0A8V1A9R2 A0A8V0Y652 A0A1D5PSI3 A0A8V0YRG2 A0A8V0YWM3
Biological Process,regulation of transport,4,GO:0051049,39,488,255,2734,0.86,0.3025769070690988,0.52,A0A8V1AG56 A0A8V0XBD4 A0A8V0YBZ6 A0A8V0Y999 A0A8V1AEJ4 A0A8V0XMI5 A0A3Q2UHS2 A0A1I7Q3Z0 A0A8V0XYK6 A0A1D5P6T3 A0A1I7Q421 A0A8V0XM02 A0A8V1ADS4 A0A8V0YLI1 A0A1D5P7Y2 E1C0K5 A0A8V0YIC3 A0A8V0ZZZ5 A0A8V0Z189 A0A8V0X7P4 A0A8V0ZY91 A0A8V0YY90 A0A8V0ZJJ7 A0A8V1ABC9 A0A8V0Z8N6 A0A8V0ZRP2 A0A8V0XM98 A0A8V0YWI5 A0A8V0ZTR7 A0A1D5NT61 A0A8V1A3S8 A0A8V0YDT4 A0A8V1A9R2 A0A1D5PSI3 A0A8V0YDD6 A0A8V0XMV0 A0A8V0YDL8 A0A8V0YRG2 A0A8V0YWM3
Biological Process,hindbrain development,3,GO:0030902,6,45,255,2734,1.43,0.3055545681953468,0.51,A0A8V0ZKI8 A0A1D5P6T3 F1NXR0 A0A1D5NT61 A0A3Q2UGW3 A0A1D5PSI3
Biological Process,regulation of extrinsic apoptotic signaling pathway,6,GO:2001236,6,45,255,2734,1.43,0.3055545681953468,0.51,A0A8V1A9R2 P26652 A0A8V0XMI5 A0A8V0XKW4 A0A1I7Q3Z0 P02460
Biological Process,vacuole organization,5,GO:0007033,6,45,255,2734,1.43,0.3055545681953468,0.51,Q05744 A0A8V1ABA3 F1NTQ2 A0A8V0XEP8 A0A8V0ZSD7 A0A8V1ALI6
Biological Process,epithelial tube branching involved in lung morphogenesis,5,GO:0060441,2,12,255,2734,1.79,0.30995493601109103,0.51,A0A8V1AAN6 A0A8V0YVB6
Biological Process,negative regulation of oxidative stress-induced intrinsic apoptotic signaling pathway,8,GO:1902176,2,12,255,2734,1.79,0.30995493601109103,0.51,A0A8V0XKW4 Q00649
Biological Process,positive regulation of cellular response to insulin stimulus,5,GO:1900078,2,12,255,2734,1.79,0.30995493601109103,0.51,A0A8V0YY90 A0A1I7Q3Z0
Biological Process,positive regulation of purine nucleotide biosynthetic process,8,GO:1900373,2,12,255,2734,1.79,0.30995493601109103,0.51,A0A1D5P6T3 A0A8V1A7R0
Biological Process,regulation of transcription initiation by RNA polymerase II,9,GO:0060260,2,12,255,2734,1.79,0.30995493601109103,0.51,A0A8V0ZH96 A0A8V0XMI5
Biological Process,platelet-derived growth factor receptor signaling pathway,6,GO:0048008,2,12,255,2734,1.79,0.30995493601109103,0.51,A0A3Q2TU24 A0A1I7Q3Z0
Biological Process,regulation of syncytium formation by plasma membrane fusion,4,GO:0060142,2,12,255,2734,1.79,0.30995493601109103,0.51,A0A8V0YFT7 A0A8V0XE48
Biological Process,male courtship behavior,5,GO:0008049,2,12,255,2734,1.79,0.30995493601109103,0.51,F1NTQ2 A0A1D5PBZ8
Biological Process,regulation of cardiac muscle tissue growth,6,GO:0055021,2,12,255,2734,1.79,0.30995493601109103,0.51,A0A8V0XXK8 A0A8V0XMV0
Biological Process,regulation of meiotic nuclear division,5,GO:0040020,2,12,255,2734,1.79,0.30995493601109103,0.51,A0A8V1AG56 A0A8V0YW57
Biological Process,positive regulation of T cell proliferation,8,GO:0042102,2,12,255,2734,1.79,0.30995493601109103,0.51,A0A8V1A9R2 A0A8V0XMI5
Biological Process,regulation of eating behavior,6,GO:1903998,2,12,255,2734,1.79,0.30995493601109103,0.51,A0A1D5P6T3 A0A8V1AEJ4
Biological Process,cell differentiation involved in kidney development,4,GO:0061005,2,12,255,2734,1.79,0.30995493601109103,0.51,A0A8V0Y0X2 A0A8V0YFT7
Biological Process,negative regulation of smooth muscle cell proliferation,6,GO:0048662,2,12,255,2734,1.79,0.30995493601109103,0.51,A0A8V0YF36 Q9W6H0
Biological Process,response to folic acid,4,GO:0051593,2,12,255,2734,1.79,0.30995493601109103,0.51,A0A8V0ZKI8 P26652
Biological Process,glycolipid biosynthetic process,5,GO:0009247,2,12,255,2734,1.79,0.30995493601109103,0.51,A0A8V0WZN3 A0A8V0YYQ9
Biological Process,regulation of clathrin-dependent endocytosis,7,GO:2000369,2,12,255,2734,1.79,0.30995493601109103,0.51,A0A3Q2UHS2 A0A8V1ABC9
Biological Process,epidermis morphogenesis,5,GO:0048730,2,12,255,2734,1.79,0.30995493601109103,0.51,P33005 A0A1I7Q421
Biological Process,brain morphogenesis,4,GO:0048854,2,12,255,2734,1.79,0.30995493601109103,0.51,A0A8V1AG56 A0A8V0Z8V4
Biological Process,regulation of transforming growth factor beta production,5,GO:0071634,2,12,255,2734,1.79,0.30995493601109103,0.51,A0A1I7Q421 A0A8V0X4D8
Biological Process,positive regulation of ATP metabolic process,8,GO:1903580,2,12,255,2734,1.79,0.30995493601109103,0.51,A0A1D5P6T3 A0A8V1A7R0
Biological Process,regulation of glycolytic process,6,GO:0006110,2,12,255,2734,1.79,0.30995493601109103,0.51,A0A1D5P6T3 A0A8V1A7R0
Biological Process,negative regulation of lymphocyte proliferation,7,GO:0050672,2,12,255,2734,1.79,0.30995493601109103,0.51,A0A8V0YLI1 Q98938
Biological Process,regulation of systemic arterial blood pressure mediated by a chemical signal,5,GO:0003044,2,12,255,2734,1.79,0.30995493601109103,0.51,A0A8V0XA92 A0A8V0YVB6
Biological Process,regulation of cyclin-dependent protein kinase activity,5,GO:1904029,2,12,255,2734,1.79,0.30995493601109103,0.51,A0A8V0X1T3 A0A1I7Q3Z0
Biological Process,apposition of dorsal and ventral imaginal disc-derived wing surfaces,4,GO:0007475,2,12,255,2734,1.79,0.30995493601109103,0.51,A0A8V0Y699 A0A1D5PEW1
Biological Process,ventricular cardiac muscle tissue development,7,GO:0003229,2,12,255,2734,1.79,0.30995493601109103,0.51,A0A8V0ZCF7 A0A8V0XXK8
Biological Process,positive regulation of glucose import,7,GO:0046326,2,12,255,2734,1.79,0.30995493601109103,0.51,A0A1D5P6T3 A0A8V0YY90
Biological Process,regulation of presynapse organization,6,GO:0099174,2,12,255,2734,1.79,0.30995493601109103,0.51,A0A1D5NTR5 A0A8V0ZCF7
Biological Process,olfactory bulb development,3,GO:0021772,2,12,255,2734,1.79,0.30995493601109103,0.51,A0A8V1AG56 A0A8V0Z8V4
Biological Process,positive regulation of cation channel activity,6,GO:2001259,2,12,255,2734,1.79,0.30995493601109103,0.51,A0A8V0YRG2 A0A8V0XYK6
Biological Process,positive regulation of nucleotide biosynthetic process,7,GO:0030810,2,12,255,2734,1.79,0.30995493601109103,0.51,A0A1D5P6T3 A0A8V1A7R0
Biological Process,regulation of nucleotide catabolic process,6,GO:0030811,2,12,255,2734,1.79,0.30995493601109103,0.51,A0A1D5P6T3 A0A8V1A7R0
Biological Process,prostate gland development,4,GO:0030850,2,12,255,2734,1.79,0.30995493601109103,0.51,A0A8V1AG56 A0A8V1AAN6
Biological Process,aorta development,5,GO:0035904,2,12,255,2734,1.79,0.30995493601109103,0.51,A0A8V0XPE8 A0A8V0ZCF7
Biological Process,regulation of vascular endothelial growth factor receptor signaling pathway,5,GO:0030947,2,12,255,2734,1.79,0.30995493601109103,0.51,A0A8V0Y290 A0A8V0Y0F3
Biological Process,positive regulation of nervous system process,5,GO:0031646,2,12,255,2734,1.79,0.30995493601109103,0.51,A0A8V0YLI1 A0A8V1ABA3
Biological Process,positive regulation of protein autophosphorylation,9,GO:0031954,2,12,255,2734,1.79,0.30995493601109103,0.51,A0A3Q2TU24 A0A1I7Q3Z0
Biological Process,glycoside metabolic process,5,GO:0016137,2,12,255,2734,1.79,0.30995493601109103,0.51,A0A8V0YC98 A0A8V1ABA3
Biological Process,negative regulation of mononuclear cell proliferation,7,GO:0032945,2,12,255,2734,1.79,0.30995493601109103,0.51,A0A8V0YLI1 Q98938
Biological Process,"branch fusion, open tracheal system",5,GO:0035147,2,12,255,2734,1.79,0.30995493601109103,0.51,A0A8V1A0B4 A0A8V0YIC3
Biological Process,tube fusion,4,GO:0035146,2,12,255,2734,1.79,0.30995493601109103,0.51,A0A8V1A0B4 A0A8V0YIC3
Biological Process,carboxylic acid metabolic process,5,GO:0019752,19,255,255,2734,0.8,0.3101247010473972,0.51,A0A8V0ZHL4 A0A8V0Y9B0 A0A1D5PXI1 F1NXR0 A0A8V0ZSC5 F1NTQ2 E1C3Z8 A0A1L1RX77 A0A1D5P692 A0A8V0Y579 A0A8V0Y9F8 A0A8V0ZJJ7 A0A8V0YXI7 Q92182 A0A8V0Y4M6 A0A1D5NT61 A0A1D5PMN7 A0A8V0YQC4 A0A8V1A7Y9
Biological Process,regulation of mitochondrial membrane potential,4,GO:0051881,4,27,255,2734,1.59,0.3104840412859493,0.51,A0A8V0YLZ8 A0A1L1RX77 A0A1I7Q3Z0 A0A8V0YWI5
Biological Process,response to UV,5,GO:0009411,4,27,255,2734,1.59,0.3104840412859493,0.51,A0A1D5P6T3 A0A8V0ZSX6 A0A8V0YW57 A0A3Q2TTB3
Biological Process,cellular response to alcohol,5,GO:0097306,4,27,255,2734,1.59,0.3104840412859493,0.51,A0A8V0ZKI8 A0A8V0YDD6 A0A1D5PSI3 A0A8V0YWM3
Biological Process,cardiac ventricle development,4,GO:0003231,4,27,255,2734,1.59,0.3104840412859493,0.51,A0A8V0XPE8 A0A8V0ZE58 A0A1D5PZ68 A0A8V1AG56
Biological Process,regulation of tissue remodeling,4,GO:0034103,4,27,255,2734,1.59,0.3104840412859493,0.51,A0A8V0ZKI8 A0A1I7Q3Z0 A0A8V0XE48 A0A8V1ABC9
Biological Process,endoderm development,4,GO:0007492,4,27,255,2734,1.59,0.3104840412859493,0.51,A0A8V0YDD6 A0A3Q2UHS2 A0A1D5P8I8 A0A8V1AFR2
Biological Process,membrane lipid biosynthetic process,4,GO:0046467,4,27,255,2734,1.59,0.3104840412859493,0.51,A0A8V0X637 A0A8V0WZN3 A0A8V0YYQ9 A0A8V1ABA3
Biological Process,receptor-mediated endocytosis,4,GO:0006898,4,73,255,2734,0.59,0.3112975816915684,0.51,A0A8V0ZKI8 A0A8V0ZRP2 A0A8V0Y6D2 A0A8V0ZYI9
Biological Process,cytokinesis,3,GO:0000910,4,74,255,2734,0.58,0.31150162070546694,0.51,A0A8V0ZRP2 A0A8V0YIC3 A0A8V0XE48 A0A8V0XYK6
Biological Process,regulation of kinase activity,5,GO:0043549,23,201,255,2734,1.23,0.3120340570481127,0.51,A0A8V1AG56 A0A8V1ABA3 A0A8V0XMI5 A0A1I7Q3Z0 A0A8V1A3H9 A0A1D5P6T3 A0A8V0X637 A0A1D5PEW1 A0A1L1RX77 A0A8V0X1T3 A0A8V0ZZZ5 Q0PVE4 A0A8V1A3N1 A0A1L4FLS3 A0A8V0ZE58 Q00649 A0A8V1ABC9 A0A8V0ZKI8 A0A3Q2TU24 A0A8V1A3S8 A0A8V0ZSN8 A0A8V1A9R2 A0A8V0YRG2
Biological Process,vesicle-mediated transport,2,GO:0016192,53,642,255,2734,0.89,0.3134312436729721,0.5,A0A8V0XBD4 A0A8V0YBZ6 A0A8V0ZAP0 A0A8V0XXM5 A0A8V0XMI5 A0A8V0YC89 A0A8V0YGN2 A0A3Q2UHS2 A0A8V0XEJ0 P15120 A0A8V0YG88 A0A1I7Q3Z0 A0A8V0ZH96 A0A8V1ACV0 A0A8V0ZYI9 A0A8V0XYK6 A0A3Q2UGW3 A0A8V0XM02 F1NTQ2 E1C733 A0A8V1ADS4 Q5ZJ73 A0A8V0ZCF7 A0A8V0YVB6 A0A8V1A6B5 E1C0K5 A0A8V0Y4Q2 A0A8V0YIC3 A0A8V0X7P4 A0A8V0YZJ3 A0A8V0ZY42 Q5ZJW4 A0A8V0Y9F8 A0A8V0YPB9 A0A8V0Y6D2 A0A8V0ZJJ7 A0A8V1ALI6 A0A8V0Y699 A0A8V0Z086 A0A8V1A6Z0 A0A8V0ZRP2 A0A8V0ZKI8 A0A3Q2TU24 A0A8V0XM98 A0A8V0ZTR7 A0A1D5PBU5 Q05744 A0A8V0ZUA4 A0A8V1AFR2 P26652 A0A8V0YBE2 A0A8V0YDD6 P01875
Biological Process,regulation of microtubule cytoskeleton organization,5,GO:0070507,4,76,255,2734,0.56,0.3139515301778085,0.5,A0A8V1A9L3 A0A8V0Z3U6 A0A8V0XE48 A0A1D5PBU5
Biological Process,monocarboxylic acid biosynthetic process,6,GO:0072330,2,48,255,2734,0.45,0.31461554373859935,0.5,A0A1L1RX77 E1C3Z8
Biological Process,nucleobase-containing compound transport,5,GO:0015931,2,48,255,2734,0.45,0.31461554373859935,0.5,A0A8V0YLZ5 A0A8V0XA92
Biological Process,regulation of transcription by RNA polymerase II,8,GO:0006357,29,263,255,2734,1.18,0.31568576053591046,0.5,A0A8V1AG56 A0A8V0XBD4 Q98938 A0A8V0XMI5 A0A1D5NTR5 A0A8V0XH99 A0A8V0ZFG7 A0A8V0ZH96 A0A1I7Q421 A0A8V0YFT7 A0A8V0ZSG8 F1NTQ2 A0A1L1RX77 Q5ZJ73 A0A8V0YLI1 A0A8V0ZSX6 A0A8V0YRF2 A0A8V0X1T3 A0A8V1A7R0 A0A1D5P0D7 A0A1L4FLS3 A0A8V0ZE58 A0A3Q2TT95 A0A8V0ZE30 A0A8V0ZF83 A0A8V0ZKI8 A0A8V1A9R2 A0A1D5PSI3 A0A8V0Y070
Biological Process,negative regulation of biological process,3,GO:0048519,112,1118,255,2734,1.07,0.3159435099672967,0.5,A0A8V1A9L3 A0A8V1ABA3 A0A8V1AEJ4 A0A8V0Z4R1 A0A1D5NTR5 A0A8V0YDT5 P15120 A0A8V0Z8V4 A0A1D5P480 A0A8V0XXW6 A0A1L1RX77 A0A8V0XPE8 A0A8V0YW57 Q5ZJ73 A0A8V1ACD6 A0A8V1A7R0 A0A8V0X7P4 A0A8V0YY90 A0A8V0XE48 A0A8V0Y699 Q92182 A0A3Q2TU24 A0A8V0XM98 A0A8V0ZJ97 A0A8V0ZTR7 A0A8V1AHP7 A0A8V0ZUA4 A0A8V1A9R2 A0A8V0YF36 A0A1D5PSI3 A0A8V0Y070 Q9W6H0 A0A8V0XMV0 A0A1D5NYA8 A0A8V1AG56 A0A8V0XMI5 A0A8V0ZUU4 A0A8V0XH99 A0A1I7Q3Z0 P02460 A0A8V0Y0F3 A0A8V0X637 A0A1D5PEW1 A0A8V0YRF2 A0A8V1A6B5 A0A8V0ZZZ5 Q0PVE4 A0A8V0ZE58 A0A8V0XPN5 Q5ZJW4 Q00649 A0A8V0YSF6 A0A8V1ABC9 A0A8V0XKW4 A0A8V0ZE30 A0A8V0Y4M6 A0A8V0YWI5 A0A1D5PBU5 P26652 A0A8V1AJI2 A0A8V0YRG2 A0A8V0X4D8 A0A8V1AFP7 A0A1L1RP76 A0A8V0XYK6 A0A1D5P6Q1 A0A8V0YFT7 A0A8V0ZSG8 A0A8V1A8R2 A0A8V0ZSX6 A0A8V0ZY91 A0A8V0ZF83 A0A8V0ZY56 A0A8V0ZKI8 A0A8V0YDT4 A0A8V0YG24 A0A8V0YLZ8 A0A8V1A8L5 Q98938 A0A8V0Y999 A0A8V1ACH5 Q6ITC7 A0A8V0XUJ8 A0A8V0Y290 A0A8V0X097 A0A8V0ZTC0 A0A8V0YMR1 A0A8V1AAN6 A0A8V0ZYI9 A0A8V1A3H9 A0A1D5P6T3 F1NXR0 A0A1I7Q421 A0A8V0YLX0 A0A8V0YQ88 A0A3Q2UGW3 A0A8V0XM02 A0A8V0YGQ5 A0A8V0YLI1 A0A8V0ZCF7 A0A8V0YVB6 A0A8V0YIC3 A0A8V0Z189 A0A1L4FLS3 A0A3Q2TT95 A0A8V0ZJJ7 A0A8V0Z8N6 K9JA28 A0A8V1A3S8 A0A8V0Z9Z7 A0A8V0Z938 A0A8V0YDD6
Biological Process,positive regulation of protein localization,5,GO:1903829,7,111,255,2734,0.68,0.31889523170849826,0.5,Q98938 A0A1D5PSI3 A0A8V0XE48 A0A8V0YRG2 A0A1I7Q3Z0 A0A8V0ZDW7 A0A8V0XYK6
Biological Process,inorganic ion transmembrane transport,3,GO:0098660,7,110,255,2734,0.68,0.31904372791952734,0.5,A0A8V0ZTR7 A0A1D5NYS2 A0A8V0ZY91 A0A8V0YLI1 A0A8V1AM47 A0A8V0YLZ5 A0A8V0YHF3
Biological Process,lipid biosynthetic process,4,GO:0008610,7,112,255,2734,0.67,0.31921399941548007,0.5,A0A8V0X637 A0A8V1ABA3 F1NTQ2 A0A8V0WZN3 A0A8V1ACH5 A0A8V0Y9F8 A0A8V0YYQ9
Biological Process,phospholipid biosynthetic process,5,GO:0008654,2,50,255,2734,0.43,0.3200072887800662,0.49,A0A8V1ACH5 F1NTQ2
Biological Process,negative regulation of catalytic activity,4,GO:0043086,23,206,255,2734,1.2,0.32103534188103044,0.49,A0A8V0X4D8 A0A8V1ABA3 A0A1L1RP76 A0A1I7Q3Z0 A0A8V0X637 A0A1D5PEW1 A0A1L1RX77 A0A8V0YRF2 A0A8V0ZZZ5 Q0PVE4 Q00649 A0A8V0XE48 A0A8V1ABC9 A0A8V0ZKI8 A0A8V1AHP7 A0A8V1A3S8 A0A8V0ZUA4 P26652 A0A8V0YF36 A0A8V1AJI2 A0A1L1RKY9 A0A8V0YRG2 A0A8V1A8L5
Biological Process,monoatomic ion transport,4,GO:0006811,15,210,255,2734,0.77,0.32219350146307035,0.49,A0A8V0Y4Q2 A0A8V0ZTR7 A0A8V0XBD4 A0A8V0ZRZ8 A0A8V0Y579 A0A1D5NYS2 E1C733 A0A8V0ZY91 A0A8V0YLI1 A0A8V1AM47 A0A8V0ZJJ7 A0A8V0YG88 A0A8V0YLZ5 F1P4D6 A0A8V0YHF3
Biological Process,regulation of cysteine-type endopeptidase activity,7,GO:2000116,10,79,255,2734,1.36,0.32245148811284674,0.49,A0A8V0YWI5 A0A8V0YFT7 A0A8V0ZE58 A0A8V0XMI5 A0A8V0YLI1 A0A8V0YSF6 A0A8V0YRF2 A0A8V0XKW4 A0A1I7Q3Z0 A0A8V0YWM3
Biological Process,regulation of synapse structure or activity,3,GO:0050803,14,115,255,2734,1.31,0.3228964391504886,0.49,A0A8V1AG56 A0A1D5P6T3 A0A8V0Z8V4 A0A8V0X4D8 A0A8V0ZTR7 A0A8V1A3S8 A0A1D5PSI3 A0A8V0ZUU4 A0A1D5NTR5 A0A8V0YDT5 A0A8V0ZCF7 A0A1D5PDV9 A0A8V1ABC9 A0A8V0YRG2
Biological Process,cellular component organization or biogenesis,2,GO:0071840,141,1426,255,2734,1.06,0.32345733446945857,0.49,A0A8V0ZBM0 A0A8V0ZRZ8 A0A8V1ABA3 A0A8V0XEP8 A0A8V0Z4R1 A0A1D5NTR5 A0A8V0YGN2 A0A8V0YDT5 A0A3Q2UHS2 R4GGQ4 A0A1D5PBZ8 A0A8V0XEJ0 A0A8V0YQU2 A0A8V0Z8V4 A0A8V0YTK5 A0A8V0XXW6 A0A1L1RX77 A0A8V0YW57 A0A8V1ACD6 A0A8V1A7R0 E1C0K5 A0A8V0X7P4 A0A8V0Y9F8 A0A8V0XE48 A0A8V0Y699 A0A1L1S0X5 A0A8V0XXK8 A0A3Q2TU24 A0A8V0XM98 A0A8V0ZJ97 A0A8V1AHP7 A0A8V0ZSN8 A0A8V0ZUA4 A0A8V0YIR4 A0A8V1A9R2 A0A8V0Y070 A0A8V0Y357 Q9W6H0 A0A8V0XMV0 A0A8V1AG56 A0A8V0XMI5 A0A8V0XDR8 A0A8V0ZUU4 A0A8V0XH99 A0A8V1A0B4 A0A1I7Q3Z0 P02460 A0A8V0Y0F3 A0A8V0YUF6 F1NTQ2 A0A3Q2TTB3 A0A8V0XCW4 A0A8V1A6B5 A0A1D5P0D7 A0A8V0ZZZ5 Q0PVE4 A0A8V0ZE58 A0A8V0XPN5 Q5ZJW4 Q00649 A0A8V0YSF6 A0A8V1ABC9 A0A8V0XKW4 A0A8V0ZRP2 A0A8V0ZE30 A0A8V1ADF6 A0A8V0Y4M6 A0A8V0YWI5 A0A1D5PBU5 Q05744 A0A8V1AFR2 P26652 A0A8V0YC20 A0A1D5PT01 P33005 A0A8V0YRG2 A0A8V0X4D8 A0A8V0XBD4 A0A8V0ZBR8 A0A8V1A803 A0A8V0Y0X2 A0A8V0ZHL4 A0A8V0YG88 A0A8V0YVI8 A0A8V0XYK6 A0A1D5P6Q1 A0A8V0XCD2 A0A8V0ZSG8 A0A8V0ZHX5 A0A8V0YK18 A0A8V0X535 E1C733 A0A8V1A8R2 A0A8V1ADS4 A0A8V0ZSX6 A0A1D5P8I8 A0A8V0YRN1 A0A8V0ZY42 F1NJI3 A0A8V0ZGF6 A0A8V0Z865 A0A8V1ALI6 A0A1D5PLP1 A0A8V0ZF83 A0A8V0ZY56 A0A1D5PGC2 A0A8V0ZKI8 A0A8V0YDT4 A0A8V0Z3U6 A0A8V0YLZ8 P01875 Q98938 A0A8V0YDU6 A0A8V0ZSD7 A0A8V0XUJ8 A0A8V0Y290 A0A8V0YMR1 A0A8V0ZEC1 A0A8V0ZYI9 A0A8V1AAN6 A0A1D5P6T3 A0A3Q2UGW3 A0A8V0XM02 A0A8V0XZH4 A0A8V0YGQ5 A0A8V0YLI1 A0A8V0ZCF7 A0A8V0YVB6 A0A8V0YIC3 A0A8V0YE20 A0A8V0ZJJ7 A0A8V0Z8N6 A0A8V1AEJ0 A0A8V0ZDW7 A0A8V1A3S8 A0A8V0Z9Z7 A0A1D5PMN7 A0A8V0YDD6 A0A1L1RKY9 A0A1D5PZ68 A0A8V0YWM3
Biological Process,inner ear development,3,GO:0048839,7,51,255,2734,1.47,0.3241327825785798,0.49,A0A8V1AG56 A0A3Q2TU24 A0A1I7Q421 A0A8V0XBD4 A0A8V0ZY91 A0A8V0YRG2 P02460
Biological Process,negative regulation of cellular response to growth factor stimulus,5,GO:0090288,7,51,255,2734,1.47,0.3241327825785798,0.49,A0A8V1AG56 A0A8V0Y0F3 A0A8V0YQ88 A0A1L1RX77 A0A8V0XPE8 A0A3Q2TT95 A0A8V0Y290
Biological Process,cellular component organization,3,GO:0016043,139,1408,255,2734,1.06,0.3241526615408594,0.49,A0A8V0ZBM0 A0A8V0ZRZ8 A0A8V1ABA3 A0A8V0XEP8 A0A8V0Z4R1 A0A1D5NTR5 A0A8V0YGN2 A0A8V0YDT5 A0A3Q2UHS2 R4GGQ4 A0A1D5PBZ8 A0A8V0XEJ0 A0A8V0YQU2 A0A8V0Z8V4 A0A8V0YTK5 A0A8V0XXW6 A0A1L1RX77 A0A8V0YW57 A0A8V1ACD6 A0A8V1A7R0 E1C0K5 A0A8V0X7P4 A0A8V0Y9F8 A0A8V0XE48 A0A8V0Y699 A0A8V0XXK8 A0A3Q2TU24 A0A8V0XM98 A0A8V0ZJ97 A0A8V1AHP7 A0A8V0ZSN8 A0A8V0ZUA4 A0A8V0YIR4 A0A8V1A9R2 A0A8V0Y070 A0A8V0Y357 Q9W6H0 A0A8V0XMV0 A0A8V1AG56 A0A8V0XMI5 A0A8V0XDR8 A0A8V0ZUU4 A0A8V0XH99 A0A8V1A0B4 A0A1I7Q3Z0 P02460 A0A8V0Y0F3 A0A8V0YUF6 F1NTQ2 A0A3Q2TTB3 A0A8V0XCW4 A0A8V1A6B5 A0A1D5P0D7 A0A8V0ZZZ5 Q0PVE4 A0A8V0ZE58 A0A8V0XPN5 Q5ZJW4 Q00649 A0A8V0YSF6 A0A8V1ABC9 A0A8V0XKW4 A0A8V0ZRP2 A0A8V0ZE30 A0A8V1ADF6 A0A8V0Y4M6 A0A8V0YWI5 A0A1D5PBU5 Q05744 A0A8V1AFR2 P26652 A0A8V0YC20 A0A1D5PT01 P33005 A0A8V0YRG2 A0A8V0X4D8 A0A8V0XBD4 A0A8V0ZBR8 A0A8V1A803 A0A8V0Y0X2 A0A8V0ZHL4 A0A8V0YG88 A0A8V0YVI8 A0A8V0XYK6 A0A1D5P6Q1 A0A8V0XCD2 A0A8V0ZSG8 A0A8V0ZHX5 A0A8V0YK18 A0A8V0X535 E1C733 A0A8V1ADS4 A0A8V0ZSX6 A0A1D5P8I8 A0A8V0YRN1 A0A8V0ZY42 F1NJI3 A0A8V0ZGF6 A0A8V0Z865 A0A8V1ALI6 A0A1D5PLP1 A0A8V0ZF83 A0A8V0ZY56 A0A1D5PGC2 A0A8V0ZKI8 A0A8V0YDT4 A0A8V0Z3U6 A0A8V0YLZ8 P01875 Q98938 A0A8V0YDU6 A0A8V0ZSD7 A0A8V0XUJ8 A0A8V0Y290 A0A8V0YMR1 A0A8V0ZEC1 A0A8V0ZYI9 A0A8V1AAN6 A0A1D5P6T3 A0A3Q2UGW3 A0A8V0XM02 A0A8V0XZH4 A0A8V0YGQ5 A0A8V0YLI1 A0A8V0ZCF7 A0A8V0YVB6 A0A8V0YIC3 A0A8V0YE20 A0A8V0ZJJ7 A0A8V0Z8N6 A0A8V1AEJ0 A0A8V0ZDW7 A0A8V1A3S8 A0A8V0Z9Z7 A0A1D5PMN7 A0A8V0YDD6 A0A1L1RKY9 A0A1D5PZ68 A0A8V0YWM3
Biological Process,cellular response to carbohydrate stimulus,5,GO:0071322,4,28,255,2734,1.53,0.3250599137926014,0.49,A0A8V0YDD6 A0A8V1ABC9 A0A1D5PSI3 P15120
Biological Process,homophilic cell adhesion via plasma membrane adhesion molecules,5,GO:0007156,4,28,255,2734,1.53,0.3250599137926014,0.49,A0A8V0ZDW7 A0A8V0YDU6 A0A1D5PBZ8 A0A8V0ZUU4
Biological Process,cardiac septum development,3,GO:0003279,4,28,255,2734,1.53,0.3250599137926014,0.49,A0A8V0XPE8 A0A8V0ZE58 A0A1D5PZ68 A0A8V1AG56
Biological Process,endocrine system development,4,GO:0035270,4,28,255,2734,1.53,0.3250599137926014,0.49,A0A8V0YDL8 A0A1D5P6T3 A0A8V0Y4Q2 A0A8V1AG56
Biological Process,regulation of striated muscle cell differentiation,6,GO:0051153,4,28,255,2734,1.53,0.3250599137926014,0.49,A0A8V0XXK8 A0A8V0XE48 A0A8V0ZSG8 A0A8V0XMV0
Biological Process,positive regulation of JNK cascade,8,GO:0046330,4,28,255,2734,1.53,0.3250599137926014,0.49,A0A8V1AG56 A0A1L4FLS3 A0A8V0X7P4 A0A8V0XMI5
Biological Process,histone modification,6,GO:0016570,4,28,255,2734,1.53,0.3250599137926014,0.49,A0A8V1A9R2 A0A8V0ZSN8 A0A8V1ABC9 A0A8V0ZSG8
Biological Process,plasma membrane invagination,6,GO:0099024,4,28,255,2734,1.53,0.3250599137926014,0.49,A0A8V0ZRP2 E1C0K5 A0A8V0XEJ0 P01875
Biological Process,cell-cell junction organization,5,GO:0045216,10,80,255,2734,1.34,0.32648954504739225,0.49,A0A8V0ZZZ5 Q0PVE4 A0A8V0XBD4 A0A8V0ZSG8 A0A3Q2UGW3 A0A1D5PBZ8 A0A8V0Y699 A0A8V1ABC9 A0A8V1A0B4 A0A1I7Q3Z0
Biological Process,imaginal disc morphogenesis,4,GO:0007560,14,117,255,2734,1.28,0.3275342101173514,0.48,A0A8V0ZKI8 A0A8V0ZTR7 A0A8V0XBD4 Q98938 A0A8V0ZSN8 A0A8V1A9R2 P26652 A0A8V0Y070 A0A1D5PEW1 A0A8V0XH99 A0A8V0XE48 A0A8V0Y699 A0A1D5PBZ8 A0A8V0ZF83
Biological Process,regulation of multicellular organism growth,4,GO:0040014,7,52,255,2734,1.44,0.3291490849956785,0.48,A0A1D5P6T3 A0A8V0ZHL4 A0A8V0XH99 A0A8V0YSF6 A0A8V0XKW4 A0A8V1A7R0 A0A8V0XYK6
Biological Process,regulation of organelle assembly,5,GO:1902115,10,81,255,2734,1.32,0.3310932409902266,0.48,A0A1D5P6T3 A0A1D5PBU5 A0A8V0XM02 A0A8V0X7P4 A0A8V1AJI2 Q5ZJW4 A0A8V0ZTC0 A0A8V0ZE30 A0A1I7Q3Z0 A0A8V0YVI8
Biological Process,regulation of MAP kinase activity,8,GO:0043405,10,81,255,2734,1.32,0.3310932409902266,0.48,A0A8V1AG56 A0A1D5P6T3 A0A3Q2TU24 A0A8V0X637 A0A8V1A3N1 A0A8V1ABA3 A0A1D5PEW1 A0A8V1ABC9 A0A8V0YRG2 A0A1I7Q3Z0
Biological Process,response to steroid hormone,4,GO:0048545,14,119,255,2734,1.26,0.333824207176146,0.48,A0A8V1AG56 A0A1D5P6T3 A0A8V0Z6E4 A0A8V1ABA3 A0A1D5P692 A0A8V0XMI5 A0A8V0ZP32 A0A8V0YDD6 A0A8V0ZJJ7 A0A8V1ABC9 A0A8V0Z8N6 A0A8V0YDL8 A0A1I7Q3Z0 A0A8V0YWM3
Biological Process,cellular response to transforming growth factor beta stimulus,5,GO:0071560,7,53,255,2734,1.42,0.33500810812750903,0.47,A0A8V1AG56 A0A3Q2TU24 A0A8V0X4D8 A0A8V0XPE8 A0A8V0YDD6 A0A8V0XE48 A0A1I7Q3Z0
Biological Process,positive regulation of neuron projection development,7,GO:0010976,14,120,255,2734,1.25,0.33756101751391854,0.47,A0A8V0ZKI8 A0A8V1AG56 A0A8V0X4D8 A0A8V0Z3U6 A0A1D5PSI3 A0A8V1AJI2 A0A8V0XMI5 A0A8V0ZUU4 A0A1D5PT01 A0A8V0YDD6 Q00649 A0A8V0YDT5 A0A1D5PBZ8 A0A8V0ZDW7
Biological Process,positive regulation of protein transport,5,GO:0051222,8,121,255,2734,0.71,0.34044147838072597,0.47,A0A8V1AG56 A0A1D5NT61 A0A8V0XMI5 A0A8V0YY90 A0A8V0XMV0 A0A8V0YDL8 A0A1I7Q3Z0 A0A8V0XYK6
Biological Process,embryonic heart tube morphogenesis,4,GO:0003143,4,29,255,2734,1.48,0.34059756163236354,0.47,A0A8V0ZKI8 A0A8V0ZUA4 A0A8V1AG56 Q98938
Biological Process,negative regulation of hemopoiesis,5,GO:1903707,4,29,255,2734,1.48,0.34059756163236354,0.47,A0A8V1A9R2 A0A1L4FLS3 Q98938 A0A8V0XMI5
Biological Process,epithelial cell proliferation,3,GO:0050673,4,29,255,2734,1.48,0.34059756163236354,0.47,A0A8V1AG56 A0A1D5P480 A0A1I7Q421 A0A8V0XMI5
Biological Process,centrosome localization,3,GO:0051642,4,29,255,2734,1.48,0.34059756163236354,0.47,A0A1D5PMN7 A0A8V0Z3U6 A0A1D5PBU5 A0A8V0YVI8
Biological Process,regulation of neural precursor cell proliferation,5,GO:2000177,4,29,255,2734,1.48,0.34059756163236354,0.47,A0A8V1AG56 A0A1D5PEW1 Q98938 A0A8V0YVB6
Biological Process,chaeta development,5,GO:0022416,4,29,255,2734,1.48,0.34059756163236354,0.47,A0A1D5NTR5 A0A8V1A0B4 A0A8V0XH99 A0A3Q2UHS2
Biological Process,negative regulation of monoatomic ion transmembrane transport,6,GO:0034766,4,29,255,2734,1.48,0.34059756163236354,0.47,A0A8V0YRG2 A0A8V1ABC9 A0A8V0ZY91 A0A8V0XYK6
Biological Process,regulation of monoatomic anion transport,6,GO:0044070,4,29,255,2734,1.48,0.34059756163236354,0.47,A0A8V0YWI5 A0A8V0Z8N6 A0A8V1ABC9 A0A8V0YWM3
Biological Process,intrinsic apoptotic signaling pathway,4,GO:0097193,4,29,255,2734,1.48,0.34059756163236354,0.47,A0A8V0XKW4 A0A8V0YW57 A0A8V1ABC9 A0A8V0YWM3
Biological Process,integrin-mediated signaling pathway,4,GO:0007229,4,29,255,2734,1.48,0.34059756163236354,0.47,A0A1I7Q3Z0 A0A8V0ZZZ5 A0A8V0Y699 A0A1D5PEW1
Biological Process,regulation of cellular component organization,4,GO:0051128,78,766,255,2734,1.09,0.3415804371966641,0.47,A0A8V1A9L3 A0A8V1ABA3 A0A1D5NTR5 A0A8V0YQU2 A0A8V0YDT5 A0A3Q2UHS2 A0A1D5PBZ8 A0A8V0Z8V4 A0A1D5P480 A0A8V0XXW6 A0A1L1RX77 A0A8V0YW57 A0A8V1ACD6 E1C0K5 A0A8V0X7P4 A0A8V0XE48 A0A8V0XXK8 Q92182 F1NGB8 A0A3Q2TU24 A0A8V0XM98 A0A8V0ZTR7 A0A8V0ZSN8 A0A8V1A9R2 A0A1D5PSI3 A0A8V0XMV0 A0A1D5NYA8 A0A8V1AG56 A0A8V0XMI5 A0A8V0ZUU4 A0A8V1A0B4 A0A1I7Q3Z0 A0A8V0ZH96 A0A8V0Y0F3 F1NTQ2 A0A8V0ZZZ5 Q0PVE4 Q5ZJW4 Q00649 A0A1D5PDV9 A0A8V1ABC9 A0A8V0XKW4 A0A8V0ZRP2 A0A8V0ZE30 A0A8V0YWI5 A0A1D5PBU5 A0A8V1AJI2 A0A1D5PT01 A0A8V0YRG2 A0A8V0X4D8 A0A8V0XBD4 A0A8V0YBZ6 A0A8V0YVI8 A0A8V0YFT7 E1C733 A0A8V1ADS4 A0A8V0ZKI8 A0A8V0YDT4 A0A8V0Z3U6 A0A8V0YG24 A0A8V0YLZ8 Q98938 A0A8V0YDU6 A0A8V0Y290 A0A8V0ZTC0 A0A8V0YMR1 A0A1D5P6T3 A0A1I7Q421 A0A8V0XM02 A0A8V0ZCF7 A0A8V0YVB6 A0A8V0YIC3 A0A8V0ZDW7 A0A8V1A3S8 A0A8V0Z9Z7 A0A8V0Z938 A0A8V0YDD6 A0A8V0YWM3
Biological Process,regulation of cellular component size,4,GO:0032535,12,170,255,2734,0.76,0.34159342455028535,0.47,A0A8V1AG56 A0A8V0Z8V4 E1C733 A0A8V0ZUU4 A0A8V0YDD6 Q00649 A0A8V0YDT5 A0A3Q2UHS2 A0A8V0ZSX6 A0A8V1ACD6 A0A1D5PBZ8 A0A8V0YMR1
Biological Process,actomyosin structure organization,4,GO:0031032,7,54,255,2734,1.39,0.3416610180338562,0.47,A0A8V0YK18 A0A8V0YQU2 A0A8V0XE48 A0A8V0Y699 A0A1D5PLP1 A0A1I7Q3Z0 A0A8V0ZDW7
Biological Process,regulation of macroautophagy,7,GO:0016241,7,54,255,2734,1.39,0.3416610180338562,0.47,A0A1D5P6T3 A0A8V1ABA3 A0A8V0XM02 Q5ZJW4 A0A1L1RX77 A0A8V0XKW4 A0A8V0ZTC0
Biological Process,formation of primary germ layer,3,GO:0001704,7,54,255,2734,1.39,0.3416610180338562,0.47,A0A8V1AG56 A0A8V0Z8V4 A0A8V1AFR2 A0A8V0Y070 A0A8V0YDD6 A0A8V0YXI7 A0A1D5P8I8
Biological Process,morphogenesis of a polarized epithelium,5,GO:0001738,7,54,255,2734,1.39,0.3416610180338562,0.47,A0A8V1AG56 Q0PVE4 A0A8V0ZSN8 A0A8V1A9R2 A0A8V0YDU6 A0A8V0ZUU4 A0A8V0XE48
Biological Process,calcium ion homeostasis,4,GO:0055074,10,83,255,2734,1.29,0.341904541027645,0.47,A0A8V0ZKI8 A0A8V0ZZZ5 A0A8V1A9R2 F1NTQ2 E1C733 A0A8V0XMI5 A0A8V0YLI1 A0A8V1ABC9 A0A8V0Z8N6 A0A8V0ZDW7
Biological Process,macromolecule glycosylation,3,GO:0043413,5,85,255,2734,0.63,0.3438484929090284,0.46,Q92182 A0A8V0Z6S1 A0A8V0WZN3 A0A8V0YYQ9 A0A8V0Z0B9
Biological Process,protein glycosylation,4,GO:0006486,5,85,255,2734,0.63,0.3438484929090284,0.46,Q92182 A0A8V0Z6S1 A0A8V0WZN3 A0A8V0YYQ9 A0A8V0Z0B9
Biological Process,positive regulation of signal transduction,5,GO:0009967,41,385,255,2734,1.14,0.34429672426273555,0.46,A0A8V1AG56 A0A8V0X4D8 Q98938 A0A8V0XMI5 A0A8V0XH99 A0A8V0ZFG7 A0A1I7Q3Z0 A0A8V0ZTC0 A0A8V0ZEJ3 A0A1D5P6T3 A0A1I7Q421 A0A1D5P6Q1 A0A1D5P480 E1C733 A0A1L1RX77 A0A8V0YRF2 A0A8V0X1T3 A0A8V1A7R0 A0A1D5P0D7 A0A8V1A3N1 A0A1L4FLS3 A0A8V0ZE58 A0A8V0X7P4 A0A8V0YY90 A0A8V0XE48 A0A8V1ABC9 A0A8V0XKW4 A0A8V0ZF83 A0A8V0ZDW7 A0A8V0ZKI8 F1NGB8 A0A3Q2TU24 A0A8V0ZTR7 A0A8V0ZSN8 A0A8V1A9R2 P26652 A0A8V1AJI2 A0A8V0Y070 A0A1D5PMN7 A0A8V0YLZ8 A0A8V0YRG2
Biological Process,positive regulation of defense response,5,GO:0031349,5,86,255,2734,0.62,0.34467979757913747,0.46,A0A8V1AG56 A0A1L4FLS3 A0A8V0XMI5 A0A8V1ABC9 A0A1I7Q3Z0
Biological Process,blood coagulation,3,GO:0007596,5,86,255,2734,0.62,0.34467979757913747,0.46,A0A8V0ZJD3 A0A3Q2TU24 A0A8V0YDT4 A0A8V1ABC9 A0A1I7Q3Z0
Biological Process,negative regulation of lipid localization,4,GO:1905953,2,13,255,2734,1.65,0.34559811582073935,0.46,A0A1D5P6T3 A0A8V0Z4R1
Biological Process,negative regulation of lipid biosynthetic process,6,GO:0051055,2,13,255,2734,1.65,0.34559811582073935,0.46,A0A8V0Y4M6 A0A3Q2TU24
Biological Process,negative regulation of leukocyte proliferation,6,GO:0070664,2,13,255,2734,1.65,0.34559811582073935,0.46,A0A8V0YLI1 Q98938
Biological Process,courtship behavior,4,GO:0007619,2,13,255,2734,1.65,0.34559811582073935,0.46,F1NTQ2 A0A1D5PBZ8
Biological Process,forebrain generation of neurons,6,GO:0021872,2,13,255,2734,1.65,0.34559811582073935,0.46,A0A8V0ZKI8 A0A8V1AG56
Biological Process,viral gene expression,2,GO:0019080,2,13,255,2734,1.65,0.34559811582073935,0.46,A0A8V0ZSX6 A0A8V0X4D8
Biological Process,regulation of myotube differentiation,7,GO:0010830,2,13,255,2734,1.65,0.34559811582073935,0.46,A0A8V0XE48 A0A8V0ZSG8
Biological Process,labyrinthine layer development,3,GO:0060711,2,13,255,2734,1.65,0.34559811582073935,0.46,A0A8V0ZE58 A0A8V0ZUA4
Biological Process,chloride transmembrane transport,5,GO:1902476,2,13,255,2734,1.65,0.34559811582073935,0.46,A0A1D5NYS2 A0A8V0YHF3
Biological Process,regulation of DNA-templated transcription initiation,8,GO:2000142,2,13,255,2734,1.65,0.34559811582073935,0.46,A0A8V0ZH96 A0A8V0XMI5
Biological Process,face development,3,GO:0060324,2,13,255,2734,1.65,0.34559811582073935,0.46,A0A8V0ZKI8 A0A8V1AG56
Biological Process,head morphogenesis,3,GO:0060323,2,13,255,2734,1.65,0.34559811582073935,0.46,A0A8V0ZKI8 Q98938
Biological Process,positive regulation of focal adhesion assembly,7,GO:0051894,2,13,255,2734,1.65,0.34559811582073935,0.46,A0A8V0YLZ8 A0A8V0ZZZ5
Biological Process,melanotic encapsulation of foreign target,4,GO:0035011,2,13,255,2734,1.65,0.34559811582073935,0.46,A0A8V0YRG2 A0A1D5PBZ8
Biological Process,chloride transport,5,GO:0006821,2,13,255,2734,1.65,0.34559811582073935,0.46,A0A1D5NYS2 A0A8V0YHF3
Biological Process,negative regulation of potassium ion transport,6,GO:0043267,2,13,255,2734,1.65,0.34559811582073935,0.46,A0A8V0ZY91 A0A8V0XYK6
Biological Process,chromosome condensation,6,GO:0030261,2,13,255,2734,1.65,0.34559811582073935,0.46,A0A8V0XE48 A0A8V0YWM3
Biological Process,neuropeptide signaling pathway,4,GO:0007218,2,13,255,2734,1.65,0.34559811582073935,0.46,A0A8V0XUJ8 A0A8V0XWF0
Biological Process,miRNA-mediated post-transcriptional gene silencing,10,GO:0035195,2,13,255,2734,1.65,0.34559811582073935,0.46,A0A8V1A7R0 A0A8V0ZJ97
Biological Process,mesenchyme morphogenesis,4,GO:0072132,2,13,255,2734,1.65,0.34559811582073935,0.46,A0A8V1AG56 A0A3Q2UHS2
Biological Process,negative regulation of BMP signaling pathway,6,GO:0030514,2,13,255,2734,1.65,0.34559811582073935,0.46,A0A8V1AG56 A0A3Q2TT95
Biological Process,cellular response to dsRNA,5,GO:0071359,2,13,255,2734,1.65,0.34559811582073935,0.46,A0A1L4FLS3 A0A8V0ZJ97
Biological Process,olfactory lobe development,3,GO:0021988,2,13,255,2734,1.65,0.34559811582073935,0.46,A0A8V1AG56 A0A8V0Z8V4
Biological Process,positive regulation of kidney development,5,GO:0090184,2,13,255,2734,1.65,0.34559811582073935,0.46,A0A8V0Y0X2 A0A3Q2TU24
Biological Process,negative regulation of axon regeneration,6,GO:0048681,2,13,255,2734,1.65,0.34559811582073935,0.46,A0A8V0Z938 A0A8V0YDT5
Biological Process,regulation of collateral sprouting,5,GO:0048670,2,13,255,2734,1.65,0.34559811582073935,0.46,A0A8V0YDT5 A0A8V0YMR1
Biological Process,granulocyte migration,4,GO:0097530,2,13,255,2734,1.65,0.34559811582073935,0.46,E1C733 A0A8V1ABC9
Biological Process,positive regulation of cytoskeleton organization,7,GO:0051495,5,88,255,2734,0.61,0.34808142534243874,0.46,A0A8V0Z3U6 E1C733 A0A3Q2UHS2 A0A8V0XE48 A0A8V0YLZ8
Biological Process,glycosylation,2,GO:0070085,5,88,255,2734,0.61,0.34808142534243874,0.46,Q92182 A0A8V0Z6S1 A0A8V0WZN3 A0A8V0YYQ9 A0A8V0Z0B9
Biological Process,larval development,3,GO:0002164,15,128,255,2734,1.26,0.3486469818427915,0.46,A0A8V1AG56 A0A1D5P6T3 A0A8V0ZJ97 A0A8V0XBD4 Q98938 A0A8V0ZSN8 A0A8V1A9R2 A0A8V1AEJ4 A0A8V1A8R2 A0A8V0Z938 A0A8V0XE48 A0A8V0Y699 A0A8V0YVB6 A0A8V0ZE30 A0A8V0YXI7
Biological Process,response to transforming growth factor beta,4,GO:0071559,7,55,255,2734,1.36,0.34905851511011987,0.46,A0A8V1AG56 A0A3Q2TU24 A0A8V0X4D8 A0A8V0XPE8 A0A8V0YDD6 A0A8V0XE48 A0A1I7Q3Z0
Biological Process,reproductive behavior,2,GO:0019098,7,55,255,2734,1.36,0.34905851511011987,0.46,A0A1D5PBU5 F1NTQ2 A0A8V0Y9F8 A0A8V0Z938 A0A3Q2UHS2 A0A1D5PBZ8 A0A8V0YXI7
Biological Process,ear development,5,GO:0043583,7,55,255,2734,1.36,0.34905851511011987,0.46,A0A8V1AG56 A0A3Q2TU24 A0A1I7Q421 A0A8V0XBD4 A0A8V0ZY91 A0A8V0YRG2 P02460
Biological Process,transmembrane receptor protein serine/threonine kinase signaling pathway,5,GO:0007178,7,55,255,2734,1.36,0.34905851511011987,0.46,F1NGB8 A0A1I7Q421 A0A8V0X4D8 A0A8V0XPE8 A0A8V0XH99 A0A1I7Q3Z0 A0A1D5P0D7
Biological Process,cellular response to stimulus,2,GO:0051716,116,1167,255,2734,1.07,0.35239875494664946,0.45,A0A8V0Y8Q2 A0A8V1ABA3 A0A8V1AEJ4 A0A8V0XEP8 A0A8V0Z4R1 A0A1D5NTR5 A0A8V0YGN2 A0A8V0YDT5 A0A3Q2UHS2 A0A1D5PBZ8 P15120 A0A8V0XEJ0 A0A8V0ZEJ3 A0A8V1ACV0 A0A8V0Z8V4 A0A1D5P480 A0A1L1RX77 A0A8V0XPE8 A0A8V0YW57 A0A8V1ACD6 A0A8V1A7R0 A0A8V0Y3L3 A0A8V0Y4Q2 A0A8V1A3N1 A0A8V0X7P4 A0A8V0XW00 A0A8V0Y9F8 A0A8V0XE48 A0A8V0Y699 A0A8V0YXI7 F1NGB8 A0A3Q2TU24 A0A8V0XM98 A0A8V0ZJ97 A0A8V0ZTR7 A0A8V1AHP7 A0A8V0ZSN8 A0A8V0YIR4 A0A8V1A9R2 A0A8V0YF36 A0A1D5PSI3 A0A8V0Y070 A0A8V1AG56 A0A8V0Z6E4 A0A8V0XMI5 A0A8V0ZUU4 A0A8V0XH99 A0A8V1A0B4 A0A1I7Q3Z0 A0A8V0ZH96 A0A1D5PXI1 P02460 A0A8V0X637 A0A3Q2TTB3 A0A8V0XCW4 A0A1D5PEW1 A0A8V0ZXC9 A0A8V0YRF2 A0A1D5P7Y2 A0A1D5P0D7 A0A8V0ZZZ5 A0A8V0ZRV9 A0A8V0ZE58 Q00649 A0A8V0YSF6 A0A1D5PDV9 A0A8V1ABC9 A0A8V0XKW4 A0A8V0ZRP2 A0A8V1ADF6 A0A8V0YWI5 P26652 A0A8V1AJI2 A0A1D5PT01 P33005 A0A8V0YRG2 A0A8V0X4D8 A0A8V0XBD4 A0A8V1A803 A0A8V0YBZ6 A0A8V0XYK6 A0A8V0YFT7 A0A8V0ZSG8 A0A8V0YK18 E1C733 A0A8V0ZSX6 A0A8V0ZY91 A0A8V0Y8I0 A0A8V0XXZ4 A0A8V0ZF83 A0A8V0ZKI8 A0A8V0Y652 A0A8V0YLZ8 P01875 Q98938 A0A8V0Y999 A0A8V0XWF0 A0A8V0XUJ8 A0A8V0ZTC0 A0A8V0ZEC1 A0A8V0ZYI9 A0A8V1A3H9 A0A8V1AAN6 A0A1D5P6T3 A0A1I7Q421 A0A8V0YQ88 A0A8V0YLI1 A0A1L4FLS3 A0A8V0YE20 A0A8V0Z8N6 K9JA28 A0A1D5PMN7 A0A8V0Z938 A0A8V0YDD6 A0A1D5PZ68 A0A8V0YWM3
Biological Process,regulation of protein modification process,6,GO:0031399,43,405,255,2734,1.14,0.3541789004906355,0.45,A0A8V1AG56 Q98938 A0A8V1ABA3 A0A8V0XMI5 A0A8V0Y290 A0A8V1A0B4 A0A1I7Q3Z0 A0A8V1A3H9 A0A1D5P6T3 A0A8V0Y0F3 A0A8V0X637 A0A1D5P480 E1C733 A0A1D5PEW1 A0A1L1RX77 A0A8V0YLI1 A0A8V0ZSX6 A0A8V0YRF2 A0A8V0X1T3 A0A8V1A7R0 A0A1D5P0D7 A0A8V0ZZZ5 Q0PVE4 A0A8V1A3N1 A0A1L4FLS3 A0A8V0ZE58 A0A8V0X7P4 Q00649 A0A8V0XE48 A0A8V1ABC9 A0A8V0ZDW7 A0A8V0ZKI8 A0A3Q2TU24 A0A8V0YWI5 A0A8V1A3S8 A0A8V0ZSN8 A0A8V0YDT4 A0A8V1A9R2 P26652 A0A8V1AJI2 A0A8V0YDD6 A0A8V0YLZ8 A0A8V0YRG2
Biological Process,positive regulation of MAPK cascade,7,GO:0043410,15,130,255,2734,1.24,0.3545274674067197,0.45,A0A8V1AG56 A0A1D5P6T3 A0A3Q2TU24 A0A8V1A3N1 A0A1D5P480 A0A1L4FLS3 A0A8V0X7P4 E1C733 A0A8V0XMI5 A0A8V0XE48 A0A8V1ABC9 A0A8V0X1T3 A0A1I7Q3Z0 A0A8V0ZDW7 A0A1D5P0D7
Biological Process,regulation of phosphate metabolic process,6,GO:0019220,43,408,255,2734,1.13,0.356609904712326,0.45,A0A8V1AG56 Q98938 A0A8V1ABA3 A0A8V0XMI5 A0A1L1RP76 A0A8V0Y290 A0A8V1A0B4 A0A1I7Q3Z0 A0A8V1A3H9 A0A1D5P6T3 A0A8V0Y0F3 A0A8V0X637 A0A1D5P480 E1C733 A0A1D5PEW1 A0A1L1RX77 A0A8V0YLI1 A0A8V0ZSX6 A0A8V0X1T3 A0A8V1A7R0 A0A1D5P0D7 A0A8V0ZZZ5 Q0PVE4 A0A8V1A3N1 A0A1L4FLS3 A0A8V0ZE58 A0A8V0X7P4 Q00649 A0A8V0XE48 A0A8V1ABC9 A0A8V0ZDW7 A0A8V0ZKI8 A0A3Q2TU24 A0A8V0YWI5 A0A8V1A3S8 A0A8V0ZSN8 A0A8V0YDT4 A0A8V1A9R2 P26652 A0A8V1AJI2 A0A8V0YDD6 A0A8V0YLZ8 A0A8V0YRG2
Biological Process,negative regulation of cell growth,5,GO:0030308,7,56,255,2734,1.34,0.3571510965807544,0.45,A0A8V1AG56 A0A8V0Z8V4 Q98938 A0A8V0YDT5 A0A8V1ACD6 A0A8V0XMV0 A0A8V0YMR1
Biological Process,learning,4,GO:0007612,7,56,255,2734,1.34,0.3571510965807544,0.45,A0A1D5P6T3 A0A8V0XM98 A0A3Q2UGW3 A0A8V0ZSX6 A0A8V0YSF6 A0A8V0YRG2 A0A8V0ZDW7
Biological Process,response to molecule of bacterial origin,4,GO:0002237,11,91,255,2734,1.3,0.3572939432387079,0.45,A0A8V1AG56 A0A8V0Y4Q2 A0A8V0YFT7 A0A8V0XMI5 A0A1L1RX77 A0A8V0YGN2 A0A8V0YDD6 A0A8V0YLI1 P15120 A0A8V0YDL8 A0A1I7Q3Z0
Biological Process,regulation of phosphorus metabolic process,5,GO:0051174,43,409,255,2734,1.13,0.3576993493782872,0.45,A0A8V1AG56 Q98938 A0A8V1ABA3 A0A8V0XMI5 A0A1L1RP76 A0A8V0Y290 A0A8V1A0B4 A0A1I7Q3Z0 A0A8V1A3H9 A0A1D5P6T3 A0A8V0Y0F3 A0A8V0X637 A0A1D5P480 E1C733 A0A1D5PEW1 A0A1L1RX77 A0A8V0YLI1 A0A8V0ZSX6 A0A8V0X1T3 A0A8V1A7R0 A0A1D5P0D7 A0A8V0ZZZ5 Q0PVE4 A0A8V1A3N1 A0A1L4FLS3 A0A8V0ZE58 A0A8V0X7P4 Q00649 A0A8V0XE48 A0A8V1ABC9 A0A8V0ZDW7 A0A8V0ZKI8 A0A3Q2TU24 A0A8V0YWI5 A0A8V1A3S8 A0A8V0ZSN8 A0A8V0YDT4 A0A8V1A9R2 P26652 A0A8V1AJI2 A0A8V0YDD6 A0A8V0YLZ8 A0A8V0YRG2
Biological Process,regulation of inflammatory response,5,GO:0050727,11,92,255,2734,1.28,0.36139154828139053,0.44,A0A8V1AG56 A0A8V1A8N2 A0A8V1ABA3 A0A1L4FLS3 A0A8V1AFP7 A0A8V0XMI5 A0A8V0ZP32 A0A8V0YY90 A0A8V1ABC9 A0A8V0YRF2 A0A8V0YHS1
Biological Process,nucleic acid metabolic process,4,GO:0090304,19,252,255,2734,0.81,0.36286013751213747,0.44,A0A8V0XMI5 Q6ITC7 A0A8V0ZEC1 A0A8V0YFT7 A0A1D5P480 A0A8V1A8R2 A0A3Q2TTB3 A0A8V0XXW6 A0A8V0YW57 A0A8V1A7R0 A0A8V0XPN5 A0A8V0ZE30 A0A8V0ZY56 A0A8V0ZJ97 A0A1D5PSI3 A0A8V0YQC4 A0A8V1A7Y9 A0A8V1A8L5 A0A8V0YWM3
Biological Process,myeloid cell differentiation,4,GO:0030099,3,57,255,2734,0.56,0.36295623396229826,0.44,A0A8V1A9R2 A0A1I7Q3Z0 A0A8V0ZSN8
Biological Process,protein secretion,4,GO:0009306,3,58,255,2734,0.55,0.3630495677164304,0.44,Q5ZJW4 A0A8V0ZUA4 A0A8V0XMI5
Biological Process,meiotic cell cycle process,2,GO:1903046,3,59,255,2734,0.55,0.3640073610462021,0.44,A0A8V0YW57 A0A8V0YTK5 A0A1D5PBU5
Biological Process,microtubule bundle formation,4,GO:0001578,3,59,255,2734,0.55,0.3640073610462021,0.44,A0A8V0XZH4 A0A8V0ZBM0 A0A1D5PBU5
Biological Process,meiotic cell cycle,2,GO:0051321,3,60,255,2734,0.54,0.365800694318042,0.44,A0A8V0YW57 A0A8V0YTK5 A0A1D5PBU5
Biological Process,"mRNA splicing, via spliceosome",8,GO:0000398,3,60,255,2734,0.54,0.365800694318042,0.44,A0A8V0ZJ97 A0A1D5PSI3 A0A8V0XXW6
Biological Process,"RNA splicing, via transesterification reactions",8,GO:0000375,3,60,255,2734,0.54,0.365800694318042,0.44,A0A8V0ZJ97 A0A1D5PSI3 A0A8V0XXW6
Biological Process,peptide secretion,5,GO:0002790,3,60,255,2734,0.54,0.365800694318042,0.44,Q5ZJW4 A0A8V0ZUA4 A0A8V0XMI5
Biological Process,"RNA splicing, via transesterification reactions with bulged adenosine as nucleophile",9,GO:0000377,3,60,255,2734,0.54,0.365800694318042,0.44,A0A8V0ZJ97 A0A1D5PSI3 A0A8V0XXW6
Biological Process,translational initiation,3,GO:0006413,3,60,255,2734,0.54,0.365800694318042,0.44,A0A8V1A8R2 A0A8V0XPN5 Q6ITC7
Biological Process,membrane organization,4,GO:0061024,28,257,255,2734,1.17,0.367044245732617,0.44,A0A8V1AG56 A0A8V0X4D8 A0A8V0XBD4 A0A8V1A803 A0A1D5NTR5 A0A8V0YDT5 R4GGQ4 A0A1D5PBZ8 A0A8V0XEJ0 A0A8V0YVI8 A0A8V0XYK6 A0A8V0ZYI9 A0A3Q2UGW3 A0A8V0XM02 A0A8V0YVB6 A0A8V1A6B5 E1C0K5 A0A8V1A7R0 Q5ZJW4 A0A8V0Y9F8 A0A8V1ABC9 A0A8V0ZRP2 A0A1D5PGC2 A0A8V0ZUA4 A0A8V1AFR2 A0A8V0YLZ8 P01875 A0A8V0YWM3
Biological Process,positive regulation of neuron differentiation,6,GO:0045666,16,139,255,2734,1.23,0.3678222202265322,0.43,A0A8V0ZKI8 A0A8V1AG56 A0A8V0X4D8 A0A8V0Z3U6 A0A1D5PSI3 A0A8V1AJI2 A0A8V0XMI5 A0A8V0ZUU4 A0A1D5PT01 Q00649 A0A8V0YDD6 A0A8V0YDT5 A0A1D5PBZ8 A0A3Q2TT95 A0A8V0ZDW7 A0A1D5P0D7
Biological Process,adult behavior,3,GO:0030534,3,61,255,2734,0.53,0.3683988309123323,0.43,A0A3Q2UGW3 A0A8V0XKW4 A0A8V1ABA3
Biological Process,response to biotic stimulus,2,GO:0009607,28,258,255,2734,1.16,0.3685033336413396,0.43,A0A8V1AG56 A0A8V0XXM5 A0A8V0XMI5 A0A8V0ZAP5 A0A8V0YGN2 A0A8V0XEJ0 P15120 A0A1I7Q3Z0 A0A8V0YFT7 E1C733 A0A1L1RX77 A0A8V0YLI1 A0A8V0Y4Q2 A0A8V1A3N1 A0A1D5P692 A0A8V0Y579 A0A1L4FLS3 A0A8V0Y9F8 Q00649 A0A1D5PDV9 K9JA28 Q05744 A0A8V0ZSN8 A0A8V1A9R2 A0A8V0YDD6 A0A8V0YDL8 P01875 A0A8V0YWM3
Biological Process,endocytosis,3,GO:0006897,14,194,255,2734,0.77,0.36903083092943245,0.43,A0A8V0ZKI8 A0A8V1A6B5 A0A8V0XBD4 A0A3Q2UGW3 A0A8V0XMI5 A0A8V0Y9F8 A0A8V0Y6D2 A0A3Q2UHS2 A0A8V0XEJ0 A0A8V0ZYI9 A0A8V0ZRP2 E1C0K5 A0A1I7Q3Z0 P01875
Biological Process,response to peptide hormone,4,GO:0043434,16,140,255,2734,1.23,0.370419840934179,0.43,A0A1D5P6T3 A0A8V0Z6E4 A0A8V0YFT7 A0A8V0ZSN8 A0A8V1A9R2 A0A1D5PSI3 A0A8V0XMI5 Q00649 A0A8V0YDD6 A0A8V0ZJJ7 A0A8V0XE48 A0A8V1ABC9 A0A8V0YDL8 A0A8V1A7R0 A0A1I7Q3Z0 P02460
Biological Process,regulation of muscle organ development,4,GO:0048634,5,35,255,2734,1.53,0.3708277066498224,0.43,A0A8V0ZKI8 A0A8V0ZSG8 A0A8V0Z9Z7 A0A8V0XMV0 A0A8V0XXK8
Biological Process,T cell activation,4,GO:0042110,5,35,255,2734,1.53,0.3708277066498224,0.43,A0A8V0ZSN8 A0A8V0XMI5 A0A8V0ZSX6 A0A8V1A7R0 A0A1I7Q3Z0
Biological Process,positive regulation of leukocyte migration,5,GO:0002687,5,35,255,2734,1.53,0.3708277066498224,0.43,A0A8V1AG56 A0A8V0ZZZ5 A0A8V0XMI5 A0A8V0YLI1 A0A8V0YSF6
Biological Process,regionalization,3,GO:0003002,22,196,255,2734,1.2,0.37090069061809827,0.43,A0A8V1AG56 Q98938 A0A8V0XMI5 A0A8V0ZUU4 A0A8V0XH99 A0A3Q2UHS2 A0A8V0ZFG7 A0A8V0Z8V4 A0A1I7Q421 A0A8V0XM02 A0A8V1ACD6 A0A1D5P0D7 Q0PVE4 A0A8V0XXZ4 A0A8V0YXI7 A0A8V0ZF83 A0A8V0ZKI8 A0A8V0ZSN8 A0A8V0ZUA4 A0A8V1A9R2 A0A8V0Y070 A0A1D5PZ68
Biological Process,follicle cell of egg chamber development,3,GO:0030707,11,94,255,2734,1.25,0.37101470451898066,0.43,A0A8V0YIC3 Q0PVE4 A0A8V0XBD4 Q98938 A0A8V0ZSN8 A0A8V1A9R2 A0A8V0YDU6 A0A8V0YDT5 A0A8V0Y699 A0A8V0ZE30 A0A8V0ZRP2
Biological Process,lipid metabolic process,3,GO:0006629,20,261,255,2734,0.82,0.37166736568560554,0.43,A0A8V1ABA3 A0A8V0XXM5 A0A8V0XEP8 A0A8V1ACH5 A0A8V0XH99 A0A8V0YC98 A0A1I7Q3Z0 A0A8V0ZSC5 A0A8V0X637 F1NTQ2 A0A8V0WZN3 A0A8V1A3H7 A0A8V0Y579 A0A8V0YZJ3 A0A8V0Z086 A0A8V0Y9F8 A0A8V0YSF6 A0A8V0YYQ9 A0A8V0Y4M6 A0A3Q2TU24
Biological Process,response to lipid,4,GO:0033993,29,266,255,2734,1.17,0.3738844638319197,0.43,A0A8V1AG56 A0A8V0Z6E4 A0A8V1ABA3 A0A8V0XMI5 A0A8V0YGN2 P15120 A0A1I7Q3Z0 P02460 A0A1D5P6T3 A0A8V0YFT7 A0A1L1RX77 A0A8V0XPE8 A0A8V0ZP32 A0A8V0YLI1 A0A8V1A7R0 A0A8V0Y4Q2 A0A1D5P692 Q00649 A0A8V0ZJJ7 A0A8V0XE48 A0A8V1ABC9 A0A8V0Z8N6 A0A8V0XKW4 A0A8V0ZKI8 A0A3Q2TU24 A0A1D5PSI3 A0A8V0YDD6 A0A8V0YDL8 A0A8V0YWM3
Biological Process,endosomal transport,3,GO:0016197,6,99,255,2734,0.65,0.37581803253071344,0.43,A0A8V0XM98 A0A8V0YIC3 A0A8V0ZTR7 A0A8V1ADS4 A0A8V0YG88 A0A8V0ZYI9
Biological Process,monoatomic ion transmembrane transport,3,GO:0034220,10,144,255,2734,0.74,0.37755098553107186,0.42,A0A8V0ZTR7 A0A8V0Y579 A0A1D5NYS2 A0A8V0ZY91 A0A8V0YLI1 A0A8V1AM47 A0A8V0ZJJ7 A0A8V0YLZ5 F1P4D6 A0A8V0YHF3
Biological Process,regulation of leukocyte proliferation,5,GO:0070663,5,36,255,2734,1.49,0.37774442386638507,0.42,Q92182 Q98938 A0A8V1A9R2 A0A8V0XMI5 A0A8V0YLI1
Biological Process,regulation of cell-matrix adhesion,6,GO:0001952,5,36,255,2734,1.49,0.37774442386638507,0.42,A0A8V0ZZZ5 A0A8V0XE48 P15120 A0A8V0YLZ8 A0A1I7Q3Z0
Biological Process,neural tube formation,6,GO:0001841,5,36,255,2734,1.49,0.37774442386638507,0.42,A0A8V0ZKI8 A0A8V1AG56 A0A8V0ZUA4 A0A3Q2UHS2 A0A8V0XE48
Biological Process,response to activity,2,GO:0014823,5,36,255,2734,1.49,0.37774442386638507,0.42,A0A1D5P6T3 A0A8V1AFP7 A0A1D5PSI3 A0A8V0YDD6 P15120
Biological Process,mesoderm morphogenesis,4,GO:0048332,5,36,255,2734,1.49,0.37774442386638507,0.42,A0A8V1AG56 A0A8V0Z8V4 A0A8V0Y070 A0A3Q2UHS2 A0A8V0YXI7
Biological Process,organ growth,2,GO:0035265,5,36,255,2734,1.49,0.37774442386638507,0.42,Q98938 A0A3Q2UGW3 A0A1D5PSI3 A0A8V0Z8N6 P02460
Biological Process,mitochondrial respiratory chain complex assembly,6,GO:0033108,5,36,255,2734,1.49,0.37774442386638507,0.42,A0A8V0ZRZ8 A0A8V0XCD2 A0A8V0X535 A0A8V0YWM3 A0A1D5PGC2
Biological Process,positive regulation of muscle hypertrophy,5,GO:0014742,2,14,255,2734,1.53,0.380621262365812,0.42,A0A8V0XE48 A0A8V1ABC9
Biological Process,"molting cycle, collagen and cuticulin-based cuticle",3,GO:0018996,2,14,255,2734,1.53,0.380621262365812,0.42,A0A8V0ZHL4 A0A8V0YVB6
Biological Process,regulation of polysaccharide metabolic process,5,GO:0032881,2,14,255,2734,1.53,0.380621262365812,0.42,A0A1D5P6T3 A0A8V0XMI5
Biological Process,negative regulation of Ras protein signal transduction,8,GO:0046580,2,14,255,2734,1.53,0.380621262365812,0.42,A0A8V0YLZ8 A0A8V0YRG2
Biological Process,receptor catabolic process,4,GO:0032801,2,14,255,2734,1.53,0.380621262365812,0.42,A0A8V0ZRP2 A0A8V0YSF6
Biological Process,protein transmembrane transport,3,GO:0071806,2,14,255,2734,1.53,0.380621262365812,0.42,R4GGQ4 A0A8V0XMV0
Biological Process,regulation of response to reactive oxygen species,6,GO:1901031,2,14,255,2734,1.53,0.380621262365812,0.42,A0A1D5P6T3 A0A8V0YLI1
Biological Process,regulation of potassium ion transmembrane transporter activity,6,GO:1901016,2,14,255,2734,1.53,0.380621262365812,0.42,A0A8V0ZY91 A0A8V0XYK6
Biological Process,Rho protein signal transduction,6,GO:0007266,2,14,255,2734,1.53,0.380621262365812,0.42,A0A8V0ZTR7 A0A8V0XE48
Biological Process,positive regulation of neural precursor cell proliferation,6,GO:2000179,2,14,255,2734,1.53,0.380621262365812,0.42,A0A1D5PEW1 A0A8V0YVB6
Biological Process,negative regulation of calcium ion transport,6,GO:0051926,2,14,255,2734,1.53,0.380621262365812,0.42,A0A8V0YLI1 A0A8V0Z8N6
Biological Process,organic hydroxy compound catabolic process,4,GO:1901616,2,14,255,2734,1.53,0.380621262365812,0.42,A0A8V1ACH5 F1NBR3
Biological Process,positive regulation of cardiac muscle hypertrophy,6,GO:0010613,2,14,255,2734,1.53,0.380621262365812,0.42,A0A8V0XE48 A0A8V1ABC9
Biological Process,peptide cross-linking,5,GO:0018149,2,14,255,2734,1.53,0.380621262365812,0.42,A0A1L1RX77 A0A8V0YDD6
Biological Process,negative regulation of nuclear division,7,GO:0051784,2,14,255,2734,1.53,0.380621262365812,0.42,A0A8V0YW57 A0A8V0Z9Z7
Biological Process,melanin metabolic process,3,GO:0006582,2,14,255,2734,1.53,0.380621262365812,0.42,A0A8V0YRG2 A0A1D5PBZ8
Biological Process,regulation of heart growth,5,GO:0060420,2,14,255,2734,1.53,0.380621262365812,0.42,A0A8V0XXK8 A0A8V0XMV0
Biological Process,macrophage activation,4,GO:0042116,2,14,255,2734,1.53,0.380621262365812,0.42,A0A1L4FLS3 A0A8V0XMI5
Biological Process,negative regulation of chromosome organization,7,GO:2001251,2,14,255,2734,1.53,0.380621262365812,0.42,A0A1I7Q3Z0 A0A8V0Z9Z7
Biological Process,synaptic assembly at neuromuscular junction,3,GO:0051124,2,14,255,2734,1.53,0.380621262365812,0.42,A0A1D5NTR5 A0A8V0YDT5
Biological Process,positive regulation of purine nucleotide metabolic process,7,GO:1900544,2,14,255,2734,1.53,0.380621262365812,0.42,A0A1D5P6T3 A0A8V1A7R0
Biological Process,melanization defense response,4,GO:0035006,2,14,255,2734,1.53,0.380621262365812,0.42,A0A8V0YRG2 A0A1D5PBZ8
Biological Process,apoptotic process involved in development,5,GO:1902742,2,14,255,2734,1.53,0.380621262365812,0.42,A0A8V0ZE58 Q05744
Biological Process,positive regulation of nucleotide metabolic process,6,GO:0045981,2,14,255,2734,1.53,0.380621262365812,0.42,A0A1D5P6T3 A0A8V1A7R0
Biological Process,respiratory tube development,4,GO:0030323,8,64,255,2734,1.34,0.38069254704648636,0.42,A0A8V1AG56 A0A3Q2TU24 A0A8V0Z189 A0A1D5PSI3 A0A8V0XMI5 A0A8V0YVB6 A0A8V0XUJ8 A0A8V1AAN6
Biological Process,lung development,4,GO:0030324,8,64,255,2734,1.34,0.38069254704648636,0.42,A0A8V1AG56 A0A3Q2TU24 A0A8V0Z189 A0A1D5PSI3 A0A8V0XMI5 A0A8V0YVB6 A0A8V0XUJ8 A0A8V1AAN6
Biological Process,gland morphogenesis,4,GO:0022612,8,64,255,2734,1.34,0.38069254704648636,0.42,A0A8V0ZKI8 A0A8V1AG56 E1C733 A0A8V0XE48 A0A1I7Q3Z0 A0A1D5PZ68 A0A8V1AAN6 A0A8V1A3H9
Biological Process,tissue migration,2,GO:0090130,12,101,255,2734,1.27,0.3809230714042114,0.42,A0A8V0Z8V4 A0A8V0YIC3 Q0PVE4 A0A8V0XBD4 Q98938 A0A8V0ZSN8 A0A8V1A9R2 A0A8V0YDU6 A0A8V0XMI5 A0A8V0YDT5 A0A8V0Y699 A0A8V0YXI7
Biological Process,regulation of immune effector process,4,GO:0002697,12,101,255,2734,1.27,0.3809230714042114,0.42,A0A8V1AG56 A0A8V0ZJ97 A0A8V0YFT7 A0A8V1A8N2 A0A8V1A9R2 A0A1L4FLS3 A0A8V0XMI5 A0A8V0ZP32 A0A8V0YW57 A0A8V0ZSX6 K9JA28 A0A8V0YHS1
Biological Process,synaptic vesicle endocytosis,5,GO:0048488,5,37,255,2734,1.45,0.3857718626174711,0.41,A0A3Q2UGW3 A0A8V0Y9F8 A0A8V0ZRP2 A0A8V1A6B5 A0A8V0ZYI9
Biological Process,cellular response to lipopolysaccharide,5,GO:0071222,5,37,255,2734,1.45,0.3857718626174711,0.41,A0A8V1AG56 A0A8V0YFT7 A0A8V0YDD6 P15120 A0A1I7Q3Z0
Biological Process,eye photoreceptor cell development,6,GO:0042462,5,37,255,2734,1.45,0.3857718626174711,0.41,A0A8V0XM98 A0A8V0ZZZ5 A0A8V0ZUU4 A0A1D5NTR5 A0A8V0YDT5
Biological Process,positive regulation of gene expression,7,GO:0010628,30,280,255,2734,1.15,0.3863235377125297,0.41,A0A8V1AG56 A0A8V0XBD4 Q98938 A0A8V0XMI5 A0A8V0Y290 A0A1I7Q3Z0 A0A8V0ZH96 A0A8V1AAN6 A0A8V1A3H9 A0A8V0XYK6 A0A1D5P6T3 A0A8V0Y0F3 A0A8V0YFT7 F1NTQ2 A0A1L1RX77 A0A8V0YLI1 A0A8V0ZSX6 A0A8V0X1T3 A0A8V1A7R0 A0A1D5P0D7 A0A1L4FLS3 A0A8V0ZE58 A0A8V0XE48 A0A8V0ZKI8 A0A8V0ZUA4 A0A8V0YDT4 A0A8V1A9R2 A0A1D5PSI3 A0A8V0YDD6 A0A8V0YRG2
Biological Process,columnar/cuboidal epithelial cell development,5,GO:0002066,12,103,255,2734,1.25,0.38787770432527496,0.41,A0A8V1AG56 A0A8V0YIC3 Q0PVE4 A0A8V0XBD4 Q98938 A0A8V0ZSN8 A0A8V1A9R2 A0A8V0YDU6 A0A8V0YDT5 A0A8V0Y699 A0A8V0ZE30 A0A8V0ZRP2
Biological Process,cellular component biogenesis,3,GO:0044085,70,821,255,2734,0.91,0.38928972145266283,0.41,A0A8V1AG56 A0A8V0ZBM0 A0A8V0XBD4 Q98938 A0A8V0ZRZ8 A0A8V0XMI5 A0A8V0Z4R1 A0A1D5NTR5 A0A8V0YGN2 A0A8V0YDT5 A0A3Q2UHS2 A0A8V0ZUU4 A0A1D5PBZ8 A0A8V0YG88 A0A8V0Y290 A0A8V0YQU2 A0A8V1A0B4 A0A1I7Q3Z0 A0A8V0ZYI9 A0A8V0XYK6 A0A1D5P6T3 A0A8V0Y0F3 A0A8V0YTK5 A0A8V0XCD2 A0A8V0ZSG8 A0A8V0ZHX5 A0A3Q2UGW3 A0A8V0XM02 A0A8V0XZH4 A0A8V0X535 A0A8V1A8R2 A0A8V0XXW6 A0A8V0YGQ5 A0A8V0YLI1 A0A8V0ZSX6 A0A8V0YVB6 A0A8V0YIC3 A0A8V0ZZZ5 Q0PVE4 A0A8V0X7P4 A0A8V0XPN5 A0A8V0ZY42 Q5ZJW4 A0A8V0Y9F8 A0A8V0ZJJ7 A0A8V0Y699 A0A8V1ABC9 A0A1L1S0X5 A0A8V0ZRP2 A0A8V1AEJ0 A0A1D5PLP1 A0A8V0XKW4 A0A8V0ZDW7 A0A8V0ZY56 A0A1D5PGC2 A0A8V0Y4M6 A0A3Q2TU24 A0A8V0ZJ97 A0A8V1AHP7 A0A1D5PBU5 Q05744 A0A8V0ZUA4 A0A8V1AFR2 A0A8V0Z3U6 A0A8V0Z9Z7 A0A1D5PMN7 A0A8V0YC20 A0A8V0YDD6 A0A1L1RKY9 A0A8V0YWM3
Biological Process,compound eye development,6,GO:0048749,12,104,255,2734,1.24,0.3920105775639543,0.41,A0A8V0ZKI8 A0A8V1A9L3 A0A8V0XM98 Q98938 A0A8V0ZSN8 A0A8V1A9R2 A0A8V0ZUU4 A0A1D5NTR5 A0A8V0XH99 A0A8V0YDT5 A0A8V0XE48 A0A8V1A0B4
Biological Process,negative regulation of catabolic process,5,GO:0009895,8,66,255,2734,1.3,0.39228887811176977,0.41,A0A8V0X4D8 A0A8V0XM02 P26652 A0A8V0X7P4 Q5ZJW4 A0A1L1RP76 A0A8V0XKW4 A0A8V1A7R0
Biological Process,cellular response to extracellular stimulus,3,GO:0031668,8,66,255,2734,1.3,0.39228887811176977,0.41,A0A8V1AHP7 A0A8V0ZSG8 A0A8V1ABA3 A0A8V0XPE8 P02460 A0A8V0YLI1 A0A8V0ZSX6 A0A8V0YWM3
Biological Process,Golgi vesicle budding,6,GO:0048194,5,38,255,2734,1.41,0.39481185793935225,0.4,A0A8V0ZUA4 A0A8V1AFR2 A0A8V0XM02 Q5ZJW4 A0A8V0YVB6
Biological Process,positive regulation of stress-activated MAPK cascade,7,GO:0032874,5,38,255,2734,1.41,0.39481185793935225,0.4,A0A8V1AG56 A0A1L4FLS3 A0A8V0X7P4 A0A8V0XMI5 A0A1D5P0D7
Biological Process,regulation of myeloid cell differentiation,5,GO:0045637,5,38,255,2734,1.41,0.39481185793935225,0.4,A0A8V0YFT7 A0A1L4FLS3 A0A8V0XMI5 A0A8V1ABC9 A0A8V1A7R0
Biological Process,synaptic vesicle recycling,4,GO:0036465,5,38,255,2734,1.41,0.39481185793935225,0.4,A0A3Q2UGW3 A0A8V0Y9F8 A0A8V0ZRP2 A0A8V1A6B5 A0A8V0ZYI9
Biological Process,spermatogenesis,3,GO:0007283,11,157,255,2734,0.75,0.39503518451430464,0.4,A0A8V0XBD4 A0A1D5PBU5 A0A8V0XZH4 A0A8V0WZN3 A0A8V0XMI5 A0A8V0ZUU4 A0A8V0YW57 A0A8V0YDT5 P15120 A0A8V0XKW4 A0A8V0ZEC1
Biological Process,regulation of transferase activity,4,GO:0051338,24,219,255,2734,1.17,0.3957089853418221,0.4,A0A8V1AG56 A0A8V1ABA3 A0A8V0XMI5 A0A1I7Q3Z0 A0A8V1A3H9 A0A1D5P6T3 A0A8V0X637 A0A1D5PEW1 A0A1L1RX77 A0A8V0X1T3 A0A8V0ZZZ5 Q0PVE4 A0A8V1A3N1 A0A8V0Y579 A0A1L4FLS3 A0A8V0ZE58 Q00649 A0A8V1ABC9 A0A8V0ZKI8 A0A3Q2TU24 A0A8V1A3S8 A0A8V0ZSN8 A0A8V1A9R2 A0A8V0YRG2
Biological Process,system process,2,GO:0003008,41,390,255,2734,1.13,0.39714426110547296,0.4,A0A8V0XBD4 A0A8V1ABA3 A0A8V1AEJ4 A0A8V0XEP8 A0A8V1ACH5 A0A1D5NTR5 R4GGQ4 A0A1D5PBZ8 A0A8V1A0B4 A0A1I7Q3Z0 A0A1D5PXI1 A0A8V1ACV0 P02460 A0A8V0XYK6 A0A1D5P6T3 A0A8V0YFT7 A0A8V0ZSG8 A0A3Q2UGW3 F1NTQ2 A0A8V0YLI1 A0A8V0ZSX6 A0A8V0YVB6 A0A8V0XA92 A0A8V0ZY91 A0A8V0Z086 A0A8V0YSF6 A0A8V0XE48 A0A8V0Y699 A0A8V1ABC9 A0A8V1ALI6 A0A8V0ZDW7 A0A8V0ZKI8 A0A8V0XM98 A0A1D5NT61 A0A8V0ZSN8 A0A8V1A9R2 A0A8V0YF36 A0A1D5PMN7 A0A1L1RKY9 A0A8V0YLZ8 A0A8V0YRG2
Biological Process,negative regulation of protein metabolic process,6,GO:0051248,32,299,255,2734,1.15,0.3987878118218225,0.4,A0A8V0X4D8 Q98938 A0A8V1ABA3 A0A8V0Y999 A0A8V1ACH5 A0A1L1RP76 A0A8V0Y290 A0A1I7Q3Z0 A0A1D5P6T3 A0A8V0Y0F3 A0A8V0X637 A0A1D5PEW1 A0A1L1RX77 A0A8V0ZSX6 A0A8V0YVB6 A0A8V0YRF2 A0A8V1A7R0 A0A8V0ZZZ5 Q0PVE4 A0A8V0X7P4 Q00649 A0A8V0XE48 A0A8V1ABC9 A0A8V0ZE30 A0A8V0ZY56 A0A8V0ZKI8 A0A8V1A3S8 A0A8V0YDT4 A0A8V1A9R2 P26652 A0A8V1AJI2 A0A8V0YRG2
Biological Process,cellular lipid catabolic process,4,GO:0044242,8,67,255,2734,1.28,0.3989985275822917,0.4,A0A8V0Y4M6 A0A8V0ZSC5 A0A8V1ABA3 A0A8V0X637 F1NTQ2 A0A8V0Z086 A0A8V0Y9F8 A0A8V0YC98
Biological Process,development of primary female sexual characteristics,4,GO:0046545,5,39,255,2734,1.37,0.40476812150579755,0.39,A0A1I7Q421 A0A1D5PSI3 A0A1D5NTR5 A0A8V1ABC9 A0A1I7Q3Z0
Biological Process,female gonad development,5,GO:0008585,5,39,255,2734,1.37,0.40476812150579755,0.39,A0A1I7Q421 A0A1D5PSI3 A0A1D5NTR5 A0A8V1ABC9 A0A1I7Q3Z0
Biological Process,positive regulation of stress-activated protein kinase signaling cascade,6,GO:0070304,5,39,255,2734,1.37,0.40476812150579755,0.39,A0A8V1AG56 A0A1L4FLS3 A0A8V0X7P4 A0A8V0XMI5 A0A1D5P0D7
Biological Process,anatomical structure homeostasis,3,GO:0060249,13,112,255,2734,1.24,0.4048891871686999,0.39,Q98938 A0A8V1ABA3 A0A8V0XEP8 P02460 A0A8V0Y0X2 A0A8V1ALI6 A0A8V0Y9B0 A0A8V0Y699 A0A8V0YLZ5 A0A1I7Q3Z0 A0A8V0YYQ9 A0A8V0XXK8 A0A1D5P0D7
Biological Process,ncRNA metabolic process,6,GO:0034660,4,71,255,2734,0.6,0.40536090067670316,0.39,A0A8V0ZJ97 A0A8V0YQC4 A0A8V1A8R2 A0A8V1A7Y9
Biological Process,brain development,4,GO:0007420,25,230,255,2734,1.17,0.40640310221833587,0.39,A0A8V1AG56 Q98938 A0A8V0ZUU4 A0A1D5NTR5 A0A1D5PBZ8 A0A1I7Q3Z0 A0A8V0YVI8 A0A1D5P6T3 F1NXR0 A0A8V0Z8V4 A0A1I7Q421 A0A3Q2UGW3 A0A1D5P692 A0A8V0YPB9 A0A8V0ZJJ7 A0A1D5PDV9 A0A8V0XKW4 A0A8V0ZKI8 A0A8V0XM98 A0A1D5NT61 A0A8V0Z3U6 A0A8V0Z9Z7 A0A1D5PSI3 A0A8V0YDL8 A0A8V0YRG2
Biological Process,cytoskeleton-dependent cytokinesis,4,GO:0061640,4,72,255,2734,0.6,0.4075882137484305,0.39,A0A8V0ZRP2 A0A8V0YIC3 A0A8V0XE48 A0A8V0XYK6
Biological Process,protein localization,4,GO:0008104,46,553,255,2734,0.89,0.4128752030092227,0.38,A0A8V1AG56 A0A8V0X4D8 A0A8V0XBD4 A0A8V0ZBR8 A0A8V0YBZ6 A0A8V1AEJ4 A0A8V0YDU6 A0A8V0XMI5 A0A8V1ACH5 A0A3Q2UHS2 R4GGQ4 A0A1D5PBZ8 Q6ITC7 A0A8V0YG88 A0A8V1A0B4 A0A8V1ACV0 A0A8V0YVI8 A0A8V0XYK6 A0A8V1A8R2 A0A8V0XPE8 A0A8V1ADS4 A0A8V1A7R0 A0A8V0XS21 A0A8V0YIC3 A0A8V0ZZZ5 Q0PVE4 A0A8V0X7P4 A0A8V0XPN5 Q5ZJW4 Q00649 A0A8V0XE48 A0A8V0Y699 A0A8V1ABC9 A0A8V0ZRP2 A0A1D5PGC2 A0A8V0ZKI8 A0A8V0XM98 A0A8V0ZTR7 A0A1D5PBU5 A0A8V0ZUA4 A0A8V0YDT4 A0A8V0Z3U6 A0A8V0Z9Z7 A0A8V0Y357 A0A8V0XMV0 P28687
Biological Process,regulation of fat cell differentiation,5,GO:0045598,3,19,255,2734,1.69,0.41294377669912485,0.38,A0A8V0ZKI8 A0A8V1AFP7 A0A8V1AG56
Biological Process,cellular response to nutrient,4,GO:0031670,3,19,255,2734,1.69,0.41294377669912485,0.38,A0A8V0XPE8 A0A8V0YLI1 P02460
Biological Process,regulation of type I interferon production,5,GO:0032479,3,19,255,2734,1.69,0.41294377669912485,0.38,A0A1L4FLS3 A0A8V0YFT7 A0A8V0XMI5
Biological Process,response to mineralocorticoid,6,GO:0051385,3,19,255,2734,1.69,0.41294377669912485,0.38,A0A1I7Q3Z0 A0A8V1ABC9 A0A8V0YWM3
Biological Process,gastrulation involving germ band extension,6,GO:0010004,3,19,255,2734,1.69,0.41294377669912485,0.38,A0A8V0ZF83 A0A8V0ZTR7 A0A8V0Y070
Biological Process,regulation of fibroblast growth factor receptor signaling pathway,5,GO:0040036,3,19,255,2734,1.69,0.41294377669912485,0.38,A0A8V1AG56 A0A8V0ZDW7 Q98938
Biological Process,protein localization to mitochondrion,6,GO:0070585,3,19,255,2734,1.69,0.41294377669912485,0.38,A0A8V0XMV0 R4GGQ4 A0A1D5PGC2
Biological Process,negative regulation of viral process,4,GO:0048525,3,19,255,2734,1.69,0.41294377669912485,0.38,A0A8V0ZSX6 A0A8V0YFT7 A0A8V0YDT4
Biological Process,receptor clustering,5,GO:0043113,3,19,255,2734,1.69,0.41294377669912485,0.38,A0A8V0X4D8 A0A8V1ACV0 A0A8V0ZZZ5
Biological Process,morphogenesis of an epithelial sheet,5,GO:0002011,3,19,255,2734,1.69,0.41294377669912485,0.38,A0A8V0ZKI8 A0A8V0ZE58 A0A8V1AG56
Biological Process,hyperosmotic response,4,GO:0006972,3,19,255,2734,1.69,0.41294377669912485,0.38,A0A1L4FLS3 A0A8V0ZSX6 A0A1D5P692
Biological Process,endoderm formation,4,GO:0001706,3,19,255,2734,1.69,0.41294377669912485,0.38,A0A8V0YDD6 A0A1D5P8I8 A0A8V1AFR2
Biological Process,leg disc morphogenesis,5,GO:0007478,3,19,255,2734,1.69,0.41294377669912485,0.38,A0A8V0XH99 A0A8V0ZTR7 Q98938
Biological Process,hair cycle,3,GO:0042633,3,19,255,2734,1.69,0.41294377669912485,0.38,A0A3Q2TU24 A0A1I7Q421 F1NJI3
Biological Process,gastrulation with mouth forming first,5,GO:0001703,3,19,255,2734,1.69,0.41294377669912485,0.38,A0A8V0ZF83 A0A8V0ZTR7 A0A8V0Y070
Biological Process,nucleotide-sugar metabolic process,4,GO:0009225,3,19,255,2734,1.69,0.41294377669912485,0.38,A0A8V0YXI7 A0A8V0Z938 A0A8V0ZXC9
Biological Process,embryonic digit morphogenesis,4,GO:0042733,3,19,255,2734,1.69,0.41294377669912485,0.38,A0A8V0ZKI8 A0A8V1AG56 Q98938
Biological Process,protein-DNA complex organization,5,GO:0071824,3,19,255,2734,1.69,0.41294377669912485,0.38,A0A8V1AEJ0 A0A8V0Z9Z7 A0A8V0XMI5
Biological Process,negative regulation of autophagy,7,GO:0010507,3,19,255,2734,1.69,0.41294377669912485,0.38,Q5ZJW4 A0A8V0XM02 A0A8V0XKW4
Biological Process,semaphorin-plexin signaling pathway,4,GO:0071526,3,19,255,2734,1.69,0.41294377669912485,0.38,A0A1D5PZ68 A0A1D5PBZ8 A0A8V1ACD6
Biological Process,cellular response to molecule of bacterial origin,4,GO:0071219,5,40,255,2734,1.34,0.41554675414164705,0.38,A0A8V1AG56 A0A8V0YFT7 A0A8V0YDD6 P15120 A0A1I7Q3Z0
Biological Process,negative regulation of response to wounding,5,GO:1903035,5,40,255,2734,1.34,0.41554675414164705,0.38,A0A3Q2TU24 A0A8V0Z938 A0A8V0YDT5 A0A8V0XE48 P15120
Biological Process,response to cytokine,4,GO:0034097,26,241,255,2734,1.16,0.4164847345527806,0.38,A0A8V1AG56 A0A8V0Z6E4 A0A8V1ABA3 A0A8V0XMI5 A0A8V0Z4R1 A0A1I7Q3Z0 P02460 A0A1D5P6T3 A0A8V0YFT7 E1C733 A0A1L1RX77 A0A8V0YLI1 A0A8V1A7R0 A0A8V1A3N1 A0A1D5P692 Q00649 A0A8V1ABC9 A0A8V0XKW4 K9JA28 A0A8V0XM98 A0A8V0ZSN8 A0A8V1A9R2 A0A8V0Y652 A0A8V0Z938 A0A8V0YDD6 A0A8V0YDL8
Biological Process,head development,3,GO:0060322,26,243,255,2734,1.15,0.4196617347683223,0.38,A0A8V1AG56 Q98938 A0A8V0ZUU4 A0A1D5NTR5 A0A1D5PBZ8 A0A1I7Q3Z0 A0A8V0YVI8 P02460 A0A1D5P6T3 F1NXR0 A0A8V0Z8V4 A0A1I7Q421 A0A3Q2UGW3 A0A1D5P692 A0A8V0YPB9 A0A8V0ZJJ7 A0A1D5PDV9 A0A8V0XKW4 A0A8V0ZKI8 A0A8V0XM98 A0A1D5NT61 A0A8V0Z3U6 A0A8V0Z9Z7 A0A1D5PSI3 A0A8V0YDL8 A0A8V0YRG2
Biological Process,negative regulation of nitrogen compound metabolic process,5,GO:0051172,45,436,255,2734,1.11,0.42004817860052596,0.38,A0A8V1AG56 A0A8V0X4D8 Q98938 A0A8V1ABA3 A0A8V0Y999 A0A8V0XMI5 A0A8V1ACH5 A0A1D5NTR5 A0A1L1RP76 Q6ITC7 A0A8V0Y290 A0A1I7Q3Z0 A0A1D5P6T3 A0A1I7Q421 A0A8V0Y0F3 A0A8V0YFT7 A0A8V0ZSG8 A0A8V0X637 A0A1D5PEW1 A0A1L1RX77 A0A8V0YW57 Q5ZJ73 A0A8V0ZSX6 A0A8V0YLI1 A0A8V0YRF2 A0A8V0YVB6 A0A8V1A7R0 A0A8V0ZZZ5 Q0PVE4 A0A8V0X7P4 Q00649 A0A8V0XE48 A0A8V0Y699 A0A8V1ABC9 A0A8V0ZE30 A0A8V0ZY56 A0A8V0ZKI8 A0A8V1A3S8 A0A8V0YDT4 A0A8V1A9R2 P26652 A0A8V0Z9Z7 A0A1D5PSI3 A0A8V1AJI2 A0A8V0YRG2
Biological Process,response to acid chemical,3,GO:0001101,14,121,255,2734,1.24,0.42179342886586774,0.37,A0A8V0ZKI8 A0A8V1AG56 A0A3Q2TU24 A0A8V0XKW4 P26652 A0A8V0YWM3 A0A1D5PSI3 A0A8V0YW57 Q00649 A0A8V0YDD6 A0A8V0XMV0 A0A8V0YDL8 A0A1I7Q3Z0 P02460
Biological Process,transmembrane transport,2,GO:0055085,13,175,255,2734,0.8,0.4222982777220327,0.37,A0A8V0ZKI8 A0A8V0ZTR7 A0A8V0Y579 A0A1D5NYS2 A0A8V0ZY91 A0A8V0YLI1 A0A8V1AM47 A0A8V0ZJJ7 R4GGQ4 A0A8V0XMV0 A0A8V0YLZ5 F1P4D6 A0A8V0YHF3
Biological Process,exocytosis,3,GO:0006887,27,339,255,2734,0.85,0.4243496756216878,0.37,A0A8V0XXM5 A0A8V0XMI5 A0A8V0YC89 A0A8V0YGN2 P15120 A0A8V0ZH96 A0A8V1ACV0 F1NTQ2 E1C733 Q5ZJ73 A0A8V0YVB6 A0A8V0YIC3 A0A8V0X7P4 A0A8V0YZJ3 A0A8V0ZY42 A0A8V0Z086 A0A8V0YPB9 A0A8V1A6Z0 A0A8V0ZJJ7 A0A8V1ALI6 A0A8V0Y699 A0A8V0ZRP2 A0A3Q2TU24 Q05744 P26652 A0A8V0YBE2 A0A8V0YDD6
Biological Process,"epithelial cell migration, open tracheal system",6,GO:0007427,3,20,255,2734,1.61,0.4247599435164967,0.37,A0A8V0YXI7 A0A8V0Z8V4 Q98938
Biological Process,regulation of bone remodeling,5,GO:0046850,3,20,255,2734,1.61,0.4247599435164967,0.37,A0A8V0ZKI8 A0A1I7Q3Z0 A0A8V1ABC9
Biological Process,regulation of T cell differentiation,7,GO:0045580,3,20,255,2734,1.61,0.4247599435164967,0.37,A0A8V1A9R2 Q98938 A0A8V0XMI5
Biological Process,cardiac septum morphogenesis,3,GO:0060411,3,20,255,2734,1.61,0.4247599435164967,0.37,A0A8V1AG56 A0A8V0ZE58 A0A1D5PZ68
Biological Process,positive regulation of leukocyte proliferation,6,GO:0070665,3,20,255,2734,1.61,0.4247599435164967,0.37,Q92182 A0A8V1A9R2 A0A8V0XMI5
Biological Process,"molting cycle, chitin-based cuticle",3,GO:0007591,3,20,255,2734,1.61,0.4247599435164967,0.37,A0A8V0XH99 A0A8V0ZJJ7 A0A8V0XBD4
Biological Process,morphogenesis of follicular epithelium,5,GO:0016333,3,20,255,2734,1.61,0.4247599435164967,0.37,A0A8V0YDU6 A0A8V0XBD4 A0A8V0ZEC1
Biological Process,regulation of carbohydrate biosynthetic process,5,GO:0043255,3,20,255,2734,1.61,0.4247599435164967,0.37,A0A1D5P6T3 A0A8V0YY90 A0A8V1A3H9
Biological Process,regulation of phosphoprotein phosphatase activity,6,GO:0043666,3,20,255,2734,1.61,0.4247599435164967,0.37,A0A8V0YLI1 A0A8V1AJI2 A0A8V0XE48
Biological Process,regulation of cytokine production involved in immune response,5,GO:0002718,3,20,255,2734,1.61,0.4247599435164967,0.37,A0A8V1AG56 A0A8V1A9R2 A0A1L4FLS3
Biological Process,multicellular organism growth,2,GO:0035264,3,20,255,2734,1.61,0.4247599435164967,0.37,A0A8V0Z189 A0A8V0ZUA4 Q98938
Biological Process,peptidyl-threonine modification,6,GO:0018210,3,20,255,2734,1.61,0.4247599435164967,0.37,A0A8V0Z6S1 A0A8V0XE48 A0A8V1ABC9
Biological Process,positive regulation of neuron apoptotic process,7,GO:0043525,3,20,255,2734,1.61,0.4247599435164967,0.37,A0A8V0YLI1 A0A8V0YWM3 A0A8V0YVB6
Biological Process,positive regulation of smooth muscle cell migration,7,GO:0014911,3,20,255,2734,1.61,0.4247599435164967,0.37,A0A1I7Q3Z0 P15120 A0A8V0XMI5
Biological Process,regulation of meiotic cell cycle,4,GO:0051445,3,20,255,2734,1.61,0.4247599435164967,0.37,A0A8V1AG56 A0A1D5P6T3 A0A8V0YW57
Biological Process,regulation of glucose transmembrane transport,5,GO:0010827,3,20,255,2734,1.61,0.4247599435164967,0.37,A0A1D5P6T3 A0A8V0YY90 A0A8V1ABC9
Biological Process,cellular component assembly,4,GO:0022607,68,790,255,2734,0.92,0.42582442415787247,0.37,A0A8V1AG56 A0A8V0ZBM0 A0A8V0XBD4 Q98938 A0A8V0ZRZ8 A0A8V0XMI5 A0A8V0Z4R1 A0A1D5NTR5 A0A8V0YGN2 A0A8V0YDT5 A0A3Q2UHS2 A0A8V0ZUU4 A0A1D5PBZ8 A0A8V0YG88 A0A8V0Y290 A0A8V0YQU2 A0A8V1A0B4 A0A1I7Q3Z0 A0A8V0ZYI9 A0A8V0XYK6 A0A1D5P6T3 A0A8V0Y0F3 A0A8V0YTK5 A0A8V0XCD2 A0A8V0ZSG8 A0A8V0ZHX5 A0A3Q2UGW3 A0A8V0XM02 A0A8V0XZH4 A0A8V0X535 A0A8V0XXW6 A0A8V0YGQ5 A0A8V0YLI1 A0A8V0ZSX6 A0A8V0YVB6 A0A8V0YIC3 A0A8V0ZZZ5 Q0PVE4 A0A8V0X7P4 A0A8V0XPN5 A0A8V0ZY42 Q5ZJW4 A0A8V0Y9F8 A0A8V0ZJJ7 A0A8V0Y699 A0A8V1ABC9 A0A8V1AEJ0 A0A8V0ZRP2 A0A1D5PLP1 A0A8V0XKW4 A0A8V0ZY56 A0A8V0ZDW7 A0A1D5PGC2 A0A8V0Y4M6 A0A3Q2TU24 A0A8V0ZJ97 A0A8V1AHP7 A0A1D5PBU5 Q05744 A0A8V0ZUA4 A0A8V1AFR2 A0A8V0Z3U6 A0A8V0Z9Z7 A0A1D5PMN7 A0A8V0YC20 A0A8V0YDD6 A0A1L1RKY9 A0A8V0YWM3
Biological Process,instar larval or pupal morphogenesis,4,GO:0048707,14,123,255,2734,1.22,0.4261779254503446,0.37,A0A8V0ZKI8 A0A8V0ZTR7 A0A8V0XBD4 Q98938 A0A8V0ZSN8 A0A8V1A9R2 P26652 A0A8V0Y070 A0A1D5PEW1 A0A8V0XH99 A0A8V0XE48 A0A8V0Y699 A0A1D5PBZ8 A0A8V0ZF83
Biological Process,protein heterooligomerization,7,GO:0051291,2,42,255,2734,0.51,0.4262756946442284,0.37,A0A1D5P6T3 A0A8V0Z4R1
Biological Process,ribosome biogenesis,5,GO:0042254,2,41,255,2734,0.52,0.42638757136750793,0.37,A0A1L1S0X5 A0A8V1A8R2
Biological Process,nucleoside phosphate catabolic process,5,GO:1901292,2,41,255,2734,0.52,0.42638757136750793,0.37,A0A8V0YBE2 A0A8V1A9L3
Biological Process,reactive oxygen species metabolic process,3,GO:0072593,2,41,255,2734,0.52,0.42638757136750793,0.37,A0A8V0ZE58 A0A8V0Y3L3
Biological Process,regulation of phagocytosis,6,GO:0050764,2,43,255,2734,0.5,0.4273112859813369,0.37,E1C0K5 A0A8V0XMI5
Biological Process,regulation of protein localization to cell periphery,6,GO:1904375,2,43,255,2734,0.5,0.4273112859813369,0.37,A0A8V0Z189 A0A8V0YRG2
Biological Process,positive regulation of protein localization to membrane,6,GO:1905477,2,43,255,2734,0.5,0.4273112859813369,0.37,A0A8V0YRG2 A0A8V0XYK6
Biological Process,embryo development,3,GO:0009790,47,456,255,2734,1.11,0.42767090010666825,0.37,A0A8V1AG56 A0A8V0XBD4 Q98938 A0A8V0ZUU4 A0A1D5NTR5 A0A8V0ZHL4 A0A8V0XH99 A0A3Q2UHS2 A0A1D5PBZ8 A0A8V1A0B4 A0A8V0ZH96 P02460 A0A8V0Z8V4 A0A1I7Q421 A0A8V1A8R2 A0A8V0YW57 A0A8V1ACD6 A0A8V0YVB6 A0A8V0XS21 A0A1D5P8I8 A0A1D5P0D7 Q0PVE4 A0A8V0Z189 A0A8V0ZE58 A0A8V0XE48 A0A8V0Y699 A0A8V0XXZ4 A0A8V0YXI7 A0A8V0ZF83 A0A8V0ZRP2 A0A8V0ZKI8 F1NGB8 A0A3Q2TU24 A0A8V0ZJ97 A0A8V0ZTR7 A0A8V0ZSN8 A0A8V0YDT4 A0A8V0X9N1 A0A8V1A9R2 A0A8V0ZUA4 A0A8V1AFR2 A0A1D5PSI3 A0A8V0Y070 A0A8V0YDD6 P33005 A0A8V0YRG2 A0A1D5PZ68
Biological Process,positive regulation of macromolecule biosynthetic process,6,GO:0010557,27,254,255,2734,1.14,0.42913449672029413,0.37,A0A8V1AG56 A0A8V1A9L3 A0A8V0XBD4 Q98938 A0A8V1ABA3 A0A8V0XMI5 A0A8V0Y290 A0A1I7Q3Z0 A0A8V0ZH96 A0A1D5P6T3 A0A8V0Y0F3 A0A8V0YFT7 F1NTQ2 A0A1L1RX77 A0A8V0YLI1 A0A8V0ZSX6 A0A8V0X1T3 A0A8V1A7R0 A0A1D5P0D7 A0A1L4FLS3 A0A8V0ZE58 Q00649 A0A1D5PLP1 A0A8V0ZKI8 A0A8V1A9R2 A0A1D5P201 A0A1D5PSI3
Biological Process,sensory organ development,4,GO:0007423,27,254,255,2734,1.14,0.42913449672029413,0.37,A0A8V1AG56 A0A8V1A9L3 A0A8V0XBD4 Q98938 A0A8V0XMI5 A0A8V0ZUU4 A0A1D5NTR5 A0A8V0Y0X2 A0A8V0XH99 A0A3Q2UHS2 A0A8V0YDT5 A0A8V1A0B4 P02460 A0A1I7Q421 A0A8V0Z3Q9 A0A8V1A7R0 A0A1D5P0D7 A0A8V0ZZZ5 A0A8V0ZY91 A0A8V0XE48 A0A8V0ZKI8 A0A3Q2TU24 A0A8V0XM98 A0A8V0ZSN8 A0A8V1A9R2 A0A1D5PSI3 A0A8V0YRG2
Biological Process,ribonucleoside bisphosphate metabolic process,6,GO:0033875,2,44,255,2734,0.49,0.42944030592874316,0.37,A0A8V0ZJD3 A0A8V0Y9F8
Biological Process,ncRNA processing,7,GO:0034470,2,44,255,2734,0.49,0.42944030592874316,0.37,A0A8V0ZJ97 A0A8V1A8R2
Biological Process,nucleoside bisphosphate metabolic process,5,GO:0033865,2,44,255,2734,0.49,0.42944030592874316,0.37,A0A8V0ZJD3 A0A8V0Y9F8
Biological Process,purine nucleoside bisphosphate metabolic process,5,GO:0034032,2,44,255,2734,0.49,0.42944030592874316,0.37,A0A8V0ZJD3 A0A8V0Y9F8
Biological Process,cellularization,3,GO:0007349,2,44,255,2734,0.49,0.42944030592874316,0.37,A0A8V0YIC3 A0A8V0XBD4
Biological Process,regulation of cell cycle,4,GO:0051726,20,256,255,2734,0.84,0.4303671033703389,0.37,A0A8V1AG56 Q98938 A0A8V0Y999 A0A8V0XMI5 A0A8V0XH99 A0A1I7Q3Z0 A0A8V0ZEJ3 A0A1D5P6T3 A0A8V1A8R2 A0A8V0YW57 A0A8V0X1T3 A0A8V1A7R0 A0A8V0X7P4 A0A8V0YSF6 A0A8V0XE48 A0A8V1ABC9 A0A8V0XKW4 A0A8V0ZKI8 A0A1D5PBU5 A0A8V0Z9Z7
Biological Process,positive regulation of multicellular organismal process,4,GO:0051240,48,465,255,2734,1.11,0.4307388478756779,0.37,A0A8V1AG56 A0A8V0X4D8 Q98938 A0A8V1ABA3 A0A8V0XMI5 A0A8V0ZUU4 A0A8V0Y0X2 A0A8V0ZHL4 A0A8V0YDT5 A0A3Q2UHS2 A0A1D5PBZ8 P15120 A0A1I7Q3Z0 A0A8V1A3H9 A0A8V0XYK6 A0A1D5P6T3 A0A1I7Q421 A0A8V0YFT7 A0A8V0ZSG8 E1C733 A0A8V0YW57 A0A8V0YLI1 A0A8V0ZSX6 A0A8V1A7R0 A0A1D5P0D7 A0A8V0Z189 A0A1L4FLS3 A0A8V0ZE58 A0A8V0X7P4 A0A8V0ZY91 A0A3Q2TT95 Q00649 A0A8V0YSF6 A0A8V0XE48 A0A8V1ABC9 A0A1D5PDV9 A0A8V0ZDW7 A0A8V0ZKI8 A0A3Q2TU24 A0A8V1AHP7 A0A8V0ZTR7 A0A8V0Z3U6 A0A1D5PSI3 A0A8V1AJI2 A0A1D5PT01 A0A8V0YDD6 A0A8V0YRG2 A0A1D5PZ68
Biological Process,metamorphosis,3,GO:0007552,14,125,255,2734,1.2,0.43206076077822314,0.36,A0A8V0ZKI8 A0A8V0ZTR7 A0A8V0XBD4 Q98938 A0A8V0ZSN8 A0A8V1A9R2 P26652 A0A8V0Y070 A0A1D5PEW1 A0A8V0XH99 A0A8V0XE48 A0A8V0Y699 A0A1D5PBZ8 A0A8V0ZF83
Biological Process,meiotic nuclear division,3,GO:0140013,2,45,255,2734,0.48,0.4326061628103951,0.36,A0A8V0YTK5 A0A1D5PBU5
Biological Process,positive regulation of immune effector process,5,GO:0002699,2,45,255,2734,0.48,0.4326061628103951,0.36,A0A8V1AG56 A0A8V0YW57
Biological Process,regulation of protein modification by small protein conjugation or removal,8,GO:1903320,2,45,255,2734,0.48,0.4326061628103951,0.36,Q98938 A0A8V0YRF2
Biological Process,DNA damage response,4,GO:0006974,9,78,255,2734,1.24,0.4336473111378685,0.36,A0A8V0XBD4 A0A8V1A803 A0A1D5PSI3 A0A8V0XMI5 A0A3Q2TTB3 A0A8V0YW57 A0A8V0YRF2 A0A8V0XKW4 A0A8V0ZEC1
Biological Process,multi-multicellular organism process,2,GO:0044706,9,78,255,2734,1.24,0.4336473111378685,0.36,A0A8V0ZUA4 F1NTQ2 Q00649 A0A8V0ZSX6 A0A1L1RKY9 P15120 A0A8V0Z8N6 A0A8V0XUJ8 A0A8V1A3H9
Biological Process,cell projection organization,4,GO:0030030,49,476,255,2734,1.1,0.4350787623002136,0.36,A0A8V1AG56 A0A8V0ZBM0 A0A8V0X4D8 A0A8V0YLZ8 A0A8V0XBD4 Q98938 A0A8V0ZBR8 A0A8V0YDU6 A0A8V0XMI5 A0A8V0XDR8 A0A1D5NTR5 A0A8V0ZUU4 A0A8V0XH99 A0A3Q2UHS2 A0A8V0YDT5 A0A1D5PBZ8 A0A8V0Y0X2 A0A1I7Q3Z0 A0A8V1AAN6 A0A8V0XYK6 A0A1D5P6T3 A0A8V0Z8V4 A0A8V0YUF6 A0A8V0XZH4 A0A8V0ZSX6 A0A8V1ACD6 A0A1D5P0D7 Q0PVE4 A0A8V0YRN1 A0A8V0YE20 A0A8V0X7P4 A0A8V0Y9F8 A0A8V0YSF6 A0A8V0XE48 A0A8V1ABC9 A0A8V0ZF83 A0A8V1ADF6 A0A3Q2TU24 A0A8V0YWI5 A0A1D5PBU5 A0A8V0YIR4 A0A8V0Z3U6 A0A8V0Y070 A0A8V0Y357 A0A1D5PT01 Q9W6H0 P33005 A0A8V0YRG2 A0A1D5PZ68
Biological Process,carboxylic acid biosynthetic process,5,GO:0046394,5,79,255,2734,0.68,0.43571487758672567,0.36,A0A1D5NT61 A0A8V0Y579 E1C3Z8 A0A1L1RX77 A0A8V0YXI7
Biological Process,organic acid biosynthetic process,4,GO:0016053,5,79,255,2734,0.68,0.43571487758672567,0.36,A0A1D5NT61 A0A8V0Y579 E1C3Z8 A0A1L1RX77 A0A8V0YXI7
Biological Process,adherens junction assembly,7,GO:0034333,3,21,255,2734,1.53,0.43814445774048244,0.36,A0A8V1A0B4 A0A8V0ZZZ5 Q0PVE4
Biological Process,sodium ion transmembrane transport,5,GO:0035725,3,21,255,2734,1.53,0.43814445774048244,0.36,A0A8V0YLZ5 A0A8V1AM47 A0A1D5NYS2
Biological Process,regulation of adaptive immune response based on somatic recombination of immune receptors built from immunoglobulin superfamily domains,6,GO:0002822,3,21,255,2734,1.53,0.43814445774048244,0.36,A0A8V1A9R2 A0A8V0YW57 A0A8V0XMI5
Biological Process,outflow tract morphogenesis,3,GO:0003151,3,21,255,2734,1.53,0.43814445774048244,0.36,A0A8V1AG56 A0A8V0Z8V4 A0A1D5PZ68
Biological Process,embryo implantation,2,GO:0007566,3,21,255,2734,1.53,0.43814445774048244,0.36,A0A8V1A3H9 A0A8V0Z8N6 P15120
Biological Process,substrate adhesion-dependent cell spreading,4,GO:0034446,3,21,255,2734,1.53,0.43814445774048244,0.36,A0A8V0YDD6 A0A1I7Q3Z0 A0A8V1A3S8
Biological Process,regulation of epithelial cell differentiation,5,GO:0030856,3,21,255,2734,1.53,0.43814445774048244,0.36,A0A8V0Y0X2 A0A8V0YFT7 A0A8V0XE48
Biological Process,wing disc pattern formation,5,GO:0035222,3,21,255,2734,1.53,0.43814445774048244,0.36,A0A8V0XM02 A0A8V0XH99 Q98938
Biological Process,positive regulation of neuromuscular junction development,6,GO:1904398,3,21,255,2734,1.53,0.43814445774048244,0.36,A0A1D5P6T3 A0A8V0X4D8 A0A8V0ZTR7
Biological Process,negative regulation of cell-substrate adhesion,6,GO:0010812,3,21,255,2734,1.53,0.43814445774048244,0.36,A0A8V0YLZ8 A0A1I7Q3Z0 A0A8V0YDT4
Biological Process,regulation of protein localization to cell surface,6,GO:2000008,3,21,255,2734,1.53,0.43814445774048244,0.36,A0A8V0X4D8 A0A1D5PSI3 Q98938
Biological Process,osteoblast differentiation,4,GO:0001649,3,21,255,2734,1.53,0.43814445774048244,0.36,A0A8V0YLZ8 A0A8V0ZE58 Q98938
Biological Process,positive regulation of supramolecular fiber organization,6,GO:1902905,5,82,255,2734,0.65,0.4381486803088339,0.36,A0A8V0Z3U6 E1C733 A0A3Q2UHS2 A0A8V0XE48 A0A8V0YLZ8
Biological Process,regulation of ossification,4,GO:0030278,6,47,255,2734,1.37,0.44181281630244346,0.35,A0A8V0ZKI8 A0A8V1AG56 A0A8V0ZSG8 Q98938 A0A8V0Z189 A0A8V0ZE58
Biological Process,positive regulation of Wnt signaling pathway,6,GO:0030177,6,47,255,2734,1.37,0.44181281630244346,0.35,A0A8V0ZKI8 A0A8V1AG56 F1NGB8 A0A8V0XH99 A0A8V0YRF2 A0A1I7Q3Z0
Biological Process,regulation of cytosolic calcium ion concentration,6,GO:0051480,6,47,255,2734,1.37,0.44181281630244346,0.35,A0A8V0ZKI8 A0A8V0ZZZ5 A0A8V1A9R2 A0A8V0XMI5 A0A8V0YLI1 A0A8V0ZDW7
Biological Process,regulation of phosphorylation,7,GO:0042325,39,373,255,2734,1.12,0.44301065822306607,0.35,A0A8V1AG56 A0A8V1ABA3 A0A8V0XMI5 A0A8V0Y290 A0A8V1A0B4 A0A1I7Q3Z0 A0A8V1A3H9 A0A1D5P6T3 A0A8V0Y0F3 A0A8V0X637 A0A1D5P480 E1C733 A0A1D5PEW1 A0A1L1RX77 A0A8V0ZSX6 A0A8V0X1T3 A0A8V1A7R0 A0A1D5P0D7 A0A8V0ZZZ5 Q0PVE4 A0A8V1A3N1 A0A1L4FLS3 A0A8V0ZE58 A0A8V0X7P4 Q00649 A0A8V0XE48 A0A8V1ABC9 A0A8V0ZDW7 A0A8V0ZKI8 A0A3Q2TU24 A0A8V0YWI5 A0A8V1A3S8 A0A8V0ZSN8 A0A8V0YDT4 A0A8V1A9R2 P26652 A0A8V0YDD6 A0A8V0YLZ8 A0A8V0YRG2
Biological Process,positive regulation of cell differentiation,5,GO:0045597,29,276,255,2734,1.13,0.4465996753730952,0.35,A0A8V1AG56 A0A8V0X4D8 Q98938 A0A8V1AFP7 A0A8V0XMI5 A0A8V0ZUU4 A0A8V0Y0X2 A0A8V0YDT5 A0A1D5PBZ8 A0A1I7Q421 A0A8V0YFT7 A0A8V1A7R0 A0A1D5P0D7 A0A8V0Z189 A0A8V0ZE58 A0A8V0X7P4 A0A3Q2TT95 Q00649 A0A8V1ABC9 A0A8V0ZDW7 A0A8V0ZKI8 A0A8V0Z3U6 A0A1D5PSI3 A0A8V1AJI2 A0A1D5PT01 A0A8V0YDD6 A0A8V0YLZ8 A0A8V0YRG2 A0A1D5PZ68
Biological Process,eye development,5,GO:0001654,21,196,255,2734,1.15,0.44688177906637505,0.35,A0A8V1AG56 A0A8V1A9L3 Q98938 A0A8V0XMI5 A0A8V0ZUU4 A0A1D5NTR5 A0A8V0Y0X2 A0A8V0XH99 A0A8V0YDT5 A0A8V1A0B4 A0A8V0Z3Q9 A0A8V1A7R0 A0A1D5P0D7 A0A8V0ZZZ5 A0A8V0XE48 A0A8V0ZKI8 A0A8V0XM98 A0A8V0ZSN8 A0A8V1A9R2 A0A1D5PSI3 A0A8V0YRG2
Biological Process,regulation of organelle organization,5,GO:0033043,31,378,255,2734,0.88,0.44747072072622307,0.35,A0A8V1AG56 A0A8V1A9L3 A0A8V0XBD4 A0A8V0YBZ6 A0A8V1ABA3 A0A3Q2UHS2 A0A8V0ZTC0 A0A1I7Q3Z0 A0A8V0YVI8 A0A1D5P6T3 A0A8V0XM02 E1C733 A0A1L1RX77 A0A8V0YW57 A0A8V1ADS4 A0A8V0YIC3 A0A8V0X7P4 Q5ZJW4 Q00649 A0A8V0XE48 A0A8V0XKW4 A0A8V0ZE30 A0A3Q2TU24 A0A8V0ZTR7 A0A1D5PBU5 A0A8V0ZSN8 A0A8V1A9R2 A0A8V0Z3U6 A0A8V0Z9Z7 A0A8V1AJI2 A0A8V0YLZ8
Biological Process,epithelial tube formation,4,GO:0072175,6,48,255,2734,1.34,0.447732853427796,0.35,A0A8V0ZKI8 A0A8V1AG56 A0A1I7Q421 A0A8V0ZUA4 A0A3Q2UHS2 A0A8V0XE48
Biological Process,hormone metabolic process,2,GO:0042445,6,48,255,2734,1.34,0.447732853427796,0.35,A0A8V0Y4Q2 A0A8V0X4D8 A0A8V0XA92 A0A8V0ZP32 A0A8V0YVB6 A0A8V0YDL8
Biological Process,negative regulation of cell-cell adhesion,6,GO:0022408,6,48,255,2734,1.34,0.447732853427796,0.35,Q98938 A0A8V1A9R2 P26652 A0A8V0XMI5 A0A8V0YLI1 A0A8V0YDT5
Biological Process,regulation of synaptic plasticity,3,GO:0048167,6,48,255,2734,1.34,0.447732853427796,0.35,A0A8V0XBD4 A0A1D5PSI3 A0A8V0ZSX6 A0A8V0YSF6 A0A8V0YRG2 A0A8V0ZDW7
Biological Process,cell differentiation,3,GO:0030154,97,982,255,2734,1.06,0.45196068598505057,0.34,A0A8V1A9L3 A0A8V0XEP8 A0A1D5NTR5 A0A8V0YGN2 A0A8V0YDT5 A0A3Q2UHS2 A0A1D5PBZ8 A0A8V0YQU2 A0A8V0ZEJ3 A0A8V0Z8V4 A0A8V0YTK5 A0A8V0XXW6 A0A8V0YW57 A0A8V1ACD6 A0A8V1A7R0 A0A8V0Y9F8 A0A8V0XE48 A0A8V0Y699 A0A8V0XM98 A0A8V0ZJ97 A0A8V0ZSN8 A0A8V0YIR4 A0A8V1A9R2 A0A1D5PSI3 A0A8V0Y070 A0A8V0Y357 Q9W6H0 P28687 A0A8V1AG56 A0A8V0XMI5 A0A8V0XDR8 A0A8V0ZUU4 A0A8V0XH99 A0A8V1A0B4 A0A1I7Q3Z0 P02460 A0A8V0YUF6 F1NTQ2 A0A1D5P0D7 A0A8V0ZZZ5 Q0PVE4 A0A8V0ZE58 Q00649 A0A8V1ABC9 A0A8V0XKW4 A0A8V0ZRP2 A0A8V0ZE30 A0A8V1ADF6 A0A8V0YWI5 A0A1D5PBU5 Q05744 A0A8V1AFR2 A0A8V1AJI2 A0A1D5PT01 P33005 A0A8V0YRG2 A0A8V0X4D8 A0A8V0XBD4 A0A8V0ZBR8 A0A8V1AFP7 A0A8V0Y0X2 A0A8V0YVI8 A0A8V0XYK6 A0A8V0YFT7 A0A8V0ZSG8 A0A8V0ZSX6 A0A1D5P8I8 A0A8V0YRN1 A0A8V0ZY42 A0A1D5PLP1 A0A8V0ZF83 A0A8V0ZKI8 A0A8V0Z3U6 A0A8V0YDL8 A0A8V0YLZ8 Q98938 A0A8V0Y999 A0A8V0YDU6 A0A8V0XUJ8 A0A8V1AEM5 A0A8V0ZEC1 A0A8V0YMR1 A0A8V1AAN6 A0A1D5P6T3 A0A1I7Q421 A0A3Q2UGW3 A0A8V0YVB6 A0A8V0YIC3 A0A8V0YE20 A0A3Q2TT95 A0A8V0Z8N6 A0A8V0ZDW7 A0A8V1A3S8 A0A8V0Z938 A0A8V0YDD6 A0A1D5PZ68 A0A8V0YWM3
Biological Process,response to abiotic stimulus,2,GO:0009628,40,388,255,2734,1.11,0.4521751942907475,0.34,A0A8V1AG56 A0A8V0XBD4 A0A8V1ABA3 A0A8V0XXM5 A0A8V1AEJ4 A0A8V1AFP7 A0A8V0XMI5 A0A8V0Z4R1 A0A8V0ZFG7 P15120 A0A1I7Q3Z0 P02460 A0A1D5P6T3 A0A8V0YFT7 A0A8V0YQ88 A0A8V0ZSG8 A0A8V0XM02 E1C733 A0A3Q2TTB3 A0A1L1RX77 A0A8V0XPE8 A0A8V0YW57 A0A8V0ZSX6 A0A8V0YLI1 A0A8V0Y3L3 A0A8V0Y4Q2 A0A1D5P692 A0A1L4FLS3 Q00649 A0A8V0YSF6 A0A8V1ABC9 A0A8V0Z8N6 A0A8V0XKW4 A0A8V0ZDW7 A0A8V0Y4M6 A0A3Q2TU24 A0A8V1AHP7 P26652 A0A8V0Z938 A0A8V0YWM3
Biological Process,regulation of biological quality,2,GO:0065008,87,997,255,2734,0.94,0.4524373473621207,0.34,F1NBR3 A0A8V1ABA3 A0A8V0XEP8 A0A8V0Z4R1 A0A1D5NTR5 A0A8V0YDT5 A0A3Q2UHS2 A0A1D5PBZ8 P15120 A0A8V0Z8V4 A0A1L1RX77 A0A8V0XPE8 A0A8V1ACD6 A0A8V1A7R0 A0A8V0Y4Q2 A0A8V0Z086 A0A8V0YY90 A0A8V0XE48 A0A8V0Y699 A0A8V0YYQ9 A0A8V0XXK8 A0A8V0ZJD3 A0A3Q2TU24 A0A8V1AHP7 A0A8V0ZTR7 A0A8V0ZSN8 A0A8V1A9R2 A0A8V0YF36 A0A1D5PSI3 A0A8V1AG56 A0A8V0XMI5 A0A8V0ZUU4 A0A8V1A0B4 A0A1I7Q3Z0 P02460 F1NTQ2 A0A1D5NYS2 A0A8V0ZP32 A0A8V0YRF2 A0A8V0YLZ5 A0A1D5P0D7 A0A8V0ZZZ5 A0A8V0XA92 Q00649 A0A8V0YSF6 A0A1D5PDV9 A0A8V1ABC9 A0A8V0Y4M6 A0A8V0YWI5 A0A1D5PBU5 A0A8V0YRG2 A0A8V0X4D8 A0A8V0XBD4 A0A8V1AFP7 A0A8V0Y0X2 A0A8V0Y9B0 A0A8V0YVI8 A0A8V0XYK6 A0A8V0YFT7 E1C733 A0A8V0ZSX6 A0A8V0ZY91 A0A8V1ALI6 A0A8V0ZKI8 A0A8V0YDT4 A0A8V0YDL8 A0A8V0YLZ8 Q98938 A0A8V0YMR1 A0A8V0ZEC1 A0A1D5P6T3 A0A1I7Q421 A0A3Q2UGW3 A0A8V0YLI1 A0A8V0ZCF7 A0A8V0YVB6 A0A8V0YIC3 A0A1D5P692 A0A8V0ZJJ7 A0A8V0Z8N6 A0A8V0ZDW7 A0A1D5NT61 A0A8V1A3S8 A0A1D5PMN7 A0A8V0YDD6 A0A8V1AM47 A0A8V0YWM3
Biological Process,alpha-amino acid catabolic process,5,GO:1901606,3,22,255,2734,1.46,0.45283039298933236,0.34,A0A1D5NT61 A0A1D5PXI1 A0A1D5P692
Biological Process,programmed cell death involved in cell development,3,GO:0010623,3,22,255,2734,1.46,0.45283039298933236,0.34,A0A8V0XKW4 Q05744 A0A8V0YWM3
Biological Process,regulation of stem cell proliferation,5,GO:0072091,3,22,255,2734,1.46,0.45283039298933236,0.34,A0A1D5P6Q1 A0A8V0YDT4 A0A8V0XMI5
Biological Process,activation of GTPase activity,7,GO:0090630,3,22,255,2734,1.46,0.45283039298933236,0.34,A0A8V1AG56 A0A8V1ADS4 A0A8V0YBZ6
Biological Process,regulation of stem cell differentiation,5,GO:2000736,3,22,255,2734,1.46,0.45283039298933236,0.34,A0A8V0ZRP2 A0A8V1A7R0 A0A1D5PZ68
Biological Process,inner mitochondrial membrane organization,6,GO:0007007,3,22,255,2734,1.46,0.45283039298933236,0.34,R4GGQ4 A0A8V1A803 A0A1D5PGC2
Biological Process,cellular response to fatty acid,5,GO:0071398,3,22,255,2734,1.46,0.45283039298933236,0.34,A0A8V0YDD6 Q00649 A0A1I7Q3Z0
Biological Process,cellular response to corticosteroid stimulus,6,GO:0071384,3,22,255,2734,1.46,0.45283039298933236,0.34,A0A8V0Z6E4 A0A8V0Z8N6 A0A8V0YWM3
Biological Process,regulation of autophagy,6,GO:0010506,10,87,255,2734,1.23,0.45335127509691664,0.34,A0A1D5P6T3 A0A8V1ABA3 A0A8V0XM02 A0A8V0XMI5 Q5ZJW4 A0A1L1RX77 Q00649 A0A8V0ZSX6 A0A8V0XKW4 A0A8V0ZTC0
Biological Process,inflammatory response,4,GO:0006954,10,87,255,2734,1.23,0.45335127509691664,0.34,A0A8V0ZSG8 A0A8V0ZSN8 A0A8V1A9R2 A0A1D5P480 A0A8V0Y652 A0A1D5PSI3 E1C733 A0A8V0XMI5 A0A8V1A7R0 A0A8V0ZEJ3
Biological Process,regulation of leukocyte activation,4,GO:0002694,10,87,255,2734,1.23,0.45335127509691664,0.34,A0A8V1AG56 A0A8V0ZZZ5 Q98938 A0A8V1A9R2 A0A8V0XMI5 A0A8V0YW57 A0A8V0YLI1 A0A8V0XEJ0 P01875 A0A1I7Q3Z0
Biological Process,homeostatic process,1,GO:0042592,41,394,255,2734,1.12,0.45344242824785685,0.34,Q98938 A0A8V1ABA3 A0A8V1AFP7 A0A8V0XEP8 A0A8V0XMI5 A0A8V0Y0X2 A0A8V0Y9B0 P15120 A0A1I7Q3Z0 P02460 A0A8V0XYK6 A0A1D5P6T3 A0A8V0YFT7 F1NTQ2 A0A1D5NYS2 E1C733 A0A1L1RX77 A0A8V0YLI1 A0A8V0ZSX6 A0A8V0YRF2 A0A8V0YLZ5 A0A8V1A7R0 A0A1D5P0D7 A0A8V0ZZZ5 A0A8V0ZJJ7 A0A8V1ALI6 A0A8V0Y699 A0A8V1ABC9 A0A8V0Z8N6 A0A8V0YYQ9 A0A8V0XXK8 A0A8V0ZDW7 A0A8V0Y4M6 A0A8V0ZKI8 A0A8V0YWI5 A0A8V1AHP7 A0A8V0ZSN8 A0A8V1A9R2 A0A1D5PSI3 A0A8V0YDD6 A0A8V0YLZ8
Biological Process,mRNA catabolic process,6,GO:0006402,6,49,255,2734,1.31,0.454449193541315,0.34,A0A8V0XPN5 A0A8V1A8R2 A0A8V1A8L5 Q6ITC7 A0A8V0ZE30 A0A8V0ZY56
Biological Process,border follicle cell migration,4,GO:0007298,6,49,255,2734,1.31,0.454449193541315,0.34,A0A8V0YIC3 Q0PVE4 A0A8V0XBD4 A0A8V0ZSN8 A0A8V1A9R2 A0A8V0Y699
Biological Process,cell-cell adhesion via plasma-membrane adhesion molecules,4,GO:0098742,6,49,255,2734,1.31,0.454449193541315,0.34,A0A8V0YDU6 A0A8V0ZUU4 A0A1D5NTR5 A0A8V0YDT5 A0A1D5PBZ8 A0A8V0ZDW7
Biological Process,photoreceptor cell development,5,GO:0042461,6,49,255,2734,1.31,0.454449193541315,0.34,A0A8V0XM98 A0A8V0ZZZ5 A0A8V0ZUU4 A0A1D5NTR5 A0A8V0YDT5 A0A8V0ZDW7
Biological Process,regulation of body fluid levels,3,GO:0050878,10,138,255,2734,0.78,0.45458938565125573,0.34,A0A8V0ZJD3 A0A3Q2TU24 A0A8V0YDT4 A0A8V1ABA3 A0A8V0YF36 A0A8V0ZUU4 P15120 A0A8V1ABC9 A0A8V0YRG2 A0A1I7Q3Z0
Biological Process,response to oxidative stress,3,GO:0006979,10,138,255,2734,0.78,0.45458938565125573,0.34,A0A1D5P6T3 A0A8V0YGN2 Q00649 A0A8V0YDD6 A0A8V0YPB9 A0A8V1ABC9 A0A8V0XKW4 A0A1I7Q3Z0 A0A8V0Y3L3 A0A8V0YWM3
Biological Process,monoatomic cation transport,5,GO:0006812,10,140,255,2734,0.77,0.4551339945118684,0.34,A0A8V0ZTR7 A0A8V0ZRZ8 A0A8V0Y579 A0A1D5NYS2 E1C733 A0A8V0ZY91 A0A8V0YLI1 A0A8V1AM47 A0A8V0YG88 A0A8V0YLZ5
Biological Process,retina development in camera-type eye,3,GO:0060041,6,50,255,2734,1.29,0.46190062465866777,0.34,A0A8V0ZKI8 A0A8V0ZZZ5 Q98938 A0A8V0Z3Q9 A0A8V0Y0X2 A0A1D5P0D7
Biological Process,maintenance of location in cell,2,GO:0051651,6,50,255,2734,1.29,0.46190062465866777,0.34,A0A1D5PBU5 A0A8V1ALI6 A0A8V0XE48 A0A8V0Y699 A0A8V0YVI8 A0A8V0XYK6
Biological Process,regulation of JNK cascade,7,GO:0046328,6,50,255,2734,1.29,0.46190062465866777,0.34,A0A8V1AG56 A0A1L4FLS3 A0A8V0X7P4 A0A1D5PEW1 A0A8V0XMI5 A0A8V1A0B4
Biological Process,negative regulation of protein transport,5,GO:0051224,6,50,255,2734,1.29,0.46190062465866777,0.34,A0A1D5P6T3 A0A8V1A3S8 A0A8V0YDT4 A0A8V0Z189 A0A8V0ZY91 A0A8V0YDD6
Biological Process,negative regulation of protein-containing complex assembly,6,GO:0031333,6,50,255,2734,1.29,0.46190062465866777,0.34,A0A1D5PBU5 A0A8V1ABA3 A0A8V1AJI2 A0A8V0XMI5 Q00649 A0A1I7Q3Z0
Biological Process,actin filament-based process,2,GO:0030029,23,214,255,2734,1.15,0.46201828037591075,0.34,A0A8V0XBD4 A0A8V0YDU6 A0A8V0XMI5 A0A8V0YQU2 A0A3Q2UHS2 A0A1D5PBZ8 A0A8V0YG88 A0A8V1A0B4 A0A1I7Q3Z0 A0A8V0YVI8 A0A8V0YK18 E1C733 A0A8V0YLI1 A0A8V0X7P4 A0A8V0ZY91 A0A8V0XE48 A0A8V0Y699 A0A1D5PLP1 A0A8V0ZDW7 A0A3Q2TU24 A0A8V0ZSN8 A0A8V1A9R2 A0A1L1RKY9
Biological Process,regulation of membrane potential,3,GO:0042391,10,89,255,2734,1.2,0.4628724648839396,0.33,A0A8V0YWI5 A0A8V1ABA3 A0A3Q2UGW3 A0A8V0ZY91 A0A1L1RX77 A0A8V0YLI1 A0A1D5PBZ8 A0A8V0YLZ8 A0A1I7Q3Z0 A0A8V0XYK6
Biological Process,regulation of protein polymerization,6,GO:0032271,6,90,255,2734,0.71,0.4635111470437526,0.33,A0A8V1A9L3 A0A1D5PBU5 A0A8V0Z3U6 E1C733 Q00649 A0A3Q2UHS2
Biological Process,positive regulation of macromolecule metabolic process,5,GO:0010604,57,563,255,2734,1.09,0.46467044859689505,0.33,A0A8V1AG56 A0A8V1A9L3 A0A8V0X4D8 A0A8V0XBD4 Q98938 A0A8V1ABA3 A0A8V0YBZ6 A0A8V0XMI5 A0A8V0Y290 A0A1I7Q3Z0 A0A8V0ZH96 A0A8V1AAN6 A0A8V0ZYI9 A0A8V0XYK6 A0A8V1A3H9 A0A1D5P6T3 A0A8V0Y0F3 A0A8V0YFT7 A0A8V0X637 A0A1D5P480 F1NTQ2 E1C733 A0A1L1RX77 A0A8V0YW57 A0A8V0YLI1 A0A8V0ZSX6 A0A8V0YRF2 A0A8V0X1T3 A0A8V1A7R0 A0A1D5P0D7 A0A8V0ZZZ5 A0A8V1A3N1 A0A1L4FLS3 A0A8V0ZE58 A0A8V0X7P4 Q5ZJW4 Q00649 A0A8V0YSF6 A0A8V0XE48 A0A8V1ABC9 A0A8V0XKW4 A0A1D5PLP1 A0A8V0ZE30 A0A8V0ZDW7 A0A8V0ZKI8 A0A3Q2TU24 A0A8V0YWI5 A0A8V1A3S8 A0A8V0ZSN8 A0A8V0YDT4 A0A8V0ZUA4 A0A8V1A9R2 A0A1D5P201 A0A1D5PSI3 A0A8V0YDD6 A0A8V0YRG2 A0A8V0YWM3
Biological Process,regulation of peptidase activity,5,GO:0052547,16,146,255,2734,1.17,0.4648495786667292,0.33,A0A8V0X4D8 A0A8V0YFT7 A0A8V0YWI5 A0A8V0YDT4 P26652 A0A8V0ZE58 A0A8V0XMI5 A0A8V0YLI1 A0A8V0YDD6 A0A8V0YSF6 A0A8V0XE48 A0A8V0YRF2 A0A8V0XKW4 A0A8V1A7R0 A0A1I7Q3Z0 A0A8V0YWM3
Biological Process,protein localization to cell periphery,5,GO:1990778,6,94,255,2734,0.68,0.46767543368337466,0.33,A0A8V0ZKI8 A0A8V0YIC3 A0A8V0ZUA4 A0A8V0XE48 A0A8V1A0B4 A0A8V0XYK6
Biological Process,retina homeostasis,5,GO:0001895,3,23,255,2734,1.4,0.46857487857760033,0.33,A0A8V0Y0X2 A0A8V0YLZ5 A0A1D5P0D7
Biological Process,inorganic anion transport,4,GO:0015698,3,23,255,2734,1.4,0.46857487857760033,0.33,A0A8V0Y4Q2 A0A1D5NYS2 A0A8V0YHF3
Biological Process,forebrain cell migration,4,GO:0021885,3,23,255,2734,1.4,0.46857487857760033,0.33,A0A8V0ZKI8 A0A8V0Z8V4 A0A8V0YVI8
Biological Process,telencephalon cell migration,5,GO:0022029,3,23,255,2734,1.4,0.46857487857760033,0.33,A0A8V0ZKI8 A0A8V0Z8V4 A0A8V0YVI8
Biological Process,sarcomere organization,5,GO:0045214,3,23,255,2734,1.4,0.46857487857760033,0.33,A0A8V0YQU2 A0A8V0ZDW7 A0A8V0Y699
Biological Process,embryonic skeletal system morphogenesis,5,GO:0048704,3,23,255,2734,1.4,0.46857487857760033,0.33,A0A8V0X9N1 A0A1I7Q421 P02460
Biological Process,nuclear migration,4,GO:0007097,3,23,255,2734,1.4,0.46857487857760033,0.33,A0A8V0Z8V4 A0A8V0XE48 A0A8V0YVI8
Biological Process,response to dexamethasone,5,GO:0071548,3,23,255,2734,1.4,0.46857487857760033,0.33,A0A8V0Z6E4 A0A8V0ZJJ7 A0A8V1ABA3
Biological Process,regulation of epithelial to mesenchymal transition,5,GO:0010717,3,23,255,2734,1.4,0.46857487857760033,0.33,A0A8V0YLI1 A0A8V0X7P4 A0A8V0YQ88
Biological Process,gene expression,5,GO:0010467,25,312,255,2734,0.86,0.4687758697798147,0.33,A0A8V0X4D8 Q98938 P15120 Q6ITC7 A0A8V0YFT7 A0A8V1A8R2 A0A8V0XXW6 A0A8V0ZP32 A0A8V0YLI1 A0A8V0YVB6 A0A8V1A7R0 A0A8V0XA92 A0A8V0XPN5 A0A8V0YSF6 A0A8V0Z865 A0A1L1S0X5 A0A8V0XKW4 A0A8V0ZF83 A0A8V0ZJ97 A0A1D5PSI3 A0A8V0Y070 A0A8V0YQC4 A0A8V1A7Y9 A0A8V0YDL8 P28687
Biological Process,negative regulation of growth,4,GO:0045926,11,95,255,2734,1.24,0.46994665026653093,0.33,A0A8V1AG56 A0A1D5P6T3 A0A8V0Z8V4 Q98938 A0A8V0XXW6 A0A8V0YDT5 A0A8V0YSF6 A0A8V1ACD6 A0A8V0XMV0 A0A8V0XUJ8 A0A8V0YMR1
Biological Process,positive regulation of ERK1 and ERK2 cascade,8,GO:0070374,6,51,255,2734,1.26,0.47002634041975516,0.33,A0A3Q2TU24 E1C733 A0A8V0XMI5 A0A8V1ABC9 A0A1I7Q3Z0 A0A8V0ZDW7
Biological Process,positive regulation of transmembrane transport,5,GO:0034764,6,51,255,2734,1.26,0.47002634041975516,0.33,A0A1D5P6T3 A0A8V0ZZZ5 A0A8V0ZY91 A0A8V0YY90 A0A8V0YRG2 A0A8V0XYK6
Biological Process,response to ketone,4,GO:1901654,11,96,255,2734,1.23,0.47268072902361097,0.33,A0A8V1AG56 A0A1D5P6T3 A0A8V0Z6E4 A0A8V1ABA3 A0A1D5PSI3 A0A8V0YDD6 A0A8V0ZJJ7 A0A8V0XE48 A0A8V1ABC9 A0A1I7Q3Z0 A0A8V0YWM3
Biological Process,small molecule biosynthetic process,3,GO:0044283,11,153,255,2734,0.77,0.4728918183373711,0.33,A0A8V1A9L3 A0A1D5NT61 F1NBR3 A0A8V1ABA3 A0A8V0Y579 A0A8V0ZRZ8 E1C3Z8 A0A1L1RX77 A0A8V0Y9F8 A0A8V0YBE2 A0A8V0YXI7
Biological Process,regulated exocytosis,4,GO:0045055,26,321,255,2734,0.87,0.4749848463993196,0.32,A0A8V0XXM5 A0A8V0XMI5 A0A8V0YC89 A0A8V0YGN2 P15120 A0A8V0ZH96 A0A8V1ACV0 F1NTQ2 Q5ZJ73 A0A8V0YVB6 A0A8V0YIC3 A0A8V0X7P4 A0A8V0YZJ3 A0A8V0ZY42 A0A8V0Z086 A0A8V0YPB9 A0A8V1A6Z0 A0A8V0ZJJ7 A0A8V1ALI6 A0A8V0Y699 A0A8V0ZRP2 A0A3Q2TU24 Q05744 P26652 A0A8V0YBE2 A0A8V0YDD6
Biological Process,positive regulation of binding,4,GO:0051099,3,52,255,2734,0.62,0.4768910825696801,0.32,A0A8V1AG56 A0A1L1RKY9 A0A8V0XMI5
Biological Process,viral life cycle,2,GO:0019058,3,52,255,2734,0.62,0.4768910825696801,0.32,A0A8V0X4D8 A0A8V0XE48 A0A8V0ZYI9
Biological Process,oocyte axis specification,3,GO:0007309,3,53,255,2734,0.61,0.4768999192199279,0.32,A0A8V0ZF83 A0A8V0XE48 A0A8V0Y070
Biological Process,protein-containing complex disassembly,5,GO:0032984,3,54,255,2734,0.6,0.4777777822913626,0.32,A0A8V0ZKI8 A0A8V0Z865 A0A1D5PBU5
Biological Process,oocyte construction,3,GO:0007308,3,54,255,2734,0.6,0.4777777822913626,0.32,A0A8V0ZF83 A0A8V0XE48 A0A8V0Y070
Biological Process,positive regulation of neurogenesis,6,GO:0050769,17,156,255,2734,1.17,0.4780218428172035,0.32,A0A8V0ZKI8 A0A8V1AG56 A0A8V0X4D8 A0A8V0Z3U6 A0A1D5PSI3 A0A8V1AJI2 A0A8V0XMI5 A0A8V0ZUU4 A0A1D5PT01 Q00649 A0A8V0YDD6 A0A8V0YDT5 A0A1D5PBZ8 A0A3Q2TT95 A0A8V0YRG2 A0A8V0ZDW7 A0A1D5P0D7
Biological Process,response to peptide,4,GO:1901652,17,156,255,2734,1.17,0.4780218428172035,0.32,A0A1D5P6T3 A0A8V0Z6E4 A0A8V0YFT7 A0A8V0ZSN8 A0A8V1A9R2 A0A1D5PSI3 A0A8V0XMI5 Q00649 A0A8V0YDD6 A0A8V0ZJJ7 A0A8V0XE48 A0A8V0YSF6 A0A8V1ABC9 A0A8V0YDL8 A0A8V1A7R0 A0A1I7Q3Z0 P02460
Biological Process,response to nutrient,3,GO:0007584,11,98,255,2734,1.2,0.47947278191110454,0.32,A0A8V0ZKI8 A0A1D5P6T3 A0A8V0YFT7 A0A8V0XXM5 P26652 A0A8V0YWM3 A0A8V0YC20 A0A8V0XPE8 A0A8V0YLI1 A0A8V0Z8N6 P02460
Biological Process,carbohydrate biosynthetic process,4,GO:0016051,3,55,255,2734,0.58,0.4794907244887648,0.32,F1NGB8 A0A8V0YXI7 E1C2T4
Biological Process,chromosome segregation,3,GO:0007059,3,56,255,2734,0.57,0.4820026846919665,0.32,A0A8V0Z9Z7 A0A8V0XE48 A0A1D5PBU5
Biological Process,epithelial cell development,4,GO:0002064,17,158,255,2734,1.15,0.48288366385451686,0.32,A0A8V1AG56 A0A8V0YIC3 Q0PVE4 A0A8V0XBD4 Q98938 A0A8V0ZSN8 A0A8V1A9R2 A0A8V0YDU6 A0A8V0Y070 A0A8V0YDT5 A0A8V0XE48 A0A8V0Y699 A0A1D5PBZ8 A0A8V0Z8N6 A0A8V0ZRP2 A0A8V1A0B4 A0A8V0ZE30
Biological Process,blood vessel morphogenesis,4,GO:0048514,11,99,255,2734,1.19,0.48349683496828505,0.32,A0A3Q2TU24 A0A8V0ZZZ5 A0A8V0XA92 A0A8V0ZSG8 Q98938 A0A8V0ZE58 A0A8V0ZCF7 A0A1D5PBZ8 P15120 A0A8V0YRG2 A0A1D5P0D7
Biological Process,positive regulation of nucleobase-containing compound metabolic process,6,GO:0045935,25,237,255,2734,1.13,0.4835767435312087,0.32,A0A8V1AG56 A0A8V1A9L3 A0A8V0XBD4 Q98938 A0A8V0XMI5 A0A8V0Y290 A0A1I7Q3Z0 A0A8V0ZH96 A0A1D5P6T3 A0A8V0Y0F3 A0A8V0YFT7 F1NTQ2 A0A1L1RX77 A0A8V0YW57 A0A8V0ZSX6 A0A8V0X1T3 A0A8V1A7R0 A0A1D5P0D7 A0A1L4FLS3 A0A8V0ZE58 A0A8V0ZE30 A0A1D5PLP1 A0A8V0ZKI8 A0A8V1A9R2 A0A1D5PSI3
Biological Process,cellular component maintenance,4,GO:0043954,3,24,255,2734,1.34,0.4851580487944588,0.31,A0A1D5NTR5 A0A1D5P6T3 A0A8V0XBD4
Biological Process,regulation of axon regeneration,5,GO:0048679,3,24,255,2734,1.34,0.4851580487944588,0.31,A0A1D5PT01 A0A8V0Z938 A0A8V0YDT5
Biological Process,regulation of non-canonical NF-kappaB signal transduction,6,GO:1901222,3,24,255,2734,1.34,0.4851580487944588,0.31,A0A1L4FLS3 A0A8V0ZSG8 A0A8V0XMI5
Biological Process,regulation of complement activation,5,GO:0030449,3,24,255,2734,1.34,0.4851580487944588,0.31,A0A8V0ZP32 A0A8V1A8N2 A0A8V0YHS1
Biological Process,positive regulation of leukocyte chemotaxis,6,GO:0002690,3,24,255,2734,1.34,0.4851580487944588,0.31,A0A8V1AG56 A0A8V0YSF6 A0A8V0XMI5
Biological Process,cellular response to glucose stimulus,5,GO:0071333,3,24,255,2734,1.34,0.4851580487944588,0.31,A0A8V0YDD6 A0A1D5PSI3 P15120
Biological Process,cellular response to hexose stimulus,7,GO:0071331,3,24,255,2734,1.34,0.4851580487944588,0.31,A0A8V0YDD6 A0A1D5PSI3 P15120
Biological Process,positive regulation of dendrite morphogenesis,6,GO:0050775,3,24,255,2734,1.34,0.4851580487944588,0.31,A0A8V0YDT5 A0A8V0X4D8 A0A1D5PBZ8
Biological Process,collagen metabolic process,2,GO:0032963,3,24,255,2734,1.34,0.4851580487944588,0.31,A0A8V0ZRV9 A0A8V0X4D8 Q05744
Biological Process,positive regulation of axon extension,6,GO:0045773,3,24,255,2734,1.34,0.4851580487944588,0.31,A0A8V1AG56 A0A8V0YDD6 A0A8V0ZUU4
Biological Process,negative regulation of cation transmembrane transport,7,GO:1904063,3,24,255,2734,1.34,0.4851580487944588,0.31,A0A8V0YRG2 A0A8V0ZY91 A0A8V0XYK6
Biological Process,bone morphogenesis,4,GO:0060349,3,24,255,2734,1.34,0.4851580487944588,0.31,A0A8V0Z8N6 Q98938 P02460
Biological Process,plasma membrane bounded cell projection organization,5,GO:0120036,48,471,255,2734,1.09,0.4860632800199457,0.31,A0A8V1AG56 A0A8V0ZBM0 A0A8V0X4D8 A0A8V0YLZ8 A0A8V0XBD4 Q98938 A0A8V0ZBR8 A0A8V0YDU6 A0A8V0XMI5 A0A8V0XDR8 A0A1D5NTR5 A0A8V0ZUU4 A0A8V0XH99 A0A3Q2UHS2 A0A8V0YDT5 A0A1D5PBZ8 A0A8V0Y0X2 A0A1I7Q3Z0 A0A8V1AAN6 A0A8V0XYK6 A0A1D5P6T3 A0A8V0Z8V4 A0A8V0YUF6 A0A8V0XZH4 A0A8V0ZSX6 A0A8V1ACD6 A0A1D5P0D7 Q0PVE4 A0A8V0YRN1 A0A8V0YE20 A0A8V0X7P4 A0A8V0Y9F8 A0A8V0YSF6 A0A8V0XE48 A0A8V1ABC9 A0A8V0ZF83 A0A8V1ADF6 A0A8V0YWI5 A0A1D5PBU5 A0A8V0YIR4 A0A8V0Z3U6 A0A8V0Y070 A0A8V0Y357 A0A1D5PT01 Q9W6H0 P33005 A0A8V0YRG2 A0A1D5PZ68
Biological Process,vesicle localization,3,GO:0051648,7,101,255,2734,0.74,0.48738855379339785,0.31,A0A8V0YIC3 A0A8V0ZUA4 A0A8V1AFR2 A0A8V0XM02 Q5ZJW4 A0A8V0YVB6 A0A8V0ZRP2
Biological Process,striated muscle cell differentiation,5,GO:0051146,7,100,255,2734,0.75,0.48751777013753134,0.31,Q98938 A0A8V0YQU2 A0A3Q2UHS2 A0A8V0Y699 A0A1D5PLP1 A0A8V0ZDW7 A0A1D5P0D7
Biological Process,macromolecule biosynthetic process,4,GO:0009059,28,345,255,2734,0.87,0.48778580898743035,0.31,Q98938 A0A8V0XMI5 A0A8V0XH99 Q6ITC7 A0A8V0YFT7 A0A8V0WZN3 E1C3Z8 A0A8V1A8R2 A0A3Q2TTB3 A0A1L1RX77 A0A8V0YLI1 E1C2T4 A0A8V1A7R0 A0A8V0Z0B9 A0A8V0Z6S1 A0A8V0XPN5 A0A8V0Z865 A0A1L1S0X5 A0A8V0YXI7 A0A8V0YYQ9 Q92182 F1NGB8 A0A1D5P201 A0A1D5PSI3 A0A8V0Z938 A0A8V0YQC4 Q9W6H0 A0A8V1A7Y9
Biological Process,blood circulation,4,GO:0008015,7,103,255,2734,0.73,0.48850348778147323,0.31,A0A8V0YFT7 A0A8V0XA92 A0A8V0YF36 A0A8V0ZY91 A0A8V1ALI6 A0A8V0YVB6 A0A1I7Q3Z0
Biological Process,circulatory system process,3,GO:0003013,7,103,255,2734,0.73,0.48850348778147323,0.31,A0A8V0YFT7 A0A8V0XA92 A0A8V0YF36 A0A8V0ZY91 A0A8V1ALI6 A0A8V0YVB6 A0A1I7Q3Z0
Biological Process,regulation of proteolysis,6,GO:0030162,26,245,255,2734,1.14,0.48897881590504316,0.31,A0A8V0X4D8 Q98938 A0A8V1ABA3 A0A8V0Y999 A0A8V0XMI5 A0A1L1RP76 A0A1I7Q3Z0 A0A8V0ZH96 A0A8V0YFT7 A0A8V1A8N2 A0A8V0ZP32 A0A8V0YLI1 A0A8V0YVB6 A0A8V0YRF2 A0A8V1A7R0 A0A8V0ZE58 A0A8V0X7P4 A0A8V0YSF6 A0A8V0XE48 A0A8V0XKW4 A0A8V0YWI5 A0A8V0YDT4 P26652 A0A8V0YDD6 A0A8V0YHS1 A0A8V0YWM3
Biological Process,mesoderm development,4,GO:0007498,7,58,255,2734,1.29,0.4892709880285451,0.31,A0A8V1AG56 A0A8V0Z8V4 Q98938 A0A8V0Y070 A0A8V0XDR8 A0A3Q2UHS2 A0A8V0YXI7
Biological Process,monoatomic cation transmembrane transport,4,GO:0098655,7,104,255,2734,0.72,0.4897284660443703,0.31,A0A8V0ZTR7 A0A8V0Y579 A0A1D5NYS2 A0A8V0ZY91 A0A8V0YLI1 A0A8V1AM47 A0A8V0YLZ5
Biological Process,cellular response to acid chemical,4,GO:0071229,7,59,255,2734,1.27,0.4939477923913815,0.31,A0A8V1AG56 A0A1D5PSI3 A0A8V0YDD6 Q00649 A0A8V0XKW4 A0A1I7Q3Z0 P02460
Biological Process,connective tissue development,4,GO:0061448,7,59,255,2734,1.27,0.4939477923913815,0.31,A0A8V0ZKI8 Q98938 A0A8V0ZE58 A0A8V1ABC9 A0A8V0Z8N6 A0A8V0XUJ8 P02460
Biological Process,response to external biotic stimulus,3,GO:0043207,27,255,255,2734,1.14,0.49675793241561816,0.3,A0A8V1AG56 A0A8V0XXM5 A0A8V0XMI5 A0A8V0ZAP5 A0A8V0YGN2 A0A8V0XEJ0 P15120 A0A1I7Q3Z0 A0A8V0YFT7 E1C733 A0A1L1RX77 A0A8V0YLI1 A0A8V0Y4Q2 A0A8V1A3N1 A0A8V0Y579 A0A1L4FLS3 A0A8V0Y9F8 Q00649 A0A1D5PDV9 K9JA28 Q05744 A0A8V0ZSN8 A0A8V1A9R2 A0A8V0YDD6 A0A8V0YDL8 P01875 A0A8V0YWM3
Biological Process,response to other organism,2,GO:0051707,27,255,255,2734,1.14,0.49675793241561816,0.3,A0A8V1AG56 A0A8V0XXM5 A0A8V0XMI5 A0A8V0ZAP5 A0A8V0YGN2 A0A8V0XEJ0 P15120 A0A1I7Q3Z0 A0A8V0YFT7 E1C733 A0A1L1RX77 A0A8V0YLI1 A0A8V0Y4Q2 A0A8V1A3N1 A0A8V0Y579 A0A1L4FLS3 A0A8V0Y9F8 Q00649 A0A1D5PDV9 K9JA28 Q05744 A0A8V0ZSN8 A0A8V1A9R2 A0A8V0YDD6 A0A8V0YDL8 P01875 A0A8V0YWM3
Biological Process,G protein-coupled receptor signaling pathway,3,GO:0007186,12,108,255,2734,1.19,0.49881598468507393,0.3,A0A1D5P6T3 A0A8V0YWI5 A0A8V0YF36 E1C733 A0A8V0ZY91 A0A8V0ZUU4 A0A8V0XWF0 A0A1D5PDV9 A0A8V0XE48 A0A8V1ABC9 A0A8V0XUJ8 A0A1I7Q3Z0
Biological Process,cell-cell signaling by wnt,4,GO:0198738,7,60,255,2734,1.25,0.4992651669863194,0.3,A0A8V0ZKI8 A0A8V1AG56 A0A8V0ZUA4 A0A8V0ZUU4 Q5ZJW4 A0A8V0YLZ8 A0A8V0ZRP2
Biological Process,circulatory system development,4,GO:0072359,27,258,255,2734,1.12,0.49988722348763825,0.3,A0A8V1AG56 Q98938 A0A3Q2UHS2 A0A1D5PBZ8 P15120 A0A8V0Y290 P02460 A0A1D5P6T3 A0A8V0Z8V4 A0A8V0Y0F3 A0A8V0ZSG8 A0A8V0XPE8 A0A8V0ZCF7 A0A1D5P0D7 A0A8V0ZZZ5 A0A8V0XA92 A0A8V0ZE58 A0A8V0ZY91 A0A8V1ALI6 A0A8V0XXZ4 A0A8V0XXK8 A0A8V0ZKI8 A0A3Q2TU24 A0A8V0ZUA4 A0A8V0Y070 A0A8V0YRG2 A0A1D5PZ68
Biological Process,animal organ formation,3,GO:0048645,3,25,255,2734,1.29,0.5023818784598716,0.3,A0A8V0Z8V4 A0A8V0XH99 Q98938
Biological Process,regulation of lymphocyte differentiation,6,GO:0045619,3,25,255,2734,1.29,0.5023818784598716,0.3,A0A8V1A9R2 Q98938 A0A8V0XMI5
Biological Process,activation of cysteine-type endopeptidase activity involved in apoptotic process,10,GO:0006919,3,25,255,2734,1.29,0.5023818784598716,0.3,A0A8V0YWI5 A0A8V0YFT7 A0A8V0YWM3
Biological Process,regulation of protein activation cascade,7,GO:2000257,3,25,255,2734,1.29,0.5023818784598716,0.3,A0A8V0ZP32 A0A8V1A8N2 A0A8V0YHS1
Biological Process,alcohol biosynthetic process,4,GO:0046165,3,25,255,2734,1.29,0.5023818784598716,0.3,A0A8V0Y9F8 F1NBR3 A0A8V1ABA3
Biological Process,positive regulation of smoothened signaling pathway,6,GO:0045880,3,25,255,2734,1.29,0.5023818784598716,0.3,F1NGB8 A0A8V0ZTC0 Q98938
Biological Process,positive regulation of transporter activity,4,GO:0032411,3,25,255,2734,1.29,0.5023818784598716,0.3,A0A8V0YRG2 A0A8V0XYK6 A0A8V0YWM3
Biological Process,tissue regeneration,3,GO:0042246,3,25,255,2734,1.29,0.5023818784598716,0.3,P26652 A0A8V0YYQ9 P15120
Biological Process,skeletal muscle organ development,5,GO:0060538,7,61,255,2734,1.23,0.5051815219305011,0.3,A0A8V1AG56 F1NXR0 A0A1L1RX77 A0A8V0YQU2 A0A8V0Y699 A0A8V0YYQ9 A0A1D5P0D7
Biological Process,cellular response to inorganic substance,4,GO:0071241,7,61,255,2734,1.23,0.5051815219305011,0.3,A0A8V1AG56 A0A8V1AEJ4 A0A8V0YWM3 A0A8V0YDD6 A0A8V0YSF6 A0A8V1A0B4 A0A8V0XYK6
Biological Process,response to bacterium,3,GO:0009617,19,180,255,2734,1.13,0.5096943798805935,0.29,A0A8V1AG56 A0A8V0XXM5 A0A8V0XMI5 A0A8V0ZAP5 A0A8V0YGN2 A0A8V0XEJ0 P15120 A0A1I7Q3Z0 A0A8V0YFT7 A0A1L1RX77 A0A8V0YLI1 A0A8V0Y4Q2 A0A1L4FLS3 Q00649 A0A1D5PDV9 Q05744 A0A8V0YDD6 A0A8V0YDL8 P01875
Biological Process,negative regulation of cytokine production,5,GO:0001818,7,62,255,2734,1.21,0.5116550366791967,0.29,A0A8V0X4D8 A0A8V0ZSG8 A0A8V1ABA3 A0A8V0YDT4 A0A8V1A9R2 A0A8V0XMI5 A0A8V0YDD6
Biological Process,response to estradiol,4,GO:0032355,7,62,255,2734,1.21,0.5116550366791967,0.29,A0A8V1AG56 A0A1D5P6T3 A0A3Q2TU24 A0A8V0YLI1 A0A8V1ABC9 A0A8V1A7R0 A0A8V0YWM3
Biological Process,positive regulation of innate immune response,6,GO:0045089,4,64,255,2734,0.67,0.515764603667534,0.29,A0A8V1AG56 A0A1L4FLS3 A0A1I7Q3Z0 A0A8V0XMI5
Biological Process,determination of left/right symmetry,5,GO:0007368,4,64,255,2734,0.67,0.515764603667534,0.29,A0A8V0ZKI8 A0A8V0ZUA4 A0A8V1AG56 Q98938
Biological Process,aromatic compound catabolic process,4,GO:0019439,13,118,255,2734,1.18,0.5162585600081817,0.29,A0A8V1A9L3 F1NBR3 A0A1D5P692 A0A8V0XPN5 A0A1D5PMN7 A0A8V0XMI5 A0A8V0YBE2 A0A8V1A8R2 A0A8V0ZY56 Q6ITC7 A0A8V0ZE30 A0A8V1A8L5 A0A8V0YWM3
Biological Process,proteolysis,4,GO:0006508,23,285,255,2734,0.87,0.5182889951889664,0.29,A0A8V0X4D8 Q98938 A0A8V0XEP8 A0A8V0ZFG7 P15120 A0A8V0ZH96 A0A8V0ZEC1 A0A8V0XWD4 A0A8V0ZP32 A0A8V0YLI1 A0A8V0ZCF7 A0A8V0X7J6 A0A8V0YVB6 A0A8V0XA92 A0A8V0ZY42 A0A8V1A6Z0 A0A8V0YSF6 A0A8V0XKW4 A0A8V0ZF83 Q05744 A0A8V0Y070 A0A8V0YDL8 P28687
Biological Process,cellular nitrogen compound catabolic process,4,GO:0044270,13,119,255,2734,1.17,0.5188898596197888,0.28,A0A8V0Y4M6 A0A8V1A9L3 A0A1D5P692 A0A8V0XPN5 A0A1D5PMN7 A0A8V0XMI5 A0A8V0YBE2 A0A8V1A8R2 A0A8V0ZY56 Q6ITC7 A0A8V0ZE30 A0A8V1A8L5 A0A8V0YWM3
Biological Process,leukocyte activation,2,GO:0045321,30,287,255,2734,1.12,0.5192113584674477,0.28,A0A8V0XXM5 A0A8V0XMI5 A0A8V0YC89 A0A8V0YGN2 P15120 A0A1I7Q3Z0 A0A8V0ZEJ3 A0A8V0ZH96 A0A8V1ACV0 A0A8V0ZSG8 F1NTQ2 A0A8V0YW57 Q5ZJ73 A0A8V0ZSX6 A0A8V0YVB6 A0A8V1A7R0 A0A8V0ZZZ5 A0A1L4FLS3 A0A8V0X7P4 A0A8V0YZJ3 A0A8V0ZY42 A0A8V0Z086 A0A8V1A6Z0 A0A8V0ZJJ7 A0A8V1ALI6 A0A8V0ZRP2 Q05744 A0A8V0ZSN8 A0A8V1A9R2 A0A8V0YBE2
Biological Process,cellular response to mechanical stimulus,4,GO:0071260,4,30,255,2734,1.43,0.5197607537878618,0.28,A0A8V0XPE8 A0A1L4FLS3 A0A8V0ZSG8 P02460
Biological Process,regulation of adherens junction organization,5,GO:1903391,4,30,255,2734,1.43,0.5197607537878618,0.28,A0A8V0YLZ8 A0A1I7Q3Z0 A0A8V0XE48 A0A8V0ZZZ5
Biological Process,regulation of production of molecular mediator of immune response,5,GO:0002700,4,30,255,2734,1.43,0.5197607537878618,0.28,A0A8V1AG56 A0A8V1A9R2 A0A1L4FLS3 A0A8V0YW57
Biological Process,lytic vacuole organization,6,GO:0080171,4,30,255,2734,1.43,0.5197607537878618,0.28,A0A8V0ZSD7 F1NTQ2 A0A8V1ALI6 A0A8V0XEP8
Biological Process,response to retinoic acid,4,GO:0032526,4,30,255,2734,1.43,0.5197607537878618,0.28,A0A8V1AG56 A0A3Q2TU24 A0A8V0XKW4 P02460
Biological Process,embryonic limb morphogenesis,5,GO:0030326,4,30,255,2734,1.43,0.5197607537878618,0.28,A0A8V0ZKI8 A0A8V0XS21 Q98938 A0A8V1AG56
Biological Process,negative regulation of transmembrane transport,5,GO:0034763,4,30,255,2734,1.43,0.5197607537878618,0.28,A0A8V0YRG2 A0A8V1ABC9 A0A8V0ZY91 A0A8V0XYK6
Biological Process,microtubule organizing center localization,2,GO:0061842,4,30,255,2734,1.43,0.5197607537878618,0.28,A0A1D5PMN7 A0A8V0Z3U6 A0A1D5PBU5 A0A8V0YVI8
Biological Process,developmental pigmentation,2,GO:0048066,4,30,255,2734,1.43,0.5197607537878618,0.28,A0A8V1A9L3 A0A8V0XH99 A0A8V0ZJJ7 Q98938
Biological Process,determination of heart left/right asymmetry,6,GO:0061371,4,30,255,2734,1.43,0.5197607537878618,0.28,A0A8V0ZKI8 A0A8V0ZUA4 A0A8V1AG56 Q98938
Biological Process,regulation of smooth muscle cell migration,6,GO:0014910,4,30,255,2734,1.43,0.5197607537878618,0.28,A0A3Q2TU24 A0A1I7Q3Z0 P15120 A0A8V0XMI5
Biological Process,lysosome organization,7,GO:0007040,4,30,255,2734,1.43,0.5197607537878618,0.28,A0A8V0ZSD7 F1NTQ2 A0A8V1ALI6 A0A8V0XEP8
Biological Process,regulation of chromosome organization,6,GO:0033044,4,67,255,2734,0.64,0.5201583668016712,0.28,A0A8V1A9R2 A0A1I7Q3Z0 A0A8V0ZSN8 A0A8V0Z9Z7
Biological Process,heterocycle catabolic process,4,GO:0046700,13,120,255,2734,1.16,0.5218602433419051,0.28,A0A8V1A9L3 A0A1D5P692 A0A8V0XPN5 A0A1D5PMN7 A0A8V0XMI5 A0A8V0YBE2 A0A8V1A8R2 A0A8V0ZY56 Q6ITC7 A0A8V0ZE30 A0A8V1A8L5 A0A1D5PXI1 A0A8V0YWM3
Biological Process,regulation of peptide secretion,6,GO:0002791,13,120,255,2734,1.16,0.5218602433419051,0.28,A0A8V1AG56 A0A1D5NT61 A0A8V1A3S8 A0A8V0YDT4 A0A8V1AEJ4 A0A8V0ZY91 A0A8V0XMI5 A0A8V0YDD6 A0A8V0YY90 A0A8V0ZJJ7 A0A8V1ABC9 A0A8V0YDL8 A0A1I7Q3Z0
Biological Process,regulation of hemopoiesis,4,GO:1903706,8,68,255,2734,1.26,0.5228834176093552,0.28,A0A8V0YFT7 Q98938 A0A8V1A9R2 A0A1L4FLS3 A0A8V0XMI5 A0A8V1ABC9 A0A8V0ZRP2 A0A8V1A7R0
Biological Process,dorsal/ventral pattern formation,4,GO:0009953,8,68,255,2734,1.26,0.5228834176093552,0.28,A0A8V0ZKI8 A0A1I7Q421 A0A8V0XM02 A0A8V0Y070 A0A8V0XH99 A0A8V0ZFG7 A0A8V0ZF83 A0A1D5P0D7
Biological Process,negative regulation of macromolecule biosynthetic process,6,GO:0010558,21,197,255,2734,1.14,0.5239531316973631,0.28,A0A8V1AG56 A0A8V0XMI5 A0A8V1ACH5 A0A1D5NTR5 A0A8V0Y290 A0A1I7Q3Z0 A0A8V0Y0F3 A0A1I7Q421 A0A8V0YFT7 A0A8V0ZSG8 Q5ZJ73 A0A8V0YLI1 A0A8V0ZSX6 A0A8V1A7R0 A0A8V0Y699 A0A8V1ABC9 A0A8V0ZE30 A0A8V0ZY56 A0A8V1A9R2 A0A8V0Z9Z7 A0A1D5PSI3
Biological Process,intracellular signal transduction,3,GO:0035556,31,298,255,2734,1.12,0.5261333603063971,0.28,A0A8V1AG56 A0A8V0XBD4 Q98938 A0A8V0YBZ6 A0A1D5NTR5 A0A3Q2UHS2 A0A8V0XUJ8 A0A8V1A0B4 A0A1I7Q3Z0 A0A8V0ZEJ3 A0A8V0YFT7 A0A1D5P480 E1C733 A0A1D5PEW1 A0A8V0YW57 A0A8V1A7R0 A0A1L4FLS3 A0A8V0X7P4 Q00649 A0A8V0XE48 A0A8V1ABC9 A0A8V0XKW4 A0A8V1ADF6 A0A3Q2TU24 A0A8V0ZTR7 A0A8V0ZSN8 A0A8V1A9R2 A0A8V0YF36 A0A8V1AJI2 A0A1D5PMN7 A0A8V0YWM3
Biological Process,cell chemotaxis,4,GO:0060326,4,31,255,2734,1.38,0.5264239555613899,0.28,E1C733 A0A8V1ABC9 Q98938 A0A8V0XMI5
Biological Process,epidermal growth factor receptor signaling pathway,7,GO:0007173,4,31,255,2734,1.38,0.5264239555613899,0.28,A0A8V1ACV0 A0A1I7Q3Z0 A0A1D5PBZ8 A0A8V0ZYI9
Biological Process,neural precursor cell proliferation,3,GO:0061351,4,31,255,2734,1.38,0.5264239555613899,0.28,A0A8V0ZKI8 Q0PVE4 A0A8V0YTK5 A0A8V0XBD4
Biological Process,negative regulation of protein secretion,6,GO:0050709,4,31,255,2734,1.38,0.5264239555613899,0.28,A0A8V0YDD6 A0A8V1A3S8 A0A8V0ZY91 A0A8V0YDT4
Biological Process,mitochondrial respiratory chain complex I assembly,7,GO:0032981,4,31,255,2734,1.38,0.5264239555613899,0.28,A0A8V0ZRZ8 A0A8V0X535 A0A8V0XCD2 A0A8V0YWM3
Biological Process,response to cAMP,4,GO:0051591,4,31,255,2734,1.38,0.5264239555613899,0.28,A0A8V0YFT7 A0A8V0Z8N6 A0A8V0ZY91 A0A8V0Z4R1
Biological Process,NADH dehydrogenase complex assembly,6,GO:0010257,4,31,255,2734,1.38,0.5264239555613899,0.28,A0A8V0ZRZ8 A0A8V0X535 A0A8V0XCD2 A0A8V0YWM3
Biological Process,positive regulation of cell development,6,GO:0010720,21,199,255,2734,1.13,0.5267069900795642,0.28,A0A8V1AG56 A0A8V0X4D8 Q98938 A0A8V0XMI5 A0A8V0ZUU4 A0A8V0YDT5 A0A1D5PBZ8 A0A1I7Q421 A0A1D5P0D7 A0A3Q2TT95 Q00649 A0A8V0ZDW7 A0A8V0ZKI8 A0A8V0Z3U6 A0A1D5PSI3 A0A8V1AJI2 A0A1D5PT01 A0A8V0YDD6 A0A8V0YLZ8 A0A8V0YRG2 A0A1D5PZ68
Biological Process,biological process involved in symbiotic interaction,2,GO:0044403,9,124,255,2734,0.78,0.5269288266376637,0.28,A0A1D5P6T3 A0A8V0X4D8 A0A8V0YDD6 A0A8V0ZSX6 A0A8V0XE48 A0A8V0ZRP2 A0A1I7Q3Z0 A0A8V0ZH96 A0A8V0ZYI9
Biological Process,positive regulation of metabolic process,4,GO:0009893,62,620,255,2734,1.07,0.5298635814264872,0.28,A0A8V1AG56 A0A8V1A9L3 A0A8V0X4D8 A0A8V0XBD4 Q98938 A0A8V1ABA3 A0A8V0YBZ6 A0A8V0XMI5 P15120 A0A8V0Y290 A0A1I7Q3Z0 A0A8V0ZTC0 A0A8V0ZH96 A0A8V0ZYI9 A0A8V0XYK6 A0A8V1A3H9 A0A1D5P6T3 A0A8V0Y0F3 A0A8V1AAN6 A0A8V0YFT7 A0A8V0X637 A0A1D5P480 F1NTQ2 E1C733 A0A1L1RX77 A0A8V0XPE8 A0A8V0YW57 A0A8V0ZSX6 A0A8V0YLI1 A0A8V0YRF2 A0A8V0X1T3 A0A8V1A7R0 A0A1D5P0D7 A0A8V0ZZZ5 A0A8V1A3N1 A0A1L4FLS3 A0A8V0ZE58 A0A8V0X7P4 Q5ZJW4 Q00649 A0A8V0YSF6 A0A8V0XE48 A0A8V1ABC9 A0A8V0XKW4 A0A1D5PLP1 A0A8V0ZE30 A0A8V0ZDW7 A0A8V0ZKI8 A0A3Q2TU24 A0A8V0YWI5 A0A8V1AHP7 A0A8V1A3S8 A0A8V0ZSN8 A0A8V0YDT4 A0A8V0ZUA4 A0A8V1A9R2 A0A1D5P201 A0A8V0YF36 A0A1D5PSI3 A0A8V0YDD6 A0A8V0YRG2 A0A8V0YWM3
Biological Process,import into cell,4,GO:0098657,16,203,255,2734,0.85,0.5314122171747733,0.27,A0A8V0ZKI8 A0A8V1A6B5 A0A8V0ZTR7 A0A8V0XBD4 A0A3Q2UGW3 A0A8V0XMI5 A0A8V0Y9F8 A0A8V0YLI1 A0A8V0Y6D2 A0A3Q2UHS2 A0A8V0XEJ0 A0A8V0ZYI9 A0A8V0ZRP2 E1C0K5 A0A1I7Q3Z0 P01875
Biological Process,regulation of establishment of protein localization,6,GO:0070201,16,205,255,2734,0.84,0.5319417311592438,0.27,A0A8V1AG56 A0A1D5P6T3 A0A1D5NT61 A0A8V1A3S8 A0A8V0YDT4 A0A8V0XM02 A0A8V0Z189 A0A8V0ZY91 A0A8V0XMI5 A0A8V0YDD6 A0A8V0YY90 A0A8V1ABC9 A0A8V0XMV0 A0A8V0YDL8 A0A1I7Q3Z0 A0A8V0XYK6
Biological Process,membrane invagination,5,GO:0010324,4,32,255,2734,1.34,0.5341516982719139,0.27,A0A8V0ZRP2 E1C0K5 A0A8V0XEJ0 P01875
Biological Process,regulation of lipase activity,5,GO:0060191,4,32,255,2734,1.34,0.5341516982719139,0.27,A0A8V1AHP7 A0A8V0X4D8 A0A8V0ZEJ3 A0A8V0ZE58
Biological Process,positive regulation of exocytosis,6,GO:0045921,4,32,255,2734,1.34,0.5341516982719139,0.27,A0A8V0X7P4 A0A8V0YIC3 A0A8V0XBD4 A0A8V1ABC9
Biological Process,polysaccharide metabolic process,4,GO:0005976,4,32,255,2734,1.34,0.5341516982719139,0.27,F1NGB8 A0A8V0YXI7 A0A8V1ALI6 E1C2T4
Biological Process,cell fate specification,3,GO:0001708,4,32,255,2734,1.34,0.5341516982719139,0.27,A0A8V1AG56 A0A8V0Y699 A0A8V1A0B4 Q98938
Biological Process,regulation of blood vessel endothelial cell migration,6,GO:0043535,4,32,255,2734,1.34,0.5341516982719139,0.27,Q00649 A0A8V1ABC9 A0A8V0ZSG8 A0A8V0XMI5
Biological Process,response to axon injury,4,GO:0048678,4,32,255,2734,1.34,0.5341516982719139,0.27,A0A8V0YDL8 A0A8V0YE20 A0A8V1AAN6 A0A8V0YIR4
Biological Process,myofibril assembly,4,GO:0030239,4,32,255,2734,1.34,0.5341516982719139,0.27,A0A1D5PLP1 A0A8V0YQU2 A0A8V0ZDW7 A0A8V0Y699
Biological Process,response to fatty acid,4,GO:0070542,4,32,255,2734,1.34,0.5341516982719139,0.27,A0A8V0YDL8 A0A8V0YDD6 Q00649 A0A1I7Q3Z0
Biological Process,organic cyclic compound catabolic process,4,GO:1901361,14,129,255,2734,1.16,0.5341978255282018,0.27,A0A8V1A9L3 F1NBR3 A0A1D5P692 A0A8V0XPN5 A0A1D5PMN7 A0A8V0XMI5 A0A8V0YBE2 A0A8V1A8R2 A0A8V0ZY56 Q6ITC7 A0A8V0ZE30 A0A8V1A8L5 A0A1D5PXI1 A0A8V0YWM3
Biological Process,regulation of cysteine-type endopeptidase activity involved in apoptotic process,8,GO:0043281,8,71,255,2734,1.21,0.5344572503230933,0.27,A0A8V0YWI5 A0A8V0YFT7 A0A8V0ZE58 A0A8V0XMI5 A0A8V0YRF2 A0A8V0XKW4 A0A1I7Q3Z0 A0A8V0YWM3
Biological Process,rhythmic process,1,GO:0048511,8,71,255,2734,1.21,0.5344572503230933,0.27,A0A8V1AG56 A0A8V0ZRZ8 A0A8V0ZSN8 A0A8V1A9R2 A0A8V0Z4R1 A0A8V0XMI5 A0A8V0ZFG7 A0A1I7Q3Z0
Biological Process,positive regulation of hydrolase activity,5,GO:0051345,22,209,255,2734,1.13,0.5356199698914423,0.27,A0A8V1AG56 A0A8V0YBZ6 Q98938 A0A8V0XMI5 A0A8V0ZEJ3 A0A8V0YFT7 E1C733 A0A1D5PEW1 A0A8V1ADS4 A0A8V0YW57 A0A8V0YLI1 A0A8V1A7R0 A0A8V0ZZZ5 A0A8V0ZE58 A0A8V0YSF6 A0A8V0XE48 A0A8V0XKW4 A0A8V0YWI5 A0A8V0ZTR7 A0A8V0YDT4 A0A8V0YDD6 A0A8V0YWM3
Biological Process,regulation of cellular metabolic process,4,GO:0031323,85,965,255,2734,0.94,0.5358139677794489,0.27,A0A8V1A9L3 A0A8V1ABA3 A0A1D5NTR5 P15120 A0A1D5P480 A0A8V0XXW6 A0A1L1RX77 A0A8V0YW57 Q5ZJ73 A0A8V1A7R0 A0A8V1A3N1 A0A8V0X7P4 A0A8V0Y9F8 A0A8V0YY90 A0A8V0XE48 A0A8V0Y699 A0A3Q2TU24 A0A8V0ZSN8 A0A8V1A9R2 A0A1D5PSI3 A0A8V0Y070 A0A8V1AG56 A0A8V0XMI5 A0A8V0ZUU4 A0A8V0XH99 A0A8V1A0B4 A0A1I7Q3Z0 A0A8V0ZH96 A0A8V0Y0F3 A0A8V0X637 F1NTQ2 A0A1D5PEW1 A0A8V0YRF2 A0A8V0X1T3 A0A1D5P0D7 A0A8V0ZZZ5 Q0PVE4 A0A8V0ZE58 A0A8V0XPN5 Q5ZJW4 Q00649 A0A8V0YSF6 A0A8V1ABC9 A0A8V0XKW4 A0A8V0ZE30 A0A8V0Y4M6 A0A8V0YWI5 A0A1D5P201 P26652 A0A8V1AJI2 A0A8V0YRG2 A0A8V0X4D8 A0A8V0XBD4 A0A1L1RP76 A0A8V0YFT7 A0A8V0ZSG8 E1C733 A0A8V0ZSX6 A0A1D5PLP1 A0A8V0ZF83 A0A8V0ZY56 A0A8V0ZKI8 A0A8V0YDT4 A0A8V0YLZ8 Q98938 A0A8V0Y999 A0A8V1ACH5 A0A8V0ZFG7 Q6ITC7 A0A8V0Y290 A0A8V0ZTC0 A0A8V0ZYI9 A0A8V1A3H9 A0A1D5P6T3 A0A1I7Q421 A0A8V0XM02 A0A8V0YLI1 A0A8V0YVB6 A0A1L4FLS3 A0A3Q2TT95 A0A8V0ZDW7 A0A8V1A3S8 A0A8V0Z9Z7 A0A8V0YDD6 A0A8V0YWM3
Biological Process,regulation of embryonic development,5,GO:0045995,8,72,255,2734,1.19,0.5393508417387128,0.27,A0A8V0ZKI8 A0A1D5P6T3 A0A8V1AG56 A0A1I7Q421 A0A1D5PBU5 A0A8V0ZSN8 A0A8V1A9R2 A0A8V1A0B4
Biological Process,regulation of canonical Wnt signaling pathway,6,GO:0060828,8,72,255,2734,1.19,0.5393508417387128,0.27,A0A8V0ZKI8 A0A8V1AG56 F1NGB8 A0A1D5P480 A0A8V0XH99 A0A8V0YRF2 A0A8V0X097 A0A1I7Q3Z0
Biological Process,regulation of cytokine production,4,GO:0001817,14,131,255,2734,1.15,0.5393675127210044,0.27,A0A8V1AG56 A0A1I7Q421 A0A8V0X4D8 A0A8V0YFT7 A0A8V0ZSG8 A0A8V1ABA3 A0A8V0YDT4 A0A8V1A9R2 A0A1L4FLS3 A0A8V0XMI5 Q00649 A0A8V0YDD6 A0A8V0XE48 A0A1I7Q3Z0
Biological Process,negative regulation of cellular process,4,GO:0048523,98,1003,255,2734,1.05,0.5400026167249565,0.27,A0A8V1A9L3 A0A8V1ABA3 A0A1D5NTR5 A0A8V0YDT5 A0A8V0Z8V4 A0A1D5P480 A0A8V0XXW6 A0A1L1RX77 A0A8V0XPE8 A0A8V0YW57 Q5ZJ73 A0A8V1ACD6 A0A8V1A7R0 A0A8V0X7P4 A0A8V0YY90 A0A8V0XE48 A0A8V0Y699 Q92182 A0A3Q2TU24 A0A8V0XM98 A0A8V1AHP7 A0A8V0ZTR7 A0A8V1A9R2 A0A8V0YF36 A0A1D5PSI3 Q9W6H0 A0A8V0XMV0 A0A1D5NYA8 A0A8V1AG56 A0A8V0XMI5 A0A8V0ZUU4 A0A8V0XH99 A0A1I7Q3Z0 P02460 A0A8V0Y0F3 A0A8V0X637 A0A1D5PEW1 A0A8V0YRF2 A0A8V1A6B5 A0A8V0ZZZ5 Q0PVE4 A0A8V0ZE58 Q5ZJW4 Q00649 A0A8V0YSF6 A0A8V1ABC9 A0A8V0XKW4 A0A8V0ZE30 A0A8V0Y4M6 A0A1D5PBU5 P26652 A0A8V1AJI2 A0A8V0YRG2 A0A8V0X4D8 A0A1L1RP76 A0A8V0XYK6 A0A1D5P6Q1 A0A8V0YFT7 A0A8V0ZSG8 A0A8V0ZSX6 A0A8V0ZY91 A0A8V0ZY56 A0A8V0ZKI8 A0A8V0YDT4 A0A8V0YG24 A0A8V0YLZ8 Q98938 A0A8V0Y999 A0A8V1ACH5 Q6ITC7 A0A8V0Y290 A0A8V0X097 A0A8V0ZTC0 A0A8V0YMR1 A0A8V1AAN6 A0A8V0ZYI9 A0A8V1A3H9 A0A1D5P6T3 F1NXR0 A0A1I7Q421 A0A8V0YLX0 A0A8V0YQ88 A0A3Q2UGW3 A0A8V0XM02 A0A8V0YGQ5 A0A8V0YLI1 A0A8V0ZCF7 A0A8V0YVB6 A0A8V0Z189 A0A1L4FLS3 A0A3Q2TT95 A0A8V0ZJJ7 A0A8V0Z8N6 K9JA28 A0A8V1A3S8 A0A8V0Z9Z7 A0A8V0Z938 A0A8V0YDD6
Biological Process,cellular developmental process,2,GO:0048869,99,1011,255,2734,1.05,0.5400506160142633,0.27,A0A8V1A9L3 A0A8V0XEP8 A0A1D5NTR5 A0A8V0YGN2 A0A8V0YDT5 A0A3Q2UHS2 A0A1D5PBZ8 A0A8V0YQU2 A0A8V0ZEJ3 A0A8V0Z8V4 A0A8V0YTK5 A0A8V0XXW6 A0A8V0YW57 A0A8V1ACD6 A0A8V1A7R0 A0A8V0Y9F8 A0A8V0XE48 A0A8V0Y699 A0A8V0XM98 A0A8V0ZJ97 A0A8V0ZSN8 A0A8V0YIR4 A0A8V1A9R2 A0A1D5PSI3 A0A8V0Y070 A0A8V0Y357 Q9W6H0 P28687 A0A8V1AG56 A0A8V0XMI5 A0A8V0XDR8 A0A8V0ZUU4 A0A8V0XH99 A0A8V1A0B4 A0A1I7Q3Z0 P02460 A0A8V0YUF6 F1NTQ2 A0A1D5P0D7 A0A8V0ZZZ5 Q0PVE4 A0A8V0ZE58 Q00649 A0A8V1ABC9 A0A8V0XKW4 A0A8V0ZRP2 A0A8V0ZE30 A0A8V1ADF6 A0A8V0YWI5 A0A1D5PBU5 Q05744 A0A8V1AFR2 A0A8V1AJI2 A0A1D5PT01 P33005 A0A8V0YRG2 A0A8V0X4D8 A0A8V0XBD4 A0A8V0ZBR8 A0A8V1AFP7 A0A8V0Y0X2 A0A8V0YVI8 A0A8V0XYK6 A0A8V0YFT7 A0A8V0ZSG8 A0A8V0ZSX6 A0A1D5P8I8 A0A8V0YRN1 A0A8V0ZY42 A0A1D5PLP1 A0A8V0ZF83 A0A8V0ZKI8 A0A8V0Z3U6 A0A8V0YDL8 A0A8V0YLZ8 Q98938 A0A8V0Y999 A0A8V0YDU6 A0A8V0XUJ8 A0A8V0ZTC0 A0A8V1AEM5 A0A8V0ZEC1 A0A8V0YMR1 A0A8V1AAN6 A0A1D5P6T3 A0A1I7Q421 A0A3Q2UGW3 A0A8V0XM02 A0A8V0YVB6 A0A8V0YIC3 A0A8V0YE20 A0A3Q2TT95 A0A8V0Z8N6 A0A8V0ZDW7 A0A8V1A3S8 A0A8V0Z938 A0A8V0YDD6 A0A1D5PZ68 A0A8V0YWM3
Biological Process,regulation of endopeptidase activity,6,GO:0052548,14,132,255,2734,1.14,0.5423999365809823,0.27,A0A8V0X4D8 A0A8V0YFT7 A0A8V0YWI5 P26652 A0A8V0ZE58 A0A8V0XMI5 A0A8V0YLI1 A0A8V0YSF6 A0A8V0XE48 A0A8V0YRF2 A0A8V0XKW4 A0A8V1A7R0 A0A1I7Q3Z0 A0A8V0YWM3
Biological Process,lymphocyte mediated immunity,4,GO:0002449,4,33,255,2734,1.3,0.5428226786882084,0.27,A0A8V0ZZD4 A0A8V0YW57 P01875 A0A8V0XEJ0
Biological Process,"retrograde vesicle-mediated transport, Golgi to endoplasmic reticulum",4,GO:0006890,4,33,255,2734,1.3,0.5428226786882084,0.27,Q5ZJW4 A0A8V0XM02 A0A1D5PBU5 A0A8V0ZUA4
Biological Process,negative regulation of ERBB signaling pathway,6,GO:1901185,4,33,255,2734,1.3,0.5428226786882084,0.27,A0A8V1A6B5 A0A8V0ZYI9 A0A8V0YSF6 A0A8V0Y699
Biological Process,regulation of canonical NF-kappaB signal transduction,6,GO:0043122,4,33,255,2734,1.3,0.5428226786882084,0.27,A0A8V1AG56 A0A1L4FLS3 Q00649 A0A8V0YFT7
Biological Process,regulation of nervous system process,5,GO:0031644,4,33,255,2734,1.3,0.5428226786882084,0.27,A0A3Q2UGW3 A0A8V0YLI1 A0A8V0YWI5 A0A8V1ABA3
Biological Process,positive regulation of cation transmembrane transport,7,GO:1904064,4,33,255,2734,1.3,0.5428226786882084,0.27,A0A8V0YRG2 A0A8V0ZZZ5 A0A8V0ZY91 A0A8V0XYK6
Biological Process,regulation of lymphocyte proliferation,6,GO:0050670,4,33,255,2734,1.3,0.5428226786882084,0.27,A0A8V1A9R2 A0A8V0YLI1 Q98938 A0A8V0XMI5
Biological Process,positive regulation of monoatomic ion transport,5,GO:0043270,8,73,255,2734,1.17,0.5447122168911868,0.26,A0A8V0ZZZ5 A0A8V0XYK6 A0A8V0YWI5 A0A8V1A9R2 A0A8V0ZY91 A0A8V0Z8N6 A0A8V0YRG2 A0A8V0YWM3
Biological Process,lipid catabolic process,4,GO:0016042,8,73,255,2734,1.17,0.5447122168911868,0.26,A0A8V0Y4M6 A0A8V0ZSC5 A0A8V1ABA3 A0A8V0X637 F1NTQ2 A0A8V0Z086 A0A8V0Y9F8 A0A8V0YC98
Biological Process,positive regulation of cytokine production,5,GO:0001819,8,73,255,2734,1.17,0.5447122168911868,0.26,A0A8V1AG56 A0A1I7Q421 A0A8V0YFT7 A0A1L4FLS3 A0A8V0XMI5 Q00649 A0A8V0XE48 A0A1I7Q3Z0
Biological Process,regulation of molecular function,2,GO:0065009,68,688,255,2734,1.06,0.5454573150805638,0.26,A0A8V1AG56 A0A8V0X4D8 A0A8V0YBZ6 Q98938 A0A8V1ABA3 A0A8V1AFP7 A0A8V0XMI5 P15120 A0A1L1RP76 A0A8V0XUJ8 A0A1I7Q3Z0 A0A8V0ZEJ3 A0A8V1A3H9 A0A8V0XYK6 A0A1D5P6T3 F1NXR0 A0A8V0YFT7 A0A8V0ZSG8 A0A8V0X637 E1C733 A0A1D5PEW1 A0A1L1RX77 A0A8V0YW57 A0A8V0YLI1 A0A8V0ZSX6 A0A8V1ACD6 A0A8V1ADS4 A0A8V0YRF2 A0A8V0YVB6 A0A1D5P7Y2 A0A8V1A7R0 A0A8V0X1T3 A0A1D5P0D7 A0A8V0ZZZ5 Q0PVE4 A0A8V1A3N1 A0A8V0Y579 A0A1L4FLS3 A0A8V0ZE58 A0A8V0ZY91 A0A8V0Z086 Q00649 A0A8V0YY90 A0A8V0YSF6 A0A8V0XE48 A0A8V1ABC9 A0A8V0Z8N6 A0A8V0XKW4 A0A8V1ADF6 A0A8V0ZKI8 A0A3Q2TU24 A0A8V0YWI5 A0A8V0ZTR7 A0A8V1A3S8 A0A8V0ZSN8 A0A8V0YDT4 A0A8V0ZUA4 A0A8V1A9R2 A0A8V1AHP7 P26652 A0A8V0YF36 A0A1D5PSI3 A0A8V1AJI2 A0A8V0YDD6 A0A1L1RKY9 A0A8V0YRG2 A0A8V1A8L5 A0A8V0YWM3
Biological Process,negative regulation of transport,4,GO:0051051,15,138,255,2734,1.17,0.5465093419840485,0.26,A0A1D5P6T3 A0A1I7Q421 A0A8V0ZTR7 A0A8V1A3S8 A0A8V0YDT4 A0A8V0Z189 A0A8V0X7P4 A0A8V0ZY91 A0A8V0XMI5 A0A8V0YLI1 A0A8V0YDD6 A0A8V1ABC9 A0A8V0Z8N6 A0A8V0YRG2 A0A8V0XYK6
Biological Process,platelet degranulation,4,GO:0002576,5,74,255,2734,0.72,0.54662057252271,0.26,A0A3Q2TU24 P26652 A0A8V0YPB9 A0A8V0YDD6 A0A8V0Y699
Biological Process,protein localization to plasma membrane,5,GO:0072659,5,75,255,2734,0.71,0.5468321991568081,0.26,A0A8V0ZKI8 A0A8V0YIC3 A0A8V0ZUA4 A0A8V0XE48 A0A8V0XYK6
Biological Process,monosaccharide metabolic process,3,GO:0005996,5,77,255,2734,0.7,0.548922380537282,0.26,A0A8V0YZJ3 A0A8V0Z938 A0A8V0ZJJ7 A0A8V1ALI6 A0A8V0ZI47
Biological Process,DNA conformation change,6,GO:0071103,4,34,255,2734,1.26,0.5523203631820693,0.26,A0A8V1AEJ0 A0A8V0YWM3 A0A8V0XE48 A0A8V0XMI5
Biological Process,negative regulation of peptide secretion,6,GO:0002792,4,34,255,2734,1.26,0.5523203631820693,0.26,A0A8V0YDD6 A0A8V1A3S8 A0A8V0ZY91 A0A8V0YDT4
Biological Process,regulation of leukocyte mediated immunity,5,GO:0002703,4,34,255,2734,1.26,0.5523203631820693,0.26,A0A8V1A9R2 A0A1L4FLS3 A0A8V0YW57 A0A8V0XMI5
Biological Process,mitochondrial membrane organization,5,GO:0007006,4,34,255,2734,1.26,0.5523203631820693,0.26,A0A8V1A7R0 R4GGQ4 A0A8V1A803 A0A1D5PGC2
Biological Process,regulation of insulin secretion,6,GO:0050796,4,34,255,2734,1.26,0.5523203631820693,0.26,A0A8V0YY90 A0A8V1ABC9 A0A1D5NT61 A0A8V0ZY91
Biological Process,phenol-containing compound metabolic process,4,GO:0018958,4,34,255,2734,1.26,0.5523203631820693,0.26,A0A8V0Y4Q2 A0A8V0YRG2 F1NBR3 A0A1D5PBZ8
Biological Process,positive regulation of cell morphogenesis,6,GO:0010770,9,80,255,2734,1.21,0.5559550349218774,0.25,A0A8V1AG56 A0A8V0X4D8 Q98938 A0A8V0Z3U6 A0A8V0ZUU4 A0A8V0YDD6 A0A8V0YDT5 A0A1D5PBZ8 A0A8V0YLZ8
Biological Process,phosphate-containing compound metabolic process,4,GO:0006796,44,515,255,2734,0.92,0.5561215073912225,0.25,A0A8V1AG56 A0A8V1A9L3 A0A8V0ZRZ8 A0A8V1ACH5 A0A8V0ZSD7 A0A8V0YDT5 A0A8V1A0B4 A0A1I7Q3Z0 A0A8V0ZTC0 A0A1D5P6T3 F1NXR0 A0A8V0ZSC5 A0A1D5P6Q1 A0A8V0XCD2 A0A8V0X637 A0A8V0YK18 F1NTQ2 E1C733 A0A8V0XPE8 A0A8V0YW57 A0A8V0ZSX6 A0A8V1A7R0 A0A1D5P0D7 A0A8V0ZZZ5 A0A8V1A3N1 A0A8V0Y579 A0A8V0Z189 A0A1L4FLS3 A0A8V0Y9F8 A0A8V0XE48 A0A8V1ABC9 A0A8V0XXZ4 A0A8V1ADF6 A0A8V0ZJD3 A0A3Q2TU24 A0A1D5NT61 A0A8V0ZSN8 A0A8V1A9R2 A0A1D5P201 A0A8V0YC20 A0A8V0YBE2 A0A1D5PT01 A0A8V0YRG2 A0A8V0YWM3
Biological Process,organelle localization,2,GO:0051640,19,235,255,2734,0.87,0.5583546533817958,0.25,A0A8V0XBD4 A0A1D5PBZ8 A0A8V0YVI8 A0A8V0Z8V4 A0A8V0XM02 A0A8V0YVB6 A0A8V0YIC3 Q0PVE4 Q5ZJW4 A0A8V0XE48 A0A8V0ZE30 A0A8V0ZRP2 A0A8V0ZDW7 A0A1D5PBU5 A0A8V0ZUA4 A0A8V1AFR2 A0A8V0Z3U6 A0A8V0Z9Z7 A0A1D5PMN7
Biological Process,maintenance of location,2,GO:0051235,9,81,255,2734,1.19,0.5592589834148403,0.25,A0A1D5PBU5 F1NTQ2 A0A8V0XPE8 A0A8V0Z086 A0A8V1ALI6 A0A8V0XE48 A0A8V0Y699 A0A8V0YVI8 A0A8V0XYK6
Biological Process,camera-type eye development,6,GO:0043010,9,81,255,2734,1.19,0.5592589834148403,0.25,A0A8V0ZKI8 A0A8V1AG56 A0A8V0ZZZ5 Q98938 A0A1D5PSI3 A0A8V0Z3Q9 A0A8V0Y0X2 A0A8V0YRG2 A0A1D5P0D7
Biological Process,regulation of catalytic activity,3,GO:0050790,53,533,255,2734,1.07,0.5623932436995371,0.25,A0A8V1AG56 A0A8V0X4D8 A0A8V0YBZ6 Q98938 A0A8V1ABA3 A0A8V0XMI5 A0A1L1RP76 A0A8V0XUJ8 A0A1I7Q3Z0 A0A8V0ZEJ3 A0A8V1A3H9 A0A1D5P6T3 A0A8V0YFT7 A0A8V0X637 E1C733 A0A1D5PEW1 A0A1L1RX77 A0A8V0YW57 A0A8V0YLI1 A0A8V1ADS4 A0A8V0YRF2 A0A8V0X1T3 A0A8V1A7R0 A0A8V0ZZZ5 Q0PVE4 A0A8V1A3N1 A0A8V0Y579 A0A1L4FLS3 A0A8V0ZE58 A0A8V0Z086 Q00649 A0A8V0YSF6 A0A8V0XE48 A0A8V1ABC9 A0A8V0XKW4 A0A8V0ZKI8 A0A3Q2TU24 A0A8V0YWI5 A0A8V0ZTR7 A0A8V1A3S8 A0A8V0ZSN8 A0A8V0YDT4 A0A8V0ZUA4 A0A8V1A9R2 A0A8V1AHP7 P26652 A0A8V0YF36 A0A8V1AJI2 A0A8V0YDD6 A0A1L1RKY9 A0A8V0YRG2 A0A8V1A8L5 A0A8V0YWM3
Biological Process,cellular response to reactive oxygen species,5,GO:0034614,4,35,255,2734,1.23,0.5625335601089017,0.25,Q00649 A0A1I7Q3Z0 A0A8V0Y3L3 A0A8V0YWM3
Biological Process,maintenance of protein location in cell,3,GO:0032507,4,35,255,2734,1.23,0.5625335601089017,0.25,A0A8V0XYK6 A0A8V0XE48 A0A8V0Y699 A0A8V0YVI8
Biological Process,regulation of leukocyte chemotaxis,5,GO:0002688,4,35,255,2734,1.23,0.5625335601089017,0.25,A0A8V1AG56 A0A8V0YSF6 A0A8V1A3H9 A0A8V0XMI5
Biological Process,negative regulation of protein catabolic process,6,GO:0042177,4,35,255,2734,1.23,0.5625335601089017,0.25,A0A8V0X4D8 A0A8V0X7P4 P26652 A0A1L1RP76
Biological Process,regulation of humoral immune response,5,GO:0002920,4,35,255,2734,1.23,0.5625335601089017,0.25,A0A8V0ZP32 A0A8V1A8N2 A0A8V0YHS1 A0A8V0XMI5
Biological Process,mesoderm formation,4,GO:0001707,4,35,255,2734,1.23,0.5625335601089017,0.25,A0A8V1AG56 A0A8V0YXI7 A0A8V0Z8V4 A0A8V0Y070
Biological Process,cerebral cortex development,3,GO:0021987,4,35,255,2734,1.23,0.5625335601089017,0.25,A0A8V0ZKI8 A0A8V0ZJJ7 A0A1D5PSI3 A0A8V0YVI8
Biological Process,cytoskeleton organization,5,GO:0007010,32,379,255,2734,0.91,0.5689155811471134,0.24,A0A8V0ZBM0 A0A8V0XBD4 A0A8V0YDU6 A0A8V0XMI5 A0A1D5NTR5 A0A8V0YQU2 A0A3Q2UHS2 A0A1D5PBZ8 A0A8V0YG88 A0A8V1A0B4 A0A1I7Q3Z0 A0A8V0YVI8 A0A8V0XYK6 A0A1D5P6Q1 A0A8V0YTK5 A0A8V0XZH4 A0A8V0YK18 E1C733 A0A8V0YLI1 A0A8V0ZZZ5 Q0PVE4 A0A8V0X7P4 A0A8V0XE48 A0A8V0Y699 A0A8V0ZE30 A0A1D5PLP1 A0A8V0ZDW7 A0A3Q2TU24 A0A1D5PBU5 A0A8V0Z3U6 A0A1D5PMN7 A0A1L1RKY9
Biological Process,regulation of lipid metabolic process,5,GO:0019216,6,87,255,2734,0.74,0.5731568730633716,0.24,A0A8V0Y4M6 A0A3Q2TU24 A0A8V1AHP7 A0A8V0ZE58 A0A8V0Y9F8 A0A1I7Q3Z0
Biological Process,regulation of mitochondrion organization,6,GO:0010821,4,36,255,2734,1.19,0.5733568434379462,0.24,A0A1L1RX77 A0A8V1A9L3 A0A8V0XKW4 A0A8V1ABA3
Biological Process,biological process involved in interaction with host,3,GO:0051701,4,36,255,2734,1.19,0.5733568434379462,0.24,A0A1D5P6T3 A0A1I7Q3Z0 A0A8V0ZSX6 A0A8V0ZYI9
Biological Process,regulation of response to oxidative stress,5,GO:1902882,4,36,255,2734,1.19,0.5733568434379462,0.24,A0A8V0XKW4 A0A1D5P6T3 Q00649 A0A8V0YLI1
Biological Process,response to type II interferon,5,GO:0034341,4,36,255,2734,1.19,0.5733568434379462,0.24,A0A8V1AG56 A0A8V0YFT7 E1C733 A0A8V0XMI5
Biological Process,positive regulation of monoatomic ion transmembrane transport,6,GO:0034767,4,36,255,2734,1.19,0.5733568434379462,0.24,A0A8V0YRG2 A0A8V0ZZZ5 A0A8V0ZY91 A0A8V0XYK6
Biological Process,regulation of ubiquitin-dependent protein catabolic process,5,GO:2000058,2,37,255,2734,0.58,0.5739307654734769,0.24,A0A8V0X7P4 A0A8V1ABA3
Biological Process,positive regulation of NF-kappaB transcription factor activity,5,GO:0051092,2,37,255,2734,0.58,0.5739307654734769,0.24,A0A8V1AG56 A0A1L4FLS3
Biological Process,regulation of cell division,4,GO:0051302,2,37,255,2734,0.58,0.5739307654734769,0.24,A0A8V0XE48 A0A1D5PBU5
Biological Process,positive regulation of actin filament polymerization,7,GO:0030838,2,37,255,2734,0.58,0.5739307654734769,0.24,A0A3Q2UHS2 E1C733
Biological Process,pigment metabolic process,2,GO:0042440,2,37,255,2734,0.58,0.5739307654734769,0.24,A0A8V0YRG2 A0A1D5PBZ8
Biological Process,nucleotide catabolic process,6,GO:0009166,2,37,255,2734,0.58,0.5739307654734769,0.24,A0A8V0YBE2 A0A8V1A9L3
Biological Process,regulation of protein ubiquitination,9,GO:0031396,2,37,255,2734,0.58,0.5739307654734769,0.24,Q98938 A0A8V0YRF2
Biological Process,regulation of protein localization to plasma membrane,7,GO:1903076,2,37,255,2734,0.58,0.5739307654734769,0.24,A0A8V0Z189 A0A8V0YRG2
Biological Process,viral process,1,GO:0016032,6,88,255,2734,0.73,0.5743648860336832,0.24,A0A1D5P6T3 A0A8V0X4D8 A0A8V0ZSX6 A0A8V0XE48 A0A8V0ZRP2 A0A8V0ZYI9
Biological Process,adult locomotory behavior,4,GO:0008344,2,38,255,2734,0.56,0.5747926352022974,0.24,A0A8V0XKW4 A0A8V1ABA3
Biological Process,negative regulation of cysteine-type endopeptidase activity,8,GO:2000117,2,38,255,2734,0.56,0.5747926352022974,0.24,A0A1I7Q3Z0 A0A8V0YRF2
Biological Process,negative regulation of immune response,5,GO:0050777,2,38,255,2734,0.56,0.5747926352022974,0.24,A0A8V1A9R2 A0A8V0XMI5
Biological Process,myotube differentiation,6,GO:0014902,2,38,255,2734,0.56,0.5747926352022974,0.24,A0A3Q2UHS2 A0A1D5P0D7
Biological Process,receptor metabolic process,4,GO:0043112,2,38,255,2734,0.56,0.5747926352022974,0.24,A0A8V0ZRP2 A0A8V0YSF6
Biological Process,detoxification,1,GO:0098754,2,38,255,2734,0.56,0.5747926352022974,0.24,A0A8V0YGN2 A0A8V0Y3L3
Biological Process,regulation of innate immune response,5,GO:0045088,6,89,255,2734,0.72,0.5760163993445864,0.24,A0A8V1AG56 A0A8V0YFT7 A0A1L4FLS3 A0A8V0XMI5 A0A8V0YRF2 A0A1I7Q3Z0
Biological Process,positive regulation of phosphate metabolic process,7,GO:0045937,27,262,255,2734,1.1,0.57607417111409,0.24,A0A8V1AG56 Q98938 A0A8V1ABA3 A0A8V0XMI5 A0A1I7Q3Z0 A0A1D5P6T3 A0A8V0X637 A0A1D5P480 E1C733 A0A8V0YLI1 A0A8V0ZSX6 A0A8V0X1T3 A0A8V1A7R0 A0A1D5P0D7 A0A8V0ZZZ5 A0A8V1A3N1 A0A1L4FLS3 A0A8V0ZE58 A0A8V0X7P4 A0A8V0XE48 A0A8V1ABC9 A0A8V0ZDW7 A0A3Q2TU24 A0A8V0YWI5 A0A8V1A3S8 A0A8V0ZSN8 A0A8V1A9R2
Biological Process,positive regulation of phosphorus metabolic process,6,GO:0010562,27,262,255,2734,1.1,0.57607417111409,0.24,A0A8V1AG56 Q98938 A0A8V1ABA3 A0A8V0XMI5 A0A1I7Q3Z0 A0A1D5P6T3 A0A8V0X637 A0A1D5P480 E1C733 A0A8V0YLI1 A0A8V0ZSX6 A0A8V0X1T3 A0A8V1A7R0 A0A1D5P0D7 A0A8V0ZZZ5 A0A8V1A3N1 A0A1L4FLS3 A0A8V0ZE58 A0A8V0X7P4 A0A8V0XE48 A0A8V1ABC9 A0A8V0ZDW7 A0A3Q2TU24 A0A8V0YWI5 A0A8V1A3S8 A0A8V0ZSN8 A0A8V1A9R2
Biological Process,negative regulation of cell cycle process,6,GO:0010948,2,39,255,2734,0.55,0.5766747350596761,0.24,A0A8V0YW57 A0A8V0Z9Z7
Biological Process,calcium ion transport,5,GO:0006816,2,40,255,2734,0.54,0.5795135348468777,0.24,A0A8V0YLI1 E1C733
Biological Process,smoothened signaling pathway,4,GO:0007224,2,40,255,2734,0.54,0.5795135348468777,0.24,F1NGB8 Q98938
Biological Process,defense response to Gram-negative bacterium,5,GO:0050829,2,40,255,2734,0.54,0.5795135348468777,0.24,Q05744 A0A8V0XMI5
Biological Process,establishment or maintenance of apical/basal cell polarity,4,GO:0035088,2,40,255,2734,0.54,0.5795135348468777,0.24,A0A8V1AG56 Q0PVE4
Biological Process,establishment or maintenance of bipolar cell polarity,3,GO:0061245,2,40,255,2734,0.54,0.5795135348468777,0.24,A0A8V1AG56 Q0PVE4
Biological Process,response to temperature stimulus,3,GO:0009266,10,91,255,2734,1.18,0.5805905750529177,0.24,A0A8V0Y4M6 A0A1D5P6T3 A0A8V1AEJ4 A0A8V1AFP7 A0A8V0XMI5 A0A8V0YLI1 Q00649 A0A8V0Z938 A0A8V0ZSX6 A0A8V0XKW4
Biological Process,monoatomic ion homeostasis,3,GO:0050801,17,164,255,2734,1.11,0.5817701927798178,0.24,A0A8V0ZKI8 A0A8V0ZZZ5 A0A8V0YWI5 A0A8V1A9R2 F1NTQ2 A0A1D5NYS2 E1C733 A0A8V0XMI5 A0A1L1RX77 A0A8V0YLI1 A0A8V1ABC9 A0A8V0YRF2 A0A8V0YLZ8 A0A8V0Z8N6 A0A1I7Q3Z0 A0A8V0ZDW7 A0A8V0XYK6
Biological Process,regulation of growth,3,GO:0040008,28,272,255,2734,1.1,0.5823122574950901,0.23,A0A8V1AG56 A0A8V0X4D8 Q98938 A0A8V0ZUU4 A0A8V0ZHL4 A0A8V0XH99 A0A8V0YDT5 A0A1D5PBZ8 A0A8V0XUJ8 A0A8V0YMR1 A0A8V0XYK6 A0A1D5P6T3 A0A8V0Z8V4 A0A1D5P480 A0A8V0XXW6 A0A8V1ACD6 A0A8V1A7R0 A0A8V0X7P4 A0A8V0YPB9 A0A8V0YSF6 A0A8V0XE48 A0A8V0XKW4 A0A8V0XXK8 F1NGB8 A0A8V0ZTR7 A0A1D5PSI3 A0A8V0YDD6 A0A8V0XMV0
Biological Process,amide biosynthetic process,4,GO:0043604,13,165,255,2734,0.84,0.5823406229367635,0.23,A0A8V0X4D8 A0A8V1ABA3 A0A8V0X637 A0A8V0WZN3 A0A8V0XPN5 A0A8V1A8R2 A0A8V0YQC4 A0A8V0Z865 A0A8V0X7J6 Q6ITC7 A0A8V0YDL8 A0A8V1A7Y9 A0A1L1S0X5
Biological Process,embryo development ending in birth or egg hatching,4,GO:0009792,28,273,255,2734,1.1,0.5831355457056144,0.23,A0A8V1AG56 A0A8V0XBD4 Q98938 A0A1D5NTR5 A0A8V0ZHL4 A0A3Q2UHS2 A0A1D5PBZ8 A0A8V1A0B4 A0A8V0ZH96 P02460 A0A1I7Q421 A0A8V1A8R2 A0A8V0YW57 A0A8V0YVB6 A0A1D5P0D7 A0A8V0ZE58 A0A8V0XE48 A0A8V0Y699 A0A8V0XXZ4 A0A8V0YXI7 A0A8V0ZRP2 A0A8V0ZKI8 A0A8V0ZUA4 A0A8V0X9N1 A0A1D5PSI3 P33005 A0A8V0YRG2 A0A1D5PZ68
Biological Process,regulation of epithelial cell proliferation,5,GO:0050678,10,92,255,2734,1.17,0.5834816215315446,0.23,A0A8V0ZKI8 A0A8V1AG56 A0A8V0YFT7 Q98938 E1C733 A0A8V0XMI5 P15120 A0A8V1ABC9 A0A8V1A7R0 A0A8V1A3H9
Biological Process,cellular response to biotic stimulus,3,GO:0071216,5,42,255,2734,1.28,0.5877995017209372,0.23,A0A8V1AG56 A0A8V0YFT7 A0A8V0YDD6 P15120 A0A1I7Q3Z0
Biological Process,embryonic epithelial tube formation,5,GO:0001838,5,42,255,2734,1.28,0.5877995017209372,0.23,A0A8V0ZKI8 A0A8V1AG56 A0A8V0ZUA4 A0A3Q2UHS2 A0A8V0XE48
Biological Process,cellular response to peptide hormone stimulus,5,GO:0071375,10,94,255,2734,1.14,0.5903878146558084,0.23,A0A1D5P6T3 A0A8V0Z6E4 A0A8V0YFT7 A0A8V0ZSN8 A0A8V1A9R2 A0A1D5PSI3 A0A8V0YDD6 A0A8V1A7R0 A0A1I7Q3Z0 P02460
Biological Process,regulation of leukocyte differentiation,5,GO:1902105,5,43,255,2734,1.25,0.5931141412829103,0.23,Q98938 A0A8V1A9R2 A0A1L4FLS3 A0A8V0XMI5 A0A8V1ABC9
Biological Process,regulation of filopodium assembly,7,GO:0051489,5,43,255,2734,1.25,0.5931141412829103,0.23,Q0PVE4 A0A8V0YDU6 A0A1D5NTR5 A0A8V0YQU2 A0A8V0YDT5
Biological Process,mitotic cell cycle,3,GO:0000278,14,177,255,2734,0.85,0.5933085375832134,0.23,A0A8V0YIC3 Q0PVE4 A0A8V0XBD4 A0A1D5PBU5 A0A8V0YTK5 A0A8V0Z9Z7 A0A8V0YW57 A0A8V0ZFG7 A0A8V0XE48 A0A8V1ABC9 A0A1D5PBZ8 A0A8V0ZE30 A0A8V0ZRP2 A0A8V0XYK6
Biological Process,regulation of binding,3,GO:0051098,7,95,255,2734,0.79,0.5936755219325177,0.23,A0A8V1AG56 F1NXR0 A0A1D5PSI3 A0A8V0XMI5 A0A1L1RKY9 A0A8V0YVB6 A0A1I7Q3Z0
Biological Process,cell maturation,3,GO:0048469,7,97,255,2734,0.77,0.5939330868064514,0.23,Q98938 A0A8V0ZF83 A0A8V0Y070 A0A8V0XE48 A0A1D5PBZ8 A0A8V0YLZ8 A0A8V0YRG2
Biological Process,response to endoplasmic reticulum stress,4,GO:0034976,7,98,255,2734,0.77,0.5946682788578492,0.23,F1NGB8 A0A8V0XEP8 A0A8V0ZSX6 A0A8V0ZXC9 A0A8V0Y699 A0A8V0ZH96 A0A8V0YWM3
Biological Process,negative regulation of cell population proliferation,5,GO:0008285,14,180,255,2734,0.83,0.5949260260437998,0.23,A0A8V0ZKI8 A0A8V1AG56 A0A1D5P6Q1 A0A8V0YFT7 A0A8V0ZZZ5 Q98938 A0A8V0YDT4 A0A8V0YF36 A0A8V0XXW6 A0A8V0YLI1 Q9W6H0 A0A8V1ABC9 A0A8V1A7R0 K9JA28
Biological Process,establishment of vesicle localization,4,GO:0051650,7,99,255,2734,0.76,0.5957947741389422,0.22,A0A8V0YIC3 A0A8V0ZUA4 A0A8V1AFR2 A0A8V0XM02 Q5ZJW4 A0A8V0YVB6 A0A8V0ZRP2
Biological Process,cell junction organization,4,GO:0034330,11,100,255,2734,1.18,0.5973017995716383,0.22,A0A8V0ZZZ5 Q0PVE4 A0A8V0XBD4 A0A8V0ZSG8 A0A3Q2UGW3 A0A8V0YDD6 A0A1D5PBZ8 A0A8V0Y699 A0A8V1ABC9 A0A8V1A0B4 A0A1I7Q3Z0
Biological Process,maintenance of cell number,2,GO:0098727,5,44,255,2734,1.22,0.5991216737434295,0.22,A0A8V0ZSN8 A0A8V1A9R2 A0A8V0XH99 A0A8V1A7R0 A0A8V0ZEC1
Biological Process,stem cell population maintenance,2,GO:0019827,5,44,255,2734,1.22,0.5991216737434295,0.22,A0A8V0ZSN8 A0A8V1A9R2 A0A8V0XH99 A0A8V1A7R0 A0A8V0ZEC1
Biological Process,post-Golgi vesicle-mediated transport,4,GO:0006892,5,44,255,2734,1.22,0.5991216737434295,0.22,A0A8V0YIC3 A0A8V0XM02 A0A8V0YG88 A0A8V0ZYI9 A0A8V0XYK6
Biological Process,negative regulation of organelle organization,6,GO:0010639,11,102,255,2734,1.16,0.6014106841725678,0.22,A0A8V0ZTR7 A0A1D5PBU5 A0A8V0XM02 A0A8V0Z9Z7 A0A8V1AJI2 Q5ZJW4 A0A8V0YW57 Q00649 A0A8V0YLZ8 A0A1I7Q3Z0 A0A8V0XKW4
Biological Process,oxoacid metabolic process,4,GO:0043436,26,309,255,2734,0.9,0.6048566459413565,0.22,A0A8V0YC89 A0A8V0ZHL4 A0A8V0Y9B0 A0A1D5PXI1 F1NXR0 A0A8V0ZSC5 F1NTQ2 E1C3Z8 A0A1L1RX77 E1C2T4 A0A1D5P692 A0A8V0Y579 A0A8V0YZJ3 A0A8V0Y9F8 A0A8V0ZJJ7 A0A8V0YXI7 Q92182 A0A8V0Y4M6 A0A8V0ZJD3 F1NGB8 A0A1D5NT61 A0A1D5PMN7 A0A8V0Z938 A0A8V0YQC4 Q9W6H0 A0A8V1A7Y9
Biological Process,organic acid metabolic process,3,GO:0006082,26,312,255,2734,0.89,0.6049574285424368,0.22,A0A8V0YC89 A0A8V0ZHL4 A0A8V0Y9B0 A0A1D5PXI1 F1NXR0 A0A8V0ZSC5 F1NTQ2 E1C3Z8 A0A1L1RX77 E1C2T4 A0A1D5P692 A0A8V0Y579 A0A8V0YZJ3 A0A8V0Y9F8 A0A8V0ZJJ7 A0A8V0YXI7 Q92182 A0A8V0Y4M6 A0A8V0ZJD3 F1NGB8 A0A1D5NT61 A0A1D5PMN7 A0A8V0Z938 A0A8V0YQC4 Q9W6H0 A0A8V1A7Y9
Biological Process,positive regulation of transport,4,GO:0051050,26,313,255,2734,0.89,0.6052596716393854,0.22,A0A8V1AG56 A0A8V0XBD4 A0A8V0XMI5 A0A3Q2UHS2 A0A1I7Q3Z0 A0A8V0XYK6 A0A1D5P6T3 E1C0K5 A0A8V0YIC3 A0A8V0ZZZ5 A0A8V0X7P4 A0A8V0ZY91 A0A8V0YY90 A0A8V0ZJJ7 A0A8V1ABC9 A0A8V0Z8N6 A0A8V0ZRP2 A0A8V0XM98 A0A8V0YWI5 A0A1D5NT61 A0A8V1A9R2 A0A1D5PSI3 A0A8V0XMV0 A0A8V0YDL8 A0A8V0YRG2 A0A8V0YWM3
Biological Process,positive regulation of peptidyl-tyrosine phosphorylation,9,GO:0050731,5,45,255,2734,1.19,0.6057568522719047,0.22,A0A8V0ZZZ5 A0A8V0YWI5 A0A8V1A3S8 A0A8V1A7R0 A0A1I7Q3Z0
Biological Process,regulation of peptide hormone secretion,5,GO:0090276,5,45,255,2734,1.19,0.6057568522719047,0.22,A0A1D5NT61 A0A8V0ZY91 A0A8V0YY90 A0A8V0ZJJ7 A0A8V1ABC9
Biological Process,response to anesthetic,3,GO:0072347,5,45,255,2734,1.19,0.6057568522719047,0.22,A0A1D5P692 A0A8V0X637 A0A8V1AEJ4 A0A8V0ZY91 A0A8V0YDL8
Biological Process,response to antineoplastic agent,3,GO:0097327,5,45,255,2734,1.19,0.6057568522719047,0.22,A0A8V0Z6E4 A0A8V1ABA3 A0A1D5PSI3 A0A8V0ZSX6 A0A8V0ZJJ7
Biological Process,response to organic substance,3,GO:0010033,66,749,255,2734,0.94,0.606143719848447,0.22,A0A8V1AG56 A0A8V0Z6E4 A0A8V0X4D8 A0A8V0ZRZ8 A0A8V1ABA3 A0A8V0XXM5 A0A8V0Y999 A0A8V1AEJ4 A0A8V0XEP8 A0A8V0XMI5 P33005 A0A8V0YGN2 A0A8V0Z4R1 A0A8V0ZSD7 A0A8V0YDL8 P15120 A0A8V0XUJ8 A0A1I7Q3Z0 A0A8V0ZH96 P02460 A0A1D5P6T3 A0A1I7Q421 A0A8V0YFT7 A0A8V0X637 E1C733 A0A1L1RX77 A0A8V0XCW4 A0A8V0XPE8 A0A8V0YW57 A0A8V0ZP32 A0A8V0ZSX6 A0A8V0YLI1 A0A8V0ZXC9 A0A8V1A7R0 A0A1D5P0D7 A0A8V0Y4Q2 A0A8V1A3N1 A0A1D5P692 A0A1L4FLS3 A0A8V0ZY91 Q00649 A0A8V0ZJJ7 A0A8V0XE48 A0A8V0Y699 A0A8V0YSF6 A0A8V1ABC9 A0A8V0YXI7 A0A8V0XKW4 A0A8V0Z8N6 K9JA28 Q92182 A0A8V0ZKI8 F1NGB8 A0A8V0ZJ97 A0A3Q2TU24 A0A8V0XM98 A0A8V0ZSN8 A0A8V1A9R2 P26652 A0A8V0Y652 A0A1D5PSI3 A0A8V0Z938 A0A8V0YDD6 A0A8V0XMV0 A0A8V0YLZ8 A0A8V0YWM3
Biological Process,protein-containing complex organization,4,GO:0043933,49,491,255,2734,1.07,0.6071213278995135,0.22,A0A8V0ZRZ8 A0A8V0XMI5 A0A8V0Z4R1 A0A8V0YGN2 A0A8V0ZHL4 A0A8V0Y290 A0A1I7Q3Z0 A0A8V0ZYI9 P02460 A0A1D5P6T3 A0A8V0Y0F3 A0A8V0YTK5 A0A8V0XCD2 A0A8V0ZHX5 A0A8V0XM02 A0A8V0X535 A0A8V0XXW6 A0A8V0YGQ5 A0A8V0ZSX6 A0A8V0YVB6 A0A1D5P8I8 A0A8V0YIC3 Q0PVE4 A0A8V0XPN5 A0A8V0ZY42 Q5ZJW4 A0A8V0Y9F8 A0A8V0ZJJ7 A0A8V0Z865 A0A8V0Y699 A0A8V1AEJ0 A0A8V0ZRP2 A0A8V0XKW4 A0A8V0ZY56 A0A8V0XXK8 A0A1D5PGC2 A0A8V0Y4M6 A0A8V0ZKI8 A0A8V0ZJ97 A0A8V1AHP7 A0A1D5PBU5 A0A8V0ZUA4 A0A8V1AFR2 A0A8V0Z3U6 A0A8V0Z9Z7 A0A1D5PMN7 A0A8V0YC20 A0A8V0YDD6 A0A8V0YWM3
Biological Process,nucleobase-containing compound catabolic process,4,GO:0034655,11,105,255,2734,1.12,0.6101196027443245,0.21,A0A8V1A9L3 A0A8V0XPN5 A0A1D5PMN7 A0A8V0XMI5 A0A8V0YBE2 A0A8V1A8R2 A0A8V0ZY56 Q6ITC7 A0A8V0ZE30 A0A8V1A8L5 A0A8V0YWM3
Biological Process,modulation of chemical synaptic transmission,5,GO:0050804,11,105,255,2734,1.12,0.6101196027443245,0.21,A0A1D5P6T3 A0A8V0XBD4 A0A3Q2UGW3 A0A1D5NYS2 A0A1D5PSI3 A0A8V0XDR8 A0A8V0Y9F8 A0A8V0ZSX6 A0A8V0YSF6 A0A8V0YRG2 A0A8V0ZDW7
Biological Process,regulation of trans-synaptic signaling,4,GO:0099177,11,105,255,2734,1.12,0.6101196027443245,0.21,A0A1D5P6T3 A0A8V0XBD4 A0A3Q2UGW3 A0A1D5NYS2 A0A1D5PSI3 A0A8V0XDR8 A0A8V0Y9F8 A0A8V0ZSX6 A0A8V0YSF6 A0A8V0YRG2 A0A8V0ZDW7
Biological Process,establishment of protein localization to organelle,4,GO:0072594,8,107,255,2734,0.8,0.6120007620996475,0.21,A0A8V0XMV0 A0A8V0XPN5 A0A8V1A8R2 R4GGQ4 Q6ITC7 P28687 A0A8V1A7R0 A0A1D5PGC2
Biological Process,cell activation,2,GO:0001775,33,327,255,2734,1.08,0.6123607312860166,0.21,A0A8V0XXM5 A0A8V0XMI5 A0A8V0YC89 A0A8V0YGN2 P15120 A0A1I7Q3Z0 A0A8V0ZEJ3 A0A8V0ZH96 A0A8V1ACV0 A0A8V0ZSG8 F1NTQ2 A0A8V0YW57 Q5ZJ73 A0A8V0ZSX6 A0A8V0YVB6 A0A8V1A7R0 A0A8V0ZZZ5 A0A1L4FLS3 A0A8V0X7P4 A0A8V0YZJ3 A0A8V0ZY42 A0A8V0Z086 A0A8V1A6Z0 A0A8V0ZJJ7 A0A8V1ALI6 A0A8V1ABC9 A0A8V0ZRP2 A0A3Q2TU24 Q05744 A0A8V0ZSN8 A0A8V1A9R2 A0A8V0YBE2 A0A8V0YDD6
Biological Process,pallium development,3,GO:0021543,5,46,255,2734,1.17,0.612955706383001,0.21,A0A8V0ZKI8 A0A1D5P6T3 A0A1D5PSI3 A0A8V0ZJJ7 A0A8V0YVI8
Biological Process,endoplasmic reticulum unfolded protein response,3,GO:0030968,5,46,255,2734,1.17,0.612955706383001,0.21,F1NGB8 A0A8V0XEP8 A0A8V0ZSX6 A0A8V0ZXC9 A0A8V0Y699
Biological Process,positive regulation of reproductive process,4,GO:2000243,5,46,255,2734,1.17,0.612955706383001,0.21,A0A8V1AG56 A0A1D5P6T3 A0A3Q2UHS2 P15120 A0A1I7Q3Z0
Biological Process,positive regulation of protein polymerization,7,GO:0032273,3,48,255,2734,0.67,0.6192468788357361,0.21,A0A8V0Z3U6 A0A3Q2UHS2 E1C733
Biological Process,steroid metabolic process,4,GO:0008202,3,48,255,2734,0.67,0.6192468788357361,0.21,A0A8V1A3H7 A0A8V0Y9F8 A0A8V0YSF6
Biological Process,fertilization,2,GO:0009566,3,48,255,2734,0.67,0.6192468788357361,0.21,A0A8V0XXM5 F1NTQ2 A0A8V1A3N1
Biological Process,cardiac muscle tissue development,6,GO:0048738,3,48,255,2734,0.67,0.6192468788357361,0.21,A0A8V1AG56 A0A8V0ZCF7 A0A8V0XXK8
Biological Process,protein O-linked glycosylation,5,GO:0006493,3,48,255,2734,0.67,0.6192468788357361,0.21,Q92182 A0A8V0Z6S1 A0A8V0YYQ9
Biological Process,lipid transport,5,GO:0006869,3,47,255,2734,0.68,0.6192479496195878,0.21,A0A8V0ZKI8 A0A8V0Y9F8 A0A8V1A3H7
Biological Process,mitotic nuclear division,4,GO:0140014,3,47,255,2734,0.68,0.6192479496195878,0.21,A0A8V0XE48 A0A1D5PBU5 A0A8V0YTK5
Biological Process,macroautophagy,4,GO:0016236,3,47,255,2734,0.68,0.6192479496195878,0.21,A0A1I7Q3Z0 Q05744 A0A8V1ABA3
Biological Process,cortical cytoskeleton organization,6,GO:0030865,3,49,255,2734,0.66,0.6200080636425881,0.21,A0A3Q2UHS2 A0A8V0XE48 A0A8V0Y699
Biological Process,negative regulation of defense response,5,GO:0031348,3,49,255,2734,0.66,0.6200080636425881,0.21,A0A8V0YY90 A0A8V1AFP7 A0A8V1ABA3
Biological Process,activation of innate immune response,3,GO:0002218,3,49,255,2734,0.66,0.6200080636425881,0.21,A0A1L4FLS3 A0A1I7Q3Z0 A0A8V0XMI5
Biological Process,second-messenger-mediated signaling,4,GO:0019932,3,49,255,2734,0.66,0.6200080636425881,0.21,A0A8V0XUJ8 A0A1D5NTR5 A0A8V1ABC9
Biological Process,regulation of Ras protein signal transduction,7,GO:0046578,3,49,255,2734,0.66,0.6200080636425881,0.21,A0A8V0YLZ8 A0A8V0YRG2 A0A8V0YBZ6
Biological Process,regulation of protein-containing complex disassembly,5,GO:0043244,3,50,255,2734,0.64,0.6214967778173952,0.21,A0A1D5P6T3 Q00649 A0A8V1ABA3
Biological Process,positive regulation of catabolic process,5,GO:0009896,12,114,255,2734,1.13,0.6216313400652398,0.21,A0A8V1AG56 A0A1D5P6T3 A0A8V0X4D8 A0A8V0YBZ6 A0A8V1ABA3 A0A8V0XMI5 Q5ZJW4 A0A1L1RX77 A0A8V0ZSX6 A0A8V0ZE30 A0A8V0ZTC0 A0A8V0ZH96
Biological Process,regulation of reactive oxygen species metabolic process,5,GO:2000377,3,51,255,2734,0.63,0.6236762881705382,0.21,A0A1D5P6T3 A0A8V1A7R0 P15120
Biological Process,regulation of neuromuscular junction development,6,GO:1904396,3,51,255,2734,0.63,0.6236762881705382,0.21,A0A1D5P6T3 A0A8V0X4D8 A0A8V0ZTR7
Biological Process,columnar/cuboidal epithelial cell differentiation,5,GO:0002065,12,115,255,2734,1.12,0.6242528915051382,0.2,A0A8V1AG56 A0A8V0YIC3 Q0PVE4 A0A8V0XBD4 Q98938 A0A8V0ZSN8 A0A8V1A9R2 A0A8V0YDU6 A0A8V0YDT5 A0A8V0Y699 A0A8V0ZE30 A0A8V0ZRP2
Biological Process,oogenesis,4,GO:0048477,22,215,255,2734,1.1,0.6249810859466349,0.2,A0A8V0XBD4 Q98938 A0A8V0YDU6 A0A8V0XH99 A0A8V0YDT5 A0A1I7Q3Z0 A0A8V0ZEC1 A0A1I7Q421 F1NTQ2 A0A8V0YIC3 Q0PVE4 A0A8V0XE48 A0A8V0Y699 A0A8V0ZE30 A0A8V0ZRP2 A0A8V0ZF83 A0A1D5PLP1 Q05744 A0A8V0ZSN8 A0A8V1A9R2 A0A8V0Y070 A0A8V0YRG2
Biological Process,regulation of leukocyte cell-cell adhesion,6,GO:1903037,6,52,255,2734,1.24,0.626508284507333,0.2,A0A8V0ZZZ5 Q98938 A0A8V1A9R2 A0A8V0XMI5 A0A8V0YLI1 A0A1I7Q3Z0
Biological Process,positive regulation of plasma membrane bounded cell projection assembly,6,GO:0120034,6,52,255,2734,1.24,0.626508284507333,0.2,Q0PVE4 A0A8V0YDU6 A0A1D5NTR5 A0A8V0YQU2 A0A8V0YDT5 A0A3Q2UHS2
Biological Process,cellular response to unfolded protein,5,GO:0034620,6,52,255,2734,1.24,0.626508284507333,0.2,F1NGB8 A0A8V1ABA3 A0A8V0XEP8 A0A8V0ZSX6 A0A8V0ZXC9 A0A8V0Y699
Biological Process,neural tube development,4,GO:0021915,6,52,255,2734,1.24,0.626508284507333,0.2,A0A8V0ZKI8 A0A8V1AG56 A0A8V0ZUA4 A0A3Q2UHS2 A0A8V0XE48 A0A1D5PZ68
Biological Process,RNA catabolic process,5,GO:0006401,6,52,255,2734,1.24,0.626508284507333,0.2,A0A8V0XPN5 A0A8V1A8R2 A0A8V1A8L5 Q6ITC7 A0A8V0ZE30 A0A8V0ZY56
Biological Process,carbohydrate catabolic process,4,GO:0016052,6,52,255,2734,1.24,0.626508284507333,0.2,F1NTQ2 A0A8V0YZJ3 A0A8V0YBE2 A0A8V0Z086 A0A8V1ALI6 A0A8V0YC98
Biological Process,negative regulation of proteolysis,7,GO:0045861,9,118,255,2734,0.82,0.6279958297637205,0.2,A0A8V0X4D8 Q98938 A0A8V0Y999 P26652 A0A8V0X7P4 A0A8V0YVB6 A0A1L1RP76 A0A8V0YRF2 A0A1I7Q3Z0
Biological Process,cellular lipid metabolic process,3,GO:0044255,18,221,255,2734,0.87,0.6291927388948686,0.2,A0A8V0Y4M6 A0A3Q2TU24 A0A8V0ZSC5 A0A8V1ABA3 A0A8V0X637 A0A8V0XXM5 F1NTQ2 A0A8V0WZN3 A0A8V0Y579 A0A8V0YZJ3 A0A8V0Z086 A0A8V0Y9F8 A0A8V1ACH5 A0A8V0XH99 A0A8V1A3H7 A0A8V0YC98 A0A1I7Q3Z0 A0A8V0YYQ9
Biological Process,glycoprotein biosynthetic process,5,GO:0009101,13,122,255,2734,1.14,0.6314301821006127,0.2,Q92182 F1NGB8 A0A8V0Z6S1 Q98938 A0A1D5P201 A0A8V0WZN3 E1C3Z8 A0A1L1RX77 A0A8V0Z938 E1C2T4 A0A8V0YXI7 A0A8V0YYQ9 A0A8V0Z0B9
Biological Process,negative regulation of establishment of protein localization,6,GO:1904950,6,54,255,2734,1.19,0.6339709938352941,0.2,A0A1D5P6T3 A0A8V1A3S8 A0A8V0YDT4 A0A8V0Z189 A0A8V0ZY91 A0A8V0YDD6
Biological Process,skeletal system morphogenesis,4,GO:0048705,6,55,255,2734,1.17,0.6385206768926293,0.19,A0A8V0ZKI8 A0A1I7Q421 Q98938 A0A8V0X9N1 A0A8V0Z8N6 P02460
Biological Process,regulation of phosphatidylinositol 3-kinase/protein kinase B signal transduction,6,GO:0051896,6,55,255,2734,1.17,0.6385206768926293,0.19,A0A1D5P6T3 A0A3Q2TU24 A0A8V1A3N1 A0A8V0YY90 A0A8V0YLZ8 A0A1I7Q3Z0
Biological Process,regulation of behavior,4,GO:0050795,6,55,255,2734,1.17,0.6385206768926293,0.19,A0A1D5P6T3 A0A8V0ZUA4 A0A8V1AEJ4 A0A8V0ZSX6 A0A3Q2UHS2 A0A8V1A7R0
Biological Process,cellular component assembly involved in morphogenesis,3,GO:0010927,6,55,255,2734,1.17,0.6385206768926293,0.19,Q98938 A0A1D5NTR5 A0A8V0YQU2 A0A8V0Y699 A0A1D5PLP1 A0A8V0ZDW7
Biological Process,negative regulation of hydrolase activity,5,GO:0051346,10,128,255,2734,0.84,0.6419096757640825,0.19,A0A8V0X4D8 A0A8V1AHP7 A0A8V0ZUA4 P26652 A0A8V1AJI2 A0A1L1RKY9 A0A8V0XE48 A0A1L1RP76 A0A8V0YRF2 A0A1I7Q3Z0
Biological Process,regulation of intracellular steroid hormone receptor signaling pathway,5,GO:0033143,2,15,255,2734,1.43,0.6441535240887779,0.19,A0A8V0ZE30 A0A1I7Q3Z0
Biological Process,response to hyperoxia,3,GO:0055093,2,15,255,2734,1.43,0.6441535240887779,0.19,A0A8V1AG56 P15120
Biological Process,response to electrical stimulus,3,GO:0051602,2,15,255,2734,1.43,0.6441535240887779,0.19,A0A1I7Q3Z0 A0A8V0XBD4
Biological Process,formation of animal organ boundary,4,GO:0010160,2,15,255,2734,1.43,0.6441535240887779,0.19,A0A8V0Z8V4 A0A8V0XH99
Biological Process,entry into host,5,GO:0044409,2,15,255,2734,1.43,0.6441535240887779,0.19,A0A1I7Q3Z0 A0A8V0ZYI9
Biological Process,endocrine process,3,GO:0050886,2,15,255,2734,1.43,0.6441535240887779,0.19,A0A8V0XA92 A0A8V0YVB6
Biological Process,positive regulation of monoatomic anion transport,6,GO:1903793,2,15,255,2734,1.43,0.6441535240887779,0.19,A0A8V0YWI5 A0A8V0YWM3
Biological Process,peptidyl-tyrosine dephosphorylation,6,GO:0035335,2,15,255,2734,1.43,0.6441535240887779,0.19,A0A8V0YDT5 A0A1D5P6Q1
Biological Process,response to iron ion,5,GO:0010039,2,15,255,2734,1.43,0.6441535240887779,0.19,A0A8V0YLI1 A0A8V0YDD6
Biological Process,bicellular tight junction assembly,8,GO:0070830,2,15,255,2734,1.43,0.6441535240887779,0.19,A0A8V1A0B4 Q0PVE4
Biological Process,microtubule polymerization or depolymerization,4,GO:0031109,2,15,255,2734,1.43,0.6441535240887779,0.19,A0A8V0Z3U6 A0A1D5PBU5
Biological Process,regulation of collagen biosynthetic process,5,GO:0032965,2,15,255,2734,1.43,0.6441535240887779,0.19,A0A8V0XPE8 Q98938
Biological Process,positive regulation of adherens junction organization,6,GO:1903393,2,15,255,2734,1.43,0.6441535240887779,0.19,A0A8V0YLZ8 A0A8V0ZZZ5
Biological Process,response to arsenic-containing substance,3,GO:0046685,2,15,255,2734,1.43,0.6441535240887779,0.19,A0A8V0ZSX6 A0A1D5NYS2
Biological Process,negative regulation of leukocyte migration,5,GO:0002686,2,15,255,2734,1.43,0.6441535240887779,0.19,A0A8V0Y290 A0A8V0Y0F3
Biological Process,cardiac muscle contraction,6,GO:0060048,2,15,255,2734,1.43,0.6441535240887779,0.19,A0A8V1ALI6 A0A8V0ZY91
Biological Process,peptidyl-threonine phosphorylation,6,GO:0018107,2,15,255,2734,1.43,0.6441535240887779,0.19,A0A8V0XE48 A0A8V1ABC9
Biological Process,positive regulation of protein-containing complex disassembly,6,GO:0043243,2,15,255,2734,1.43,0.6441535240887779,0.19,A0A1D5P6T3 A0A8V1ABA3
Biological Process,lung morphogenesis,4,GO:0060425,2,15,255,2734,1.43,0.6441535240887779,0.19,A0A8V1AAN6 A0A8V0YVB6
Biological Process,nucleobase-containing small molecule catabolic process,4,GO:0034656,2,15,255,2734,1.43,0.6441535240887779,0.19,A0A8V0YBE2 A0A1D5PMN7
Biological Process,positive regulation of glucose transmembrane transport,6,GO:0010828,2,15,255,2734,1.43,0.6441535240887779,0.19,A0A1D5P6T3 A0A8V0YY90
Biological Process,positive regulation of phospholipase activity,7,GO:0010518,2,15,255,2734,1.43,0.6441535240887779,0.19,A0A8V0ZE58 A0A8V0ZEJ3
Biological Process,regulation of DNA replication,6,GO:0006275,2,15,255,2734,1.43,0.6441535240887779,0.19,A0A8V1A9L3 A0A8V0XMI5
Biological Process,positive regulation of cell junction assembly,6,GO:1901890,2,15,255,2734,1.43,0.6441535240887779,0.19,A0A8V0YLZ8 A0A8V0ZZZ5
Biological Process,regulation of heart morphogenesis,6,GO:2000826,2,15,255,2734,1.43,0.6441535240887779,0.19,A0A8V0ZKI8 A0A1D5PZ68
Biological Process,leukocyte proliferation,3,GO:0070661,2,15,255,2734,1.43,0.6441535240887779,0.19,A0A8V0YF36 A0A8V0XMI5
Biological Process,biological process involved in interspecies interaction between organisms,1,GO:0044419,10,132,255,2734,0.81,0.6441669248828668,0.19,A0A1D5P6T3 A0A8V0X4D8 E1C733 A0A8V0YDD6 A0A8V0ZSX6 A0A8V0XE48 A0A8V0ZRP2 A0A1I7Q3Z0 A0A8V0ZH96 A0A8V0ZYI9
Biological Process,peptide biosynthetic process,5,GO:0043043,10,132,255,2734,0.81,0.6441669248828668,0.19,A0A8V0X4D8 A0A8V0XPN5 A0A8V1A8R2 A0A8V0YQC4 A0A8V0Z865 A0A8V0X7J6 Q6ITC7 A0A8V0YDL8 A0A8V1A7Y9 A0A1L1S0X5
Biological Process,cellular response to chemical stimulus,3,GO:0070887,58,657,255,2734,0.95,0.6449053705527545,0.19,A0A8V1AG56 A0A8V0Z6E4 A0A8V0X4D8 A0A8V0YLZ8 Q98938 A0A8V1ABA3 A0A8V0Y999 A0A8V1AEJ4 A0A8V0XEP8 A0A8V0XMI5 A0A8V0Z4R1 A0A8V0YGN2 P15120 A0A8V0XUJ8 A0A8V1A0B4 A0A1I7Q3Z0 P02460 A0A8V0XYK6 A0A1D5P6T3 A0A1I7Q421 A0A8V0YFT7 A0A8V0YQ88 E1C733 A0A1L1RX77 A0A8V0XCW4 A0A8V0XPE8 A0A8V0ZSX6 A0A8V0YLI1 A0A8V0ZXC9 A0A8V1A7R0 A0A8V0Y3L3 A0A1D5P0D7 A0A8V1A3N1 A0A1L4FLS3 A0A8V0ZY91 A0A8V0Y9F8 Q00649 A0A8V0YSF6 A0A8V0XE48 A0A8V0Y699 A0A8V1ABC9 A0A8V0XKW4 A0A8V0YXI7 A0A8V0Z8N6 K9JA28 A0A8V0ZKI8 F1NGB8 A0A3Q2TU24 A0A8V0ZJ97 A0A8V0XM98 A0A8V0ZSN8 A0A8V1A9R2 P26652 A0A8V0Y652 A0A1D5PSI3 A0A8V0YDD6 P33005 A0A8V0YWM3
Biological Process,nitrogen compound metabolic process,2,GO:0006807,131,1442,255,2734,0.97,0.645506170482014,0.19,A0A8V1A9L3 F1NBR3 A0A8V0ZRZ8 A0A8V1ABA3 A0A8V0XEP8 A0A8V0YGN2 A0A8V0YDT5 A0A8V0XEJ0 P15120 A0A8V0ZSC5 A0A1D5P480 A0A8V0XXW6 A0A1L1RX77 A0A8V0XPE8 A0A8V0YW57 A0A8V0X7J6 A0A8V1A7R0 E1C0K5 A0A8V0Z0B9 A0A8V0Y4Q2 A0A8V0ZZD4 A0A8V1A3N1 A0A8V0Y579 A0A8V0Z086 A0A8V0Y9F8 A0A8V0XE48 A0A1L1S0X5 A0A8V0YXI7 A0A8V0YYQ9 Q92182 A0A8V0ZJD3 F1NGB8 A0A8V0ZJ97 A0A3Q2TU24 A0A8V0ZSN8 A0A8V1A9R2 A0A1D5PSI3 A0A8V0Y070 Q9W6H0 A0A8V1A7Y9 P28687 A0A8V1AG56 E1C744 A0A8V0Z6E4 A0A8V0XXM5 A0A8V0XMI5 A0A8V0YC89 A0A8V0XH99 A0A8V1A0B4 A0A1I7Q3Z0 A0A8V0ZH96 A0A1D5PXI1 P02460 A0A8V0X637 F1NTQ2 E1C3Z8 A0A3Q2TTB3 A0A8V0ZP32 A0A8V0ZXC9 A0A8V0YRF2 E1C2T4 A0A1D5P0D7 A0A8V0Z6S1 A0A8V0XA92 A0A8V0ZZZ5 A0A8V0ZE58 A0A8V0YZJ3 A0A8V0XPN5 A0A8V0YSF6 A0A8V1ABC9 A0A8V0XKW4 A0A8V0ZRP2 A0A8V0ZE30 A0A8V1ADF6 A0A8V0Y4M6 Q05744 A0A1D5P201 A0A8V0YC20 A0A8V0YBE2 A0A1D5PT01 A0A8V0YRG2 A0A8V0X4D8 A0A8V0ZHL4 A0A8V0ZIF0 A0A1L1RP76 A0A8V0YC98 A0A1D5P6Q1 A0A8V0YFT7 A0A8V0XCD2 A0A8V0ZSG8 A0A8V0YK18 E1C733 A0A8V1A8R2 A0A8V0ZSX6 A0A8V0ZY91 A0A8V0ZY42 A0A8V1A6Z0 A0A8V0Z865 A0A8V0XXZ4 A0A8V0ZF83 A0A8V0ZY56 A0A8V0YDT4 A0A8V0YQC4 A0A8V0YDL8 P01875 A0A8V1A8L5 Q98938 A0A8V0ZSD7 A0A8V0ZFG7 Q6ITC7 F1NNN0 A0A8V0ZTC0 A0A8V0ZEC1 A0A8V1AAN6 A0A1D5P6T3 F1NXR0 A0A8V1A8N2 A0A8V0WZN3 A0A8V0XWD4 A0A8V0YLI1 A0A8V0ZCF7 A0A8V0YVB6 A0A1D5P692 A0A8V0Z189 A0A1L4FLS3 A0A1D5NT61 A0A1D5PMN7 A0A8V0Z938 A0A8V0YDD6 A0A8V0YHS1 A0A8V0YWM3
Biological Process,cell division,2,GO:0051301,14,135,255,2734,1.11,0.6486109230120503,0.19,A0A8V0ZKI8 A0A8V0YIC3 Q0PVE4 A0A8V0XBD4 Q98938 A0A8V0ZSN8 A0A8V0YTK5 A0A8V1A9R2 A0A8V0XXW6 A0A8V0XH99 A0A8V0XE48 A0A8V0ZRP2 A0A8V0ZEC1 A0A8V0XYK6
Biological Process,protein-containing complex assembly,5,GO:0065003,42,422,255,2734,1.07,0.648913869647498,0.19,A0A8V0ZRZ8 A0A8V0XMI5 A0A8V0Z4R1 A0A8V0YGN2 A0A8V0Y290 A0A1I7Q3Z0 A0A8V0ZYI9 A0A1D5P6T3 A0A8V0Y0F3 A0A8V0YTK5 A0A8V0XCD2 A0A8V0ZHX5 A0A8V0XM02 A0A8V0X535 A0A8V0XXW6 A0A8V0YGQ5 A0A8V0ZSX6 A0A8V0YVB6 A0A8V0YIC3 Q0PVE4 A0A8V0XPN5 A0A8V0ZY42 Q5ZJW4 A0A8V0Y9F8 A0A8V0ZJJ7 A0A8V0Y699 A0A8V1AEJ0 A0A8V0ZRP2 A0A8V0XKW4 A0A8V0ZY56 A0A1D5PGC2 A0A8V0Y4M6 A0A8V0ZJ97 A0A8V1AHP7 A0A8V0ZUA4 A0A8V1AFR2 A0A8V0Z3U6 A0A8V0Z9Z7 A0A1D5PMN7 A0A8V0YC20 A0A8V0YDD6 A0A8V0YWM3
Biological Process,regulation of T cell activation,6,GO:0050863,6,57,255,2734,1.13,0.649052554398582,0.19,A0A8V0ZZZ5 Q98938 A0A8V1A9R2 A0A8V0XMI5 A0A8V0YLI1 A0A1I7Q3Z0
Biological Process,embryonic axis specification,4,GO:0000578,6,57,255,2734,1.13,0.649052554398582,0.19,A0A8V1AG56 Q98938 A0A8V0ZUA4 A0A8V0Y070 A0A3Q2UHS2 A0A8V0ZF83
Biological Process,cellular response to topologically incorrect protein,4,GO:0035967,6,57,255,2734,1.13,0.649052554398582,0.19,F1NGB8 A0A8V1ABA3 A0A8V0XEP8 A0A8V0ZSX6 A0A8V0ZXC9 A0A8V0Y699
Biological Process,glucose homeostasis,4,GO:0042593,6,57,255,2734,1.13,0.649052554398582,0.19,A0A1D5P6T3 A0A1D5PSI3 A0A8V0YDD6 A0A8V0ZJJ7 P15120 A0A8V1A7R0
Biological Process,epithelial cell differentiation,4,GO:0030855,21,253,255,2734,0.89,0.6497944764054997,0.19,A0A8V1AG56 A0A8V0X4D8 A0A8V0XBD4 Q98938 A0A8V0YDU6 A0A8V0XEP8 A0A8V0Y0X2 A0A8V0YDT5 A0A1D5PBZ8 A0A8V1A0B4 A0A8V0YIC3 Q0PVE4 A0A8V0Y9F8 A0A8V0XE48 A0A8V0Y699 A0A8V0Z8N6 A0A8V0ZE30 A0A8V0ZRP2 A0A8V0ZSN8 A0A8V1A9R2 A0A8V0Y070
Biological Process,post-embryonic development,2,GO:0009791,26,256,255,2734,1.09,0.6511828163625026,0.19,A0A8V1AG56 A0A8V0XBD4 Q98938 A0A8V1AEJ4 A0A1D5NTR5 A0A8V0XH99 A0A1D5PBZ8 A0A1D5P6T3 A0A8V1A8R2 A0A1D5PEW1 A0A8V0YVB6 A0A8V0YPB9 A0A8V0XE48 A0A8V0Y699 A0A8V0ZE30 A0A8V0YXI7 A0A8V0ZF83 A0A8V0ZKI8 A0A8V0ZJ97 A0A8V0ZTR7 A0A8V0ZSN8 A0A8V1A9R2 P26652 A0A8V0Y070 A0A8V0Z938 A0A1D5PZ68
Biological Process,epidermal cell differentiation,5,GO:0009913,4,59,255,2734,0.73,0.6523606828987244,0.19,A0A8V1AG56 A0A8V0X4D8 A0A8V0XE48 A0A8V0XBD4
Biological Process,protein-RNA complex organization,5,GO:0071826,4,59,255,2734,0.73,0.6523606828987244,0.19,A0A8V0ZSX6 A0A8V0ZJ97 A0A8V0XPN5 A0A8V0XXW6
Biological Process,oxidative phosphorylation,7,GO:0006119,4,59,255,2734,0.73,0.6523606828987244,0.19,A0A8V0YW57 A0A8V0ZRZ8 A0A8V0XCD2 A0A8V0YWM3
Biological Process,regulation of exocytosis,5,GO:0017157,4,59,255,2734,0.73,0.6523606828987244,0.19,A0A8V0X7P4 A0A8V0YIC3 A0A8V0XBD4 A0A8V1ABC9
Biological Process,regulation of nuclear division,6,GO:0051783,4,61,255,2734,0.7,0.6543268183224433,0.18,A0A8V1AG56 A0A1D5P6T3 A0A8V0Z9Z7 A0A8V0YW57
Biological Process,lipid modification,4,GO:0030258,4,61,255,2734,0.7,0.6543268183224433,0.18,A0A8V0Y4M6 A0A3Q2TU24 A0A1I7Q3Z0 A0A8V1ACH5
Biological Process,negative regulation of cytoskeleton organization,7,GO:0051494,4,61,255,2734,0.7,0.6543268183224433,0.18,A0A8V0YLZ8 Q00649 A0A8V0ZTR7 A0A1D5PBU5
Biological Process,regulation of monoatomic ion transport,5,GO:0043269,11,139,255,2734,0.85,0.6543573882051975,0.18,A0A8V0ZZZ5 A0A8V0XYK6 A0A8V0YWI5 A0A8V1A9R2 A0A8V0ZY91 A0A8V0YLI1 A0A8V1ABC9 A0A8V0Z8N6 A0A1D5P7Y2 A0A8V0YRG2 A0A8V0YWM3
Biological Process,regulation of JUN kinase activity,9,GO:0043506,2,16,255,2734,1.34,0.655888561730242,0.18,A0A8V1AG56 A0A1D5PEW1
Biological Process,Golgi to plasma membrane protein transport,5,GO:0043001,2,16,255,2734,1.34,0.655888561730242,0.18,A0A8V0YIC3 A0A8V0XYK6
Biological Process,regulation of protein autophosphorylation,8,GO:0031952,2,16,255,2734,1.34,0.655888561730242,0.18,A0A3Q2TU24 A0A1I7Q3Z0
Biological Process,regulation of oxidative stress-induced intrinsic apoptotic signaling pathway,7,GO:1902175,2,16,255,2734,1.34,0.655888561730242,0.18,A0A8V0XKW4 Q00649
Biological Process,hair follicle development,3,GO:0001942,2,16,255,2734,1.34,0.655888561730242,0.18,A0A3Q2TU24 A0A1I7Q421
Biological Process,positive regulation of macroautophagy,8,GO:0016239,2,16,255,2734,1.34,0.655888561730242,0.18,A0A1L1RX77 A0A8V0ZTC0
Biological Process,glutamine family amino acid metabolic process,5,GO:0009064,2,16,255,2734,1.34,0.655888561730242,0.18,A0A1D5NT61 A0A1D5PXI1
Biological Process,modulation by symbiont of host process,3,GO:0044003,2,16,255,2734,1.34,0.655888561730242,0.18,A0A1D5P6T3 A0A8V0ZSX6
Biological Process,inorganic anion transmembrane transport,4,GO:0098661,2,16,255,2734,1.34,0.655888561730242,0.18,A0A1D5NYS2 A0A8V0YHF3
Biological Process,"dorsal/ventral pattern formation, imaginal disc",5,GO:0007450,2,16,255,2734,1.34,0.655888561730242,0.18,A0A8V0XM02 A0A8V0XH99
Biological Process,R7 cell differentiation,8,GO:0045466,2,16,255,2734,1.34,0.655888561730242,0.18,A0A1D5NTR5 A0A8V0YDT5
Biological Process,skin epidermis development,5,GO:0098773,2,16,255,2734,1.34,0.655888561730242,0.18,A0A3Q2TU24 A0A1I7Q421
Biological Process,regulation of developmental pigmentation,4,GO:0048070,2,16,255,2734,1.34,0.655888561730242,0.18,A0A8V0ZKI8 Q98938
Biological Process,regulation of neuronal synaptic plasticity,4,GO:0048168,2,16,255,2734,1.34,0.655888561730242,0.18,A0A8V0YRG2 A0A8V0ZDW7
Biological Process,wing disc dorsal/ventral pattern formation,6,GO:0048190,2,16,255,2734,1.34,0.655888561730242,0.18,A0A8V0XM02 A0A8V0XH99
Biological Process,regulation of potassium ion transmembrane transport,7,GO:1901379,2,16,255,2734,1.34,0.655888561730242,0.18,A0A8V0ZY91 A0A8V0XYK6
Biological Process,acute-phase response,6,GO:0006953,2,16,255,2734,1.34,0.655888561730242,0.18,A0A8V1A7R0 A0A1D5PSI3
Biological Process,nuclear envelope organization,5,GO:0006998,2,16,255,2734,1.34,0.655888561730242,0.18,A0A8V1ABC9 A0A8V0YVI8
Biological Process,glycerolipid catabolic process,5,GO:0046503,2,16,255,2734,1.34,0.655888561730242,0.18,A0A8V0Y9F8 A0A8V0ZSC5
Biological Process,positive regulation of protein modification process,7,GO:0031401,27,266,255,2734,1.09,0.6567202008354336,0.18,A0A8V1AG56 A0A8V1ABA3 A0A8V0XMI5 A0A1I7Q3Z0 A0A1D5P6T3 A0A8V0X637 A0A1D5P480 E1C733 A0A8V0YLI1 A0A8V0ZSX6 A0A8V0YRF2 A0A8V0X1T3 A0A8V1A7R0 A0A1D5P0D7 A0A8V0ZZZ5 A0A8V1A3N1 A0A1L4FLS3 A0A8V0ZE58 A0A8V0X7P4 A0A8V0XE48 A0A8V1ABC9 A0A8V0ZDW7 A0A3Q2TU24 A0A8V0YWI5 A0A8V1A3S8 A0A8V0ZSN8 A0A8V1A9R2
Biological Process,response to heat,3,GO:0009408,7,63,255,2734,1.19,0.6584079014838831,0.18,A0A1D5P6T3 A0A8V1AEJ4 A0A8V0XMI5 Q00649 A0A8V0ZSX6 A0A8V0Z938 A0A8V0XKW4
Biological Process,macromolecule catabolic process,4,GO:0009057,27,269,255,2734,1.08,0.6589513068470962,0.18,A0A8V0XEP8 A0A8V0XMI5 A0A8V0YC89 A0A8V0XH99 A0A8V0ZFG7 A0A8V0ZIF0 Q6ITC7 A0A8V0ZH96 F1NTQ2 A0A8V0XWD4 A0A8V1A8R2 A0A1L1RX77 A0A8V0ZCF7 A0A8V0YVB6 A0A8V0YZJ3 A0A8V0ZY42 A0A8V0XPN5 A0A8V0YSF6 A0A8V1ALI6 A0A8V0XKW4 A0A8V0ZRP2 A0A8V0ZE30 A0A8V0ZY56 Q05744 Q9W6H0 A0A8V1A8L5 A0A8V0YWM3
Biological Process,positive regulation of cell growth,5,GO:0030307,7,64,255,2734,1.17,0.6611786155088302,0.18,A0A8V1AG56 F1NGB8 A0A8V0X4D8 A0A8V0X7P4 A0A1D5PSI3 A0A8V0ZUU4 A0A8V0YDD6
Biological Process,regulation of muscle system process,5,GO:0090257,7,64,255,2734,1.17,0.6611786155088302,0.18,A0A8V0ZY91 A0A8V0YLI1 A0A8V0XE48 A0A8V1ABC9 A0A8V0XMV0 A0A8V0Z8N6 A0A8V0XXK8
Biological Process,skin development,4,GO:0043588,7,65,255,2734,1.15,0.6644006880696575,0.18,A0A8V1AG56 A0A3Q2TU24 A0A1I7Q421 A0A8V0X4D8 A0A8V0YDT4 A0A8V1ABA3 A0A8V0XS21
Biological Process,response to unfolded protein,4,GO:0006986,7,66,255,2734,1.14,0.6680467712510967,0.18,F1NGB8 A0A8V1ABA3 A0A8V0XEP8 Q00649 A0A8V0ZSX6 A0A8V0ZXC9 A0A8V0Y699
Biological Process,regulation of mononuclear cell migration,5,GO:0071675,2,17,255,2734,1.26,0.6685490267108429,0.17,A0A8V0YSF6 A0A8V0XMI5
Biological Process,myeloid leukocyte migration,3,GO:0097529,2,17,255,2734,1.26,0.6685490267108429,0.17,E1C733 A0A8V1ABC9
Biological Process,cristae formation,7,GO:0042407,2,17,255,2734,1.26,0.6685490267108429,0.17,A0A8V1A803 A0A1D5PGC2
Biological Process,cellular response to hydrogen peroxide,5,GO:0070301,2,17,255,2734,1.26,0.6685490267108429,0.17,Q00649 A0A8V0YWM3
Biological Process,oocyte dorsal/ventral axis specification,4,GO:0007310,2,17,255,2734,1.26,0.6685490267108429,0.17,A0A8V0ZF83 A0A8V0Y070
Biological Process,regulatory ncRNA-mediated post-transcriptional gene silencing,9,GO:0035194,2,17,255,2734,1.26,0.6685490267108429,0.17,A0A8V1A7R0 A0A8V0ZJ97
Biological Process,regulation of toll-like receptor signaling pathway,6,GO:0034121,2,17,255,2734,1.26,0.6685490267108429,0.17,A0A1L4FLS3 A0A8V0XMI5
Biological Process,response to fluid shear stress,3,GO:0034405,2,17,255,2734,1.26,0.6685490267108429,0.17,A0A1I7Q3Z0 P15120
Biological Process,detection of chemical stimulus,3,GO:0009593,2,17,255,2734,1.26,0.6685490267108429,0.17,A0A8V1ACV0 A0A1D5PXI1
Biological Process,ovarian follicle development,3,GO:0001541,2,17,255,2734,1.26,0.6685490267108429,0.17,A0A1I7Q3Z0 A0A1D5PSI3
Biological Process,positive regulation of lymphocyte proliferation,7,GO:0050671,2,17,255,2734,1.26,0.6685490267108429,0.17,A0A8V1A9R2 A0A8V0XMI5
Biological Process,positive regulation of muscle contraction,5,GO:0045933,2,17,255,2734,1.26,0.6685490267108429,0.17,A0A8V0YLI1 A0A8V0ZY91
Biological Process,embryonic cranial skeleton morphogenesis,6,GO:0048701,2,17,255,2734,1.26,0.6685490267108429,0.17,A0A8V0X9N1 A0A1I7Q421
Biological Process,positive regulation of insulin secretion,7,GO:0032024,2,17,255,2734,1.26,0.6685490267108429,0.17,A0A8V0YY90 A0A1D5NT61
Biological Process,positive regulation of chromatin organization,6,GO:1905269,2,17,255,2734,1.26,0.6685490267108429,0.17,A0A8V1A9R2 A0A8V0ZSN8
Biological Process,ventricular system development,4,GO:0021591,2,17,255,2734,1.26,0.6685490267108429,0.17,A0A8V0Z9Z7 A0A8V0ZUU4
Biological Process,JNK cascade,6,GO:0007254,2,17,255,2734,1.26,0.6685490267108429,0.17,A0A8V1AG56 A0A8V1A0B4
Biological Process,positive regulation of adaptive immune response,6,GO:0002821,2,17,255,2734,1.26,0.6685490267108429,0.17,A0A8V0YW57 A0A8V0ZSX6
Biological Process,lipid storage,3,GO:0019915,2,17,255,2734,1.26,0.6685490267108429,0.17,A0A8V0Z086 F1NTQ2
Biological Process,autophagosome organization,6,GO:1905037,2,17,255,2734,1.26,0.6685490267108429,0.17,Q05744 A0A8V1ABA3
Biological Process,cellular response to cAMP,5,GO:0071320,2,17,255,2734,1.26,0.6685490267108429,0.17,A0A8V0Z8N6 A0A8V0ZY91
Biological Process,negative regulation of DNA-templated transcription,8,GO:0045892,16,155,255,2734,1.11,0.6689223543357499,0.17,A0A8V1AG56 A0A8V0Y0F3 A0A1I7Q421 A0A8V0YFT7 A0A8V0ZSG8 A0A8V0Z9Z7 A0A1D5PSI3 A0A8V0XMI5 A0A1D5NTR5 Q5ZJ73 A0A8V0YLI1 A0A8V0Y699 A0A8V0Y290 A0A8V1A7R0 A0A1I7Q3Z0 A0A8V0ZE30
Biological Process,negative regulation of RNA biosynthetic process,7,GO:1902679,16,157,255,2734,1.09,0.67176880833157,0.17,A0A8V1AG56 A0A8V0Y0F3 A0A1I7Q421 A0A8V0YFT7 A0A8V0ZSG8 A0A8V0Z9Z7 A0A1D5PSI3 A0A8V0XMI5 A0A1D5NTR5 Q5ZJ73 A0A8V0YLI1 A0A8V0Y699 A0A8V0Y290 A0A8V1A7R0 A0A1I7Q3Z0 A0A8V0ZE30
Biological Process,regulation of neuron apoptotic process,6,GO:0043523,7,67,255,2734,1.12,0.6720891335262091,0.17,A0A8V0YLX0 A0A8V0YRF2 A0A8V0YW57 A0A8V0YLI1 A0A8V0YSF6 A0A8V0YVB6 A0A8V0YWM3
Biological Process,regulation of stress-activated MAPK cascade,6,GO:0032872,7,67,255,2734,1.12,0.6720891335262091,0.17,A0A8V1AG56 A0A1L4FLS3 A0A8V0X7P4 A0A8V0XMI5 A0A1D5PEW1 A0A8V1A0B4 A0A1D5P0D7
Biological Process,regulation of protein localization,5,GO:0032880,25,297,255,2734,0.9,0.6722374210872152,0.17,A0A8V1AG56 A0A8V0X4D8 A0A8V0XBD4 Q98938 A0A8V0XMI5 A0A8V0ZUU4 A0A3Q2UHS2 A0A1I7Q3Z0 A0A8V0XYK6 A0A1D5P6T3 A0A8V0XM02 A0A8V0Z189 A0A8V0ZY91 A0A8V0YY90 A0A8V0XE48 A0A8V1ABC9 A0A8V0ZDW7 A0A1D5NT61 A0A8V1A3S8 A0A8V0YDT4 A0A1D5PSI3 A0A8V0YDD6 A0A8V0XMV0 A0A8V0YDL8 A0A8V0YRG2
Biological Process,glycoprotein metabolic process,4,GO:0009100,16,158,255,2734,1.09,0.6734900611736939,0.17,Q92182 F1NGB8 A0A8V0Z6S1 Q98938 A0A1D5P201 F1NTQ2 A0A8V0WZN3 E1C3Z8 A0A1L1RX77 A0A8V0Z938 A0A8V0ZCF7 E1C2T4 A0A8V0YXI7 A0A8V0YYQ9 A0A8V0Z0B9 P02460
Biological Process,phosphorylation,5,GO:0016310,30,300,255,2734,1.07,0.6737543728609354,0.17,A0A8V1AG56 A0A8V0ZRZ8 A0A8V1A0B4 A0A8V0ZTC0 A0A1I7Q3Z0 A0A1D5P6T3 F1NXR0 A0A8V0XCD2 A0A8V0YK18 E1C733 A0A8V0XPE8 A0A8V0YW57 A0A8V0ZSX6 A0A8V1A7R0 A0A1D5P0D7 A0A8V0ZZZ5 A0A8V1A3N1 A0A8V0Z189 A0A1L4FLS3 A0A8V0XE48 A0A8V1ABC9 A0A8V0XXZ4 A0A8V1ADF6 A0A8V0ZJD3 A0A3Q2TU24 A0A8V0ZSN8 A0A8V1A9R2 A0A1D5PT01 A0A8V0YRG2 A0A8V0YWM3
Biological Process,regulation of stress-activated protein kinase signaling cascade,5,GO:0070302,7,68,255,2734,1.1,0.6764998447368364,0.17,A0A8V1AG56 A0A1L4FLS3 A0A8V0X7P4 A0A8V0XMI5 A0A1D5PEW1 A0A8V1A0B4 A0A1D5P0D7
Biological Process,epithelium development,4,GO:0060429,52,528,255,2734,1.06,0.676955292100892,0.17,A0A8V1AG56 A0A8V0X4D8 A0A8V0XBD4 Q98938 A0A8V0YDU6 A0A8V0XEP8 A0A8V0XMI5 A0A8V0ZUU4 A0A8V0Y0X2 A0A8V0XH99 A0A3Q2UHS2 A0A8V0YDT5 A0A1D5PBZ8 A0A8V1A0B4 A0A1I7Q3Z0 A0A8V0ZEC1 A0A8V1A3H9 P02460 A0A8V1AAN6 A0A8V0Z8V4 A0A1I7Q421 A0A8V0YFT7 A0A8V0XM02 E1C733 A0A1D5PEW1 A0A8V0YVB6 A0A8V0XS21 A0A8V0YIC3 Q0PVE4 A0A8V0ZE58 A0A8V0Y9F8 A0A8V0XE48 A0A8V0Y699 A0A8V0Z8N6 A0A8V0XXZ4 A0A8V0YXI7 A0A8V0ZF83 A0A8V0ZRP2 A0A8V0ZE30 A0A8V0ZKI8 A0A3Q2TU24 A0A8V0ZTR7 A0A8V0ZSN8 A0A8V0ZUA4 A0A8V1A9R2 P26652 A0A1D5PSI3 A0A8V0Y070 A0A8V0Z938 P33005 A0A8V0YRG2 A0A1D5PZ68
Biological Process,process utilizing autophagic mechanism,2,GO:0061919,5,69,255,2734,0.78,0.6777085085255681,0.17,Q05744 A0A8V1ABA3 A0A8V0XXM5 A0A8V0ZTC0 A0A1I7Q3Z0
Biological Process,autophagy,3,GO:0006914,5,69,255,2734,0.78,0.6777085085255681,0.17,Q05744 A0A8V1ABA3 A0A8V0XXM5 A0A8V0ZTC0 A0A1I7Q3Z0
Biological Process,chordate embryonic development,5,GO:0043009,17,165,255,2734,1.1,0.6778853774696934,0.17,A0A8V0ZKI8 A0A8V1AG56 A0A1I7Q421 A0A8V0ZH96 Q98938 A0A8V0ZUA4 A0A8V0X9N1 A0A8V0ZE58 A0A8V1A8R2 P02460 A0A8V0YW57 A0A3Q2UHS2 A0A8V0XE48 A0A8V0XXZ4 A0A8V1A0B4 A0A1D5PZ68 A0A1D5P0D7
Biological Process,oocyte development,4,GO:0048599,5,72,255,2734,0.74,0.6797033301198903,0.17,A0A8V0YIC3 A0A8V0ZF83 A0A8V0Y070 A0A8V0XE48 A0A8V0YRG2
Biological Process,glycerophospholipid metabolic process,5,GO:0006650,5,72,255,2734,0.74,0.6797033301198903,0.17,A0A3Q2TU24 A0A8V0ZSC5 A0A8V0Y579 A0A8V1ACH5 A0A1I7Q3Z0
Biological Process,regulation of macromolecule metabolic process,4,GO:0060255,93,966,255,2734,1.03,0.6805113905352089,0.17,A0A8V1A9L3 A0A8V1ABA3 A0A1D5NTR5 A0A1D5P480 A0A8V0XXW6 A0A1L1RX77 A0A8V0YW57 Q5ZJ73 A0A8V1A7R0 A0A8V1A3N1 A0A8V0X7P4 A0A8V0Y9F8 A0A8V0XE48 A0A8V0Y699 A0A3Q2TU24 A0A8V0ZJ97 A0A8V0ZSN8 A0A8V0ZUA4 A0A8V1A9R2 A0A1D5PSI3 A0A8V0Y070 A0A8V1AG56 A0A8V0XMI5 A0A8V0ZUU4 A0A8V0XH99 A0A8V1A0B4 A0A1I7Q3Z0 A0A8V0ZH96 P02460 A0A8V0Y0F3 A0A8V0X637 F1NTQ2 A0A1D5PEW1 A0A8V0ZP32 A0A8V0YRF2 A0A8V0X1T3 A0A1D5P0D7 A0A8V0ZZZ5 Q0PVE4 A0A8V0ZE58 A0A8V0XPN5 Q5ZJW4 Q00649 A0A8V0YSF6 A0A8V1ABC9 A0A8V0XKW4 A0A8V0ZE30 A0A8V0YWI5 A0A1D5P201 P26652 A0A8V1AJI2 A0A8V0YRG2 A0A8V0X4D8 A0A8V0XBD4 A0A8V0YBZ6 A0A1L1RP76 A0A8V0XYK6 A0A8V0YFT7 A0A8V0ZSG8 E1C733 A0A8V1A8R2 A0A8V0ZSX6 A0A8V0ZY91 A0A1D5PLP1 A0A8V0ZF83 A0A8V0ZY56 A0A8V0ZKI8 A0A8V0YDT4 A0A8V0YLZ8 A0A8V1A8L5 Q98938 A0A8V0Y999 A0A8V1ACH5 A0A8V0ZFG7 Q6ITC7 A0A8V0Y290 A0A8V1AAN6 A0A8V0ZYI9 A0A8V1A3H9 A0A1D5P6T3 A0A1I7Q421 A0A8V1A8N2 A0A8V0YLI1 A0A8V0YVB6 A0A8V0YIC3 A0A1L4FLS3 A0A3Q2TT95 A0A8V0ZDW7 A0A8V1A3S8 A0A8V0Z9Z7 A0A8V0YDD6 A0A8V0YHS1 A0A8V0YWM3
Biological Process,cranial skeletal system development,3,GO:1904888,2,18,255,2734,1.19,0.6818604548758779,0.17,A0A8V0X9N1 A0A1I7Q421
Biological Process,cerebral cortex cell migration,6,GO:0021795,2,18,255,2734,1.19,0.6818604548758779,0.17,A0A8V0ZKI8 A0A8V0YVI8
Biological Process,hair cycle process,3,GO:0022405,2,18,255,2734,1.19,0.6818604548758779,0.17,A0A3Q2TU24 A0A1I7Q421
Biological Process,encapsulation of foreign target,3,GO:0035010,2,18,255,2734,1.19,0.6818604548758779,0.17,A0A8V0YRG2 A0A1D5PBZ8
Biological Process,positive regulation of non-canonical NF-kappaB signal transduction,7,GO:1901224,2,18,255,2734,1.19,0.6818604548758779,0.17,A0A1L4FLS3 A0A8V0XMI5
Biological Process,regulation of vulval development,4,GO:0040028,2,18,255,2734,1.19,0.6818604548758779,0.17,A0A8V0XM98 A0A8V0Y699
Biological Process,excretion,3,GO:0007588,2,18,255,2734,1.19,0.6818604548758779,0.17,A0A1D5NTR5 A0A8V1AEJ4
Biological Process,transferrin transport,5,GO:0033572,2,18,255,2734,1.19,0.6818604548758779,0.17,A0A8V0ZTR7 A0A8V0YG88
Biological Process,regulation of ATP biosynthetic process,8,GO:2001169,2,18,255,2734,1.19,0.6818604548758779,0.17,A0A1D5P6T3 A0A8V1A7R0
Biological Process,organic acid transmembrane transport,3,GO:1903825,2,18,255,2734,1.19,0.6818604548758779,0.17,A0A8V0Y579 A0A8V1AM47
Biological Process,positive regulation of cellular response to transforming growth factor beta stimulus,5,GO:1903846,2,18,255,2734,1.19,0.6818604548758779,0.17,A0A8V0X7P4 A0A8V0X4D8
Biological Process,heterophilic cell-cell adhesion via plasma membrane cell adhesion molecules,5,GO:0007157,2,18,255,2734,1.19,0.6818604548758779,0.17,A0A1D5NTR5 A0A8V0YDT5
Biological Process,regulation of egg-laying behavior,4,GO:0046662,2,18,255,2734,1.19,0.6818604548758779,0.17,A0A3Q2UHS2 A0A8V0ZUA4
Biological Process,negative regulation of proteasomal protein catabolic process,7,GO:1901799,2,18,255,2734,1.19,0.6818604548758779,0.17,A0A8V0X7P4 A0A1L1RP76
Biological Process,regulation of collagen metabolic process,4,GO:0010712,2,18,255,2734,1.19,0.6818604548758779,0.17,A0A8V0XPE8 Q98938
Biological Process,imaginal disc-derived leg morphogenesis,5,GO:0007480,2,18,255,2734,1.19,0.6818604548758779,0.17,A0A8V0XH99 A0A8V0ZTR7
Biological Process,post-transcriptional gene silencing,8,GO:0016441,2,18,255,2734,1.19,0.6818604548758779,0.17,A0A8V1A7R0 A0A8V0ZJ97
Biological Process,positive regulation of transforming growth factor beta receptor signaling pathway,6,GO:0030511,2,18,255,2734,1.19,0.6818604548758779,0.17,A0A8V0X7P4 A0A8V0X4D8
Biological Process,negative regulation of hormone secretion,5,GO:0046888,2,18,255,2734,1.19,0.6818604548758779,0.17,A0A1I7Q421 A0A8V0ZY91
Biological Process,digestive system process,3,GO:0022600,2,18,255,2734,1.19,0.6818604548758779,0.17,A0A8V0YF36 A0A8V0ZY91
Biological Process,negative regulation of small GTPase mediated signal transduction,7,GO:0051058,2,18,255,2734,1.19,0.6818604548758779,0.17,A0A8V0YLZ8 A0A8V0YRG2
Biological Process,apoptotic mitochondrial changes,6,GO:0008637,2,18,255,2734,1.19,0.6818604548758779,0.17,A0A8V0YWI5 A0A8V0YWM3
Biological Process,carboxylic acid transmembrane transport,4,GO:1905039,2,18,255,2734,1.19,0.6818604548758779,0.17,A0A8V0Y579 A0A8V1AM47
Biological Process,regulation of cell shape,3,GO:0008360,8,74,255,2734,1.16,0.6831703544900286,0.17,A0A8V0ZSN8 A0A8V1A9R2 F1NTQ2 E1C733 A0A3Q2UHS2 A0A8V0XE48 A0A8V1A0B4 A0A1I7Q3Z0
Biological Process,cellular modified amino acid metabolic process,3,GO:0006575,8,74,255,2734,1.16,0.6831703544900286,0.17,A0A8V0Y4M6 A0A8V0Y4Q2 F1NXR0 A0A8V0Y579 A0A8V0YGN2 A0A8V0ZHL4 A0A8V0X7J6 A0A1D5PXI1
Biological Process,regulation of response to wounding,5,GO:1903034,8,74,255,2734,1.16,0.6831703544900286,0.17,A0A3Q2TU24 A0A8V0XMI5 A0A1D5PT01 A0A8V0Z938 A0A8V0YDT5 A0A8V0XE48 P15120 A0A8V1ABC9
Biological Process,angiogenesis,3,GO:0001525,8,75,255,2734,1.14,0.6854928253014843,0.16,A0A3Q2TU24 A0A8V0ZZZ5 A0A8V0XA92 Q98938 A0A8V0ZE58 A0A1D5PBZ8 P15120 A0A8V0YRG2
Biological Process,cell junction assembly,5,GO:0034329,8,75,255,2734,1.14,0.6854928253014843,0.16,A0A8V0ZZZ5 Q0PVE4 A0A8V0ZSG8 A0A8V0YDD6 A0A1D5PBZ8 A0A8V0Y699 A0A8V1ABC9 A0A8V1A0B4
Biological Process,response to toxic substance,3,GO:0009636,14,174,255,2734,0.86,0.6855119216987823,0.16,Q92182 A0A1D5P6T3 A0A8V0XM02 A0A8V0XXM5 A0A8V0YWM3 A0A8V0Y9F8 Q00649 A0A8V0YGN2 A0A8V0ZSX6 A0A8V1ABC9 A0A8V1A7R0 A0A1I7Q3Z0 A0A8V0Y3L3 P02460
Biological Process,monoatomic anion transport,5,GO:0006820,8,76,255,2734,1.13,0.6881828760897272,0.16,A0A8V0Y4Q2 A0A8V0XBD4 A0A8V0Y579 A0A1D5NYS2 A0A8V1AM47 A0A8V0ZJJ7 F1P4D6 A0A8V0YHF3
Biological Process,organonitrogen compound metabolic process,3,GO:1901564,119,1309,255,2734,0.97,0.6934090096529724,0.16,A0A8V1A9L3 F1NBR3 A0A8V0ZRZ8 A0A8V1ABA3 A0A8V0XEP8 A0A8V0YGN2 A0A8V0YDT5 A0A8V0XEJ0 P15120 A0A8V0ZSC5 A0A1D5P480 A0A1L1RX77 A0A8V0XPE8 A0A8V0YW57 A0A8V0X7J6 E1C0K5 A0A8V0Z0B9 A0A8V0Y4Q2 A0A8V0ZZD4 A0A8V1A3N1 A0A8V0Y579 A0A8V0Z086 A0A8V0Y9F8 A0A8V0XE48 A0A1L1S0X5 A0A8V0YXI7 A0A8V0YYQ9 Q92182 A0A8V0ZJD3 F1NGB8 A0A3Q2TU24 A0A8V0ZSN8 A0A8V1A9R2 A0A8V0Y070 Q9W6H0 A0A8V1A7Y9 P28687 A0A8V1AG56 E1C744 A0A8V0Z6E4 A0A8V0XXM5 A0A8V0YC89 A0A8V0XH99 A0A8V1A0B4 A0A1I7Q3Z0 A0A8V0ZH96 A0A1D5PXI1 P02460 A0A8V0X637 F1NTQ2 E1C3Z8 A0A8V0ZP32 A0A8V0YRF2 E1C2T4 A0A1D5P0D7 A0A8V0Z6S1 A0A8V0XA92 A0A8V0ZZZ5 A0A8V0ZE58 A0A8V0YZJ3 A0A8V0XPN5 A0A8V0YSF6 A0A8V1ABC9 A0A8V0XKW4 A0A8V0ZRP2 A0A8V1ADF6 A0A8V0Y4M6 Q05744 A0A1D5P201 A0A8V0YC20 A0A8V0YBE2 A0A1D5PT01 A0A8V0YRG2 A0A8V0X4D8 A0A8V0ZHL4 A0A8V0ZIF0 A0A1L1RP76 A0A8V0YC98 A0A1D5P6Q1 A0A8V0XCD2 A0A8V0ZSG8 A0A8V0YK18 E1C733 A0A8V1A8R2 A0A8V0ZSX6 A0A8V0ZY42 A0A8V1A6Z0 A0A8V0Z865 A0A8V0XXZ4 A0A8V0ZF83 A0A8V0YDT4 A0A8V0YQC4 A0A8V0YDL8 P01875 Q98938 A0A8V0ZSD7 A0A8V0ZFG7 Q6ITC7 F1NNN0 A0A8V0ZTC0 A0A8V0ZEC1 A0A8V1AAN6 A0A1D5P6T3 F1NXR0 A0A8V1A8N2 A0A8V0WZN3 A0A8V0XWD4 A0A8V0YLI1 A0A8V0ZCF7 A0A8V0YVB6 A0A1D5P692 A0A8V0Z189 A0A1L4FLS3 A0A1D5NT61 A0A1D5PMN7 A0A8V0Z938 A0A8V0YDD6 A0A8V0YHS1 A0A8V0YWM3
Biological Process,regulation of extrinsic apoptotic signaling pathway via death domain receptors,7,GO:1902041,2,19,255,2734,1.13,0.695591318077836,0.16,P26652 A0A8V0XMI5
Biological Process,body fluid secretion,4,GO:0007589,2,19,255,2734,1.13,0.695591318077836,0.16,A0A8V0YF36 A0A8V0ZUU4
Biological Process,regulation of biomineral tissue development,5,GO:0070167,2,19,255,2734,1.13,0.695591318077836,0.16,A0A8V0Z189 A0A8V0XE48
Biological Process,negative regulation of endocytosis,5,GO:0045806,2,19,255,2734,1.13,0.695591318077836,0.16,A0A8V0X7P4 A0A8V0XMI5
Biological Process,positive regulation of Notch signaling pathway,6,GO:0045747,2,19,255,2734,1.13,0.695591318077836,0.16,A0A8V1A7R0 A0A1D5PMN7
Biological Process,negative regulation of peptidyl-tyrosine phosphorylation,9,GO:0050732,2,19,255,2734,1.13,0.695591318077836,0.16,A0A8V0ZZZ5 A0A8V1A3S8
Biological Process,positive regulation of lipase activity,6,GO:0060193,2,19,255,2734,1.13,0.695591318077836,0.16,A0A8V0ZE58 A0A8V0ZEJ3
Biological Process,meiotic spindle organization,3,GO:0000212,2,19,255,2734,1.13,0.695591318077836,0.16,A0A8V0YTK5 A0A1D5PBU5
Biological Process,mitochondrion localization,3,GO:0051646,2,19,255,2734,1.13,0.695591318077836,0.16,A0A8V0ZDW7 A0A8V0XBD4
Biological Process,T cell receptor signaling pathway,6,GO:0050852,2,19,255,2734,1.13,0.695591318077836,0.16,A0A1I7Q3Z0 A0A8V0ZZZ5
Biological Process,regulation of epithelial cell apoptotic process,6,GO:1904035,2,19,255,2734,1.13,0.695591318077836,0.16,A0A8V1AHP7 A0A8V1A3H9
Biological Process,regulation of lamellipodium assembly,7,GO:0010591,2,19,255,2734,1.13,0.695591318077836,0.16,Q0PVE4 A0A3Q2UHS2
Biological Process,meiosis I cell cycle process,3,GO:0061982,2,19,255,2734,1.13,0.695591318077836,0.16,A0A8V0YW57 A0A1D5PBU5
Biological Process,negative regulation of lipid metabolic process,5,GO:0045833,2,19,255,2734,1.13,0.695591318077836,0.16,A0A8V0Y4M6 A0A3Q2TU24
Biological Process,hippocampus development,3,GO:0021766,2,19,255,2734,1.13,0.695591318077836,0.16,A0A1D5P6T3 A0A1D5PSI3
Biological Process,gland development,4,GO:0048732,19,189,255,2734,1.08,0.697541150564682,0.16,A0A8V1AG56 A0A8V0YDU6 A0A8V0XUJ8 A0A1I7Q3Z0 A0A8V1AAN6 A0A8V1A3H9 A0A1D5P6T3 A0A8V0Z8V4 E1C733 A0A8V1A8R2 A0A8V0Y4Q2 A0A8V0XE48 A0A1D5PGC2 A0A8V0ZKI8 A0A8V0ZSN8 A0A8V1A9R2 A0A1D5PSI3 A0A8V0YDL8 A0A1D5PZ68
Biological Process,vesicle-mediated transport in synapse,3,GO:0099003,6,81,255,2734,0.79,0.6984277222212613,0.16,A0A8V0YIC3 A0A3Q2UGW3 A0A8V0Y9F8 A0A8V0ZRP2 A0A8V1A6B5 A0A8V0ZYI9
Biological Process,positive regulation of protein serine/threonine kinase activity,8,GO:0071902,6,81,255,2734,0.79,0.6984277222212613,0.16,A0A8V1AG56 A0A1D5P6T3 A0A3Q2TU24 A0A8V1A3N1 A0A8V0X1T3 A0A1I7Q3Z0
Biological Process,peptide metabolic process,4,GO:0006518,16,192,255,2734,0.89,0.7005446653060168,0.15,A0A8V0X4D8 A0A8V0XA92 A0A8V0XEP8 A0A8V0XPN5 A0A8V1A8R2 A0A8V0ZP32 A0A8V0YGN2 A0A8V0YVB6 A0A8V0YQC4 A0A8V0Z865 A0A8V0X7J6 Q6ITC7 A0A8V0YDL8 P28687 A0A8V1A7Y9 A0A1L1S0X5
Biological Process,negative regulation of cell motility,5,GO:2000146,9,85,255,2734,1.14,0.7031048275293572,0.15,A0A8V0Y0F3 A0A8V0ZZZ5 A0A8V0YDT4 A0A8V0XMI5 A0A1L1RX77 A0A8V0ZCF7 A0A8V0Z8N6 A0A8V0Y290 A0A8V1A7R0
Biological Process,response to light stimulus,4,GO:0009416,9,86,255,2734,1.12,0.7051098671685132,0.15,A0A1D5P6T3 P26652 A0A8V0Z4R1 A0A3Q2TTB3 A0A8V0YW57 A0A8V0ZSX6 A0A8V0ZFG7 A0A8V1ABC9 A0A8V0ZDW7
Biological Process,locomotory behavior,3,GO:0007626,9,87,255,2734,1.11,0.7074219309047864,0.15,A0A8V0XBD4 A0A8V0ZSN8 A0A8V1ABA3 A0A8V1A9R2 F1NTQ2 A0A8V0YPB9 A0A8V1ALI6 A0A8V0ZFG7 A0A8V0XKW4
Biological Process,muscle cell cellular homeostasis,3,GO:0046716,2,20,255,2734,1.07,0.709547439678529,0.15,A0A8V0YYQ9 A0A8V1ALI6
Biological Process,establishment of chromosome localization,4,GO:0051303,2,20,255,2734,1.07,0.709547439678529,0.15,A0A8V0Z9Z7 A0A1D5PBU5
Biological Process,erythrocyte differentiation,5,GO:0030218,2,20,255,2734,1.07,0.709547439678529,0.15,A0A8V1A9R2 A0A8V0ZSN8
Biological Process,negative regulation of proteolysis involved in protein catabolic process,8,GO:1903051,2,20,255,2734,1.07,0.709547439678529,0.15,A0A8V0X7P4 A0A1L1RP76
Biological Process,phosphatidylinositol phosphate biosynthetic process,7,GO:0046854,2,20,255,2734,1.07,0.709547439678529,0.15,A0A3Q2TU24 A0A1I7Q3Z0
Biological Process,homotypic cell-cell adhesion,4,GO:0034109,2,20,255,2734,1.07,0.709547439678529,0.15,A0A8V0Z3Q9 A0A8V0Y699
Biological Process,metanephros development,5,GO:0001656,2,20,255,2734,1.07,0.709547439678529,0.15,A0A8V0YFT7 A0A8V0XS21
Biological Process,regulatory ncRNA-mediated gene silencing,8,GO:0031047,2,20,255,2734,1.07,0.709547439678529,0.15,A0A8V1A7R0 A0A8V0ZJ97
Biological Process,cellular response to glucocorticoid stimulus,7,GO:0071385,2,20,255,2734,1.07,0.709547439678529,0.15,A0A8V0Z6E4 A0A8V0Z8N6
Biological Process,regulation of systemic arterial blood pressure,4,GO:0003073,2,20,255,2734,1.07,0.709547439678529,0.15,A0A8V0XA92 A0A8V0YVB6
Biological Process,response to cocaine,4,GO:0042220,2,20,255,2734,1.07,0.709547439678529,0.15,A0A1D5P692 A0A8V0X637
Biological Process,positive regulation of cell-matrix adhesion,7,GO:0001954,2,20,255,2734,1.07,0.709547439678529,0.15,A0A8V0YLZ8 A0A8V0ZZZ5
Biological Process,positive regulation of ion transmembrane transporter activity,5,GO:0032414,2,20,255,2734,1.07,0.709547439678529,0.15,A0A8V0YRG2 A0A8V0XYK6
Biological Process,"regulation of tube size, open tracheal system",4,GO:0035151,2,20,255,2734,1.07,0.709547439678529,0.15,A0A1D5PBZ8 A0A8V0ZUU4
Biological Process,chromatin remodeling,7,GO:0006338,2,20,255,2734,1.07,0.709547439678529,0.15,A0A8V1AEJ0 A0A8V0XMI5
Biological Process,cellular response to ammonium ion,5,GO:0071242,2,20,255,2734,1.07,0.709547439678529,0.15,A0A8V0ZY91 P15120
Biological Process,muscle organ morphogenesis,4,GO:0048644,2,20,255,2734,1.07,0.709547439678529,0.15,A0A8V1AG56 A0A8V0ZCF7
Biological Process,maternal process involved in female pregnancy,3,GO:0060135,2,20,255,2734,1.07,0.709547439678529,0.15,A0A8V0Z8N6 A0A8V0ZUA4
Biological Process,chromosome localization,3,GO:0050000,2,20,255,2734,1.07,0.709547439678529,0.15,A0A8V0Z9Z7 A0A1D5PBU5
Biological Process,alpha-amino acid biosynthetic process,5,GO:1901607,2,20,255,2734,1.07,0.709547439678529,0.15,A0A8V0Y579 A0A1D5NT61
Biological Process,positive regulation of protein metabolic process,6,GO:0051247,40,405,255,2734,1.06,0.7110188040836405,0.15,A0A8V1AG56 A0A8V0X4D8 A0A8V0YBZ6 A0A8V1ABA3 A0A8V0XMI5 A0A1I7Q3Z0 A0A8V0ZH96 A0A1D5P6T3 A0A8V0YFT7 A0A8V0X637 A0A1D5P480 E1C733 A0A8V0YLI1 A0A8V0ZSX6 A0A8V0YRF2 A0A8V0X1T3 A0A8V1A7R0 A0A1D5P0D7 A0A8V0ZZZ5 A0A8V1A3N1 A0A1L4FLS3 A0A8V0ZE58 A0A8V0X7P4 Q5ZJW4 Q00649 A0A8V0YSF6 A0A8V0XE48 A0A8V1ABC9 A0A8V0XKW4 A0A8V0ZDW7 A0A3Q2TU24 A0A8V0YWI5 A0A8V1A3S8 A0A8V0ZSN8 A0A8V0YDT4 A0A8V1A9R2 A0A1D5P201 A0A1D5PSI3 A0A8V0YDD6 A0A8V0YWM3
Biological Process,morphogenesis of embryonic epithelium,4,GO:0016331,9,89,255,2734,1.08,0.7129084484545871,0.15,A0A8V0ZKI8 A0A8V1AG56 Q0PVE4 A0A8V0XBD4 A0A8V0ZUA4 A0A3Q2UHS2 A0A8V0XE48 A0A8V1A0B4 A0A8V0YRG2
Biological Process,energy derivation by oxidation of organic compounds,4,GO:0015980,7,90,255,2734,0.83,0.7150427996682064,0.15,A0A8V0XCD2 A0A8V0ZRZ8 A0A8V0X535 A0A8V0YC20 A0A8V1ALI6 A0A8V0Y9B0 A0A8V0YWM3
Biological Process,regulation of reproductive process,3,GO:2000241,7,90,255,2734,0.83,0.7150427996682064,0.15,A0A8V1AG56 A0A1D5P6T3 A0A8V0ZUA4 A0A8V0YW57 A0A3Q2UHS2 P15120 A0A1I7Q3Z0
Biological Process,regulation of metal ion transport,6,GO:0010959,7,92,255,2734,0.82,0.7153419466924613,0.15,A0A8V0ZZZ5 A0A8V1A9R2 A0A8V0ZY91 A0A8V0YLI1 A0A8V0Z8N6 A0A1D5P7Y2 A0A8V0XYK6
Biological Process,regulation of RNA metabolic process,5,GO:0051252,41,421,255,2734,1.04,0.7165115531152919,0.14,A0A8V1AG56 A0A8V0XBD4 Q98938 A0A8V0XMI5 A0A8V0ZUU4 A0A1D5NTR5 A0A8V0XH99 A0A8V0ZFG7 Q6ITC7 A0A8V0Y290 A0A1I7Q3Z0 A0A8V0ZH96 A0A1D5P6T3 A0A1I7Q421 A0A8V0Y0F3 A0A8V0YFT7 A0A8V0ZSG8 F1NTQ2 A0A8V0XXW6 A0A1L1RX77 Q5ZJ73 A0A8V0YLI1 A0A8V0ZSX6 A0A8V0YRF2 A0A8V0X1T3 A0A8V1A7R0 A0A1D5P0D7 A0A1L4FLS3 A0A8V0ZE58 A0A3Q2TT95 Q00649 A0A8V0Y699 A0A8V1ABC9 A0A8V0ZE30 A0A1D5PLP1 A0A8V0ZF83 A0A8V0ZKI8 A0A8V1A9R2 A0A8V0Z9Z7 A0A1D5PSI3 A0A8V0Y070
Biological Process,response to endogenous stimulus,2,GO:0009719,38,432,255,2734,0.94,0.7192404655001093,0.14,A0A8V1AG56 A0A8V0Z6E4 A0A8V0X4D8 A0A8V1ABA3 A0A8V0XMI5 P33005 A0A8V0Z4R1 A0A8V0YDL8 P15120 A0A8V0XUJ8 A0A1I7Q3Z0 P02460 A0A1D5P6T3 A0A1I7Q421 A0A8V0YFT7 A0A8V0XPE8 A0A8V0ZP32 A0A8V0YLI1 A0A8V1A7R0 A0A1D5P0D7 A0A1D5P692 A0A8V0ZY91 Q00649 A0A8V0ZJJ7 A0A8V0XE48 A0A8V0YSF6 A0A8V1ABC9 A0A8V0Z8N6 A0A8V0YXI7 A0A3Q2TU24 A0A8V0ZSN8 A0A8V1A9R2 P26652 A0A1D5PSI3 A0A8V0YDD6 A0A8V0XMV0 A0A8V0YLZ8 A0A8V0YWM3
Biological Process,positive regulation of response to external stimulus,5,GO:0032103,10,96,255,2734,1.12,0.7195938243581338,0.14,A0A8V1AG56 A0A8V0Z8V4 A0A1L4FLS3 A0A8V0XMI5 A0A8V0ZUU4 A0A1D5PT01 Q00649 A0A8V0YDD6 A0A8V0YSF6 A0A8V1ABC9
Biological Process,nematode larval development,4,GO:0002119,10,96,255,2734,1.12,0.7195938243581338,0.14,A0A8V1AG56 A0A1D5P6T3 A0A8V0ZJ97 A0A8V1AEJ4 A0A8V0Z938 A0A8V0XE48 A0A8V0Y699 A0A8V0YVB6 A0A8V0ZE30 A0A8V0YXI7
Biological Process,imaginal disc-derived appendage development,4,GO:0048737,10,97,255,2734,1.11,0.721363349942855,0.14,A0A8V0ZKI8 A0A8V0ZTR7 Q98938 P26652 A0A8V0Y070 A0A1D5PEW1 A0A8V0XH99 A0A8V0XE48 A0A8V0Y699 A0A8V0ZF83
Biological Process,imaginal disc-derived appendage morphogenesis,4,GO:0035114,10,97,255,2734,1.11,0.721363349942855,0.14,A0A8V0ZKI8 A0A8V0ZTR7 Q98938 P26652 A0A8V0Y070 A0A1D5PEW1 A0A8V0XH99 A0A8V0XE48 A0A8V0Y699 A0A8V0ZF83
Biological Process,negative regulation of transcription by RNA polymerase II,9,GO:0000122,10,97,255,2734,1.11,0.721363349942855,0.14,A0A1I7Q421 A0A8V0YFT7 A0A8V0ZSG8 A0A1D5PSI3 A0A8V0XMI5 A0A1D5NTR5 Q5ZJ73 A0A8V0YLI1 A0A8V0ZE30 A0A8V1A7R0
Biological Process,post-embryonic appendage morphogenesis,4,GO:0035120,10,97,255,2734,1.11,0.721363349942855,0.14,A0A8V0ZKI8 A0A8V0ZTR7 Q98938 P26652 A0A8V0Y070 A0A1D5PEW1 A0A8V0XH99 A0A8V0XE48 A0A8V0Y699 A0A8V0ZF83
Biological Process,axis specification,3,GO:0009798,10,97,255,2734,1.11,0.721363349942855,0.14,A0A8V0ZKI8 A0A8V1AG56 Q0PVE4 Q98938 A0A8V0ZUA4 A0A8V0Y070 A0A3Q2UHS2 A0A8V0XE48 A0A8V0Z8N6 A0A8V0ZF83
Biological Process,positive regulation of intracellular signal transduction,6,GO:1902533,23,230,255,2734,1.07,0.7219659460929486,0.14,A0A8V1AG56 A0A8V0XMI5 A0A1I7Q3Z0 A0A1D5P6T3 A0A1D5P6Q1 A0A1D5P480 E1C733 A0A1L1RX77 A0A8V0X1T3 A0A8V1A7R0 A0A1D5P0D7 A0A8V1A3N1 A0A1L4FLS3 A0A8V0X7P4 A0A8V0YY90 A0A8V0XE48 A0A8V1ABC9 A0A8V0ZDW7 A0A3Q2TU24 A0A8V0ZSN8 A0A8V1A9R2 A0A8V1AJI2 A0A8V0YLZ8
Biological Process,female gamete generation,4,GO:0007292,23,231,255,2734,1.07,0.722732339656882,0.14,A0A8V0XBD4 Q98938 A0A8V0YDU6 A0A8V0XH99 A0A8V0YDT5 A0A1I7Q3Z0 A0A8V0ZEC1 A0A1I7Q421 F1NTQ2 A0A8V0YIC3 Q0PVE4 A0A8V0XE48 A0A8V0Y699 A0A8V0ZE30 A0A8V0ZRP2 A0A8V0ZF83 A0A1D5PLP1 A0A1D5PBU5 Q05744 A0A8V0ZSN8 A0A8V1A9R2 A0A8V0Y070 A0A8V0YRG2
Biological Process,epidermis development,4,GO:0008544,10,98,255,2734,1.09,0.7233945025428155,0.14,A0A8V1AG56 A0A1D5P6T3 A0A1I7Q421 A0A8V0X4D8 A0A3Q2TU24 A0A8V0XBD4 Q98938 A0A8V1AFR2 A0A8V0XE48 P33005
Biological Process,regulation of amide metabolic process,5,GO:0034248,10,99,255,2734,1.08,0.7256760024309079,0.14,A0A8V0ZE58 A0A8V0XPN5 A0A8V1ACH5 Q00649 A0A8V0ZSX6 A0A8V0XE48 A0A8V1ABC9 A0A8V0ZE30 A0A8V1A7R0 A0A8V0ZY56
Biological Process,biomineral tissue development,4,GO:0031214,3,26,255,2734,1.24,0.7293461628439719,0.14,A0A8V0XCW4 A0A8V0ZFG7 A0A8V0Z189
Biological Process,positive regulation of peptide hormone secretion,6,GO:0090277,3,26,255,2734,1.24,0.7293461628439719,0.14,A0A8V0YY90 A0A8V0ZJJ7 A0A1D5NT61
Biological Process,heart process,4,GO:0003015,3,26,255,2734,1.24,0.7293461628439719,0.14,A0A1I7Q3Z0 A0A8V1ALI6 A0A8V0ZY91
Biological Process,digestion,2,GO:0007586,3,26,255,2734,1.24,0.7293461628439719,0.14,A0A8V0YWI5 A0A8V0YF36 A0A8V0ZY91
Biological Process,cellular response to monosaccharide stimulus,6,GO:0071326,3,26,255,2734,1.24,0.7293461628439719,0.14,A0A8V0YDD6 A0A1D5PSI3 P15120
Biological Process,biological process involved in interaction with symbiont,3,GO:0051702,3,26,255,2734,1.24,0.7293461628439719,0.14,A0A8V0YDD6 A0A8V0ZSX6 A0A8V0ZH96
Biological Process,cellular response to peptide,5,GO:1901653,11,107,255,2734,1.1,0.7335224117576858,0.13,A0A1D5P6T3 A0A8V0Z6E4 A0A8V0YFT7 A0A8V0ZSN8 A0A8V1A9R2 A0A1D5PSI3 A0A8V0YDD6 A0A8V0YSF6 A0A8V1A7R0 A0A1I7Q3Z0 P02460
Biological Process,endothelial cell development,5,GO:0001885,3,27,255,2734,1.19,0.7350031078903588,0.13,A0A8V1A0B4 A0A8V0Z8N6 A0A8V0Y070
Biological Process,regulation of mRNA catabolic process,6,GO:0061013,3,27,255,2734,1.19,0.7350031078903588,0.13,A0A8V0ZE30 Q00649 A0A8V1ABC9
Biological Process,imaginal disc-derived wing margin morphogenesis,4,GO:0008587,3,27,255,2734,1.19,0.7350031078903588,0.13,A0A8V0ZKI8 A0A8V0Y699 A0A1D5PEW1
Biological Process,negative regulation of protein binding,5,GO:0032091,3,27,255,2734,1.19,0.7350031078903588,0.13,F1NXR0 A0A1D5PSI3 A0A8V0YVB6
Biological Process,muscle attachment,2,GO:0016203,3,27,255,2734,1.19,0.7350031078903588,0.13,A0A8V1AG56 A0A8V0YQU2 A0A8V0Y699
Biological Process,positive regulation of inflammatory response,6,GO:0050729,3,27,255,2734,1.19,0.7350031078903588,0.13,A0A8V1AG56 A0A1L4FLS3 A0A8V1ABC9
Biological Process,myeloid cell homeostasis,2,GO:0002262,3,27,255,2734,1.19,0.7350031078903588,0.13,A0A8V1A9R2 A0A8V0ZSN8 A0A8V0XMI5
Biological Process,regulation of lipid storage,4,GO:0010883,3,27,255,2734,1.19,0.7350031078903588,0.13,A0A1D5P6T3 A0A8V1AM47 A0A8V0Z4R1
Biological Process,intracellular glucose homeostasis,4,GO:0001678,3,27,255,2734,1.19,0.7350031078903588,0.13,A0A8V0YDD6 A0A1D5PSI3 P15120
Biological Process,skeletal muscle tissue development,5,GO:0007519,3,27,255,2734,1.19,0.7350031078903588,0.13,A0A1L1RX77 F1NXR0 A0A1D5P0D7
Biological Process,chemical homeostasis,2,GO:0048878,26,262,255,2734,1.06,0.7372708221570328,0.13,A0A8V1ABA3 A0A8V0XMI5 P15120 A0A1I7Q3Z0 A0A8V0XYK6 A0A1D5P6T3 A0A8V0YFT7 F1NTQ2 A0A1D5NYS2 E1C733 A0A1L1RX77 A0A8V0YLI1 A0A8V0YRF2 A0A8V1A7R0 A0A8V0ZZZ5 A0A8V0ZJJ7 A0A8V1ABC9 A0A8V0Z8N6 A0A8V0ZDW7 A0A8V0ZKI8 A0A8V0YWI5 A0A8V1AHP7 A0A8V1A9R2 A0A1D5PSI3 A0A8V0YDD6 A0A8V0YLZ8
Biological Process,phosphorus metabolic process,3,GO:0006793,47,529,255,2734,0.95,0.7396564138668207,0.13,A0A8V1AG56 A0A8V1A9L3 A0A8V0ZRZ8 A0A8V1ACH5 A0A8V0ZSD7 A0A8V0YDT5 A0A8V1A0B4 A0A1I7Q3Z0 A0A8V0ZTC0 A0A1D5P6T3 F1NXR0 A0A8V0ZSC5 A0A1D5P6Q1 A0A8V0XCD2 A0A8V0X637 A0A8V0YK18 F1NTQ2 E1C733 A0A8V0XPE8 A0A8V0YW57 A0A8V0ZSX6 A0A8V0ZXC9 A0A8V1A7R0 A0A1D5P0D7 A0A8V0ZZZ5 A0A8V1A3N1 A0A8V0Y579 A0A8V0Z189 A0A1L4FLS3 A0A8V0Y9F8 A0A8V0XE48 A0A8V1ABC9 A0A8V0XXZ4 A0A8V0YXI7 A0A8V1ADF6 A0A8V0ZJD3 A0A3Q2TU24 A0A1D5NT61 A0A8V0ZSN8 A0A8V1A9R2 A0A1D5P201 A0A8V0YC20 A0A8V0YBE2 A0A1D5PT01 A0A8V0Z938 A0A8V0YRG2 A0A8V0YWM3
Biological Process,regulation of substrate adhesion-dependent cell spreading,6,GO:1900024,3,28,255,2734,1.15,0.7412908634203887,0.13,Q92182 A0A8V0YLZ8 A0A8V0YDT4
Biological Process,dorsal/ventral axis specification,4,GO:0009950,3,28,255,2734,1.15,0.7412908634203887,0.13,A0A8V0ZKI8 A0A8V0ZF83 A0A8V0Y070
Biological Process,regulation of lamellipodium organization,7,GO:1902743,3,28,255,2734,1.15,0.7412908634203887,0.13,A0A1I7Q3Z0 A0A3Q2UHS2 Q0PVE4
Biological Process,positive regulation of calcium ion transport,6,GO:0051928,3,28,255,2734,1.15,0.7412908634203887,0.13,A0A8V1A9R2 A0A8V0ZZZ5 A0A8V0Z8N6
Biological Process,feeding behavior,3,GO:0007631,3,28,255,2734,1.15,0.7412908634203887,0.13,A0A1D5P6T3 A0A8V1A7R0 A0A8V0YWI5
Biological Process,regulation of cation channel activity,6,GO:2001257,3,28,255,2734,1.15,0.7412908634203887,0.13,A0A8V0YRG2 A0A8V0ZY91 A0A8V0XYK6
Biological Process,mating behavior,3,GO:0007617,3,28,255,2734,1.15,0.7412908634203887,0.13,A0A8V0Y9F8 F1NTQ2 A0A1D5PBZ8
Biological Process,organic hydroxy compound transport,5,GO:0015850,3,28,255,2734,1.15,0.7412908634203887,0.13,A0A8V0ZKI8 A0A8V0Y9F8 A0A8V1A3H7
Biological Process,regulation of protein catabolic process,5,GO:0042176,9,113,255,2734,0.85,0.7414772786147938,0.13,A0A8V1AG56 A0A8V0X4D8 A0A8V0YBZ6 A0A8V1ABA3 P26652 A0A8V0X7P4 Q5ZJW4 A0A1L1RP76 A0A8V0ZH96
Biological Process,wing disc development,5,GO:0035220,12,118,255,2734,1.09,0.7454869909975925,0.13,A0A8V0ZKI8 Q98938 A0A8V0ZUA4 A0A8V0XM02 P26652 A0A8V0Y070 A0A1D5PEW1 A0A8V0XH99 A0A8V0XE48 A0A8V0Y699 A0A8V1A0B4 A0A8V0ZF83
Biological Process,cell-substrate junction assembly,6,GO:0007044,3,29,255,2734,1.11,0.7481071986975256,0.13,A0A8V0YDD6 A0A8V0ZZZ5 A0A8V0Y699
Biological Process,mitotic spindle organization,4,GO:0007052,3,29,255,2734,1.11,0.7481071986975256,0.13,A0A8V0XE48 A0A1D5PBU5 A0A8V0YTK5
Biological Process,regulation of G protein-coupled receptor signaling pathway,5,GO:0008277,3,29,255,2734,1.11,0.7481071986975256,0.13,A0A8V1AG56 A0A8V0XE48 A0A8V1ABC9
Biological Process,peripheral nervous system development,4,GO:0007422,3,29,255,2734,1.11,0.7481071986975256,0.13,A0A8V0YLZ8 A0A8V0YRG2 A0A1D5PSI3
Biological Process,compound eye photoreceptor development,7,GO:0042051,3,29,255,2734,1.11,0.7481071986975256,0.13,A0A1D5NTR5 A0A8V0YDT5 A0A8V0ZUU4
Biological Process,synaptic signaling,4,GO:0099536,12,121,255,2734,1.06,0.7504118540047234,0.12,A0A8V0ZKI8 A0A8V0YIC3 A0A8V0XBD4 A0A8V0ZBR8 A0A1D5NYS2 A0A8V0X7P4 A0A8V0Y357 A0A1D5NTR5 A0A8V0ZSD7 A0A8V1A6B5 A0A8V0YRG2 A0A8V0ZYI9
Biological Process,trans-synaptic signaling,5,GO:0099537,12,121,255,2734,1.06,0.7504118540047234,0.12,A0A8V0ZKI8 A0A8V0YIC3 A0A8V0XBD4 A0A8V0ZBR8 A0A1D5NYS2 A0A8V0X7P4 A0A8V0Y357 A0A1D5NTR5 A0A8V0ZSD7 A0A8V1A6B5 A0A8V0YRG2 A0A8V0ZYI9
Biological Process,developmental maturation,2,GO:0021700,10,123,255,2734,0.87,0.7519415154278837,0.12,Q98938 A0A8V0ZF83 A0A8V0Y070 A0A8V1ADS4 A0A8V0XH99 A0A8V0ZJJ7 A0A8V0XE48 A0A1D5PBZ8 A0A8V0YLZ8 A0A8V0YRG2
Biological Process,regulation of endocytosis,5,GO:0030100,10,126,255,2734,0.85,0.7530339199907461,0.12,A0A8V1AG56 A0A8V0XM98 A0A8V0X7P4 A0A1D5PSI3 A0A8V0XMI5 A0A3Q2UHS2 A0A8V1ABC9 A0A8V0ZRP2 E1C0K5 A0A1I7Q3Z0
Biological Process,response to metal ion,4,GO:0010038,10,126,255,2734,0.85,0.7530339199907461,0.12,A0A8V1AG56 A0A1D5P6T3 A0A1D5NT61 A0A8V0YLI1 A0A8V0YDD6 A0A8V0YSF6 A0A8V0YDL8 A0A8V1A0B4 A0A8V0Y3L3 A0A8V0XYK6
Biological Process,response to organonitrogen compound,4,GO:0010243,30,306,255,2734,1.05,0.7543939311861187,0.12,A0A8V0Z6E4 A0A8V0XMI5 A0A8V0Z4R1 A0A8V0YGN2 P15120 A0A1I7Q3Z0 A0A8V0ZH96 P02460 A0A1D5P6T3 A0A8V0YFT7 A0A8V0X637 A0A8V0YW57 A0A8V1A7R0 A0A1D5P692 A0A8V0ZY91 Q00649 A0A8V0ZJJ7 A0A8V0XE48 A0A8V0YSF6 A0A8V1ABC9 A0A8V0Z8N6 A0A8V0ZKI8 A0A8V0ZSN8 A0A8V1A9R2 P26652 A0A1D5PSI3 A0A8V0YDD6 A0A8V0XMV0 A0A8V0YDL8 A0A8V0YWM3
Biological Process,regulation of acute inflammatory response,6,GO:0002673,3,30,255,2734,1.07,0.7553573479808229,0.12,A0A8V0ZP32 A0A8V1A8N2 A0A8V0YHS1
Biological Process,negative regulation of inflammatory response,6,GO:0050728,3,30,255,2734,1.07,0.7553573479808229,0.12,A0A8V0YY90 A0A8V1AFP7 A0A8V1ABA3
Biological Process,renal system process,3,GO:0003014,3,30,255,2734,1.07,0.7553573479808229,0.12,A0A8V0YF36 A0A8V0YSF6 A0A8V0ZY91
Biological Process,cardiac chamber morphogenesis,3,GO:0003206,3,30,255,2734,1.07,0.7553573479808229,0.12,A0A8V1AG56 A0A8V0ZE58 A0A1D5PZ68
Biological Process,cytokine production,2,GO:0001816,3,30,255,2734,1.07,0.7553573479808229,0.12,A0A8V0YLI1 A0A8V0XE48 A0A8V0XMI5
Biological Process,regulation of osteoblast differentiation,5,GO:0045667,3,30,255,2734,1.07,0.7553573479808229,0.12,A0A8V0ZSG8 A0A8V0ZE58 Q98938
Biological Process,regulation of generation of precursor metabolites and energy,5,GO:0043467,3,30,255,2734,1.07,0.7553573479808229,0.12,A0A1D5P6T3 A0A8V1A7R0 A0A8V0XMI5
Biological Process,regulation of blood coagulation,4,GO:0030193,3,30,255,2734,1.07,0.7553573479808229,0.12,A0A3Q2TU24 A0A8V1ABC9 P15120
Biological Process,regulation of hemostasis,3,GO:1900046,3,30,255,2734,1.07,0.7553573479808229,0.12,A0A3Q2TU24 A0A8V1ABC9 P15120
Biological Process,cellular response to endogenous stimulus,3,GO:0071495,27,310,255,2734,0.93,0.7562440815800493,0.12,A0A8V1AG56 A0A8V0Z6E4 A0A8V0X4D8 A0A8V0YLZ8 P15120 A0A8V0XUJ8 A0A1I7Q3Z0 P02460 A0A1D5P6T3 A0A1I7Q421 A0A8V0YFT7 A0A8V0XPE8 A0A8V0YLI1 A0A8V1A7R0 A0A1D5P0D7 A0A8V0ZY91 A0A8V0YSF6 A0A8V0XE48 A0A8V0Z8N6 A0A8V0YXI7 A0A3Q2TU24 A0A8V0ZSN8 A0A8V1A9R2 A0A1D5PSI3 A0A8V0YDD6 P33005 A0A8V0YWM3
Biological Process,cellular process involved in reproduction in multicellular organism,2,GO:0022412,27,314,255,2734,0.92,0.7567901603135752,0.12,A0A8V0XBD4 Q98938 A0A8V0YDU6 A0A8V0XMI5 A0A8V0XH99 A0A8V0YDT5 A0A1I7Q3Z0 A0A8V0ZEC1 A0A1I7Q421 F1NTQ2 A0A8V0XXW6 A0A8V0YW57 A0A8V0YIC3 Q0PVE4 A0A8V0XE48 A0A8V0Y699 A0A8V0ZE30 A0A8V0ZRP2 A0A8V0ZF83 A0A1D5PLP1 A0A8V0ZJ97 A0A1D5PBU5 Q05744 A0A8V0ZSN8 A0A8V1A9R2 A0A8V0Y070 A0A8V0YRG2
Biological Process,hemopoiesis,4,GO:0030097,13,130,255,2734,1.07,0.7572353646495157,0.12,A0A8V1AG56 A0A1I7Q421 A0A8V0ZSG8 A0A8V0ZSN8 A0A8V1A9R2 A0A8V1A8R2 A0A8V0Y070 A0A8V0XMI5 A0A8V0YW57 A0A1D5PLP1 A0A8V1A7R0 A0A1I7Q3Z0 A0A8V0ZEJ3
Biological Process,regulation of protein metabolic process,5,GO:0051246,63,655,255,2734,1.03,0.7583601446326724,0.12,A0A8V1AG56 A0A8V0X4D8 A0A8V0YBZ6 Q98938 A0A8V1ABA3 A0A8V0Y999 A0A8V0XMI5 A0A8V1ACH5 A0A1L1RP76 A0A8V0Y290 A0A8V1A0B4 A0A1I7Q3Z0 A0A8V0ZH96 A0A8V1A3H9 A0A1D5P6T3 A0A8V0Y0F3 A0A8V0YFT7 A0A8V1A8N2 A0A8V0X637 A0A1D5P480 E1C733 A0A1D5PEW1 A0A1L1RX77 A0A8V0ZP32 A0A8V0YLI1 A0A8V0ZSX6 A0A8V0YRF2 A0A8V0YVB6 A0A8V0X1T3 A0A8V1A7R0 A0A1D5P0D7 A0A8V0ZZZ5 Q0PVE4 A0A8V1A3N1 A0A1L4FLS3 A0A8V0ZE58 A0A8V0X7P4 A0A8V0XPN5 Q5ZJW4 Q00649 A0A8V0YSF6 A0A8V0XE48 A0A8V1ABC9 A0A8V0XKW4 A0A8V0ZE30 A0A8V0ZY56 A0A8V0ZDW7 A0A8V0ZKI8 A0A3Q2TU24 A0A8V0YWI5 A0A8V1A3S8 A0A8V0ZSN8 A0A8V0YDT4 A0A8V1A9R2 A0A1D5P201 P26652 A0A1D5PSI3 A0A8V1AJI2 A0A8V0YDD6 A0A8V0YLZ8 A0A8V0YRG2 A0A8V0YHS1 A0A8V0YWM3
Biological Process,positive regulation of secretion,5,GO:0051047,13,132,255,2734,1.06,0.760417343480638,0.12,A0A8V1AG56 A0A8V0YIC3 A0A8V0YWI5 A0A1D5NT61 A0A8V0XBD4 A0A8V0X7P4 A0A8V0ZY91 A0A8V0XMI5 A0A8V0YY90 A0A8V0ZJJ7 A0A8V1ABC9 A0A8V0YDL8 A0A1I7Q3Z0
Biological Process,regulation of immune system process,3,GO:0002682,32,330,255,2734,1.04,0.7629075680499516,0.12,A0A8V1AG56 Q98938 A0A8V0XMI5 A0A8V0YDT5 A0A3Q2UHS2 A0A8V0XEJ0 A0A8V0Y290 A0A1I7Q3Z0 A0A8V1ACV0 A0A8V1A3H9 P02460 A0A8V0Y0F3 A0A8V0YFT7 A0A8V1A8N2 A0A8V0ZP32 A0A8V0YW57 A0A8V0YLI1 A0A8V0ZSX6 A0A8V0YRF2 A0A8V1A7R0 A0A8V0ZZD4 A0A8V0ZZZ5 A0A1L4FLS3 A0A8V0YSF6 A0A8V1ABC9 A0A8V0ZRP2 K9JA28 A0A8V0ZJ97 A0A8V0ZSN8 A0A8V1A9R2 P01875 A0A8V0YHS1
Biological Process,cytoplasmic microtubule organization,4,GO:0031122,3,31,255,2734,1.04,0.762954073876122,0.12,A0A8V0ZE30 A0A1D5NTR5 A0A1D5PBU5
Biological Process,sensory perception of light stimulus,5,GO:0050953,3,31,255,2734,1.04,0.762954073876122,0.12,A0A8V0YLZ8 A0A8V1ABC9 P02460
Biological Process,regulation of stress fiber assembly,6,GO:0051492,3,31,255,2734,1.04,0.762954073876122,0.12,A0A8V0YLZ8 A0A8V0ZTR7 A0A8V0XE48
Biological Process,response to fibroblast growth factor,4,GO:0071774,3,31,255,2734,1.04,0.762954073876122,0.12,P33005 A0A8V0YXI7 P02460
Biological Process,regulation of coagulation,4,GO:0050818,3,31,255,2734,1.04,0.762954073876122,0.12,A0A3Q2TU24 A0A8V1ABC9 P15120
Biological Process,transforming growth factor beta receptor signaling pathway,7,GO:0007179,3,31,255,2734,1.04,0.762954073876122,0.12,A0A8V0XPE8 A0A8V0X4D8 A0A1I7Q3Z0
Biological Process,regulation of response to cytokine stimulus,4,GO:0060759,2,32,255,2734,0.67,0.763334095708359,0.12,A0A8V1AG56 A0A8V0YFT7
Biological Process,positive regulation of reactive oxygen species metabolic process,6,GO:2000379,2,32,255,2734,0.67,0.763334095708359,0.12,A0A1D5P6T3 P15120
Biological Process,detection of abiotic stimulus,3,GO:0009582,2,32,255,2734,0.67,0.763334095708359,0.12,A0A8V0YLI1 A0A8V1ABC9
Biological Process,regulation of lipid transport,5,GO:0032368,2,32,255,2734,0.67,0.763334095708359,0.12,A0A1D5PSI3 A0A8V0YWM3
Biological Process,cellular oxidant detoxification,3,GO:0098869,2,32,255,2734,0.67,0.763334095708359,0.12,A0A8V0YGN2 A0A8V0Y3L3
Biological Process,vesicle-mediated transport to the plasma membrane,3,GO:0098876,2,32,255,2734,0.67,0.763334095708359,0.12,A0A8V0YIC3 A0A8V0XYK6
Biological Process,regulation of mRNA processing,7,GO:0050684,2,33,255,2734,0.65,0.7639472198123902,0.12,A0A1D5PSI3 A0A8V0XXW6
Biological Process,odontogenesis,4,GO:0042476,2,33,255,2734,0.65,0.7639472198123902,0.12,A0A8V0ZKI8 A0A1I7Q421
Biological Process,platelet activation,3,GO:0030168,2,33,255,2734,0.65,0.7639472198123902,0.12,A0A1I7Q3Z0 A0A8V1ABC9
Biological Process,establishment or maintenance of epithelial cell apical/basal polarity,5,GO:0045197,2,33,255,2734,0.65,0.7639472198123902,0.12,A0A8V1AG56 Q0PVE4
Biological Process,regulation of protein tyrosine kinase activity,7,GO:0061097,2,33,255,2734,0.65,0.7639472198123902,0.12,A0A8V0ZZZ5 A0A8V1A3S8
Biological Process,negative regulation of protein polymerization,7,GO:0032272,2,33,255,2734,0.65,0.7639472198123902,0.12,Q00649 A0A1D5PBU5
Biological Process,establishment or maintenance of cell polarity,2,GO:0007163,14,139,255,2734,1.08,0.7640124382356266,0.12,A0A8V1AG56 Q0PVE4 A0A8V0YTK5 A0A1D5PBU5 A0A8V0ZSN8 A0A8V0YK18 A0A8V1A9R2 A0A8V0YDU6 A0A8V0ZUU4 A0A3Q2UHS2 A0A8V0XE48 A0A1D5PBZ8 A0A8V1A0B4 A0A8V0YVI8
Biological Process,aerobic respiration,6,GO:0009060,2,34,255,2734,0.63,0.7652581386217563,0.12,A0A8V0Y9B0 A0A8V0YC20
Biological Process,positive regulation of protein binding,5,GO:0032092,2,34,255,2734,0.63,0.7652581386217563,0.12,A0A8V1AG56 A0A1L1RKY9
Biological Process,cellular detoxification,2,GO:1990748,2,34,255,2734,0.63,0.7652581386217563,0.12,A0A8V0YGN2 A0A8V0Y3L3
Biological Process,positive regulation of smooth muscle cell proliferation,6,GO:0048661,2,34,255,2734,0.63,0.7652581386217563,0.12,A0A8V0YFT7 A0A8V1ABC9
Biological Process,secondary metabolic process,2,GO:0019748,2,34,255,2734,0.63,0.7652581386217563,0.12,A0A8V0YRG2 A0A1D5PBZ8
Biological Process,sister chromatid segregation,5,GO:0000819,2,34,255,2734,0.63,0.7652581386217563,0.12,A0A8V0XE48 A0A1D5PBU5
Biological Process,positive regulation of catalytic activity,4,GO:0043085,34,347,255,2734,1.05,0.7668052886641867,0.12,A0A8V1AG56 A0A8V0YBZ6 Q98938 A0A8V0XMI5 A0A1I7Q3Z0 A0A8V0ZEJ3 A0A1D5P6T3 A0A8V0YFT7 E1C733 A0A1D5PEW1 A0A8V1ADS4 A0A8V0YW57 A0A8V0YLI1 A0A8V0X1T3 A0A8V1A7R0 A0A8V0ZZZ5 A0A8V1A3N1 A0A8V0Y579 A0A1L4FLS3 A0A8V0ZE58 A0A8V0Z086 A0A8V0YSF6 A0A8V0XE48 A0A8V0XKW4 A0A3Q2TU24 A0A8V0YWI5 A0A8V0ZTR7 A0A8V1A3S8 A0A8V0ZSN8 A0A8V0YDT4 A0A8V1A9R2 A0A8V0YF36 A0A8V0YDD6 A0A8V0YWM3
Biological Process,salivary gland morphogenesis,5,GO:0007435,2,35,255,2734,0.61,0.767214320799417,0.12,A0A8V1AG56 A0A1D5PZ68
Biological Process,negative regulation of cysteine-type endopeptidase activity involved in apoptotic process,7,GO:0043154,2,35,255,2734,0.61,0.767214320799417,0.12,A0A1I7Q3Z0 A0A8V0YRF2
Biological Process,flagellated sperm motility,3,GO:0030317,2,35,255,2734,0.61,0.767214320799417,0.12,A0A8V0XBD4 A0A1D5PBU5
Biological Process,stress-activated protein kinase signaling cascade,4,GO:0031098,2,35,255,2734,0.61,0.767214320799417,0.12,A0A8V1AG56 A0A8V1A0B4
Biological Process,regulation of proteasomal ubiquitin-dependent protein catabolic process,6,GO:0032434,2,35,255,2734,0.61,0.767214320799417,0.12,A0A8V0X7P4 A0A8V1ABA3
Biological Process,regulation of localization,3,GO:0032879,68,753,255,2734,0.97,0.7689200158399969,0.11,A0A8V1AG56 A0A8V0X4D8 A0A8V0XBD4 Q98938 A0A8V0YBZ6 A0A8V0Y999 A0A8V1AEJ4 A0A8V0XMI5 A0A8V0Z4R1 A0A8V0ZUU4 A0A8V0YDT5 A0A8V0YDL8 A0A3Q2UHS2 P15120 A0A1D5PBZ8 A0A8V0Y290 A0A1I7Q3Z0 A0A8V0YVI8 A0A8V0XYK6 A0A8V1A3H9 A0A1D5P6T3 A0A8V0Z8V4 A0A1I7Q421 A0A8V0Y0F3 A0A8V0ZSG8 A0A8V0XM02 E1C733 A0A1L1RX77 A0A8V0YLI1 A0A8V1ADS4 A0A8V0ZCF7 A0A8V1ACD6 A0A1D5P7Y2 A0A8V1A7R0 E1C0K5 A0A8V0YIC3 A0A8V0ZZZ5 Q0PVE4 A0A8V0Z189 A0A8V0ZE58 A0A8V0X7P4 A0A8V0ZY91 Q00649 A0A8V0YY90 A0A8V0ZJJ7 A0A8V0XE48 A0A8V0YSF6 A0A8V1ABC9 A0A8V0Z8N6 A0A8V0ZRP2 A0A8V0ZDW7 A0A3Q2TU24 A0A8V0XM98 A0A8V0YWI5 A0A8V0ZTR7 A0A1D5PBU5 A0A1D5NT61 A0A8V0YDT4 A0A8V1A3S8 A0A8V1A9R2 A0A1D5PSI3 A0A8V0YDD6 A0A8V1AM47 A0A8V0XMV0 A0A8V0YLZ8 A0A8V0YRG2 A0A1D5PZ68 A0A8V0YWM3
Biological Process,hematopoietic or lymphoid organ development,4,GO:0048534,14,143,255,2734,1.05,0.7692535329302272,0.11,A0A8V1AG56 A0A1I7Q421 A0A8V0ZSG8 A0A8V0ZSN8 A0A8V1A9R2 A0A1D5PSI3 A0A8V0Y070 A0A8V0XMI5 A0A8V1A8R2 A0A8V0YW57 A0A1D5PLP1 A0A8V1A7R0 A0A1I7Q3Z0 A0A8V0ZEJ3
Biological Process,post-translational protein modification,5,GO:0043687,12,144,255,2734,0.89,0.7694928134955357,0.11,E1C744 A0A1D5P480 A0A8V0ZE58 A0A8V0ZY42 A0A8V1AAN6 A0A8V0XPE8 A0A8V0YDD6 A0A8V0ZFG7 F1NNN0 E1C0K5 A0A8V0ZH96 A0A8V0ZEC1
Biological Process,positive regulation of chromosome organization,7,GO:2001252,2,36,255,2734,0.6,0.7697625826369261,0.11,A0A8V1A9R2 A0A8V0ZSN8
Biological Process,cellular response to radiation,4,GO:0071478,2,36,255,2734,0.6,0.7697625826369261,0.11,A0A8V0ZSX6 A0A8V1ABC9
Biological Process,chaperone-mediated protein folding,3,GO:0061077,2,36,255,2734,0.6,0.7697625826369261,0.11,A0A8V0YGQ5 Q00649
Biological Process,sperm motility,2,GO:0097722,2,36,255,2734,0.6,0.7697625826369261,0.11,A0A8V0XBD4 A0A1D5PBU5
Biological Process,dicarboxylic acid metabolic process,6,GO:0043648,2,36,255,2734,0.6,0.7697625826369261,0.11,A0A8V0Y9B0 A0A1D5NT61
Biological Process,protein complex oligomerization,6,GO:0051259,12,147,255,2734,0.88,0.7701388960825577,0.11,A0A8V0Y4M6 A0A1D5P6T3 A0A8V0Y0F3 A0A8V1AHP7 A0A8V0Y290 A0A8V0ZHX5 A0A1D5PMN7 A0A8V0Z4R1 A0A8V0YC20 A0A8V0YGN2 A0A8V0YGQ5 A0A8V0XKW4
Biological Process,positive regulation of dendrite development,5,GO:1900006,4,37,255,2734,1.16,0.7728497498575124,0.11,A0A8V0YDT5 A0A1D5PBZ8 A0A8V0X4D8 A0A1D5PSI3
Biological Process,negative regulation of canonical Wnt signaling pathway,7,GO:0090090,4,37,255,2734,1.16,0.7728497498575124,0.11,A0A8V0ZKI8 A0A1D5P480 A0A8V0X097 A0A8V1AG56
Biological Process,positive regulation of organelle assembly,6,GO:1902117,4,37,255,2734,1.16,0.7728497498575124,0.11,A0A8V0ZE30 A0A8V0X7P4 A0A1I7Q3Z0 A0A8V0ZTC0
Biological Process,gamete generation,3,GO:0007276,33,378,255,2734,0.94,0.7748931272115549,0.11,A0A8V0XBD4 Q98938 A0A8V0YDU6 A0A8V0XMI5 A0A8V0ZUU4 A0A1D5NTR5 A0A8V0XH99 A0A8V0YDT5 P15120 A0A1I7Q3Z0 A0A8V0ZEC1 A0A1I7Q421 A0A8V0XZH4 F1NTQ2 A0A8V0WZN3 A0A8V0XXW6 A0A8V0YW57 A0A8V0YIC3 Q0PVE4 A0A8V0XE48 A0A8V0Y699 A0A8V0XKW4 A0A8V0ZRP2 A0A8V0ZF83 A0A1D5PLP1 A0A8V0ZE30 A0A8V0ZJ97 A0A1D5PBU5 Q05744 A0A8V0ZSN8 A0A8V1A9R2 A0A8V0Y070 A0A8V0YRG2
Biological Process,regulation of cell population proliferation,4,GO:0042127,37,380,255,2734,1.04,0.7754705153883087,0.11,A0A8V1AG56 Q98938 A0A8V0XMI5 P15120 A0A1I7Q3Z0 A0A8V1AAN6 A0A8V0ZYI9 A0A8V1A3H9 A0A1D5P6T3 A0A1D5P6Q1 A0A8V0YFT7 E1C733 A0A1D5PEW1 A0A8V0XXW6 A0A8V0YLI1 A0A8V0YVB6 A0A8V0YRF2 A0A8V1A7R0 E1C0K5 A0A1D5P0D7 A0A8V0ZZZ5 A0A8V1A3N1 A0A8V0ZE58 A0A8V0X7P4 A0A8V0YSF6 A0A8V1ABC9 K9JA28 Q92182 A0A8V0ZKI8 A0A3Q2TU24 A0A8V0YWI5 A0A8V0ZSN8 A0A8V0YDT4 A0A8V1A9R2 A0A8V0YF36 A0A8V0YDD6 Q9W6H0
Biological Process,negative regulation of protein localization,5,GO:1903828,4,38,255,2734,1.13,0.7764232243160412,0.11,A0A8V0Z189 A0A1D5P6T3 A0A8V0X4D8 A0A8V0XE48
Biological Process,response to alkaloid,5,GO:0043279,4,38,255,2734,1.13,0.7764232243160412,0.11,A0A8V0YDL8 A0A1D5P692 P15120 A0A8V0X637
Biological Process,regulation of organ growth,4,GO:0046620,4,38,255,2734,1.13,0.7764232243160412,0.11,A0A8V0XH99 A0A8V0XXK8 Q98938 A0A8V0XMV0
Biological Process,positive regulation of immune response,5,GO:0050778,13,156,255,2734,0.89,0.7769671643028464,0.11,A0A8V1AG56 A0A8V0ZZD4 A0A8V0ZZZ5 A0A8V1A8N2 A0A1L4FLS3 A0A8V0XMI5 A0A8V0YW57 A0A8V0ZSX6 A0A3Q2UHS2 A0A8V0XEJ0 P01875 A0A1I7Q3Z0 A0A8V0YHS1
Biological Process,cellular response to steroid hormone stimulus,5,GO:0071383,4,39,255,2734,1.1,0.7804314627505132,0.11,A0A8V0Z6E4 A0A1I7Q3Z0 A0A8V0Z8N6 A0A8V0YWM3
Biological Process,DNA repair,5,GO:0006281,4,39,255,2734,1.1,0.7804314627505132,0.11,A0A8V0XMI5 A0A8V0YW57 A0A8V0ZEC1 A0A3Q2TTB3
Biological Process,regulation of cellular process,3,GO:0050794,167,1814,255,2734,0.99,0.7808334446469736,0.11,A0A8V0Y8Q2 A0A8V1A9L3 A0A8V1ABA3 A0A8V0XEP8 A0A1D5NTR5 A0A8V0YQU2 A0A8V0YDT5 A0A3Q2UHS2 A0A1D5PBZ8 P15120 A0A8V0XEJ0 A0A8V0ZEJ3 A0A8V1ACV0 A0A8V0Z8V4 A0A1D5P480 A0A8V0XXW6 A0A1L1RX77 A0A8V0XPE8 A0A8V0YW57 Q5ZJ73 A0A8V1ACD6 A0A8V1A7R0 E1C0K5 A0A8V0Y4Q2 A0A8V1A3N1 A0A8V0X7P4 A0A8V0XW00 A0A8V0Y9F8 A0A8V0YY90 A0A8V0XE48 A0A8V0Y699 A0A8V0YXI7 A0A8V0XXK8 Q92182 F1NGB8 A0A3Q2TU24 A0A8V0XM98 A0A8V0ZTR7 A0A8V1AHP7 A0A8V0ZSN8 A0A8V0ZUA4 A0A8V1A9R2 A0A8V0YF36 A0A1D5PSI3 A0A8V0Y070 Q9W6H0 A0A8V0XMV0 A0A1D5NYA8 A0A8V1AG56 A0A8V0Z6E4 A0A8V0XMI5 A0A8V0XDR8 A0A8V0ZUU4 A0A8V0XH99 A0A8V1A0B4 A0A1I7Q3Z0 A0A8V0ZH96 A0A1D5PXI1 P02460 A0A8V0Y0F3 A0A8V0X637 F1NTQ2 A0A1D5NYS2 A0A1D5PEW1 A0A8V0ZXC9 A0A8V0YRF2 A0A8V0X1T3 A0A8V1A6B5 A0A1D5P7Y2 A0A1D5P0D7 A0A8V0ZZZ5 Q0PVE4 A0A8V0ZRV9 A0A8V0ZE58 A0A8V0XPN5 Q5ZJW4 Q00649 A0A8V0YSF6 A0A1D5PDV9 A0A8V1ABC9 A0A8V0XKW4 A0A8V0ZRP2 A0A8V0ZE30 A0A8V1ADF6 A0A8V0Y4M6 A0A8V0YWI5 A0A1D5PBU5 A0A1D5P201 P26652 A0A8V1AJI2 A0A1D5PT01 P33005 A0A8V0YRG2 A0A8V0X4D8 A0A8V0XBD4 A0A8V0YBZ6 A0A8V1AFP7 A0A8V0Y0X2 A0A1L1RP76 A0A8V0YVI8 A0A8V0XYK6 A0A1D5P6Q1 A0A8V0YFT7 A0A8V0ZSG8 A0A8V0ZHX5 A0A8V0YK18 E1C733 A0A8V1A8R2 A0A8V1ADS4 A0A8V0ZSX6 A0A8V0ZY91 A0A8V0Y8I0 A0A8V0XXZ4 A0A1D5PLP1 A0A8V0ZF83 A0A8V0ZY56 A0A8V0ZKI8 A0A8V0YDT4 A0A8V0Z3U6 A0A8V0Y652 A0A8V0YG24 A0A8V0YLZ8 A0A8V0YDL8 P01875 Q98938 A0A8V0Y999 A0A8V0YDU6 A0A8V1ACH5 A0A8V0XWF0 A0A8V0ZFG7 Q6ITC7 A0A8V0XUJ8 A0A8V0Y290 A0A8V0X097 A0A8V0ZTC0 A0A8V0YMR1 A0A8V1AAN6 A0A8V0ZYI9 A0A8V1A3H9 A0A1D5P6T3 F1NXR0 A0A1I7Q421 A0A8V0YLX0 A0A8V0YQ88 A0A3Q2UGW3 A0A8V0XM02 A0A8V0YGQ5 A0A8V0YLI1 A0A8V0ZCF7 A0A8V0YVB6 A0A8V0YIC3 A0A8V0Z189 A0A1L4FLS3 A0A3Q2TT95 A0A8V0ZJJ7 A0A8V0Z8N6 A0A8V1AEJ0 K9JA28 A0A8V0ZDW7 A0A1D5NT61 A0A8V1A3S8 A0A8V0Z9Z7 A0A1D5PMN7 A0A8V0Z938 A0A8V0YDD6 A0A1D5PZ68 A0A8V0YWM3
Biological Process,protein localization to membrane,4,GO:0072657,14,165,255,2734,0.91,0.7835802781960024,0.11,A0A8V0ZKI8 A0A8V0X4D8 A0A8V0YIC3 A0A8V0ZZZ5 A0A8V0ZUA4 A0A8V0XYK6 A0A8V0X7P4 A0A8V0XPN5 A0A8V1A8R2 R4GGQ4 A0A8V0XE48 Q6ITC7 A0A8V1ACV0 A0A1D5PGC2
Biological Process,mitotic cell cycle process,3,GO:1903047,14,167,255,2734,0.9,0.7836713018707252,0.11,A0A8V0YIC3 Q0PVE4 A0A8V0XBD4 A0A1D5PBU5 A0A8V0YTK5 A0A8V0Z9Z7 A0A8V0YW57 A0A8V0ZFG7 A0A8V0XE48 A0A8V1ABC9 A0A1D5PBZ8 A0A8V0ZE30 A0A8V0ZRP2 A0A8V0XYK6
Biological Process,adherens junction organization,6,GO:0034332,4,40,255,2734,1.07,0.7848243748701144,0.11,Q0PVE4 A0A8V1A0B4 A0A1I7Q3Z0 A0A8V0ZZZ5
Biological Process,cellular response to starvation,4,GO:0009267,4,40,255,2734,1.07,0.7848243748701144,0.11,A0A8V1AHP7 A0A8V0ZSX6 A0A8V0ZSG8 A0A8V1ABA3
Biological Process,modulation of process of another organism,2,GO:0035821,4,40,255,2734,1.07,0.7848243748701144,0.11,A0A1D5P6T3 A0A8V0ZSX6 A0A8V0ZH96 E1C733
Biological Process,positive regulation of axonogenesis,6,GO:0050772,4,40,255,2734,1.07,0.7848243748701144,0.11,A0A8V1AG56 A0A8V0YDD6 A0A8V0Z3U6 A0A8V0ZUU4
Biological Process,positive regulation of small molecule metabolic process,5,GO:0062013,4,40,255,2734,1.07,0.7848243748701144,0.11,A0A1D5P6T3 A0A8V1A7R0 A0A1I7Q3Z0 A0A8V0XMI5
Biological Process,cardiac chamber development,3,GO:0003205,4,40,255,2734,1.07,0.7848243748701144,0.11,A0A8V0XPE8 A0A8V0ZE58 A0A1D5PZ68 A0A8V1AG56
Biological Process,cellular response to hormone stimulus,4,GO:0032870,17,173,255,2734,1.05,0.7871705277420564,0.1,A0A1D5P6T3 A0A8V0Z6E4 A0A8V0YFT7 A0A8V0ZSN8 A0A8V1A9R2 A0A8V0YWM3 A0A1D5PSI3 A0A8V0ZY91 A0A8V0XPE8 A0A8V0YLI1 A0A8V0YDD6 A0A8V0XE48 A0A8V0Z8N6 A0A8V0XUJ8 A0A8V1A7R0 A0A1I7Q3Z0 P02460
Biological Process,negative regulation of RNA metabolic process,6,GO:0051253,17,174,255,2734,1.05,0.7881978089802343,0.1,A0A8V1AG56 A0A8V0Y0F3 A0A1I7Q421 A0A8V0YFT7 A0A8V0ZSG8 A0A8V0Z9Z7 A0A1D5PSI3 A0A8V0XMI5 A0A1D5NTR5 Q5ZJ73 A0A8V0YLI1 A0A8V0Y699 Q6ITC7 A0A8V0Y290 A0A8V1A7R0 A0A1I7Q3Z0 A0A8V0ZE30
Biological Process,response to estrogen,4,GO:0043627,4,41,255,2734,1.05,0.7895536480720737,0.1,A0A8V0XXM5 E1C0K5 P26652 A0A8V1ABA3
Biological Process,antigen processing and presentation of peptide antigen via MHC class II,4,GO:0002495,4,41,255,2734,1.05,0.7895536480720737,0.1,A0A8V0ZRP2 A0A8V0YSF6 A0A1D5PBU5 Q05744
Biological Process,placenta development,4,GO:0001890,4,41,255,2734,1.05,0.7895536480720737,0.1,A0A1L1RX77 A0A8V0ZE58 A0A8V0Z8N6 A0A8V0ZUA4
Biological Process,antigen processing and presentation of exogenous peptide antigen via MHC class II,5,GO:0019886,4,41,255,2734,1.05,0.7895536480720737,0.1,A0A8V0ZRP2 A0A8V0YSF6 A0A1D5PBU5 Q05744
Biological Process,microtubule organizing center organization,3,GO:0031023,4,41,255,2734,1.05,0.7895536480720737,0.1,A0A8V0Z3U6 A0A8V0XE48 A0A1D5PBU5 A0A8V0YTK5
Biological Process,negative regulation of neuron apoptotic process,7,GO:0043524,4,41,255,2734,1.05,0.7895536480720737,0.1,A0A8V0YW57 A0A8V0YLX0 A0A8V0YSF6 A0A8V0YRF2
Biological Process,antigen processing and presentation of peptide or polysaccharide antigen via MHC class II,3,GO:0002504,4,41,255,2734,1.05,0.7895536480720737,0.1,A0A8V0ZRP2 A0A8V0YSF6 A0A1D5PBU5 Q05744
Biological Process,protein targeting to ER,5,GO:0045047,4,41,255,2734,1.05,0.7895536480720737,0.1,P28687 A0A8V1A8R2 A0A8V0XPN5 Q6ITC7
Biological Process,heart development,4,GO:0007507,18,181,255,2734,1.07,0.790930096792397,0.1,A0A8V0ZKI8 A0A1D5P6T3 A0A8V0Z8V4 A0A8V1AG56 A0A8V0Y0F3 A0A8V0ZSG8 Q98938 A0A8V0ZUA4 A0A8V0ZE58 A0A8V0XPE8 A0A3Q2UHS2 A0A8V0ZCF7 A0A8V1ALI6 A0A1D5PBZ8 A0A8V0Y290 A0A1D5PZ68 A0A8V0XXK8 P02460
Biological Process,organic substance catabolic process,3,GO:1901575,44,455,255,2734,1.04,0.7911301372454236,0.1,A0A8V1A9L3 F1NBR3 A0A8V1ABA3 A0A8V0XEP8 A0A8V0XMI5 A0A8V0YC89 A0A8V1ACH5 A0A8V0XH99 A0A8V0ZFG7 A0A8V0ZIF0 Q6ITC7 A0A8V0YC98 A0A8V0ZH96 A0A1D5PXI1 A0A8V0ZSC5 A0A8V0X637 F1NTQ2 A0A8V0XWD4 A0A8V1A8R2 A0A1L1RX77 A0A8V0ZP32 A0A8V0ZCF7 A0A8V0YVB6 A0A8V0XA92 A0A1D5P692 A0A8V0YZJ3 A0A8V0ZY42 A0A8V0XPN5 A0A8V0Z086 A0A8V0Y9F8 A0A8V0YSF6 A0A8V1ALI6 A0A8V0XKW4 A0A8V0ZRP2 A0A8V0ZE30 A0A8V0ZY56 A0A8V0Y4M6 A0A1D5NT61 Q05744 A0A1D5PMN7 A0A8V0YBE2 Q9W6H0 A0A8V1A8L5 A0A8V0YWM3
Biological Process,negative regulation of nucleobase-containing compound metabolic process,6,GO:0045934,18,183,255,2734,1.05,0.7923113408676492,0.1,A0A8V1AG56 A0A8V0Y0F3 A0A1I7Q421 A0A8V0YFT7 A0A8V0ZSG8 A0A8V0Z9Z7 A0A1D5PSI3 A0A8V0XMI5 A0A1D5NTR5 A0A8V0YW57 Q5ZJ73 A0A8V0YLI1 A0A8V0Y699 Q6ITC7 A0A8V0Y290 A0A8V1A7R0 A0A1I7Q3Z0 A0A8V0ZE30
Biological Process,associative learning,5,GO:0008306,3,42,255,2734,0.77,0.793226495655051,0.1,A0A8V0XM98 A0A8V0YSF6 A0A8V0ZDW7
Biological Process,negative regulation of epithelial cell proliferation,6,GO:0050680,3,42,255,2734,0.77,0.793226495655051,0.1,A0A8V0ZKI8 A0A8V0YFT7 A0A8V1AG56
Biological Process,"regulation of tube architecture, open tracheal system",3,GO:0035152,3,43,255,2734,0.75,0.7932757330698894,0.1,A0A1D5PBZ8 A0A8V0Y699 A0A8V0ZUU4
Biological Process,DNA-templated transcription,6,GO:0006351,3,43,255,2734,0.75,0.7932757330698894,0.1,A0A8V1A7R0 A0A8V0YFT7 A0A1D5PSI3
Biological Process,cellular response to xenobiotic stimulus,4,GO:0071466,3,43,255,2734,0.75,0.7932757330698894,0.1,A0A8V0Y9F8 A0A8V0Z6E4 A0A8V0YGN2
Biological Process,single fertilization,3,GO:0007338,3,43,255,2734,0.75,0.7932757330698894,0.1,A0A8V0XXM5 F1NTQ2 A0A8V1A3N1
Biological Process,positive regulation of amide metabolic process,6,GO:0034250,3,43,255,2734,0.75,0.7932757330698894,0.1,A0A8V0ZSX6 A0A8V0ZE58 A0A8V0XE48
Biological Process,response to hydrogen peroxide,4,GO:0042542,3,44,255,2734,0.73,0.7938134773544693,0.1,Q00649 A0A1I7Q3Z0 A0A8V0YWM3
Biological Process,innate immune response-activating signaling pathway,4,GO:0002758,3,44,255,2734,0.73,0.7938134773544693,0.1,A0A1L4FLS3 A0A1I7Q3Z0 A0A8V0XMI5
Biological Process,mitochondrial ATP synthesis coupled electron transport,7,GO:0042775,3,44,255,2734,0.73,0.7938134773544693,0.1,A0A8V0ZRZ8 A0A8V0XCD2 A0A8V0YWM3
Biological Process,ATP synthesis coupled electron transport,6,GO:0042773,3,44,255,2734,0.73,0.7938134773544693,0.1,A0A8V0ZRZ8 A0A8V0XCD2 A0A8V0YWM3
Biological Process,multicellular organism reproduction,2,GO:0032504,42,474,255,2734,0.95,0.7943502173880854,0.1,A0A8V1AG56 A0A8V0XBD4 Q98938 A0A8V0YDU6 A0A8V0XMI5 A0A8V0ZUU4 A0A1D5NTR5 A0A8V0XH99 A0A3Q2UHS2 A0A8V0YDT5 P15120 A0A1D5PBZ8 A0A1I7Q3Z0 A0A8V0ZEC1 A0A1I7Q421 A0A8V0XZH4 F1NTQ2 A0A8V0WZN3 A0A8V0XXW6 A0A8V0YW57 A0A8V0ZSX6 A0A8V0YIC3 Q0PVE4 A0A8V0Y9F8 A0A8V0XE48 A0A8V0Y699 A0A8V0Z8N6 A0A8V0XKW4 A0A8V0YXI7 A0A8V0ZF83 A0A8V0ZRP2 A0A1D5PLP1 A0A8V0ZE30 A0A8V0ZJ97 A0A1D5PBU5 Q05744 A0A8V0ZSN8 A0A8V0ZUA4 A0A8V1A9R2 A0A8V0Y070 A0A8V0Z938 A0A8V0YRG2
Biological Process,axoneme assembly,5,GO:0035082,3,45,255,2734,0.71,0.7948136567884454,0.1,A0A8V0XZH4 A0A8V0ZBM0 A0A1D5PBU5
Biological Process,regulation of epidermal growth factor receptor signaling pathway,6,GO:0042058,3,45,255,2734,0.71,0.7948136567884454,0.1,A0A8V1A6B5 A0A8V0ZYI9 A0A8V0Y699
Biological Process,regulation of lipid biosynthetic process,5,GO:0046890,3,45,255,2734,0.71,0.7948136567884454,0.1,A0A8V0Y4M6 A0A3Q2TU24 A0A8V0ZE58
Biological Process,nuclear chromosome segregation,4,GO:0098813,3,45,255,2734,0.71,0.7948136567884454,0.1,A0A8V0Z9Z7 A0A8V0XE48 A0A1D5PBU5
Biological Process,response to inorganic substance,3,GO:0010035,16,186,255,2734,0.92,0.7951973510157517,0.1,A0A8V1AG56 A0A1D5P6T3 A0A3Q2TU24 A0A8V0XYK6 A0A1D5NT61 A0A8V1AEJ4 A0A8V0YLI1 Q00649 A0A8V0YDD6 A0A8V0YSF6 A0A8V0ZSX6 A0A8V0YDL8 A0A8V1A0B4 A0A1I7Q3Z0 A0A8V0Y3L3 A0A8V0YWM3
Biological Process,regulation of protein transport,5,GO:0051223,16,190,255,2734,0.9,0.7956032475161211,0.1,A0A8V1AG56 A0A1D5P6T3 A0A1D5NT61 A0A8V1A3S8 A0A8V0YDT4 A0A8V0XM02 A0A8V0Z189 A0A8V0ZY91 A0A8V0XMI5 A0A8V0YDD6 A0A8V0YY90 A0A8V1ABC9 A0A8V0XMV0 A0A8V0YDL8 A0A1I7Q3Z0 A0A8V0XYK6
Biological Process,regulation of synaptic assembly at neuromuscular junction,5,GO:0008582,3,46,255,2734,0.7,0.7962489328768675,0.1,A0A1D5P6T3 A0A8V0X4D8 A0A8V0ZTR7
Biological Process,phosphatidylinositol metabolic process,6,GO:0046488,3,46,255,2734,0.7,0.7962489328768675,0.1,A0A8V1ACH5 A0A3Q2TU24 A0A1I7Q3Z0
Biological Process,anatomical structure maturation,3,GO:0071695,3,46,255,2734,0.7,0.7962489328768675,0.1,A0A8V0YLZ8 A0A8V0YRG2 A0A1D5PBZ8
Biological Process,regulation of blood pressure,3,GO:0008217,3,46,255,2734,0.7,0.7962489328768675,0.1,A0A8V0YF36 A0A8V0XA92 A0A8V0YVB6
Biological Process,nuclear-transcribed mRNA catabolic process,7,GO:0000956,5,47,255,2734,1.14,0.7980910551864113,0.1,A0A8V0XPN5 A0A8V1A8R2 Q6ITC7 A0A8V0ZE30 A0A8V0ZY56
Biological Process,muscle contraction,4,GO:0006936,5,48,255,2734,1.12,0.8003111860241783,0.1,A0A8V0ZY91 A0A1L1RKY9 A0A8V1ALI6 A0A8V0Y699 A0A8V0XE48
Biological Process,peptidyl-serine modification,6,GO:0018209,5,48,255,2734,1.12,0.8003111860241783,0.1,A0A8V0Z6S1 A0A1L1RX77 A0A8V0XE48 A0A8V1ABC9 A0A1I7Q3Z0
Biological Process,homeostasis of number of cells,3,GO:0048872,5,48,255,2734,1.12,0.8003111860241783,0.1,A0A8V0ZSN8 A0A8V1A9R2 A0A8V0XMI5 A0A8V0Y9B0 A0A8V0XXK8
Biological Process,response to amino acid,4,GO:0043200,5,48,255,2734,1.12,0.8003111860241783,0.1,P26652 A0A1D5PSI3 A0A8V0YW57 A0A8V0XMV0 A0A8V0YWM3
Biological Process,glial cell differentiation,4,GO:0010001,5,48,255,2734,1.12,0.8003111860241783,0.1,A0A8V0ZKI8 Q98938 A0A1D5PBZ8 A0A8V0YLZ8 A0A8V1A7R0
Biological Process,regulation of secretion by cell,4,GO:1903530,17,201,255,2734,0.91,0.8007203196388855,0.1,A0A8V1AG56 A0A1I7Q421 A0A8V0YIC3 A0A8V0YWI5 A0A1D5NT61 A0A8V0XBD4 A0A8V0YDT4 A0A8V1A3S8 A0A8V0X7P4 A0A8V0ZY91 A0A8V0XMI5 A0A8V0YDD6 A0A8V0YY90 A0A8V0ZJJ7 A0A8V1ABC9 A0A8V0YDL8 A0A1I7Q3Z0
Biological Process,positive regulation of nitrogen compound metabolic process,5,GO:0051173,51,529,255,2734,1.03,0.8027808597377384,0.1,A0A8V1AG56 A0A8V1A9L3 A0A8V0X4D8 A0A8V0XBD4 Q98938 A0A8V1ABA3 A0A8V0YBZ6 A0A8V0XMI5 A0A8V0Y290 A0A1I7Q3Z0 A0A8V0ZH96 A0A1D5P6T3 A0A8V0Y0F3 A0A8V0YFT7 A0A8V0X637 A0A1D5P480 F1NTQ2 E1C733 A0A1L1RX77 A0A8V0YW57 A0A8V0YLI1 A0A8V0ZSX6 A0A8V0YRF2 A0A8V0X1T3 A0A8V1A7R0 A0A1D5P0D7 A0A8V0ZZZ5 A0A8V1A3N1 A0A1L4FLS3 A0A8V0ZE58 A0A8V0X7P4 Q5ZJW4 Q00649 A0A8V0YSF6 A0A8V0XE48 A0A8V1ABC9 A0A8V0XKW4 A0A1D5PLP1 A0A8V0ZE30 A0A8V0ZDW7 A0A8V0ZKI8 A0A3Q2TU24 A0A8V0YWI5 A0A8V1A3S8 A0A8V0ZSN8 A0A8V0YDT4 A0A8V1A9R2 A0A1D5P201 A0A1D5PSI3 A0A8V0YDD6 A0A8V0YWM3
Biological Process,response to tumor necrosis factor,5,GO:0034612,5,49,255,2734,1.09,0.8028801949224549,0.1,A0A1D5P6T3 A0A8V0YFT7 A0A8V1ABA3 E1C733 P02460
Biological Process,negative regulation of secretion by cell,5,GO:1903531,5,49,255,2734,1.09,0.8028801949224549,0.1,A0A1I7Q421 A0A8V1A3S8 A0A8V0YDT4 A0A8V0ZY91 A0A8V0YDD6
Biological Process,maintenance of protein location,3,GO:0045185,5,49,255,2734,1.09,0.8028801949224549,0.1,A0A8V0XPE8 A0A8V0XE48 A0A8V0Y699 A0A8V0YVI8 A0A8V0XYK6
Biological Process,cellular response to metal ion,5,GO:0071248,5,49,255,2734,1.09,0.8028801949224549,0.1,A0A8V1AG56 A0A8V0YDD6 A0A8V0YSF6 A0A8V1A0B4 A0A8V0XYK6
Biological Process,regulation of vesicle-mediated transport,4,GO:0060627,18,210,255,2734,0.92,0.804950951450287,0.09,A0A8V1AG56 A0A8V0XM98 A0A8V0YIC3 A0A8V0ZTR7 A0A8V0XBD4 A0A8V0YBZ6 A0A8V0XM02 A0A8V0Y999 A0A8V0Z189 A0A8V0X7P4 A0A1D5PSI3 A0A8V0XMI5 A0A8V1ADS4 A0A3Q2UHS2 A0A8V1ABC9 A0A8V0ZRP2 E1C0K5 A0A1I7Q3Z0
Biological Process,glycosyl compound metabolic process,4,GO:1901657,5,50,255,2734,1.07,0.8057689233445791,0.09,A0A8V1ABA3 A0A1D5PMN7 A0A8V0YBE2 A0A8V0YC98 A0A8V1A0B4
Biological Process,regulation of wound healing,6,GO:0061041,5,50,255,2734,1.07,0.8057689233445791,0.09,A0A3Q2TU24 A0A8V0XMI5 A0A8V0XE48 A0A8V1ABC9 P15120
Biological Process,cellular response to organic substance,4,GO:0071310,50,560,255,2734,0.96,0.8068596284853917,0.09,A0A8V1AG56 A0A8V0Z6E4 A0A8V0X4D8 A0A8V0YLZ8 A0A8V1ABA3 A0A8V0Y999 A0A8V0XEP8 A0A8V0XMI5 A0A8V0Z4R1 P15120 A0A8V0XUJ8 A0A1I7Q3Z0 P02460 A0A1D5P6T3 A0A1I7Q421 A0A8V0YFT7 E1C733 A0A1L1RX77 A0A8V0XCW4 A0A8V0XPE8 A0A8V0ZSX6 A0A8V0YLI1 A0A8V0ZXC9 A0A8V1A7R0 A0A1D5P0D7 A0A8V1A3N1 A0A1L4FLS3 A0A8V0ZY91 Q00649 A0A8V0YSF6 A0A8V0XE48 A0A8V0Y699 A0A8V1ABC9 A0A8V0XKW4 A0A8V0YXI7 A0A8V0Z8N6 K9JA28 A0A8V0ZKI8 F1NGB8 A0A3Q2TU24 A0A8V0ZJ97 A0A8V0XM98 A0A8V0ZSN8 A0A8V1A9R2 P26652 A0A8V0Y652 A0A1D5PSI3 A0A8V0YDD6 P33005 A0A8V0YWM3
Biological Process,regulation of intrinsic apoptotic signaling pathway,6,GO:2001242,5,51,255,2734,1.05,0.8089484202329276,0.09,A0A8V1AJI2 A0A1D5PSI3 Q00649 A0A8V0XKW4 A0A1I7Q3Z0
Biological Process,response to ammonium ion,4,GO:0060359,5,51,255,2734,1.05,0.8089484202329276,0.09,A0A1D5P692 A0A8V0X637 A0A8V0ZY91 P15120 A0A8V0YDL8
Biological Process,vesicle budding from membrane,5,GO:0006900,5,51,255,2734,1.05,0.8089484202329276,0.09,A0A8V0ZUA4 A0A8V1AFR2 A0A8V0XM02 Q5ZJW4 A0A8V0YVB6
Biological Process,antigen processing and presentation of exogenous peptide antigen,4,GO:0002478,5,51,255,2734,1.05,0.8089484202329276,0.09,A0A1D5PBU5 Q05744 Q5ZJW4 A0A8V0YSF6 A0A8V0ZRP2
Biological Process,regulation of immune response,4,GO:0050776,21,218,255,2734,1.03,0.8092051129465623,0.09,A0A8V1AG56 A0A8V0XMI5 A0A8V0YDT5 A0A3Q2UHS2 A0A8V0XEJ0 A0A1I7Q3Z0 A0A8V1ACV0 P02460 A0A8V0YFT7 A0A8V1A8N2 A0A8V0ZP32 A0A8V0YW57 A0A8V0YLI1 A0A8V0ZSX6 A0A8V0YRF2 A0A8V0ZZD4 A0A8V0ZZZ5 A0A1L4FLS3 A0A8V1A9R2 P01875 A0A8V0YHS1
Biological Process,tripartite regional subdivision,4,GO:0007351,5,52,255,2734,1.03,0.8123901495188346,0.09,A0A8V1AG56 Q98938 A0A8V0Y070 A0A3Q2UHS2 A0A8V0ZF83
Biological Process,"anterior/posterior axis specification, embryo",5,GO:0008595,5,52,255,2734,1.03,0.8123901495188346,0.09,A0A8V1AG56 Q98938 A0A8V0Y070 A0A3Q2UHS2 A0A8V0ZF83
Biological Process,antigen processing and presentation of peptide antigen,3,GO:0048002,5,52,255,2734,1.03,0.8123901495188346,0.09,A0A1D5PBU5 Q05744 Q5ZJW4 A0A8V0YSF6 A0A8V0ZRP2
Biological Process,protein tetramerization,7,GO:0051262,5,52,255,2734,1.03,0.8123901495188346,0.09,A0A8V0Y4M6 A0A1D5P6T3 A0A1D5PMN7 A0A8V0YC20 A0A8V0YGQ5
Biological Process,myeloid cell activation involved in immune response,4,GO:0002275,20,231,255,2734,0.93,0.8132069507305746,0.09,A0A8V0XXM5 A0A8V0XMI5 A0A8V0YC89 A0A8V0YGN2 P15120 A0A8V0ZH96 A0A8V1ACV0 F1NTQ2 Q5ZJ73 A0A8V0YVB6 A0A8V0X7P4 A0A8V0YZJ3 A0A8V0ZY42 A0A8V0Z086 A0A8V1A6Z0 A0A8V0ZJJ7 A0A8V1ALI6 A0A8V0ZRP2 Q05744 A0A8V0YBE2
Biological Process,myeloid leukocyte mediated immunity,4,GO:0002444,20,229,255,2734,0.94,0.8132156113530716,0.09,A0A8V0XXM5 A0A8V0XMI5 A0A8V0YC89 A0A8V0YGN2 P15120 A0A8V0ZH96 A0A8V1ACV0 F1NTQ2 Q5ZJ73 A0A8V0YVB6 A0A8V0X7P4 A0A8V0YZJ3 A0A8V0ZY42 A0A8V0Z086 A0A8V1A6Z0 A0A8V0ZJJ7 A0A8V1ALI6 A0A8V0ZRP2 Q05744 A0A8V0YBE2
Biological Process,regulation of proteasomal protein catabolic process,6,GO:0061136,4,54,255,2734,0.79,0.814021699294375,0.09,A0A8V0X7P4 A0A8V0ZH96 A0A1L1RP76 A0A8V1ABA3
Biological Process,protein-RNA complex assembly,6,GO:0022618,4,54,255,2734,0.79,0.814021699294375,0.09,A0A8V0ZSX6 A0A8V0ZJ97 A0A8V0XPN5 A0A8V0XXW6
Biological Process,cytoplasmic translation,5,GO:0002181,4,54,255,2734,0.79,0.814021699294375,0.09,A0A1L1S0X5 A0A8V1A8R2 A0A8V0XPN5 Q6ITC7
Biological Process,regulation of monoatomic ion transmembrane transporter activity,5,GO:0032412,4,55,255,2734,0.78,0.8145074635180332,0.09,A0A8V0YRG2 A0A8V1ABC9 A0A8V0ZY91 A0A8V0XYK6
Biological Process,protein ubiquitination,8,GO:0016567,4,55,255,2734,0.78,0.8145074635180332,0.09,F1NNN0 A0A8V0ZFG7 A0A1L1RP76 A0A8V0YRF2
Biological Process,establishment of cell polarity,3,GO:0030010,4,55,255,2734,0.78,0.8145074635180332,0.09,A0A8V1AG56 A0A1D5PBZ8 Q0PVE4 A0A1D5PBU5
Biological Process,positive regulation of protein phosphorylation,8,GO:0001934,23,237,255,2734,1.04,0.81528281292381,0.09,A0A8V1AG56 A0A8V0XMI5 A0A1I7Q3Z0 A0A1D5P6T3 A0A1D5P480 E1C733 A0A8V0ZSX6 A0A8V0X1T3 A0A8V1A7R0 A0A1D5P0D7 A0A8V0ZZZ5 A0A8V1A3N1 A0A1L4FLS3 A0A8V0ZE58 A0A8V0X7P4 A0A8V0XE48 A0A8V1ABC9 A0A8V0ZDW7 A0A3Q2TU24 A0A8V0YWI5 A0A8V1A3S8 A0A8V0ZSN8 A0A8V1A9R2
Biological Process,mitochondrial transport,4,GO:0006839,4,57,255,2734,0.75,0.8164693030568492,0.09,A0A8V0XMV0 A0A8V1A7R0 R4GGQ4 A0A1D5PGC2
Biological Process,cellular response to insulin stimulus,6,GO:0032869,4,57,255,2734,0.75,0.8164693030568492,0.09,A0A1D5P6T3 A0A1I7Q3Z0 A0A8V0YFT7 A0A1D5PSI3
Biological Process,regulation of transmembrane transporter activity,4,GO:0022898,4,57,255,2734,0.75,0.8164693030568492,0.09,A0A8V0YRG2 A0A8V1ABC9 A0A8V0ZY91 A0A8V0XYK6
Biological Process,regulation of proteolysis involved in protein catabolic process,7,GO:1903050,4,57,255,2734,0.75,0.8164693030568492,0.09,A0A8V0X7P4 A0A8V0ZH96 A0A1L1RP76 A0A8V1ABA3
Biological Process,detection of stimulus,2,GO:0051606,4,57,255,2734,0.75,0.8164693030568492,0.09,A0A8V0YLI1 A0A8V1ACV0 A0A1D5PXI1 A0A8V1ABC9
Biological Process,dephosphorylation,5,GO:0016311,6,58,255,2734,1.11,0.8179116154658046,0.09,A0A8V1A9L3 A0A1D5P6Q1 A0A1D5P201 A0A8V1ACH5 A0A8V0ZSD7 A0A8V0YDT5
Biological Process,pattern specification process,2,GO:0007389,24,248,255,2734,1.04,0.8190438757145807,0.09,A0A8V1AG56 Q98938 A0A8V0XMI5 A0A8V0ZUU4 A0A8V0XH99 A0A3Q2UHS2 A0A8V0ZFG7 A0A8V0Z8V4 A0A1I7Q421 A0A8V0XM02 A0A8V1ACD6 A0A1D5P0D7 Q0PVE4 A0A8V0XE48 A0A8V0Z8N6 A0A8V0XXZ4 A0A8V0YXI7 A0A8V0ZF83 A0A8V0ZKI8 A0A8V0ZSN8 A0A8V0ZUA4 A0A8V1A9R2 A0A8V0Y070 A0A1D5PZ68
Biological Process,carbohydrate homeostasis,3,GO:0033500,6,59,255,2734,1.09,0.8196379419829027,0.09,A0A1D5P6T3 A0A1D5PSI3 A0A8V0YDD6 A0A8V0ZJJ7 P15120 A0A8V1A7R0
Biological Process,response to starvation,3,GO:0042594,6,59,255,2734,1.09,0.8196379419829027,0.09,A0A1D5P6T3 A0A8V1AHP7 A0A8V0ZSG8 A0A8V1ABA3 Q00649 A0A8V0ZSX6
Biological Process,striated muscle cell development,5,GO:0055002,6,59,255,2734,1.09,0.8196379419829027,0.09,Q98938 A0A8V0YQU2 A0A8V0Y699 A0A1D5PLP1 A0A8V0ZDW7 A0A1D5P0D7
Biological Process,alpha-amino acid metabolic process,4,GO:1901605,6,59,255,2734,1.09,0.8196379419829027,0.09,F1NXR0 A0A1D5NT61 A0A1D5P692 A0A8V0Y579 A0A8V0ZHL4 A0A1D5PXI1
Biological Process,negative regulation of apoptotic process,6,GO:0043066,24,249,255,2734,1.03,0.8196685675763125,0.09,A0A8V1AG56 Q98938 A0A8V0XMI5 A0A1I7Q3Z0 A0A8V1A3H9 P02460 F1NXR0 A0A8V0YLX0 A0A8V0YW57 A0A8V0YRF2 A0A8V1A7R0 A0A8V0ZZZ5 A0A8V0ZE58 Q00649 A0A8V0ZJJ7 A0A8V0YSF6 A0A8V1ABC9 A0A8V0XKW4 Q92182 A0A8V0ZKI8 A0A8V1AHP7 A0A8V1A9R2 A0A1D5PSI3 A0A8V0YDD6
Biological Process,immune response-regulating cell surface receptor signaling pathway,4,GO:0002768,6,60,255,2734,1.07,0.8216300462767799,0.09,A0A8V0ZZZ5 A0A3Q2UHS2 A0A8V0XEJ0 P01875 A0A1I7Q3Z0 A0A8V1ACV0
Biological Process,muscle system process,3,GO:0003012,6,60,255,2734,1.07,0.8216300462767799,0.09,A0A8V0ZY91 A0A8V1ALI6 A0A8V0XE48 A0A8V0Y699 A0A1L1RKY9 A0A8V0YLZ8
Biological Process,cellular response to oxygen-containing compound,4,GO:1901701,26,269,255,2734,1.04,0.8253241886675797,0.08,A0A8V1AG56 A0A8V0Z6E4 A0A8V1AEJ4 A0A8V0YGN2 P15120 A0A1I7Q3Z0 P02460 A0A1D5P6T3 A0A8V0YFT7 A0A8V0XPE8 A0A8V0YLI1 A0A8V1A7R0 A0A8V0Y3L3 A0A8V0ZY91 Q00649 A0A8V0YSF6 A0A8V0XE48 A0A8V1ABC9 A0A8V0Z8N6 A0A8V0XKW4 A0A8V0ZKI8 A0A8V0ZSN8 A0A8V1A9R2 A0A1D5PSI3 A0A8V0YDD6 A0A8V0YWM3
Biological Process,regulation of transporter activity,3,GO:0032409,6,62,255,2734,1.04,0.8263375157154105,0.08,A0A1D5P6T3 A0A8V0XYK6 A0A8V0ZY91 A0A8V1ABC9 A0A8V0YRG2 A0A8V0YWM3
Biological Process,organic anion transport,5,GO:0015711,6,62,255,2734,1.04,0.8263375157154105,0.08,A0A8V0XBD4 A0A8V0Y579 A0A1D5NYS2 A0A8V1AM47 A0A8V0ZJJ7 F1P4D6
Biological Process,female pregnancy,3,GO:0007565,6,62,255,2734,1.04,0.8263375157154105,0.08,A0A8V0ZUA4 Q00649 A0A1L1RKY9 A0A8V0Z8N6 P15120 A0A8V1A3H9
Biological Process,chromatin organization,6,GO:0006325,6,62,255,2734,1.04,0.8263375157154105,0.08,A0A8V0ZSN8 A0A8V0ZSG8 A0A8V1A9R2 A0A8V0XMI5 A0A8V1ABC9 A0A8V1AEJ0
Biological Process,response to stress,2,GO:0006950,74,774,255,2734,1.03,0.8266856499223519,0.08,A0A8V1AG56 A0A8V0XBD4 A0A8V1A803 A0A8V1ABA3 A0A8V0XXM5 A0A8V1AEJ4 A0A8V1AFP7 A0A8V0XEP8 A0A8V0XMI5 A0A8V0YGN2 A0A1D5PBZ8 P15120 A0A8V0XEJ0 A0A8V1A0B4 A0A1I7Q3Z0 A0A8V0ZTC0 A0A8V0ZEC1 P01875 A0A8V0ZEJ3 A0A8V0ZH96 A0A1D5P6T3 A0A8V1AAN6 A0A8V0YFT7 A0A8V0YQ88 A0A8V0ZSG8 A0A8V0XM02 A0A1D5P480 E1C733 A0A3Q2TTB3 A0A1L1RX77 A0A8V0XPE8 A0A8V0YW57 A0A8V0ZSX6 A0A8V0YLI1 A0A8V0ZXC9 A0A8V0YRF2 E1C2T4 A0A8V1A7R0 A0A8V0Y3L3 A0A8V0YIC3 A0A8V1A3N1 A0A1D5P692 A0A8V0Y579 A0A1L4FLS3 A0A8V0ZE58 A0A8V0YE20 A0A8V0Y9F8 Q00649 A0A8V0YPB9 A0A8V0Y699 A0A8V1ABC9 A0A8V0XKW4 A0A8V0Z8N6 A0A8V0YYQ9 K9JA28 A0A8V0Y4M6 A0A8V0ZJD3 F1NGB8 A0A3Q2TU24 A0A8V0YWI5 A0A8V1AHP7 Q05744 A0A8V0YDT4 A0A8V0ZSN8 A0A8V1A9R2 A0A8V0YIR4 P26652 A0A8V0Y652 A0A1D5PSI3 A0A8V0Z938 A0A8V0YDD6 A0A8V0YDL8 A0A8V0YRG2 A0A8V0YWM3
Biological Process,positive regulation of cellular biosynthetic process,6,GO:0031328,27,280,255,2734,1.03,0.8284269616580205,0.08,A0A8V1AG56 A0A8V1A9L3 A0A8V0XBD4 Q98938 A0A8V1ABA3 A0A8V0XMI5 A0A8V0Y290 A0A1I7Q3Z0 A0A8V0ZH96 A0A1D5P6T3 A0A8V0Y0F3 A0A8V0YFT7 F1NTQ2 A0A1L1RX77 A0A8V0YLI1 A0A8V0ZSX6 A0A8V0X1T3 A0A8V1A7R0 A0A1D5P0D7 A0A1L4FLS3 A0A8V0ZE58 Q00649 A0A1D5PLP1 A0A8V0ZKI8 A0A8V1A9R2 A0A1D5P201 A0A1D5PSI3
Biological Process,muscle cell development,4,GO:0055001,6,63,255,2734,1.02,0.8290156938652684,0.08,Q98938 A0A8V0YQU2 A0A8V0Y699 A0A1D5PLP1 A0A8V0ZDW7 A0A1D5P0D7
Biological Process,response to ethanol,5,GO:0045471,5,65,255,2734,0.82,0.8294718943449202,0.08,Q92182 A0A1D5P6T3 A0A8V0XXM5 A0A8V1ABC9 A0A8V1A7R0
Biological Process,antigen processing and presentation,2,GO:0019882,5,65,255,2734,0.82,0.8294718943449202,0.08,A0A1D5PBU5 Q05744 Q5ZJW4 A0A8V0YSF6 A0A8V0ZRP2
Biological Process,alcohol metabolic process,3,GO:0006066,5,65,255,2734,0.82,0.8294718943449202,0.08,F1NBR3 A0A8V1ABA3 A0A8V1ACH5 A0A8V0Y9F8 A0A8V1A3H7
Biological Process,regulation of small GTPase mediated signal transduction,6,GO:0051056,5,66,255,2734,0.81,0.8299191392812737,0.08,A0A8V0ZTR7 A0A8V0YBZ6 A0A8V0YLZ8 A0A8V0YRG2 A0A1I7Q3Z0
Biological Process,positive regulation of biosynthetic process,5,GO:0009891,28,290,255,2734,1.04,0.8308989253416845,0.08,A0A8V1AG56 A0A8V1A9L3 A0A8V0XBD4 Q98938 A0A8V1ABA3 A0A8V0XMI5 A0A8V0Y290 A0A1I7Q3Z0 A0A8V0ZH96 A0A1D5P6T3 A0A8V0Y0F3 A0A8V0YFT7 F1NTQ2 A0A1L1RX77 A0A8V0XPE8 A0A8V0YLI1 A0A8V0ZSX6 A0A8V0X1T3 A0A8V1A7R0 A0A1D5P0D7 A0A1L4FLS3 A0A8V0ZE58 Q00649 A0A1D5PLP1 A0A8V0ZKI8 A0A8V1A9R2 A0A1D5P201 A0A1D5PSI3
Biological Process,regulation of monoatomic cation transmembrane transport,6,GO:1904062,5,68,255,2734,0.79,0.8315771702560081,0.08,A0A8V0ZZZ5 A0A8V0ZY91 A0A1D5P7Y2 A0A8V0YRG2 A0A8V0XYK6
Biological Process,negative regulation of apoptotic signaling pathway,6,GO:2001234,5,68,255,2734,0.79,0.8315771702560081,0.08,A0A8V0XMI5 Q00649 A0A8V0XKW4 A0A1I7Q3Z0 P02460
Biological Process,leukocyte migration,2,GO:0050900,5,68,255,2734,0.79,0.8315771702560081,0.08,E1C733 A0A8V0XMI5 A0A8V0YDD6 A0A8V1ABC9 A0A1I7Q3Z0
Biological Process,Ras protein signal transduction,5,GO:0007265,7,69,255,2734,1.09,0.8327654497858605,0.08,A0A8V0ZTR7 A0A8V0YBZ6 A0A8V0X7P4 A0A1D5PMN7 A0A1D5PEW1 A0A3Q2UHS2 A0A8V0XE48
Biological Process,regulation of nitrogen compound metabolic process,4,GO:0051171,82,898,255,2734,0.98,0.8338919744998758,0.08,A0A8V1A9L3 A0A8V1ABA3 A0A1D5NTR5 A0A1D5P480 A0A8V0XXW6 A0A1L1RX77 A0A8V0YW57 Q5ZJ73 A0A8V1A7R0 A0A8V1A3N1 A0A8V0X7P4 A0A8V0XE48 A0A8V0Y699 A0A3Q2TU24 A0A8V0ZSN8 A0A8V1A9R2 A0A1D5PSI3 A0A8V0Y070 A0A8V1AG56 A0A8V0XMI5 A0A8V0ZUU4 A0A8V0XH99 A0A8V1A0B4 A0A1I7Q3Z0 A0A8V0ZH96 A0A8V0Y0F3 A0A8V0X637 F1NTQ2 A0A1D5PEW1 A0A8V0ZP32 A0A8V0YRF2 A0A8V0X1T3 A0A1D5P0D7 A0A8V0ZZZ5 Q0PVE4 A0A8V0ZE58 A0A8V0XPN5 Q5ZJW4 Q00649 A0A8V0YSF6 A0A8V1ABC9 A0A8V0XKW4 A0A8V0ZE30 A0A8V0YWI5 A0A1D5P201 P26652 A0A8V1AJI2 A0A8V0YRG2 A0A8V0X4D8 A0A8V0XBD4 A0A8V0YBZ6 A0A1L1RP76 A0A8V0YFT7 A0A8V0ZSG8 E1C733 A0A8V0ZSX6 A0A1D5PLP1 A0A8V0ZF83 A0A8V0ZY56 A0A8V0ZKI8 A0A8V0YDT4 A0A8V0YLZ8 Q98938 A0A8V0Y999 A0A8V1ACH5 A0A8V0ZFG7 Q6ITC7 A0A8V0Y290 A0A8V1A3H9 A0A1D5P6T3 A0A1I7Q421 A0A8V1A8N2 A0A8V0YLI1 A0A8V0YVB6 A0A1L4FLS3 A0A3Q2TT95 A0A8V0ZDW7 A0A8V1A3S8 A0A8V0Z9Z7 A0A8V0YDD6 A0A8V0YHS1 A0A8V0YWM3
Biological Process,carboxylic acid catabolic process,5,GO:0046395,7,71,255,2734,1.06,0.8358005508829417,0.08,A0A8V0Y4M6 A0A8V0ZSC5 A0A1D5NT61 A0A1D5P692 F1NTQ2 A0A8V0Y9F8 A0A1D5PXI1
Biological Process,determination of bilateral symmetry,4,GO:0009855,7,71,255,2734,1.06,0.8358005508829417,0.08,A0A8V0ZKI8 A0A8V1AG56 A0A1I7Q421 A0A8V0ZUA4 Q98938 A0A8V0Y070 A0A1D5P0D7
Biological Process,organic acid catabolic process,4,GO:0016054,7,71,255,2734,1.06,0.8358005508829417,0.08,A0A8V0Y4M6 A0A8V0ZSC5 A0A1D5NT61 A0A1D5P692 F1NTQ2 A0A8V0Y9F8 A0A1D5PXI1
Biological Process,response to hormone,3,GO:0009725,30,312,255,2734,1.03,0.8362691447835606,0.08,A0A8V1AG56 A0A8V0Z6E4 A0A8V1ABA3 A0A8V0XMI5 A0A8V0Z4R1 A0A8V0XUJ8 A0A1I7Q3Z0 P02460 A0A1D5P6T3 A0A8V0YFT7 A0A8V0XPE8 A0A8V0ZP32 A0A8V0YLI1 A0A8V1A7R0 A0A1D5P692 A0A8V0ZY91 Q00649 A0A8V0ZJJ7 A0A8V0XE48 A0A8V1ABC9 A0A8V0Z8N6 A0A3Q2TU24 A0A8V0ZSN8 A0A8V1A9R2 P26652 A0A1D5PSI3 A0A8V0YDD6 A0A8V0XMV0 A0A8V0YDL8 A0A8V0YWM3
Biological Process,protein metabolic process,3,GO:0019538,89,976,255,2734,0.98,0.8369129646614841,0.08,A0A8V0XEP8 A0A8V0YDT5 A0A8V0XEJ0 P15120 A0A1D5P480 A0A1L1RX77 A0A8V0XPE8 A0A8V0X7J6 E1C0K5 A0A8V0Z0B9 A0A8V0ZZD4 A0A8V1A3N1 A0A8V0XE48 A0A1L1S0X5 A0A8V0YXI7 A0A8V0YYQ9 Q92182 F1NGB8 A0A3Q2TU24 A0A8V0ZSN8 A0A8V1A9R2 A0A8V0Y070 A0A8V1A7Y9 P28687 A0A8V1AG56 E1C744 A0A8V0Z6E4 A0A8V1A0B4 A0A1I7Q3Z0 A0A8V0ZH96 P02460 F1NTQ2 E1C3Z8 A0A8V0ZP32 A0A8V0YRF2 E1C2T4 A0A1D5P0D7 A0A8V0Z6S1 A0A8V0XA92 A0A8V0ZZZ5 A0A8V0ZE58 A0A8V0XPN5 A0A8V0YSF6 A0A8V1ABC9 A0A8V0XKW4 A0A8V0ZRP2 A0A8V1ADF6 Q05744 A0A1D5P201 A0A1D5PT01 A0A8V0YRG2 A0A8V0X4D8 A0A8V0ZHL4 A0A1L1RP76 A0A1D5P6Q1 A0A8V0ZSG8 A0A8V0YK18 E1C733 A0A8V1A8R2 A0A8V0ZSX6 A0A8V0ZY42 A0A8V1A6Z0 A0A8V0Z865 A0A8V0XXZ4 A0A8V0ZF83 A0A8V0YDT4 A0A8V0YQC4 A0A8V0YDL8 P01875 Q98938 A0A8V0ZSD7 A0A8V0ZFG7 Q6ITC7 F1NNN0 A0A8V0ZTC0 A0A8V0ZEC1 A0A8V1AAN6 A0A1D5P6T3 A0A8V1A8N2 A0A8V0WZN3 A0A8V0XWD4 A0A8V0YLI1 A0A8V0ZCF7 A0A8V0YVB6 A0A8V0Z189 A0A1L4FLS3 A0A8V0Z938 A0A8V0YDD6 A0A8V0YHS1
Biological Process,specification of symmetry,3,GO:0009799,7,72,255,2734,1.04,0.8376223110607749,0.08,A0A8V0ZKI8 A0A8V1AG56 A0A1I7Q421 A0A8V0ZUA4 Q98938 A0A8V0Y070 A0A1D5P0D7
Biological Process,response to topologically incorrect protein,3,GO:0035966,7,73,255,2734,1.03,0.8396297950753316,0.08,F1NGB8 A0A8V1ABA3 A0A8V0XEP8 Q00649 A0A8V0ZSX6 A0A8V0ZXC9 A0A8V0Y699
Biological Process,regulation of peptidyl-tyrosine phosphorylation,8,GO:0050730,7,73,255,2734,1.03,0.8396297950753316,0.08,A0A3Q2TU24 A0A8V0ZZZ5 A0A8V0YWI5 A0A8V1A3S8 A0A8V1ABC9 A0A8V1A7R0 A0A1I7Q3Z0
Biological Process,response to nitrogen compound,3,GO:1901698,32,333,255,2734,1.03,0.840704311764435,0.08,A0A8V0Z6E4 A0A8V0XMI5 A0A8V0Z4R1 A0A8V0YGN2 P15120 A0A1I7Q3Z0 A0A8V0ZH96 P02460 A0A1D5P6T3 A0A8V0YFT7 A0A8V0X637 A0A8V0YW57 A0A8V1A7R0 A0A1D5P692 A0A1L4FLS3 A0A8V0ZY91 Q00649 A0A8V0ZJJ7 A0A8V0XE48 A0A8V0YSF6 A0A8V1ABC9 A0A8V0Z8N6 A0A8V0ZKI8 A0A8V0ZJ97 A0A8V0ZSN8 A0A8V1A9R2 P26652 A0A1D5PSI3 A0A8V0YDD6 A0A8V0XMV0 A0A8V0YDL8 A0A8V0YWM3
Biological Process,electron transport chain,4,GO:0022900,6,76,255,2734,0.85,0.8415459921347728,0.07,A0A8V0XCD2 A0A8V0ZRZ8 A0A8V0X535 A0A8V0YXI7 A0A1D5PXI1 A0A8V0YWM3
Biological Process,response to insulin,5,GO:0032868,6,76,255,2734,0.85,0.8415459921347728,0.07,A0A1D5P6T3 A0A8V0YFT7 A0A1D5PSI3 A0A8V0XMI5 A0A8V0ZJJ7 A0A1I7Q3Z0
Biological Process,oocyte differentiation,3,GO:0009994,6,76,255,2734,0.85,0.8415459921347728,0.07,A0A1I7Q421 A0A8V0YIC3 A0A8V0ZF83 A0A8V0Y070 A0A8V0XE48 A0A8V0YRG2
Biological Process,regulation of DNA-binding transcription factor activity,3,GO:0051090,6,76,255,2734,0.85,0.8415459921347728,0.07,A0A8V0ZKI8 A0A8V1AG56 A0A8V0ZSG8 Q98938 A0A1L4FLS3 A0A8V0ZSX6
Biological Process,ribonucleoprotein complex biogenesis,4,GO:0022613,6,77,255,2734,0.84,0.8419632901233511,0.07,A0A8V0ZJ97 A0A8V0XPN5 A0A8V1A8R2 A0A8V0XXW6 A0A8V0ZSX6 A0A1L1S0X5
Biological Process,phagocytosis,4,GO:0006909,6,78,255,2734,0.82,0.8425874047316084,0.07,A0A8V0XMI5 A0A3Q2UHS2 A0A8V0XEJ0 E1C0K5 A0A1I7Q3Z0 P01875
Biological Process,regulation of monoatomic ion transmembrane transport,5,GO:0034765,6,79,255,2734,0.81,0.8434105545965457,0.07,A0A8V0ZZZ5 A0A8V0ZY91 A0A8V1ABC9 A0A1D5P7Y2 A0A8V0YRG2 A0A8V0XYK6
Biological Process,muscle tissue development,4,GO:0060537,8,79,255,2734,1.09,0.8434105545965457,0.07,A0A8V1AG56 F1NXR0 Q98938 A0A1L1RX77 A0A8V0ZCF7 A0A1D5PZ68 A0A8V0XXK8 A0A1D5P0D7
Biological Process,response to reactive oxygen species,4,GO:0000302,6,79,255,2734,0.81,0.8434105545965457,0.07,A0A8V0YDD6 Q00649 A0A8V1ABC9 A0A1I7Q3Z0 A0A8V0Y3L3 A0A8V0YWM3
Biological Process,regulation of small molecule metabolic process,4,GO:0062012,8,81,255,2734,1.06,0.8456206595000775,0.07,A0A8V0Y4M6 A0A1D5P6T3 A0A1D5P480 A0A8V0XMI5 A0A8V0YY90 A0A8V1A7R0 A0A1I7Q3Z0 A0A8V1A3H9
Biological Process,negative regulation of cell migration,6,GO:0030336,8,81,255,2734,1.06,0.8456206595000775,0.07,A0A8V0Y0F3 A0A8V0ZZZ5 A0A8V0XMI5 A0A1L1RX77 A0A8V0ZCF7 A0A8V0Z8N6 A0A8V0Y290 A0A8V1A7R0
Biological Process,regulation of response to stress,4,GO:0080134,32,359,255,2734,0.96,0.8457833453825057,0.07,A0A8V1AG56 A0A8V1ABA3 A0A8V1AFP7 A0A8V0XMI5 A0A8V0YDT5 P15120 A0A8V1A0B4 A0A1I7Q3Z0 A0A1D5P6T3 A0A8V0YFT7 A0A8V1A8N2 A0A1D5PEW1 A0A8V0ZP32 A0A8V0YLI1 A0A8V0ZSX6 A0A8V0YRF2 A0A1D5P0D7 A0A8V0ZZZ5 A0A1L4FLS3 A0A8V0X7P4 Q00649 A0A8V0YY90 A0A8V0XE48 A0A8V1ABC9 A0A8V0XKW4 K9JA28 A0A3Q2TU24 A0A8V0ZJ97 A0A1D5PSI3 A0A1D5PT01 A0A8V0Z938 A0A8V0YHS1
Biological Process,activation of protein kinase activity,8,GO:0032147,8,82,255,2734,1.05,0.8469900754388593,0.07,A0A8V1AG56 A0A1D5P6T3 A0A8V0ZSN8 A0A8V1A9R2 A0A1L4FLS3 A0A8V0XMI5 A0A8V0X1T3 A0A1I7Q3Z0
Biological Process,establishment of protein localization to membrane,4,GO:0090150,8,83,255,2734,1.03,0.8485235757128793,0.07,A0A8V0YIC3 A0A8V0XYK6 A0A8V0X7P4 A0A8V0XPN5 A0A8V1A8R2 R4GGQ4 Q6ITC7 A0A1D5PGC2
Biological Process,regulation of translation,6,GO:0006417,8,84,255,2734,1.02,0.8502117838680193,0.07,A0A8V0XPN5 A0A8V1ACH5 Q00649 A0A8V0ZSX6 A0A8V1ABC9 A0A8V0ZE30 A0A8V1A7R0 A0A8V0ZY56
Biological Process,endoplasmic reticulum to Golgi vesicle-mediated transport,4,GO:0006888,7,85,255,2734,0.88,0.8510596416912906,0.07,A0A8V0ZUA4 A0A8V1AFR2 A0A8V0XM02 Q5ZJW4 A0A8V0ZCF7 A0A8V0YVB6 A0A8V0XYK6
Biological Process,regulation of RNA biosynthetic process,6,GO:2001141,37,389,255,2734,1.02,0.8512222698582574,0.07,A0A8V1AG56 A0A8V0XBD4 Q98938 A0A8V0XMI5 A0A8V0ZUU4 A0A1D5NTR5 A0A8V0XH99 A0A8V0ZFG7 A0A8V0Y290 A0A1I7Q3Z0 A0A8V0ZH96 A0A1D5P6T3 A0A1I7Q421 A0A8V0Y0F3 A0A8V0YFT7 A0A8V0ZSG8 F1NTQ2 A0A1L1RX77 Q5ZJ73 A0A8V0YLI1 A0A8V0ZSX6 A0A8V0YRF2 A0A8V0X1T3 A0A8V1A7R0 A0A1D5P0D7 A0A1L4FLS3 A0A8V0ZE58 A0A3Q2TT95 A0A8V0Y699 A0A8V0ZE30 A0A1D5PLP1 A0A8V0ZF83 A0A8V0ZKI8 A0A8V1A9R2 A0A8V0Z9Z7 A0A1D5PSI3 A0A8V0Y070
Biological Process,positive regulation of endocytosis,5,GO:0045807,7,88,255,2734,0.85,0.8517059883743053,0.07,A0A8V1AG56 A0A8V0XM98 A0A1D5PSI3 A0A3Q2UHS2 A0A8V1ABC9 A0A8V0ZRP2 E1C0K5
Biological Process,glycerolipid metabolic process,4,GO:0046486,7,89,255,2734,0.84,0.8522698939221438,0.07,A0A3Q2TU24 A0A8V0ZSC5 A0A8V0Y579 A0A8V1ACH5 A0A8V0Y9F8 A0A8V1A3H7 A0A1I7Q3Z0
Biological Process,cellular response to external stimulus,3,GO:0071496,9,90,255,2734,1.07,0.852998702130948,0.07,A0A8V1AHP7 A0A8V0ZSG8 A0A8V1ABA3 A0A1L4FLS3 A0A8V0YWM3 A0A8V0XPE8 A0A8V0YLI1 A0A8V0ZSX6 P02460
Biological Process,imaginal disc-derived wing morphogenesis,5,GO:0007476,9,90,255,2734,1.07,0.852998702130948,0.07,A0A8V0ZKI8 Q98938 P26652 A0A8V0Y070 A0A1D5PEW1 A0A8V0XH99 A0A8V0XE48 A0A8V0Y699 A0A8V0ZF83
Biological Process,regulation of cell size,5,GO:0008361,9,91,255,2734,1.06,0.8538862616868674,0.07,A0A8V1AG56 A0A8V0Z8V4 A0A8V0ZUU4 A0A8V0YDD6 A0A8V0ZSX6 A0A8V0YDT5 A0A8V1ACD6 A0A1D5PBZ8 A0A8V0YMR1
Biological Process,regulation of programmed cell death,4,GO:0043067,37,412,255,2734,0.96,0.8543776752602569,0.07,A0A8V1AG56 Q98938 A0A8V0Y999 A0A8V0XMI5 A0A1I7Q3Z0 A0A8V1A3H9 P02460 F1NXR0 A0A1I7Q421 A0A8V0YFT7 A0A8V0YLX0 A0A8V0X637 A0A8V0YW57 A0A8V0YLI1 A0A8V0YVB6 A0A8V0YRF2 A0A8V1A7R0 A0A1D5P0D7 A0A8V0ZZZ5 A0A8V0ZE58 Q00649 A0A8V0ZJJ7 A0A8V0YSF6 A0A8V1ABC9 A0A8V1AEJ0 A0A8V0XKW4 Q92182 A0A8V0ZKI8 A0A8V0YWI5 A0A8V1AHP7 A0A8V0ZSN8 A0A8V1A9R2 P26652 A0A1D5PSI3 A0A8V1AJI2 A0A8V0YDD6 A0A8V0YWM3
Biological Process,regulation of Wnt signaling pathway,5,GO:0030111,9,92,255,2734,1.05,0.8549261140664794,0.07,A0A8V0ZKI8 A0A8V1AG56 F1NGB8 A0A1D5P480 A0A8V0XH99 A0A8V0XE48 A0A8V0YRF2 A0A8V0X097 A0A1I7Q3Z0
Biological Process,wing disc morphogenesis,5,GO:0007472,9,92,255,2734,1.05,0.8549261140664794,0.07,A0A8V0ZKI8 Q98938 P26652 A0A8V0Y070 A0A1D5PEW1 A0A8V0XH99 A0A8V0XE48 A0A8V0Y699 A0A8V0ZF83
Biological Process,positive regulation of cellular catabolic process,6,GO:0031331,9,92,255,2734,1.05,0.8549261140664794,0.07,A0A1D5P6T3 A0A8V0X4D8 A0A8V1ABA3 A0A8V0XMI5 A0A1L1RX77 A0A8V0ZSX6 A0A8V0ZE30 A0A8V0ZTC0 A0A8V0ZH96
Biological Process,protein homooligomerization,7,GO:0051260,9,92,255,2734,1.05,0.8549261140664794,0.07,A0A8V0Y4M6 A0A8V0Y0F3 A0A8V1AHP7 A0A8V0Y290 A0A8V0ZHX5 A0A1D5PMN7 A0A8V0YGQ5 A0A8V0YGN2 A0A8V0XKW4
Biological Process,positive regulation of cell cycle,5,GO:0045787,9,93,255,2734,1.04,0.8561115376797239,0.07,A0A8V0ZKI8 A0A1D5P6T3 A0A8V1AG56 A0A8V0XMI5 A0A8V0YSF6 A0A8V0XE48 A0A8V1ABC9 A0A8V0X1T3 A0A1I7Q3Z0
Biological Process,sexual reproduction,2,GO:0019953,39,435,255,2734,0.96,0.8573427062913761,0.07,A0A8V0XBD4 Q98938 A0A8V0XXM5 A0A8V0YDU6 A0A8V0XMI5 A0A8V0ZUU4 A0A1D5NTR5 A0A8V0XH99 A0A8V0YDT5 A0A1D5PBZ8 P15120 A0A1I7Q3Z0 A0A8V0ZEC1 A0A1I7Q421 A0A8V0XZH4 F1NTQ2 A0A8V0WZN3 A0A8V0XXW6 A0A8V0YW57 A0A8V1A7R0 A0A8V0YIC3 Q0PVE4 A0A8V1A3N1 A0A8V0Y9F8 A0A8V0YPB9 A0A8V0XE48 A0A8V0Y699 A0A8V0XKW4 A0A8V0ZRP2 A0A8V0ZF83 A0A1D5PLP1 A0A8V0ZE30 A0A8V0ZJ97 A0A1D5PBU5 Q05744 A0A8V0ZSN8 A0A8V1A9R2 A0A8V0Y070 A0A8V0YRG2
Biological Process,regulation of cell projection assembly,5,GO:0060491,9,94,255,2734,1.03,0.8574355907885971,0.07,Q0PVE4 A0A1D5PBU5 A0A8V0YDU6 A0A1D5NTR5 A0A8V0YQU2 A0A8V0YDT5 A0A3Q2UHS2 A0A1I7Q3Z0 A0A8V0YVI8
Biological Process,protein targeting,4,GO:0006605,9,95,255,2734,1.02,0.8588911530497375,0.07,A0A8V0XBD4 A0A8V0XMV0 A0A8V0X7P4 A0A8V0XPN5 A0A8V1A8R2 R4GGQ4 Q6ITC7 P28687 A0A1D5PGC2
Biological Process,regulation of transmembrane transport,4,GO:0034762,8,97,255,2734,0.88,0.8591956811573405,0.07,A0A1D5P6T3 A0A8V0ZZZ5 A0A8V0ZY91 A0A8V0YY90 A0A8V1ABC9 A0A1D5P7Y2 A0A8V0YRG2 A0A8V0XYK6
Biological Process,negative regulation of immune system process,4,GO:0002683,8,97,255,2734,0.88,0.8591956811573405,0.07,A0A8V0Y0F3 A0A8V0ZZZ5 Q98938 A0A8V1A9R2 A0A1L4FLS3 A0A8V0XMI5 A0A8V0YLI1 A0A8V0Y290
Biological Process,regulation of GTPase activity,5,GO:0043087,8,98,255,2734,0.88,0.8594206628136428,0.07,A0A8V1AG56 A0A8V0ZZZ5 A0A8V0ZTR7 A0A8V0YBZ6 A0A8V0ZUA4 E1C733 A0A1D5PEW1 A0A8V1ADS4
Biological Process,cellular component disassembly,4,GO:0022411,8,100,255,2734,0.86,0.8603114499629722,0.07,A0A8V0ZKI8 A0A8V0X4D8 A0A1D5PBU5 A0A8V0Y070 A0A8V0XMI5 A0A8V0Z865 A0A8V1ABC9 A0A8V0YWM3
Biological Process,response to oxygen-containing compound,3,GO:1901700,42,464,255,2734,0.97,0.8613786846868148,0.06,A0A8V1AG56 A0A8V0Z6E4 A0A8V0ZRZ8 A0A8V1ABA3 A0A8V0XXM5 A0A8V1AEJ4 A0A8V0XMI5 A0A8V0Z4R1 A0A8V0YGN2 P15120 A0A1I7Q3Z0 P02460 A0A1D5P6T3 A0A8V0YFT7 A0A8V0X637 A0A1L1RX77 A0A8V0XPE8 A0A8V0YW57 A0A8V0YLI1 A0A8V1A7R0 A0A8V0Y3L3 A0A8V0Y4Q2 A0A1D5P692 A0A8V0ZY91 Q00649 A0A8V0ZJJ7 A0A8V0XE48 A0A8V0YSF6 A0A8V1ABC9 A0A8V0XKW4 A0A8V0Z8N6 Q92182 A0A8V0ZKI8 A0A3Q2TU24 A0A8V0ZSN8 A0A8V1A9R2 P26652 A0A1D5PSI3 A0A8V0YDD6 A0A8V0XMV0 A0A8V0YDL8 A0A8V0YWM3
Biological Process,multicellular organismal reproductive process,2,GO:0048609,42,464,255,2734,0.97,0.8613786846868148,0.06,A0A8V1AG56 A0A8V0XBD4 Q98938 A0A8V0YDU6 A0A8V0XMI5 A0A8V0ZUU4 A0A1D5NTR5 A0A8V0XH99 A0A3Q2UHS2 A0A8V0YDT5 P15120 A0A1D5PBZ8 A0A1I7Q3Z0 A0A8V0ZEC1 A0A1I7Q421 A0A8V0XZH4 F1NTQ2 A0A8V0WZN3 A0A8V0XXW6 A0A8V0YW57 A0A8V0ZSX6 A0A8V0YIC3 Q0PVE4 A0A8V0Y9F8 A0A8V0XE48 A0A8V0Y699 A0A8V0Z8N6 A0A8V0XKW4 A0A8V0YXI7 A0A8V0ZF83 A0A8V0ZRP2 A0A1D5PLP1 A0A8V0ZE30 A0A8V0ZJ97 A0A1D5PBU5 Q05744 A0A8V0ZSN8 A0A8V0ZUA4 A0A8V1A9R2 A0A8V0Y070 A0A8V0Z938 A0A8V0YRG2
Biological Process,response to alcohol,4,GO:0097305,9,108,255,2734,0.89,0.8660594957878265,0.06,Q92182 A0A1D5P6T3 A0A8V0ZKI8 A0A8V0XXM5 A0A1D5PSI3 A0A8V0YDD6 A0A8V1ABC9 A0A8V1A7R0 A0A8V0YWM3
Biological Process,regulation of apoptotic signaling pathway,5,GO:2001233,9,110,255,2734,0.88,0.8666453263357986,0.06,A0A8V1A9R2 P26652 A0A1D5PSI3 A0A8V1AJI2 A0A8V0XMI5 Q00649 A0A8V0XKW4 A0A1I7Q3Z0 P02460
Biological Process,catabolic process,2,GO:0009056,49,517,255,2734,1.02,0.8670029809035281,0.06,A0A8V1A9L3 A0A8V0X4D8 F1NBR3 A0A8V1ABA3 A0A8V0XXM5 A0A8V0XEP8 A0A8V0XMI5 A0A8V0YC89 A0A8V1ACH5 A0A8V0XH99 A0A8V0ZFG7 A0A8V0ZIF0 Q6ITC7 A0A8V0YC98 A0A1I7Q3Z0 A0A8V0ZTC0 A0A1D5PXI1 A0A8V0ZH96 A0A8V0ZSC5 A0A8V0X637 F1NTQ2 A0A8V0XWD4 A0A8V1A8R2 A0A1L1RX77 A0A8V0ZP32 A0A8V0ZCF7 A0A8V0YVB6 A0A8V0XA92 A0A1D5P692 A0A8V0ZRV9 A0A8V0YZJ3 A0A8V0ZY42 A0A8V0XPN5 A0A8V0Z086 A0A8V0Y9F8 A0A8V0YSF6 A0A8V1ALI6 A0A8V0XKW4 A0A8V0ZRP2 A0A8V0ZE30 A0A8V0ZY56 A0A8V0Y4M6 A0A1D5NT61 Q05744 A0A1D5PMN7 A0A8V0YBE2 Q9W6H0 A0A8V1A8L5 A0A8V0YWM3
Biological Process,post-transcriptional regulation of gene expression,7,GO:0010608,9,111,255,2734,0.87,0.8671258628664399,0.06,A0A8V0ZJ97 A0A8V0XPN5 A0A8V1ACH5 Q00649 A0A8V0ZSX6 A0A8V1ABC9 A0A8V0ZE30 A0A8V1A7R0 A0A8V0ZY56
Biological Process,regulation of protein secretion,5,GO:0050708,11,112,255,2734,1.05,0.8677267976781122,0.06,A0A8V1AG56 A0A1D5NT61 A0A8V1A3S8 A0A8V0YDT4 A0A8V0ZY91 A0A8V0XMI5 A0A8V0YDD6 A0A8V0YY90 A0A8V1ABC9 A0A8V0YDL8 A0A1I7Q3Z0
Biological Process,cytokine-mediated signaling pathway,4,GO:0019221,10,119,255,2734,0.9,0.8719703001305313,0.06,A0A8V0YFT7 A0A8V0ZSN8 A0A8V1A3N1 A0A8V1A9R2 A0A8V0Y652 E1C733 A0A1L1RX77 A0A8V0YDD6 A0A8V1A7R0 K9JA28
Biological Process,renal system development,4,GO:0072001,10,119,255,2734,0.9,0.8719703001305313,0.06,A0A8V1AG56 F1NXR0 A0A8V0XA92 A0A8V0YFT7 A0A8V0Z9Z7 A0A1D5PSI3 A0A1L1RX77 A0A8V0Y357 A0A8V0Y0X2 A0A8V0XS21
Biological Process,chromosome organization,5,GO:0051276,12,123,255,2734,1.05,0.8735499803098921,0.06,A0A1D5PBU5 A0A8V0ZSG8 A0A8V0ZSN8 A0A8V1A9R2 A0A8V0Z9Z7 A0A8V0XMI5 A0A8V0YW57 A0A8V0XE48 A0A8V1ABC9 A0A8V1AEJ0 A0A8V0ZEC1 A0A8V0YWM3
Biological Process,positive regulation of secretion by cell,5,GO:1903532,12,125,255,2734,1.03,0.8749646184464724,0.06,A0A8V1AG56 A0A8V0YIC3 A0A8V0YWI5 A0A1D5NT61 A0A8V0XBD4 A0A8V0X7P4 A0A8V0XMI5 A0A8V0YY90 A0A8V0ZJJ7 A0A8V1ABC9 A0A8V0YDL8 A0A1I7Q3Z0
Biological Process,urogenital system development,4,GO:0001655,12,127,255,2734,1.01,0.8767609586611792,0.06,A0A8V1AG56 F1NXR0 A0A8V0XA92 A0A8V0YFT7 A0A8V0Z9Z7 A0A1D5PSI3 A0A8V1AAN6 A0A1L1RX77 A0A8V0Y357 A0A8V0Y0X2 A0A8V0YRG2 A0A8V0XS21
Biological Process,positive regulation of growth,4,GO:0045927,11,130,255,2734,0.91,0.8771281210404891,0.06,A0A8V1AG56 A0A1D5P6T3 F1NGB8 A0A8V0X4D8 A0A8V0ZTR7 A0A8V0X7P4 A0A1D5PSI3 A0A8V0ZUU4 A0A8V0YDD6 A0A8V0ZHL4 A0A8V0XYK6
Biological Process,regulation of system process,4,GO:0044057,12,139,255,2734,0.93,0.8814839358225522,0.05,A0A1I7Q421 A0A8V0YWI5 A0A8V1ABA3 A0A3Q2UGW3 A0A8V0ZY91 A0A8V0YLI1 A0A8V1ALI6 A0A8V0XE48 A0A8V1ABC9 A0A8V0XMV0 A0A8V0Z8N6 A0A8V0XXK8
Biological Process,instar larval or pupal development,3,GO:0002165,14,145,255,2734,1.04,0.8831211081609208,0.05,A0A8V0ZKI8 A0A8V0ZTR7 A0A8V0XBD4 Q98938 A0A8V0ZSN8 A0A8V1A9R2 P26652 A0A8V0Y070 A0A1D5PEW1 A0A8V0XH99 A0A8V0XE48 A0A8V0Y699 A0A1D5PBZ8 A0A8V0ZF83
Biological Process,immune system development,2,GO:0002520,14,147,255,2734,1.02,0.8843369576968911,0.05,A0A8V1AG56 A0A1I7Q421 A0A8V0ZSG8 A0A8V0ZSN8 A0A8V1A9R2 A0A1D5PSI3 A0A8V0Y070 A0A8V0XMI5 A0A8V1A8R2 A0A8V0YW57 A0A1D5PLP1 A0A8V1A7R0 A0A1I7Q3Z0 A0A8V0ZEJ3
Biological Process,regulation of protein-containing complex assembly,5,GO:0043254,13,150,255,2734,0.93,0.8855110781943732,0.05,A0A8V1A9L3 A0A8V0YWI5 A0A1D5PBU5 A0A8V1ABA3 A0A8V0Z3U6 E1C733 A0A8V1AJI2 A0A8V0XMI5 Q00649 A0A3Q2UHS2 A0A8V0ZE30 A0A1I7Q3Z0 A0A8V0ZH96
Biological Process,sulfur compound metabolic process,3,GO:0006790,15,154,255,2734,1.04,0.8862715931833233,0.05,A0A8V0ZJD3 F1NGB8 F1NTQ2 E1C3Z8 A0A8V0YZJ3 A0A8V0YC89 A0A1L1RX77 A0A8V0Y9F8 A0A8V0Z938 A0A8V0YGN2 A0A8V0Z4R1 Q9W6H0 A0A8V0X7J6 E1C2T4 A0A8V0YXI7
Biological Process,apoptotic process,4,GO:0006915,15,156,255,2734,1.03,0.8871188369797229,0.05,A0A8V0YWI5 A0A8V0ZSG8 Q05744 A0A1L4FLS3 A0A8V0YWM3 A0A8V0ZE58 A0A8V0XMI5 A0A8V0YW57 A0A8V0YLI1 A0A3Q2UHS2 A0A8V0XE48 A0A8V1ABC9 A0A8V0YRF2 A0A8V0XKW4 A0A1D5P0D7
Biological Process,cellular response to organonitrogen compound,4,GO:0071417,14,161,255,2734,0.93,0.8891290127086349,0.05,A0A1D5P6T3 A0A8V0Z6E4 A0A8V0YFT7 A0A8V0ZSN8 A0A8V1A9R2 A0A1D5PSI3 A0A8V0ZY91 A0A8V0YDD6 A0A8V0YSF6 P15120 A0A8V0Z8N6 A0A8V1A7R0 A0A1I7Q3Z0 P02460
Biological Process,wound healing,4,GO:0042060,14,164,255,2734,0.92,0.8895993082472827,0.05,A0A8V0ZJD3 A0A8V1AG56 A0A3Q2TU24 A0A8V0YDT4 P26652 A0A8V0ZE58 A0A1L1RX77 A0A8V0XPE8 A0A8V0YDD6 P15120 A0A8V1ABC9 E1C2T4 A0A1I7Q3Z0 A0A8V0YYQ9
Biological Process,regulation of primary metabolic process,4,GO:0080090,86,936,255,2734,0.99,0.8898990920768841,0.05,A0A8V1A9L3 A0A8V1ABA3 A0A1D5NTR5 A0A1D5P480 A0A8V0XXW6 A0A1L1RX77 A0A8V0YW57 Q5ZJ73 A0A8V1A7R0 A0A8V1A3N1 A0A8V0X7P4 A0A8V0Y9F8 A0A8V0YY90 A0A8V0XE48 A0A8V0Y699 A0A3Q2TU24 A0A8V1AHP7 A0A8V0ZSN8 A0A8V1A9R2 A0A1D5PSI3 A0A8V0Y070 A0A8V1AG56 A0A8V0XMI5 A0A8V0ZUU4 A0A8V0XH99 A0A8V1A0B4 A0A1I7Q3Z0 A0A8V0ZH96 A0A8V0Y0F3 A0A8V0X637 F1NTQ2 A0A1D5PEW1 A0A8V0ZP32 A0A8V0YRF2 A0A8V0X1T3 A0A1D5P0D7 A0A8V0ZZZ5 Q0PVE4 A0A8V0ZE58 A0A8V0XPN5 Q5ZJW4 Q00649 A0A8V0YSF6 A0A8V1ABC9 A0A8V0XKW4 A0A8V0ZE30 A0A8V0Y4M6 A0A8V0YWI5 A0A1D5P201 P26652 A0A8V1AJI2 A0A8V0YRG2 A0A8V0X4D8 A0A8V0XBD4 A0A8V0YBZ6 A0A1L1RP76 A0A8V0YFT7 A0A8V0ZSG8 E1C733 A0A8V0ZSX6 A0A1D5PLP1 A0A8V0ZF83 A0A8V0ZY56 A0A8V0ZKI8 A0A8V0YDT4 A0A8V0YLZ8 Q98938 A0A8V0Y999 A0A8V1ACH5 A0A8V0ZFG7 Q6ITC7 A0A8V0Y290 A0A8V1A3H9 A0A1D5P6T3 A0A1I7Q421 A0A8V1A8N2 A0A8V0YLI1 A0A8V0YVB6 A0A1L4FLS3 A0A3Q2TT95 A0A8V0ZDW7 A0A8V1A3S8 A0A8V0Z9Z7 A0A8V0YDD6 A0A8V0YHS1 A0A8V0YWM3
Biological Process,peptidyl-amino acid modification,5,GO:0018193,16,167,255,2734,1.03,0.8907089389660137,0.05,Q92182 A0A1D5P6T3 A0A8V0Z6S1 A0A8V0ZSG8 A0A8V1A3N1 A0A8V0ZSN8 A0A8V1A9R2 A0A8V0Z189 A0A1L1RX77 A0A1D5PT01 A0A8V0ZHL4 A0A8V0XE48 A0A8V1ABC9 A0A8V0XXZ4 A0A8V0YRG2 A0A1I7Q3Z0
Biological Process,actin cytoskeleton organization,3,GO:0030036,18,190,255,2734,1.02,0.8973666318749145,0.05,A0A3Q2TU24 A0A8V0XBD4 A0A8V0YK18 A0A8V0YDU6 A0A8V0X7P4 E1C733 A0A8V0XMI5 A0A8V0YLI1 A0A8V0YQU2 A0A3Q2UHS2 A0A8V0XE48 A0A8V0Y699 A0A1L1RKY9 A0A8V0YG88 A0A1D5PLP1 A0A8V1A0B4 A0A1I7Q3Z0 A0A8V0ZDW7
Biological Process,positive regulation of organelle organization,6,GO:0010638,18,190,255,2734,1.02,0.8973666318749145,0.05,A0A8V1AG56 A0A1D5P6T3 A0A8V1A9L3 A0A8V0YIC3 A0A8V0ZE30 A0A8V0ZSN8 A0A8V1ABA3 A0A8V1A9R2 A0A8V0Z3U6 A0A8V0X7P4 E1C733 A0A1L1RX77 A0A3Q2UHS2 A0A8V0XE48 A0A8V0ZTC0 A0A8V0YLZ8 A0A1I7Q3Z0 A0A8V0XKW4
Biological Process,cellular homeostasis,2,GO:0019725,18,207,255,2734,0.93,0.9008986719035568,0.05,A0A8V0ZKI8 A0A8V0ZZZ5 A0A8V1ABA3 A0A8V1A9R2 F1NTQ2 A0A1D5NYS2 A0A1D5PSI3 E1C733 A0A8V0XMI5 A0A8V0YLI1 A0A8V0YDD6 A0A8V0ZSX6 A0A8V1ALI6 P15120 A0A8V1ABC9 A0A8V0Z8N6 A0A8V0YYQ9 A0A8V0ZDW7
Biological Process,regulation of secretion,5,GO:0051046,19,216,255,2734,0.94,0.9029202944895498,0.04,A0A8V1AG56 A0A8V0XBD4 A0A8V1AEJ4 A0A8V0XMI5 A0A1I7Q3Z0 A0A1I7Q421 A0A8V0YIC3 A0A8V0X7P4 A0A8V0ZY91 A0A8V0YY90 A0A8V0ZJJ7 A0A8V1ABC9 A0A8V0Z8N6 A0A8V0YWI5 A0A1D5NT61 A0A8V1A3S8 A0A8V0YDT4 A0A8V0YDD6 A0A8V0YDL8
Biological Process,leukocyte degranulation,3,GO:0043299,20,224,255,2734,0.96,0.9049545569869826,0.04,A0A8V0XXM5 A0A8V0XMI5 A0A8V0YC89 A0A8V0YGN2 P15120 A0A8V0ZH96 A0A8V1ACV0 F1NTQ2 Q5ZJ73 A0A8V0YVB6 A0A8V0X7P4 A0A8V0YZJ3 A0A8V0ZY42 A0A8V0Z086 A0A8V1A6Z0 A0A8V0ZJJ7 A0A8V1ALI6 A0A8V0ZRP2 Q05744 A0A8V0YBE2
Biological Process,granulocyte activation,4,GO:0036230,20,224,255,2734,0.96,0.9049545569869826,0.04,A0A8V0XXM5 A0A8V0XMI5 A0A8V0YC89 A0A8V0YGN2 P15120 A0A8V0ZH96 A0A8V1ACV0 F1NTQ2 Q5ZJ73 A0A8V0YVB6 A0A8V0X7P4 A0A8V0YZJ3 A0A8V0ZY42 A0A8V0Z086 A0A8V1A6Z0 A0A8V0ZJJ7 A0A8V1ALI6 A0A8V0ZRP2 Q05744 A0A8V0YBE2
Biological Process,neutrophil mediated immunity,5,GO:0002446,20,226,255,2734,0.95,0.9049794578483543,0.04,A0A8V0XXM5 A0A8V0XMI5 A0A8V0YC89 A0A8V0YGN2 P15120 A0A8V0ZH96 A0A8V1ACV0 F1NTQ2 Q5ZJ73 A0A8V0YVB6 A0A8V0X7P4 A0A8V0YZJ3 A0A8V0ZY42 A0A8V0Z086 A0A8V1A6Z0 A0A8V0ZJJ7 A0A8V1ALI6 A0A8V0ZRP2 Q05744 A0A8V0YBE2
Biological Process,regulation of catabolic process,4,GO:0009894,21,239,255,2734,0.94,0.9071867225736832,0.04,A0A8V1AG56 A0A8V0X4D8 A0A8V0YBZ6 A0A8V1ABA3 A0A8V0XMI5 A0A1L1RP76 A0A8V0ZTC0 A0A8V0ZH96 A0A1D5P6T3 A0A8V0XM02 A0A1L1RX77 A0A8V0ZSX6 A0A8V1A7R0 A0A8V0X7P4 Q5ZJW4 Q00649 A0A8V1ABC9 A0A8V0XKW4 A0A8V0ZE30 P26652 A0A8V0YWM3
Biological Process,leukocyte activation involved in immune response,3,GO:0002366,23,243,255,2734,1.01,0.9081403075410825,0.04,A0A8V0XXM5 A0A8V0XMI5 A0A8V0YC89 A0A8V0YGN2 P15120 A0A8V0ZH96 A0A8V1ACV0 F1NTQ2 Q5ZJ73 A0A8V0YW57 A0A8V0ZSX6 A0A8V0YVB6 A0A8V1A7R0 A0A8V0X7P4 A0A8V0YZJ3 A0A8V0ZY42 A0A8V0Z086 A0A8V1A6Z0 A0A8V0ZJJ7 A0A8V1ALI6 A0A8V0ZRP2 Q05744 A0A8V0YBE2
Biological Process,positive regulation of phosphorylation,8,GO:0042327,23,244,255,2734,1.01,0.9084808350083298,0.04,A0A8V1AG56 A0A8V0XMI5 A0A1I7Q3Z0 A0A1D5P6T3 A0A1D5P480 E1C733 A0A8V0ZSX6 A0A8V0X1T3 A0A8V1A7R0 A0A1D5P0D7 A0A8V0ZZZ5 A0A8V1A3N1 A0A1L4FLS3 A0A8V0ZE58 A0A8V0X7P4 A0A8V0XE48 A0A8V1ABC9 A0A8V0ZDW7 A0A3Q2TU24 A0A8V0YWI5 A0A8V1A3S8 A0A8V0ZSN8 A0A8V1A9R2
Biological Process,negative regulation of programmed cell death,5,GO:0043069,24,255,255,2734,1.01,0.9103215321320391,0.04,A0A8V1AG56 Q98938 A0A8V0XMI5 A0A1I7Q3Z0 A0A8V1A3H9 P02460 F1NXR0 A0A8V0YLX0 A0A8V0YW57 A0A8V0YRF2 A0A8V1A7R0 A0A8V0ZZZ5 A0A8V0ZE58 Q00649 A0A8V0ZJJ7 A0A8V0YSF6 A0A8V1ABC9 A0A8V0XKW4 Q92182 A0A8V0ZKI8 A0A8V1AHP7 A0A8V1A9R2 A0A1D5PSI3 A0A8V0YDD6
Biological Process,leukocyte mediated immunity,3,GO:0002443,24,255,255,2734,1.01,0.9103215321320391,0.04,A0A8V0XXM5 A0A8V0XMI5 A0A8V0YC89 A0A8V0YGN2 A0A8V0XEJ0 P15120 A0A8V0ZH96 A0A8V1ACV0 F1NTQ2 A0A8V0YW57 Q5ZJ73 A0A8V0YVB6 A0A8V0ZZD4 A0A8V0X7P4 A0A8V0YZJ3 A0A8V0ZY42 A0A8V0Z086 A0A8V1A6Z0 A0A8V0ZJJ7 A0A8V1ALI6 A0A8V0ZRP2 Q05744 A0A8V0YBE2 P01875
Biological Process,germ cell development,3,GO:0007281,27,285,255,2734,1.02,0.9143438867353711,0.04,A0A8V0XBD4 Q98938 A0A8V0YDU6 A0A8V0XMI5 A0A8V0XH99 A0A8V0YDT5 A0A1I7Q3Z0 A0A8V0ZEC1 A0A1I7Q421 F1NTQ2 A0A8V0XXW6 A0A8V0YW57 A0A8V0YIC3 Q0PVE4 A0A8V0XE48 A0A8V0Y699 A0A8V0ZE30 A0A8V0ZRP2 A0A8V0ZF83 A0A1D5PLP1 A0A8V0ZJ97 A0A1D5PBU5 Q05744 A0A8V0ZSN8 A0A8V1A9R2 A0A8V0Y070 A0A8V0YRG2
Biological Process,regulation of DNA-templated transcription,7,GO:0006355,36,381,255,2734,1.01,0.9243880497619628,0.03,A0A8V1AG56 A0A8V0XBD4 Q98938 A0A8V0XMI5 A0A8V0ZUU4 A0A1D5NTR5 A0A8V0XH99 A0A8V0ZFG7 A0A8V0Y290 A0A1I7Q3Z0 A0A8V0ZH96 A0A1D5P6T3 A0A1I7Q421 A0A8V0Y0F3 A0A8V0YFT7 A0A8V0ZSG8 F1NTQ2 A0A1L1RX77 Q5ZJ73 A0A8V0YLI1 A0A8V0ZSX6 A0A8V0YRF2 A0A8V0X1T3 A0A8V1A7R0 A0A1D5P0D7 A0A1L4FLS3 A0A8V0ZE58 A0A3Q2TT95 A0A8V0Y699 A0A8V0ZE30 A0A8V0ZF83 A0A8V0ZKI8 A0A8V1A9R2 A0A8V0Z9Z7 A0A1D5PSI3 A0A8V0Y070
Biological Process,regulation of apoptotic process,5,GO:0042981,36,398,255,2734,0.97,0.9257103620498299,0.03,A0A8V1AG56 Q98938 A0A8V0Y999 A0A8V0XMI5 A0A1I7Q3Z0 A0A8V1A3H9 P02460 F1NXR0 A0A8V0YFT7 A0A8V0YLX0 A0A8V0X637 A0A8V0YW57 A0A8V0YLI1 A0A8V0YVB6 A0A8V0YRF2 A0A8V1A7R0 A0A1D5P0D7 A0A8V0ZZZ5 A0A8V0ZE58 Q00649 A0A8V0ZJJ7 A0A8V0YSF6 A0A8V1ABC9 A0A8V1AEJ0 A0A8V0XKW4 Q92182 A0A8V0ZKI8 A0A8V0YWI5 A0A8V1AHP7 A0A8V0ZSN8 A0A8V1A9R2 P26652 A0A1D5PSI3 A0A8V1AJI2 A0A8V0YDD6 A0A8V0YWM3
Biological Process,carbohydrate derivative metabolic process,3,GO:1901135,38,421,255,2734,0.97,0.9273757031979306,0.03,A0A8V1A9L3 A0A8V0ZRZ8 Q98938 A0A8V1ABA3 A0A8V0XXM5 A0A8V0YC89 A0A8V0XH99 A0A8V0ZIF0 A0A8V0YC98 A0A8V1A0B4 P02460 A0A8V0XCD2 A0A8V0X637 F1NTQ2 A0A8V0WZN3 E1C3Z8 A0A1L1RX77 A0A8V0YW57 A0A8V0ZCF7 A0A8V0ZXC9 E1C2T4 A0A8V0Z0B9 A0A8V0Z6S1 A0A8V0YZJ3 A0A8V0Z086 A0A8V0Y9F8 A0A8V0YXI7 A0A8V0YYQ9 Q92182 A0A8V0ZJD3 F1NGB8 A0A1D5P201 A0A1D5PMN7 A0A8V0YC20 A0A8V0YBE2 A0A8V0Z938 Q9W6H0 A0A8V0YWM3
Biological Process,regulation of nucleobase-containing compound metabolic process,5,GO:0019219,44,466,255,2734,1.01,0.9303311268530852,0.03,A0A8V1AG56 A0A8V1A9L3 A0A8V0XBD4 Q98938 A0A8V0XMI5 A0A8V0ZUU4 A0A1D5NTR5 A0A8V0XH99 A0A8V0ZFG7 Q6ITC7 A0A8V0Y290 A0A1I7Q3Z0 A0A8V0ZH96 A0A1D5P6T3 A0A1I7Q421 A0A8V0Y0F3 A0A8V0YFT7 A0A8V0ZSG8 F1NTQ2 A0A8V0XXW6 A0A1L1RX77 A0A8V0YW57 Q5ZJ73 A0A8V0ZSX6 A0A8V0YLI1 A0A8V0YRF2 A0A8V0X1T3 A0A8V1A7R0 A0A1D5P0D7 A0A1L4FLS3 A0A8V0ZE58 A0A3Q2TT95 Q00649 A0A8V0Y699 A0A8V1ABC9 A0A8V0ZE30 A0A1D5PLP1 A0A8V0ZF83 A0A8V0ZKI8 A0A8V1A9R2 A0A8V0Z9Z7 A0A1D5PSI3 A0A8V0Y070 A0A8V0YWM3
Biological Process,cellular catabolic process,3,GO:0044248,44,468,255,2734,1.01,0.9305636155074793,0.03,A0A8V1A9L3 F1NBR3 A0A8V1ABA3 A0A8V0XXM5 A0A8V0XEP8 A0A8V0XMI5 A0A8V0YC89 A0A8V0ZFG7 Q6ITC7 A0A8V0YC98 A0A1I7Q3Z0 A0A8V0ZTC0 A0A1D5PXI1 A0A8V0ZH96 A0A8V0ZSC5 A0A8V0X637 F1NTQ2 A0A8V0XWD4 A0A8V1A8R2 A0A1L1RX77 A0A8V0ZP32 A0A8V0ZCF7 A0A8V0YVB6 A0A8V0XA92 A0A1D5P692 A0A8V0YZJ3 A0A8V0ZY42 A0A8V0XPN5 A0A8V0Z086 A0A8V0Y9F8 A0A8V0YSF6 A0A8V1ALI6 A0A8V0XKW4 A0A8V0ZRP2 A0A8V0ZE30 A0A8V0ZY56 A0A8V0Y4M6 A0A1D5NT61 Q05744 A0A1D5PMN7 A0A8V0YBE2 Q9W6H0 A0A8V1A8L5 A0A8V0YWM3
Biological Process,multi-organism reproductive process,2,GO:0044703,46,486,255,2734,1.01,0.9314419996719077,0.03,A0A8V0XBD4 Q98938 A0A8V0XXM5 A0A8V0YDU6 A0A8V0XMI5 A0A8V0ZUU4 A0A1D5NTR5 A0A8V0XH99 A0A8V0YDT5 A0A1D5PBZ8 P15120 A0A8V0XUJ8 A0A1I7Q3Z0 A0A8V0ZEC1 A0A8V1A3H9 A0A1I7Q421 A0A8V0XZH4 F1NTQ2 A0A8V0WZN3 A0A8V0XXW6 A0A8V0YW57 A0A8V0ZSX6 A0A8V1A7R0 A0A8V0YIC3 Q0PVE4 A0A8V1A3N1 A0A8V0Y9F8 Q00649 A0A8V0YPB9 A0A8V0XE48 A0A8V0Y699 A0A8V0Z8N6 A0A8V0XKW4 A0A8V0ZRP2 A0A8V0ZF83 A0A1D5PLP1 A0A8V0ZE30 A0A8V0ZJ97 A0A1D5PBU5 Q05744 A0A8V0ZSN8 A0A8V0ZUA4 A0A8V1A9R2 A0A8V0Y070 A0A1L1RKY9 A0A8V0YRG2
Biological Process,regulation of biosynthetic process,4,GO:0009889,51,555,255,2734,0.99,0.935030885386019,0.03,A0A8V1AG56 A0A8V1A9L3 A0A8V0X4D8 A0A8V0XBD4 Q98938 A0A8V1ABA3 A0A8V0XMI5 A0A8V0ZUU4 A0A1D5NTR5 A0A8V1ACH5 A0A8V0XH99 A0A8V0ZFG7 A0A8V0Y290 A0A1I7Q3Z0 A0A8V0ZH96 A0A8V1A3H9 A0A1D5P6T3 A0A1I7Q421 A0A8V0Y0F3 A0A8V0YFT7 A0A8V0ZSG8 F1NTQ2 A0A1L1RX77 A0A8V0XPE8 Q5ZJ73 A0A8V0ZSX6 A0A8V0YLI1 A0A8V0YRF2 A0A8V0X1T3 A0A8V1A7R0 A0A1D5P0D7 A0A1L4FLS3 A0A8V0ZE58 A0A8V0XPN5 A0A3Q2TT95 Q00649 A0A8V0YY90 A0A8V0Y699 A0A8V1ABC9 A0A8V0ZE30 A0A1D5PLP1 A0A8V0ZF83 A0A8V0ZY56 A0A8V0Y4M6 A0A8V0ZKI8 A0A3Q2TU24 A0A8V1A9R2 A0A1D5P201 A0A8V0Z9Z7 A0A1D5PSI3 A0A8V0Y070
Biological Process,biological regulation,1,GO:0065007,192,2064,255,2734,1.0,0.9391181384856344,0.03,A0A8V0Y8Q2 A0A8V1A9L3 F1NBR3 A0A8V1ABA3 A0A8V1AEJ4 A0A8V0XEP8 A0A8V0Z4R1 A0A1D5NTR5 A0A8V0YQU2 A0A8V0YDT5 A0A3Q2UHS2 A0A1D5PBZ8 P15120 A0A8V0XEJ0 A0A8V0ZEJ3 A0A8V1ACV0 A0A8V0Z8V4 A0A1D5P480 A0A8V0XXW6 A0A1L1RX77 A0A8V0XPE8 A0A8V0YW57 Q5ZJ73 A0A8V1ACD6 A0A8V1A7R0 E1C0K5 A0A8V0Y4Q2 A0A8V0ZZD4 A0A8V1A3N1 A0A8V0Y579 A0A8V0X7P4 A0A8V0XW00 A0A8V0Z086 A0A8V0Y9F8 A0A8V0YY90 A0A8V0XE48 A0A8V0Y699 A0A8V0YXI7 A0A8V0YYQ9 A0A8V0XXK8 Q92182 A0A8V0ZJD3 F1NGB8 A0A8V0ZJ97 A0A3Q2TU24 A0A8V0XM98 A0A8V0ZSN8 A0A8V0ZUA4 A0A8V0ZTR7 A0A8V1A9R2 A0A8V1AHP7 A0A8V0YF36 A0A1D5PSI3 A0A8V0Y070 A0A8V0Y357 Q9W6H0 A0A8V0XMV0 A0A1D5NYA8 A0A8V1AG56 A0A8V0Z6E4 A0A8V0XMI5 A0A8V0XDR8 A0A8V0ZUU4 A0A8V0XH99 A0A8V1A0B4 A0A1I7Q3Z0 A0A8V0ZH96 A0A1D5PXI1 P02460 A0A8V0Y0F3 A0A8V0X637 F1NTQ2 A0A1D5NYS2 A0A1D5PEW1 A0A8V0XCW4 A0A8V0ZP32 A0A8V0ZXC9 A0A8V0YRF2 A0A8V0X1T3 A0A8V1A6B5 A0A1D5P7Y2 A0A8V0YLZ5 A0A1D5P0D7 A0A8V0ZZZ5 A0A8V0XA92 Q0PVE4 A0A8V0ZRV9 A0A8V0ZE58 A0A8V0XPN5 Q5ZJW4 Q00649 A0A8V0YSF6 A0A1D5PDV9 A0A8V1ABC9 A0A8V0XKW4 A0A8V0ZRP2 A0A8V0ZE30 A0A8V1ADF6 A0A8V0Y4M6 A0A8V0YWI5 A0A1D5PBU5 A0A1D5P201 P26652 A0A8V1AJI2 A0A1D5PT01 P33005 A0A8V0YRG2 A0A8V0X4D8 A0A8V0XBD4 A0A8V0YBZ6 A0A8V1AFP7 A0A8V0Y0X2 A0A8V0ZHL4 A0A8V0Y9B0 A0A1L1RP76 A0A8V0YVI8 A0A8V0XYK6 A0A1D5P6Q1 A0A8V0YFT7 A0A8V0ZSG8 A0A8V0ZHX5 A0A8V0YK18 E1C733 A0A8V1A8R2 A0A8V1ADS4 A0A8V0ZSX6 A0A8V0ZY91 A0A8V0YPB9 A0A8V0Y8I0 A0A8V1ALI6 A0A8V0XXZ4 A0A1D5PLP1 A0A8V0ZF83 A0A8V0ZY56 A0A8V0ZKI8 A0A8V0YDT4 A0A8V0Z3U6 A0A8V0Y652 A0A8V0YG24 A0A8V0YLZ8 A0A8V0YDL8 P01875 A0A8V1A8L5 Q98938 A0A8V0Y999 A0A8V0YDU6 A0A8V1ACH5 A0A8V0XWF0 A0A8V0ZFG7 Q6ITC7 A0A8V0XUJ8 A0A8V0Y290 A0A8V0X097 A0A8V0ZTC0 A0A8V0YMR1 A0A8V0ZEC1 A0A8V0ZYI9 A0A8V1A3H9 A0A8V1AAN6 A0A1D5P6T3 F1NXR0 A0A1I7Q421 A0A8V0YLX0 A0A8V0YQ88 A0A8V1A8N2 A0A3Q2UGW3 A0A8V0XM02 A0A8V0YGQ5 A0A8V0YLI1 A0A8V0ZCF7 A0A8V0YVB6 A0A8V0YIC3 A0A1D5P692 A0A8V0Z189 A0A1L4FLS3 A0A3Q2TT95 A0A8V0ZJJ7 A0A8V0Z8N6 A0A8V1AEJ0 K9JA28 A0A8V0ZDW7 A0A1D5NT61 A0A8V1A3S8 A0A8V0Z9Z7 A0A1D5PMN7 A0A8V0Z938 A0A8V0YDD6 A0A1L1RKY9 A0A8V1AM47 A0A1D5PZ68 A0A8V0YHS1 A0A8V0YWM3
Biological Process,regulation of metabolic process,3,GO:0019222,101,1078,255,2734,1.0,0.9464688398879828,0.02,A0A8V1A9L3 A0A8V1ABA3 A0A1D5NTR5 P15120 A0A1D5P480 A0A8V0XXW6 A0A1L1RX77 A0A8V0XPE8 A0A8V0YW57 Q5ZJ73 A0A8V1A7R0 A0A8V1A3N1 A0A8V0X7P4 A0A8V0Y9F8 A0A8V0YY90 A0A8V0XE48 A0A8V0Y699 A0A3Q2TU24 A0A8V0ZJ97 A0A8V1AHP7 A0A8V0ZSN8 A0A8V0ZUA4 A0A8V1A9R2 A0A8V0YF36 A0A1D5PSI3 A0A8V0Y070 A0A8V1AG56 A0A8V0XMI5 A0A8V0ZUU4 A0A8V0XH99 A0A8V1A0B4 A0A1I7Q3Z0 A0A8V0ZH96 P02460 A0A8V0Y0F3 A0A8V0X637 F1NTQ2 A0A1D5PEW1 A0A8V0ZP32 A0A8V0YRF2 A0A8V0X1T3 A0A1D5P0D7 A0A8V0ZZZ5 Q0PVE4 A0A8V0ZE58 A0A8V0XPN5 Q5ZJW4 Q00649 A0A8V0YSF6 A0A8V1ABC9 A0A8V0XKW4 A0A8V0ZE30 A0A8V0Y4M6 A0A8V0YWI5 A0A1D5P201 P26652 A0A8V1AJI2 A0A8V0YRG2 A0A8V0X4D8 A0A8V0XBD4 A0A8V0YBZ6 A0A1L1RP76 A0A8V0XYK6 A0A8V0YFT7 A0A8V0ZSG8 E1C733 A0A8V1A8R2 A0A8V0ZSX6 A0A8V0ZY91 A0A1D5PLP1 A0A8V0ZF83 A0A8V0ZY56 A0A8V0ZKI8 A0A8V0YDT4 A0A8V0YLZ8 A0A8V1A8L5 Q98938 A0A8V0Y999 A0A8V1ACH5 A0A8V0ZFG7 Q6ITC7 A0A8V0Y290 A0A8V0ZTC0 A0A8V1AAN6 A0A8V0ZYI9 A0A8V1A3H9 A0A1D5P6T3 A0A1I7Q421 A0A8V1A8N2 A0A8V0XM02 A0A8V0YLI1 A0A8V0YVB6 A0A8V0YIC3 A0A1L4FLS3 A0A3Q2TT95 A0A8V0ZDW7 A0A8V1A3S8 A0A8V0Z9Z7 A0A8V0YDD6 A0A8V0YHS1 A0A8V0YWM3
Biological Process,positive regulation of cellular process,4,GO:0048522,102,1089,255,2734,1.0,0.9465750894088034,0.02,A0A8V1A9L3 A0A8V1ABA3 A0A1D5NTR5 A0A8V0YQU2 A0A8V0YDT5 A0A3Q2UHS2 A0A1D5PBZ8 P15120 A0A8V0XEJ0 A0A8V0ZEJ3 A0A1D5P480 A0A1L1RX77 A0A8V0YW57 A0A8V1A7R0 E1C0K5 A0A8V1A3N1 A0A8V0X7P4 A0A8V0YY90 A0A8V0XE48 Q92182 F1NGB8 A0A3Q2TU24 A0A8V0XM98 A0A8V0ZTR7 A0A8V0ZSN8 A0A8V1A9R2 A0A1D5PSI3 A0A8V0Y070 A0A8V1AG56 A0A8V0XMI5 A0A8V0XDR8 A0A8V0ZUU4 A0A8V0XH99 A0A1I7Q3Z0 A0A8V0ZH96 A0A8V0Y0F3 A0A8V0X637 F1NTQ2 A0A1D5PEW1 A0A8V0YRF2 A0A8V0X1T3 A0A1D5P0D7 A0A8V0ZZZ5 Q0PVE4 A0A8V0ZE58 Q00649 A0A8V0YSF6 A0A1D5PDV9 A0A8V1ABC9 A0A8V0XKW4 A0A8V0ZRP2 A0A8V0ZE30 A0A8V0YWI5 A0A1D5P201 P26652 A0A8V1AJI2 A0A1D5PT01 A0A8V0YRG2 A0A8V0X4D8 A0A8V0XBD4 A0A8V1AFP7 A0A8V0Y0X2 A0A8V0YVI8 A0A8V0XYK6 A0A1D5P6Q1 A0A8V0YFT7 A0A8V0ZSG8 E1C733 A0A8V0ZSX6 A0A8V0ZY91 A0A1D5PLP1 A0A8V0ZF83 A0A8V0ZKI8 A0A8V0YDT4 A0A8V0Z3U6 A0A8V0YDL8 A0A8V0YLZ8 P01875 Q98938 A0A8V0YDU6 A0A8V0ZFG7 A0A8V0Y290 A0A8V0ZTC0 A0A8V1AAN6 A0A8V0ZYI9 A0A8V1A3H9 A0A1D5P6T3 A0A1I7Q421 A0A8V0YLI1 A0A8V0YVB6 A0A8V0YIC3 A0A8V0Z189 A0A1L4FLS3 A0A3Q2TT95 A0A8V0ZJJ7 A0A8V0ZDW7 A0A1D5NT61 A0A8V1A3S8 A0A1D5PMN7 A0A8V0YDD6 A0A1D5PZ68 A0A8V0YWM3
Biological Process,macromolecule metabolic process,3,GO:0043170,107,1155,255,2734,0.99,0.946990350195551,0.02,A0A8V0XEP8 A0A8V0YDT5 A0A8V0XEJ0 P15120 A0A1D5P480 A0A8V0XXW6 A0A1L1RX77 A0A8V0XPE8 A0A8V0YW57 A0A8V0X7J6 A0A8V1A7R0 E1C0K5 A0A8V0Z0B9 A0A8V0ZZD4 A0A8V1A3N1 A0A8V0XE48 A0A1L1S0X5 A0A8V0YXI7 A0A8V0YYQ9 Q92182 F1NGB8 A0A3Q2TU24 A0A8V0ZJ97 A0A8V0ZSN8 A0A8V1A9R2 A0A1D5PSI3 A0A8V0Y070 Q9W6H0 A0A8V1A7Y9 P28687 A0A8V1AG56 E1C744 A0A8V0Z6E4 A0A8V0XMI5 A0A8V0YC89 A0A8V0XH99 A0A8V1A0B4 A0A1I7Q3Z0 A0A8V0ZH96 P02460 F1NTQ2 E1C3Z8 A0A3Q2TTB3 A0A8V0ZP32 A0A8V0YRF2 E1C2T4 A0A1D5P0D7 A0A8V0Z6S1 A0A8V0XA92 A0A8V0ZZZ5 A0A8V0ZE58 A0A8V0YZJ3 A0A8V0XPN5 A0A8V0YSF6 A0A8V1ABC9 A0A8V0XKW4 A0A8V0ZRP2 A0A8V0ZE30 A0A8V1ADF6 Q05744 A0A1D5P201 A0A1D5PT01 A0A8V0YRG2 A0A8V0X4D8 A0A8V0ZHL4 A0A8V0ZIF0 A0A1L1RP76 A0A1D5P6Q1 A0A8V0YFT7 A0A8V0ZSG8 A0A8V0YK18 E1C733 A0A8V1A8R2 A0A8V0ZSX6 A0A8V0ZY42 A0A8V1A6Z0 A0A8V0Z865 A0A8V1ALI6 A0A8V0XXZ4 A0A8V0ZF83 A0A8V0ZY56 A0A8V0YDT4 A0A8V0YQC4 A0A8V0YDL8 P01875 A0A8V1A8L5 Q98938 A0A8V0ZSD7 A0A8V0ZFG7 Q6ITC7 F1NNN0 A0A8V0ZTC0 A0A8V0ZEC1 A0A8V1AAN6 A0A1D5P6T3 A0A8V1A8N2 A0A8V0WZN3 A0A8V0XWD4 A0A8V0YLI1 A0A8V0ZCF7 A0A8V0YVB6 A0A8V0Z189 A0A1L4FLS3 A0A8V0Z938 A0A8V0YDD6 A0A8V0YHS1 A0A8V0YWM3
Biological Process,positive regulation of biological process,3,GO:0048518,117,1245,255,2734,1.01,0.9473727266124558,0.02,A0A8V1A9L3 A0A8V1ABA3 A0A1D5NTR5 A0A8V0YQU2 A0A8V0YDT5 A0A3Q2UHS2 A0A1D5PBZ8 P15120 A0A8V0XEJ0 A0A8V0ZEJ3 A0A8V0Z8V4 A0A1D5P480 A0A1L1RX77 A0A8V0XPE8 A0A8V0YW57 A0A8V1A7R0 E1C0K5 A0A8V0ZZD4 A0A8V1A3N1 A0A8V0X7P4 A0A8V0YY90 A0A8V0XE48 Q92182 F1NGB8 A0A3Q2TU24 A0A8V0XM98 A0A8V0ZTR7 A0A8V1AHP7 A0A8V0ZSN8 A0A8V0ZUA4 A0A8V1A9R2 A0A8V0YF36 A0A1D5PSI3 A0A8V0Y070 A0A8V0Y357 A0A8V0XMV0 A0A8V1AG56 A0A8V0XMI5 A0A8V0XDR8 A0A8V0ZUU4 A0A8V0XH99 A0A1I7Q3Z0 A0A8V0ZH96 A0A8V0Y0F3 A0A8V0X637 F1NTQ2 A0A1D5PEW1 A0A8V0XCW4 A0A8V0YRF2 A0A8V0X1T3 A0A1D5P0D7 A0A8V0ZZZ5 Q0PVE4 A0A8V0ZE58 Q5ZJW4 Q00649 A0A8V0YSF6 A0A1D5PDV9 A0A8V1ABC9 A0A8V0XKW4 A0A8V0ZRP2 A0A8V0ZE30 A0A8V0YWI5 A0A1D5P201 P26652 A0A8V1AJI2 A0A1D5PT01 A0A8V0YRG2 A0A8V0X4D8 A0A8V0XBD4 A0A8V0YBZ6 A0A8V1AFP7 A0A8V0Y0X2 A0A8V0ZHL4 A0A8V0YVI8 A0A8V0XYK6 A0A1D5P6Q1 A0A8V0YFT7 A0A8V0ZSG8 E1C733 A0A8V0ZSX6 A0A8V0ZY91 A0A1D5PLP1 A0A8V0ZF83 A0A8V0ZKI8 A0A8V0YDT4 A0A8V0Z3U6 A0A8V0YDL8 A0A8V0YLZ8 P01875 Q98938 A0A8V0YDU6 A0A8V0ZFG7 A0A8V0Y290 A0A8V0ZTC0 A0A8V1AAN6 A0A8V0ZYI9 A0A8V1A3H9 A0A1D5P6T3 A0A1I7Q421 A0A8V1A8N2 A0A8V0YLI1 A0A8V0YVB6 A0A8V0YIC3 A0A8V0Z189 A0A1L4FLS3 A0A3Q2TT95 A0A8V0ZJJ7 A0A8V0Z8N6 A0A8V0ZDW7 A0A1D5NT61 A0A8V1A3S8 A0A1D5PMN7 A0A8V0YDD6 A0A1D5PZ68 A0A8V0YHS1 A0A8V0YWM3
Biological Process,regulation of lipid localization,4,GO:1905952,5,56,255,2734,0.96,1.0,-0.0,A0A1D5P6T3 A0A1D5PSI3 A0A8V0Z4R1 A0A8V1AM47 A0A8V0YWM3
Biological Process,negative regulation of epidermal growth factor receptor signaling pathway,7,GO:0042059,3,32,255,2734,1.01,1.0,-0.0,A0A8V1A6B5 A0A8V0ZYI9 A0A8V0Y699
Biological Process,positive regulation of osteoblast differentiation,6,GO:0045669,2,21,255,2734,1.02,1.0,-0.0,A0A8V0ZE58 Q98938
Biological Process,transition metal ion transport,7,GO:0000041,2,31,255,2734,0.69,1.0,-0.0,A0A8V0ZTR7 A0A8V0YG88
Biological Process,metal ion transport,6,GO:0030001,9,99,255,2734,0.97,1.0,-0.0,A0A8V0ZTR7 A0A8V0ZRZ8 A0A1D5NYS2 E1C733 A0A8V0ZY91 A0A8V0YLI1 A0A8V1AM47 A0A8V0YG88 A0A8V0YLZ5
Biological Process,organic hydroxy compound metabolic process,3,GO:1901615,9,105,255,2734,0.92,1.0,-0.0,A0A8V0Y4Q2 F1NBR3 A0A8V1ABA3 A0A8V1ACH5 A0A8V0Y9F8 A0A8V0YSF6 A0A1D5PBZ8 A0A8V1A3H7 A0A8V0YRG2
Biological Process,amino acid biosynthetic process,4,GO:0008652,2,22,255,2734,0.97,1.0,-0.0,A0A8V0Y579 A0A1D5NT61
Biological Process,epithelial to mesenchymal transition,5,GO:0001837,2,28,255,2734,0.77,1.0,-0.0,A0A8V0ZKI8 A0A8V1AG56
Biological Process,organic hydroxy compound biosynthetic process,4,GO:1901617,3,32,255,2734,1.01,1.0,-0.0,A0A8V0Y9F8 F1NBR3 A0A8V1ABA3
Biological Process,epigenetic regulation of gene expression,7,GO:0040029,4,42,255,2734,1.02,1.0,-0.0,A0A8V1A7R0 A0A8V0ZJ97 A0A8V0ZY56 A0A8V0ZY91
Biological Process,negative regulation of Notch signaling pathway,6,GO:0045746,2,24,255,2734,0.89,1.0,-0.0,A0A8V0XM98 A0A8V0ZUU4
Biological Process,embryonic development via the syncytial blastoderm,5,GO:0001700,4,49,255,2734,0.88,1.0,-0.0,A0A8V1A0B4 A0A8V0XE48 A0A8V0XBD4 A0A8V0Y699
Biological Process,mitotic sister chromatid segregation,4,GO:0000070,2,31,255,2734,0.69,1.0,-0.0,A0A8V0XE48 A0A1D5PBU5
Biological Process,kidney development,4,GO:0001822,9,100,255,2734,0.96,1.0,-0.0,F1NXR0 A0A8V0XA92 A0A8V0YFT7 A0A8V0Z9Z7 A0A1D5PSI3 A0A1L1RX77 A0A8V0Y357 A0A8V0Y0X2 A0A8V0XS21
Biological Process,negative regulation of intrinsic apoptotic signaling pathway,7,GO:2001243,3,33,255,2734,0.97,1.0,-0.0,A0A8V0XKW4 Q00649 A0A1I7Q3Z0
Biological Process,negative regulation of blood coagulation,5,GO:0030195,2,23,255,2734,0.93,1.0,-0.0,A0A3Q2TU24 P15120
Biological Process,response to increased oxygen levels,4,GO:0036296,2,21,255,2734,1.02,1.0,-0.0,A0A8V1AG56 P15120
Biological Process,negative regulation of response to oxidative stress,5,GO:1902883,2,22,255,2734,0.97,1.0,-0.0,A0A8V0XKW4 Q00649
Biological Process,fibroblast growth factor receptor signaling pathway,6,GO:0008543,2,21,255,2734,1.02,1.0,-0.0,P33005 A0A8V0YXI7
Biological Process,cell fate determination,3,GO:0001709,2,29,255,2734,0.74,1.0,-0.0,A0A8V0XBD4 A0A1D5PBU5
Biological Process,"nuclear-transcribed mRNA catabolic process, nonsense-mediated decay",8,GO:0000184,3,38,255,2734,0.85,1.0,-0.0,A0A8V1A8R2 A0A8V0XPN5 Q6ITC7
Biological Process,regulation of ATP metabolic process,7,GO:1903578,2,24,255,2734,0.89,1.0,-0.0,A0A1D5P6T3 A0A8V1A7R0
Biological Process,regulation of supramolecular fiber organization,5,GO:1902903,13,145,255,2734,0.96,1.0,-0.0,A0A8V1A9L3 A0A8V0Y0F3 A0A8V0ZTR7 A0A1D5PBU5 A0A8V0Y290 A0A8V0Z3U6 E1C733 A0A1L1RX77 A0A8V0YG24 Q00649 A0A3Q2UHS2 A0A8V0XE48 A0A8V0YLZ8
Biological Process,MAPK cascade,4,GO:0000165,6,69,255,2734,0.93,1.0,-0.0,A0A8V1AG56 A0A3Q2TU24 A0A8V1A9R2 E1C733 A0A8V1A0B4 A0A8V1ADF6
Biological Process,positive regulation of protein kinase activity,7,GO:0045860,12,130,255,2734,0.99,1.0,-0.0,A0A8V1AG56 A0A1D5P6T3 A0A3Q2TU24 A0A8V1A3S8 A0A8V0ZSN8 A0A8V1A3N1 A0A8V1A9R2 A0A1L4FLS3 A0A8V0ZE58 A0A8V0XMI5 A0A8V0X1T3 A0A1I7Q3Z0
Biological Process,positive regulation of response to wounding,5,GO:1903036,3,32,255,2734,1.01,1.0,-0.0,A0A1D5PT01 A0A8V0XE48 A0A8V0XMI5
Biological Process,response to leukemia inhibitory factor,5,GO:1990823,2,28,255,2734,0.77,1.0,-0.0,A0A8V0XM98 A0A8V0Z4R1
Biological Process,regulation of phospholipid metabolic process,6,GO:1903725,2,23,255,2734,0.93,1.0,-0.0,A0A3Q2TU24 A0A1I7Q3Z0
Biological Process,regulation of reactive oxygen species biosynthetic process,5,GO:1903426,2,28,255,2734,0.77,1.0,-0.0,A0A1D5P6T3 A0A8V1A7R0
Biological Process,regulation of chromatin organization,5,GO:1902275,2,27,255,2734,0.79,1.0,-0.0,A0A8V1A9R2 A0A8V0ZSN8
Biological Process,positive regulation of multicellular organism growth,5,GO:0040018,3,36,255,2734,0.89,1.0,-0.0,A0A1D5P6T3 A0A8V0ZHL4 A0A8V0XYK6
Biological Process,polyol metabolic process,4,GO:0019751,2,24,255,2734,0.89,1.0,-0.0,A0A8V1ACH5 A0A8V1ABA3
Biological Process,negative regulation of Wnt signaling pathway,6,GO:0030178,4,47,255,2734,0.91,1.0,-0.0,A0A8V0ZKI8 A0A1D5P480 A0A8V0X097 A0A8V1AG56
Biological Process,antigen processing and presentation of exogenous antigen,3,GO:0019884,5,53,255,2734,1.01,1.0,-0.0,A0A1D5PBU5 Q05744 Q5ZJW4 A0A8V0YSF6 A0A8V0ZRP2
Biological Process,cellular response to leukemia inhibitory factor,6,GO:1990830,2,28,255,2734,0.77,1.0,-0.0,A0A8V0XM98 A0A8V0Z4R1
Biological Process,respiratory electron transport chain,5,GO:0022904,4,50,255,2734,0.86,1.0,-0.0,A0A8V0ZRZ8 A0A8V0X535 A0A8V0XCD2 A0A8V0YWM3
Biological Process,regulation of mRNA metabolic process,6,GO:1903311,5,53,255,2734,1.01,1.0,-0.0,A0A1D5PSI3 A0A8V0XXW6 Q00649 A0A8V1ABC9 A0A8V0ZE30
Biological Process,in utero embryonic development,6,GO:0001701,7,80,255,2734,0.94,1.0,-0.0,A0A8V0ZUA4 Q98938 A0A8V0ZE58 A0A8V0YW57 A0A3Q2UHS2 A0A8V1A0B4 A0A8V0ZH96
Biological Process,negative regulation of reproductive process,4,GO:2000242,2,22,255,2734,0.97,1.0,-0.0,A0A8V1AG56 A0A8V0YW57
Biological Process,extracellular matrix disassembly,5,GO:0022617,2,25,255,2734,0.86,1.0,-0.0,A0A8V0X4D8 A0A8V0Y070
Biological Process,secondary alcohol metabolic process,4,GO:1902652,2,25,255,2734,0.86,1.0,-0.0,A0A8V1A3H7 A0A8V0Y9F8
Biological Process,regulation of blood circulation,5,GO:1903522,4,52,255,2734,0.82,1.0,-0.0,A0A8V0Z8N6 A0A8V1ALI6 A0A8V1ABC9 A0A8V0ZY91
Biological Process,Fc-gamma receptor signaling pathway,6,GO:0038094,2,29,255,2734,0.74,1.0,-0.0,A0A1I7Q3Z0 A0A3Q2UHS2
Biological Process,intracellular monoatomic cation homeostasis,5,GO:0030003,11,122,255,2734,0.97,1.0,-0.0,A0A8V0ZKI8 A0A8V0ZZZ5 A0A8V1A9R2 F1NTQ2 A0A1D5NYS2 E1C733 A0A8V0XMI5 A0A8V0YLI1 A0A8V1ABC9 A0A8V0Z8N6 A0A8V0ZDW7
Biological Process,regulation of cytokine-mediated signaling pathway,5,GO:0001959,2,30,255,2734,0.71,1.0,-0.0,A0A8V1AG56 A0A8V0YFT7
Biological Process,response to decreased oxygen levels,4,GO:0036293,11,117,255,2734,1.01,1.0,-0.0,A0A3Q2TU24 A0A8V1AHP7 A0A8V0YQ88 A0A8V0XM02 Q00649 A0A8V0ZSX6 P15120 A0A8V0Z8N6 A0A1I7Q3Z0 A0A8V0Y3L3 A0A8V0YWM3
Biological Process,regulation of protein import,6,GO:1904589,2,28,255,2734,0.77,1.0,-0.0,A0A1D5P6T3 A0A8V0XMV0
Biological Process,toxin transport,4,GO:1901998,2,21,255,2734,1.02,1.0,-0.0,A0A8V0ZKI8 A0A8V0XM02
Biological Process,regulation of cilium assembly,6,GO:1902017,2,29,255,2734,0.74,1.0,-0.0,A0A1D5PBU5 A0A8V0YVI8
Biological Process,positive regulation of proteolysis involved in protein catabolic process,8,GO:1903052,2,29,255,2734,0.74,1.0,-0.0,A0A8V0ZH96 A0A8V1ABA3
Biological Process,neutrophil activation,5,GO:0042119,20,223,255,2734,0.96,1.0,-0.0,A0A8V0XXM5 A0A8V0XMI5 A0A8V0YC89 A0A8V0YGN2 P15120 A0A8V0ZH96 A0A8V1ACV0 F1NTQ2 Q5ZJ73 A0A8V0YVB6 A0A8V0X7P4 A0A8V0YZJ3 A0A8V0ZY42 A0A8V0Z086 A0A8V1A6Z0 A0A8V0ZJJ7 A0A8V1ALI6 A0A8V0ZRP2 Q05744 A0A8V0YBE2
Biological Process,positive regulation of lipid metabolic process,5,GO:0045834,3,40,255,2734,0.8,1.0,-0.0,A0A8V1AHP7 A0A1I7Q3Z0 A0A8V0ZE58
Biological Process,tube formation,3,GO:0035148,6,71,255,2734,0.91,1.0,-0.0,A0A8V0ZKI8 A0A8V1AG56 A0A1I7Q421 A0A8V0ZUA4 A0A3Q2UHS2 A0A8V0XE48
Biological Process,cell cycle checkpoint signaling,4,GO:0000075,2,25,255,2734,0.86,1.0,-0.0,A0A8V0YW57 A0A8V0Z9Z7
Biological Process,regulation of Notch signaling pathway,5,GO:0008593,5,61,255,2734,0.88,1.0,-0.0,A0A8V0XM98 A0A8V0ZUA4 A0A1D5PMN7 A0A8V0ZUU4 A0A8V1A7R0
Biological Process,positive regulation of protein catabolic process,6,GO:0045732,6,67,255,2734,0.96,1.0,-0.0,A0A8V1AG56 A0A8V0X4D8 A0A8V0YBZ6 A0A8V1ABA3 Q5ZJW4 A0A8V0ZH96
Biological Process,mitotic cytokinesis,4,GO:0000281,4,48,255,2734,0.89,1.0,-0.0,A0A8V0ZRP2 A0A8V0YIC3 A0A8V0XE48 A0A8V0XYK6
Biological Process,regulation of calcium ion transmembrane transport,7,GO:1903169,2,29,255,2734,0.74,1.0,-0.0,A0A1D5P7Y2 A0A8V0ZZZ5
Biological Process,glial cell development,4,GO:0021782,2,29,255,2734,0.74,1.0,-0.0,A0A8V0YLZ8 A0A1D5PBZ8
Biological Process,negative regulation of extrinsic apoptotic signaling pathway,7,GO:2001237,3,33,255,2734,0.97,1.0,-0.0,A0A8V0XMI5 A0A1I7Q3Z0 P02460
Biological Process,positive regulation of apoptotic signaling pathway,6,GO:2001235,4,47,255,2734,0.91,1.0,-0.0,A0A8V0XKW4 A0A8V1A9R2 P26652 A0A8V1AJI2
Biological Process,limbic system development,4,GO:0021761,2,26,255,2734,0.82,1.0,-0.0,A0A1D5P6T3 A0A1D5PSI3
Biological Process,calcium-mediated signaling,5,GO:0019722,2,24,255,2734,0.89,1.0,-0.0,A0A1D5NTR5 A0A8V1ABC9
Biological Process,cellular response to decreased oxygen levels,5,GO:0036294,5,54,255,2734,0.99,1.0,-0.0,A0A8V0YQ88 A0A8V0Z8N6 P15120 A0A1I7Q3Z0 A0A8V0YWM3
Biological Process,embryonic placenta development,5,GO:0001892,2,22,255,2734,0.97,1.0,-0.0,A0A8V0ZE58 A0A8V0ZUA4
Biological Process,cellular response to nitrogen compound,4,GO:1901699,17,184,255,2734,0.99,1.0,-0.0,A0A1D5P6T3 A0A8V0Z6E4 A0A8V0ZJ97 A0A8V0YFT7 A0A8V0ZSN8 A0A8V1A9R2 A0A1L4FLS3 A0A8V0YWM3 A0A1D5PSI3 A0A8V0ZY91 A0A8V0YDD6 A0A8V0YSF6 P15120 A0A8V0Z8N6 A0A8V1A7R0 A0A1I7Q3Z0 P02460
Biological Process,spinal cord development,3,GO:0021510,2,29,255,2734,0.74,1.0,-0.0,A0A8V0Z8V4 A0A8V0Y6D2
Biological Process,Fc receptor signaling pathway,5,GO:0038093,3,35,255,2734,0.92,1.0,-0.0,A0A1I7Q3Z0 A0A3Q2UHS2 A0A8V1ACV0
Biological Process,determination of adult lifespan,2,GO:0008340,9,97,255,2734,0.99,1.0,-0.0,A0A1D5P6T3 A0A8V1ABA3 A0A8V0ZY42 A0A8V0Z4R1 A0A8V0YW57 Q00649 A0A8V0ZSX6 A0A8V0YQC4 A0A8V1AM47
Biological Process,protein polyubiquitination,9,GO:0000209,2,30,255,2734,0.71,1.0,-0.0,A0A8V0ZFG7 F1NNN0
Biological Process,dauer larval development,5,GO:0040024,2,25,255,2734,0.86,1.0,-0.0,A0A1D5P6T3 A0A8V1AEJ4
Biological Process,positive regulation of proteasomal protein catabolic process,7,GO:1901800,2,28,255,2734,0.77,1.0,-0.0,A0A8V0ZH96 A0A8V1ABA3
Biological Process,regulation of smoothened signaling pathway,5,GO:0008589,4,49,255,2734,0.88,1.0,-0.0,F1NGB8 A0A8V0Y999 A0A8V0ZTC0 Q98938
Biological Process,response to hypoxia,3,GO:0001666,10,114,255,2734,0.94,1.0,-0.0,A0A3Q2TU24 A0A8V1AHP7 A0A8V0YQ88 A0A8V0XM02 Q00649 A0A8V0ZSX6 P15120 A0A8V0Z8N6 A0A1I7Q3Z0 A0A8V0Y3L3
Biological Process,cellular response to cytokine stimulus,5,GO:0071345,20,213,255,2734,1.01,1.0,-0.0,A0A8V1AG56 A0A8V0Z6E4 A0A8V1ABA3 A0A8V0XMI5 A0A8V0Z4R1 P02460 A0A8V0YFT7 E1C733 A0A1L1RX77 A0A8V0YLI1 A0A8V1A7R0 A0A8V1A3N1 Q00649 A0A8V0XKW4 K9JA28 A0A8V0XM98 A0A8V0ZSN8 A0A8V1A9R2 A0A8V0Y652 A0A8V0YDD6
Biological Process,negative regulation of mitotic cell cycle,6,GO:0045930,3,41,255,2734,0.78,1.0,-0.0,A0A8V0YW57 A0A8V0Y999 A0A8V0Z9Z7
Biological Process,iron ion transport,8,GO:0006826,2,25,255,2734,0.86,1.0,-0.0,A0A8V0ZTR7 A0A8V0YG88
Biological Process,negative regulation of intracellular transport,5,GO:0032387,2,25,255,2734,0.86,1.0,-0.0,A0A1D5P6T3 A0A8V0ZTR7
Biological Process,Golgi vesicle transport,3,GO:0048193,13,148,255,2734,0.94,1.0,-0.0,A0A8V0YIC3 A0A1D5PBU5 A0A8V0ZUA4 A0A8V1AFR2 A0A8V0XM02 A0A8V0ZAP0 Q5ZJW4 A0A8V1ADS4 A0A8V0ZCF7 A0A8V0YG88 A0A8V0YVB6 A0A8V0ZYI9 A0A8V0XYK6
Biological Process,regulation of calcium ion transport,7,GO:0051924,5,53,255,2734,1.01,1.0,-0.0,A0A8V0ZZZ5 A0A8V1A9R2 A0A8V0YLI1 A0A8V0Z8N6 A0A1D5P7Y2
Biological Process,intracellular monoatomic ion homeostasis,4,GO:0006873,11,126,255,2734,0.94,1.0,-0.0,A0A8V0ZKI8 A0A8V0ZZZ5 A0A8V1A9R2 F1NTQ2 A0A1D5NYS2 E1C733 A0A8V0XMI5 A0A8V0YLI1 A0A8V1ABC9 A0A8V0Z8N6 A0A8V0ZDW7
Biological Process,protein modification by small protein conjugation,7,GO:0032446,5,63,255,2734,0.85,1.0,-0.0,A0A8V0ZSG8 A0A8V0YRF2 A0A8V0ZFG7 A0A1L1RP76 F1NNN0
Biological Process,endocytic recycling,4,GO:0032456,2,25,255,2734,0.86,1.0,-0.0,A0A8V0YIC3 A0A8V0ZYI9
Biological Process,pigmentation,1,GO:0043473,4,46,255,2734,0.93,1.0,-0.0,A0A8V1A9L3 A0A8V0XH99 A0A8V0ZJJ7 Q98938
Biological Process,regulation of RNA splicing,6,GO:0043484,3,37,255,2734,0.87,1.0,-0.0,A0A8V0XXW6 A0A1D5PSI3 Q6ITC7
Biological Process,modulation by host of symbiont process,4,GO:0051851,2,21,255,2734,1.02,1.0,-0.0,A0A8V0ZSX6 A0A8V0ZH96
Biological Process,regulation of RNA stability,3,GO:0043487,2,25,255,2734,0.86,1.0,-0.0,Q00649 A0A8V1ABC9
Biological Process,positive regulation of nuclear division,7,GO:0051785,2,24,255,2734,0.89,1.0,-0.0,A0A8V1AG56 A0A1D5P6T3
Biological Process,regulation of mRNA stability,4,GO:0043488,2,25,255,2734,0.86,1.0,-0.0,Q00649 A0A8V1ABC9
Biological Process,fatty acid catabolic process,5,GO:0009062,3,32,255,2734,1.01,1.0,-0.0,A0A8V0Y4M6 A0A8V0Y9F8 A0A8V0ZSC5
Biological Process,localization within membrane,3,GO:0051668,3,41,255,2734,0.78,1.0,-0.0,A0A8V0X4D8 A0A8V1ACV0 A0A8V0ZZZ5
Biological Process,establishment of organelle localization,3,GO:0051656,16,170,255,2734,1.01,1.0,-0.0,A0A8V0Z8V4 A0A8V0YIC3 Q0PVE4 A0A8V0XBD4 A0A1D5PBU5 A0A8V0ZUA4 A0A8V1AFR2 A0A8V0XM02 A0A8V0Z9Z7 Q5ZJW4 A0A8V0XE48 A0A1D5PBZ8 A0A8V0YVB6 A0A8V0ZE30 A0A8V0ZRP2 A0A8V0YVI8
Biological Process,Golgi to plasma membrane transport,4,GO:0006893,2,21,255,2734,1.02,1.0,-0.0,A0A8V0YIC3 A0A8V0XYK6
Biological Process,amino acid catabolic process,4,GO:0009063,3,34,255,2734,0.95,1.0,-0.0,A0A1D5NT61 A0A1D5PXI1 A0A1D5P692
Biological Process,regulation of cytokinesis,5,GO:0032465,2,26,255,2734,0.82,1.0,-0.0,A0A8V0XE48 A0A1D5PBU5
Biological Process,regulation of receptor-mediated endocytosis,6,GO:0048259,4,42,255,2734,1.02,1.0,-0.0,A0A8V0X7P4 A0A3Q2UHS2 A0A1D5PSI3 A0A8V1ABC9
Biological Process,organic acid transport,5,GO:0015849,3,33,255,2734,0.97,1.0,-0.0,A0A8V0Y579 A0A8V1AM47 A0A8V0XBD4
Biological Process,response to calcium ion,4,GO:0051592,4,42,255,2734,1.02,1.0,-0.0,A0A8V0YDL8 A0A8V1A0B4 A0A8V0YSF6 A0A8V1AG56
Biological Process,positive regulation of receptor-mediated endocytosis,6,GO:0048260,3,35,255,2734,0.92,1.0,-0.0,A0A3Q2UHS2 A0A1D5PSI3 A0A8V1ABC9
Biological Process,positive regulation of stress fiber assembly,7,GO:0051496,2,22,255,2734,0.97,1.0,-0.0,A0A8V0YLZ8 A0A8V0XE48
Biological Process,stress-activated MAPK cascade,5,GO:0051403,2,25,255,2734,0.86,1.0,-0.0,A0A8V1AG56 A0A8V1A0B4
Biological Process,monoatomic cation homeostasis,4,GO:0055080,13,140,255,2734,1.0,1.0,-0.0,A0A8V0ZKI8 A0A8V0ZZZ5 A0A8V1A9R2 F1NTQ2 A0A1D5NYS2 E1C733 A0A8V0XMI5 A0A8V0YLI1 A0A8V1ABC9 A0A8V0YRF2 A0A8V0Z8N6 A0A8V0ZDW7 A0A8V0XYK6
Biological Process,intracellular chemical homeostasis,3,GO:0055082,14,155,255,2734,0.97,1.0,-0.0,A0A8V0ZKI8 A0A8V0ZZZ5 A0A8V1A9R2 F1NTQ2 A0A1D5NYS2 A0A1D5PSI3 E1C733 A0A8V0XMI5 A0A8V0YLI1 A0A8V0YDD6 P15120 A0A8V1ABC9 A0A8V0Z8N6 A0A8V0ZDW7
Biological Process,response to xenobiotic stimulus,3,GO:0009410,8,90,255,2734,0.95,1.0,-0.0,A0A8V0Z6E4 A0A8V0X637 A0A8V1ABA3 A0A1D5P692 A0A8V0Y9F8 A0A8V0YGN2 A0A8V0ZJJ7 A0A8V0YDL8
Biological Process,regulation of cardiac muscle contraction,7,GO:0055117,2,24,255,2734,0.89,1.0,-0.0,A0A8V0Z8N6 A0A8V0ZY91
Biological Process,regulation of translational initiation,7,GO:0006446,2,24,255,2734,0.89,1.0,-0.0,Q00649 A0A8V0ZSX6
Biological Process,protein dephosphorylation,5,GO:0006470,3,37,255,2734,0.87,1.0,-0.0,A0A8V0YDT5 A0A8V0ZSD7 A0A1D5P6Q1
Biological Process,neutrophil degranulation,4,GO:0043312,20,222,255,2734,0.97,1.0,-0.0,A0A8V0XXM5 A0A8V0XMI5 A0A8V0YC89 A0A8V0YGN2 P15120 A0A8V0ZH96 A0A8V1ACV0 F1NTQ2 Q5ZJ73 A0A8V0YVB6 A0A8V0X7P4 A0A8V0YZJ3 A0A8V0ZY42 A0A8V0Z086 A0A8V1A6Z0 A0A8V0ZJJ7 A0A8V1ALI6 A0A8V0ZRP2 Q05744 A0A8V0YBE2
Biological Process,protein N-linked glycosylation,5,GO:0006487,3,32,255,2734,1.01,1.0,-0.0,Q92182 A0A8V0WZN3 A0A8V0Z0B9
Biological Process,regulation of actin filament bundle assembly,5,GO:0032231,3,36,255,2734,0.89,1.0,-0.0,A0A8V0YLZ8 A0A8V0ZTR7 A0A8V0XE48
Biological Process,amino acid metabolic process,3,GO:0006520,9,96,255,2734,1.01,1.0,-0.0,F1NXR0 A0A1D5NT61 A0A1D5P692 A0A8V0Y579 A0A1D5PMN7 A0A8V0ZHL4 A0A8V0YQC4 A0A8V1A7Y9 A0A1D5PXI1
Biological Process,positive regulation of actin filament bundle assembly,6,GO:0032233,2,26,255,2734,0.82,1.0,-0.0,A0A8V0YLZ8 A0A8V0XE48
Biological Process,"regulation of mRNA splicing, via spliceosome",7,GO:0048024,2,30,255,2734,0.71,1.0,-0.0,A0A1D5PSI3 A0A8V0XXW6
Biological Process,protein targeting to membrane,5,GO:0006612,4,52,255,2734,0.82,1.0,-0.0,A0A8V0X7P4 A0A8V0XPN5 A0A8V1A8R2 Q6ITC7
Biological Process,cotranslational protein targeting to membrane,6,GO:0006613,3,37,255,2734,0.87,1.0,-0.0,A0A8V1A8R2 A0A8V0XPN5 Q6ITC7
Biological Process,SRP-dependent cotranslational protein targeting to membrane,6,GO:0006614,3,35,255,2734,0.92,1.0,-0.0,A0A8V1A8R2 A0A8V0XPN5 Q6ITC7
Biological Process,cellular response to heat,4,GO:0034605,2,21,255,2734,1.02,1.0,-0.0,A0A8V0XKW4 A0A8V0Z938
Biological Process,positive regulation of transferase activity,5,GO:0051347,13,147,255,2734,0.95,1.0,-0.0,A0A8V1AG56 A0A1D5P6T3 A0A3Q2TU24 A0A8V1A3S8 A0A8V0ZSN8 A0A8V1A3N1 A0A8V0Y579 A0A8V1A9R2 A0A1L4FLS3 A0A8V0ZE58 A0A8V0XMI5 A0A8V0X1T3 A0A1I7Q3Z0
Biological Process,detection of external stimulus,3,GO:0009581,2,31,255,2734,0.69,1.0,-0.0,A0A8V0YLI1 A0A8V1ABC9
Biological Process,neutral lipid metabolic process,4,GO:0006638,2,24,255,2734,0.89,1.0,-0.0,A0A8V1A3H7 A0A8V0Y9F8
Biological Process,acylglycerol metabolic process,5,GO:0006639,2,24,255,2734,0.89,1.0,-0.0,A0A8V1A3H7 A0A8V0Y9F8
Biological Process,phospholipid metabolic process,4,GO:0006644,7,81,255,2734,0.93,1.0,-0.0,A0A3Q2TU24 A0A8V0ZSC5 A0A8V0X637 A0A8V0Y579 F1NTQ2 A0A8V1ACH5 A0A1I7Q3Z0
Biological Process,Wnt signaling pathway,4,GO:0016055,5,56,255,2734,0.96,1.0,-0.0,A0A8V0ZKI8 A0A8V1AG56 A0A8V0ZUU4 A0A8V0YLZ8 A0A8V0ZRP2
Biological Process,positive regulation of MAP kinase activity,8,GO:0043406,5,61,255,2734,0.88,1.0,-0.0,A0A8V1AG56 A0A1D5P6T3 A0A3Q2TU24 A0A8V1A3N1 A0A1I7Q3Z0
Biological Process,glutathione metabolic process,3,GO:0006749,2,29,255,2734,0.74,1.0,-0.0,A0A8V0YGN2 A0A8V0X7J6
Biological Process,cellular response to oxidative stress,4,GO:0034599,6,64,255,2734,1.01,1.0,-0.0,A0A8V0YGN2 Q00649 A0A8V0XKW4 A0A1I7Q3Z0 A0A8V0Y3L3 A0A8V0YWM3
Biological Process,vitamin metabolic process,3,GO:0006766,2,25,255,2734,0.86,1.0,-0.0,A0A8V0YSF6 A0A8V0ZJJ7
Biological Process,muscle organ development,4,GO:0007517,9,101,255,2734,0.96,1.0,-0.0,A0A8V1AG56 F1NXR0 A0A1L1RX77 A0A8V0XDR8 A0A8V0YQU2 A0A8V0ZCF7 A0A8V0Y699 A0A8V0YYQ9 A0A1D5P0D7
Biological Process,canonical Wnt signaling pathway,5,GO:0060070,2,22,255,2734,0.97,1.0,-0.0,A0A8V0ZKI8 A0A8V1AG56
Biological Process,heart contraction,5,GO:0060047,2,25,255,2734,0.86,1.0,-0.0,A0A8V1ALI6 A0A8V0ZY91
Biological Process,xenobiotic metabolic process,3,GO:0006805,2,25,255,2734,0.86,1.0,-0.0,A0A8V0Y9F8 A0A8V0YGN2
Biological Process,regulation of protein binding,4,GO:0043393,6,68,255,2734,0.95,1.0,-0.0,A0A8V1AG56 F1NXR0 A0A1D5PSI3 A0A1L1RKY9 A0A8V0YVB6 A0A1I7Q3Z0
Biological Process,mRNA metabolic process,6,GO:0016071,10,115,255,2734,0.93,1.0,-0.0,A0A8V0ZJ97 A0A1D5PSI3 A0A8V0XPN5 A0A8V0XXW6 A0A8V1A8R2 A0A8V0ZY56 Q6ITC7 A0A8V0ZE30 A0A8V1A7R0 A0A8V1A8L5
Biological Process,positive regulation of GTPase activity,6,GO:0043547,7,81,255,2734,0.93,1.0,-0.0,A0A8V1AG56 A0A8V0ZZZ5 A0A8V0ZTR7 A0A8V0YBZ6 E1C733 A0A1D5PEW1 A0A8V1ADS4
Biological Process,establishment of spindle orientation,5,GO:0051294,2,21,255,2734,1.02,1.0,-0.0,A0A1D5PBZ8 A0A1D5PBU5
Biological Process,positive regulation of molecular function,3,GO:0044093,39,417,255,2734,1.0,1.0,-0.0,A0A8V1AG56 A0A8V0YBZ6 Q98938 A0A8V0XMI5 A0A1I7Q3Z0 A0A8V0ZEJ3 A0A8V0XYK6 A0A1D5P6T3 A0A8V0YFT7 A0A8V0ZSG8 E1C733 A0A1D5PEW1 A0A8V1ADS4 A0A8V0YW57 A0A8V0YLI1 A0A8V0X1T3 A0A8V1A7R0 A0A8V0ZZZ5 A0A8V1A3N1 A0A8V0Y579 A0A1L4FLS3 A0A8V0ZE58 A0A8V0Z086 A0A8V0YSF6 A0A8V0XE48 A0A8V0XKW4 A0A8V0ZKI8 A0A3Q2TU24 A0A8V0YWI5 A0A8V0ZTR7 A0A8V1A3S8 A0A8V0ZSN8 A0A8V0YDT4 A0A8V1A9R2 A0A8V0YF36 A0A8V0YDD6 A0A1L1RKY9 A0A8V0YRG2 A0A8V0YWM3
Biological Process,regulation of viral process,3,GO:0050792,4,50,255,2734,0.86,1.0,-0.0,A0A8V0ZH96 A0A8V0ZSX6 A0A8V0YFT7 A0A8V0YDT4
Biological Process,regulation of biological process,2,GO:0050789,181,1942,255,2734,1.0,1.0,-0.0,A0A8V0Y8Q2 A0A8V1A9L3 A0A8V1ABA3 A0A8V1AEJ4 A0A8V0XEP8 A0A8V0Z4R1 A0A1D5NTR5 A0A8V0YQU2 A0A8V0YDT5 A0A3Q2UHS2 A0A1D5PBZ8 P15120 A0A8V0XEJ0 A0A8V0ZEJ3 A0A8V1ACV0 A0A8V0Z8V4 A0A1D5P480 A0A8V0XXW6 A0A1L1RX77 A0A8V0XPE8 A0A8V0YW57 Q5ZJ73 A0A8V1ACD6 A0A8V1A7R0 E1C0K5 A0A8V0Y4Q2 A0A8V0ZZD4 A0A8V1A3N1 A0A8V0X7P4 A0A8V0XW00 A0A8V0Y9F8 A0A8V0YY90 A0A8V0XE48 A0A8V0Y699 A0A8V0YXI7 A0A8V0XXK8 Q92182 F1NGB8 A0A3Q2TU24 A0A8V0ZJ97 A0A8V0XM98 A0A8V0ZTR7 A0A8V0ZSN8 A0A8V0ZUA4 A0A8V1AHP7 A0A8V1A9R2 A0A8V0YF36 A0A1D5PSI3 A0A8V0Y070 A0A8V0Y357 Q9W6H0 A0A8V0XMV0 A0A1D5NYA8 A0A8V1AG56 A0A8V0Z6E4 A0A8V0XMI5 A0A8V0XDR8 A0A8V0ZUU4 A0A8V0XH99 A0A8V1A0B4 A0A1I7Q3Z0 A0A8V0ZH96 A0A1D5PXI1 P02460 A0A8V0Y0F3 A0A8V0X637 F1NTQ2 A0A1D5NYS2 A0A1D5PEW1 A0A8V0XCW4 A0A8V0ZP32 A0A8V0ZXC9 A0A8V0YRF2 A0A8V0X1T3 A0A8V1A6B5 A0A1D5P7Y2 A0A1D5P0D7 A0A8V0ZZZ5 Q0PVE4 A0A8V0ZRV9 A0A8V0ZE58 A0A8V0XPN5 Q5ZJW4 Q00649 A0A8V0YSF6 A0A1D5PDV9 A0A8V1ABC9 A0A8V0XKW4 A0A8V0ZRP2 A0A8V0ZE30 A0A8V1ADF6 A0A8V0Y4M6 A0A8V0YWI5 A0A1D5PBU5 A0A1D5P201 P26652 A0A8V1AJI2 A0A1D5PT01 P33005 A0A8V0YRG2 A0A8V0X4D8 A0A8V0XBD4 A0A8V0YBZ6 A0A8V1AFP7 A0A8V0Y0X2 A0A8V0ZHL4 A0A1L1RP76 A0A8V0YVI8 A0A8V0XYK6 A0A1D5P6Q1 A0A8V0YFT7 A0A8V0ZSG8 A0A8V0ZHX5 A0A8V0YK18 E1C733 A0A8V1A8R2 A0A8V1ADS4 A0A8V0ZSX6 A0A8V0ZY91 A0A8V0YPB9 A0A8V0Y8I0 A0A8V1ALI6 A0A8V0XXZ4 A0A1D5PLP1 A0A8V0ZF83 A0A8V0ZY56 A0A8V0ZKI8 A0A8V0YDT4 A0A8V0Z3U6 A0A8V0Y652 A0A8V0YG24 A0A8V0YLZ8 A0A8V0YDL8 P01875 A0A8V1A8L5 Q98938 A0A8V0Y999 A0A8V0YDU6 A0A8V1ACH5 A0A8V0XWF0 A0A8V0ZFG7 Q6ITC7 A0A8V0XUJ8 A0A8V0Y290 A0A8V0X097 A0A8V0ZTC0 A0A8V0YMR1 A0A8V1AAN6 A0A8V0ZYI9 A0A8V1A3H9 A0A1D5P6T3 F1NXR0 A0A1I7Q421 A0A8V0YLX0 A0A8V0YQ88 A0A8V1A8N2 A0A3Q2UGW3 A0A8V0XM02 A0A8V0YGQ5 A0A8V0YLI1 A0A8V0ZCF7 A0A8V0YVB6 A0A8V0YIC3 A0A8V0Z189 A0A1L4FLS3 A0A3Q2TT95 A0A8V0ZJJ7 A0A8V0Z8N6 A0A8V1AEJ0 K9JA28 A0A8V0ZDW7 A0A1D5NT61 A0A8V1A3S8 A0A8V0Z9Z7 A0A1D5PMN7 A0A8V0Z938 A0A8V0YDD6 A0A8V1AM47 A0A1D5PZ68 A0A8V0YHS1 A0A8V0YWM3
Biological Process,regulation of dendrite development,4,GO:0050773,6,66,255,2734,0.97,1.0,-0.0,A0A8V0X4D8 A0A8V1A3S8 A0A1D5PSI3 A0A8V0YDT5 A0A1D5PBZ8 A0A8V0YMR1
Biological Process,dorsal closure,5,GO:0007391,3,37,255,2734,0.87,1.0,-0.0,A0A8V1A0B4 A0A8V0XE48 A0A8V0XBD4
Biological Process,lipid localization,3,GO:0010876,5,63,255,2734,0.85,1.0,-0.0,A0A8V0ZKI8 F1NTQ2 A0A8V0Z086 A0A8V0Y9F8 A0A8V1A3H7
Biological Process,exocrine system development,4,GO:0035272,5,54,255,2734,0.99,1.0,-0.0,A0A8V1AG56 A0A1D5P6T3 A0A8V0Z8V4 A0A8V0YDU6 A0A1D5PZ68
Biological Process,positive regulation of protein secretion,6,GO:0050714,6,70,255,2734,0.92,1.0,-0.0,A0A8V1AG56 A0A1D5NT61 A0A8V0XMI5 A0A8V0YY90 A0A8V0YDL8 A0A1I7Q3Z0
Biological Process,erythrocyte homeostasis,3,GO:0034101,2,24,255,2734,0.89,1.0,-0.0,A0A8V1A9R2 A0A8V0ZSN8
Biological Process,"G protein-coupled receptor signaling pathway, coupled to cyclic nucleotide second messenger",4,GO:0007187,2,28,255,2734,0.77,1.0,-0.0,A0A8V0XUJ8 A0A8V0YF36
Biological Process,adenylate cyclase-modulating G protein-coupled receptor signaling pathway,4,GO:0007188,2,25,255,2734,0.86,1.0,-0.0,A0A8V0XUJ8 A0A8V0YF36
Biological Process,Notch signaling pathway,4,GO:0007219,2,26,255,2734,0.82,1.0,-0.0,A0A8V1A0B4 A0A8V0YFT7
Biological Process,regulation of phospholipase activity,6,GO:0010517,2,21,255,2734,1.02,1.0,-0.0,A0A8V0ZE58 A0A8V0ZEJ3
Biological Process,positive regulation of developmental growth,5,GO:0048639,9,97,255,2734,0.99,1.0,-0.0,A0A8V1AG56 A0A1D5P6T3 A0A8V0X4D8 A0A8V0ZTR7 A0A1D5PSI3 A0A8V0ZUU4 A0A8V0YDD6 A0A8V0ZHL4 A0A8V0XYK6
Biological Process,small GTPase mediated signal transduction,4,GO:0007264,7,82,255,2734,0.92,1.0,-0.0,A0A8V0ZTR7 A0A8V0YBZ6 A0A8V0X7P4 A0A1D5PMN7 A0A1D5PEW1 A0A3Q2UHS2 A0A8V0XE48
Biological Process,small molecule catabolic process,3,GO:0044282,11,126,255,2734,0.94,1.0,-0.0,A0A8V0Y4M6 A0A8V0ZSC5 A0A1D5NT61 A0A1D5P692 F1NTQ2 A0A8V0YZJ3 A0A1D5PMN7 A0A8V0YBE2 A0A8V0Y9F8 A0A8V1ACH5 A0A1D5PXI1
Biological Process,regulation of dendrite morphogenesis,5,GO:0048814,4,46,255,2734,0.93,1.0,-0.0,A0A8V0YDT5 A0A8V1A3S8 A0A8V0X4D8 A0A1D5PBZ8
Biological Process,regulation of hormone levels,3,GO:0010817,12,131,255,2734,0.98,1.0,-0.0,A0A8V0Y4Q2 A0A1I7Q421 A0A8V0X4D8 A0A8V0XA92 A0A1D5NT61 A0A8V0ZY91 A0A8V0ZP32 A0A8V0YY90 A0A8V0ZJJ7 A0A8V1ABC9 A0A8V0YVB6 A0A8V0YDL8
Biological Process,genitalia development,4,GO:0048806,2,21,255,2734,1.02,1.0,-0.0,A0A8V0ZKI8 A0A8V1AG56
Biological Process,regulation of smooth muscle cell proliferation,5,GO:0048660,4,46,255,2734,0.93,1.0,-0.0,A0A8V0YF36 A0A8V0YFT7 Q9W6H0 A0A8V1ABC9
Biological Process,chemical synaptic transmission,7,GO:0007268,11,119,255,2734,0.99,1.0,-0.0,A0A8V0ZKI8 A0A8V0YIC3 A0A8V0XBD4 A0A8V0ZBR8 A0A1D5NYS2 A0A8V0X7P4 A0A8V0Y357 A0A1D5NTR5 A0A8V0ZSD7 A0A8V1A6B5 A0A8V0ZYI9
Biological Process,cellular response to fibroblast growth factor stimulus,5,GO:0044344,2,30,255,2734,0.71,1.0,-0.0,P33005 A0A8V0YXI7
Biological Process,cellular response to stress,3,GO:0033554,33,361,255,2734,0.98,1.0,-0.0,A0A8V1AG56 A0A8V0XBD4 A0A8V1A803 A0A8V1ABA3 A0A8V0XEP8 A0A8V0XMI5 A0A8V0YGN2 P15120 A0A8V1A0B4 A0A1I7Q3Z0 A0A8V0ZTC0 A0A8V0ZEC1 A0A8V0ZH96 A0A8V1AAN6 A0A8V0YQ88 A0A8V0ZSG8 A0A3Q2TTB3 A0A8V0YW57 A0A8V0ZSX6 A0A8V0ZXC9 A0A8V0YRF2 A0A8V0Y3L3 A0A8V0YE20 Q00649 A0A8V0Y699 A0A8V0Z8N6 A0A8V0XKW4 F1NGB8 A0A8V1AHP7 A0A8V0YIR4 A0A1D5PSI3 A0A8V0Z938 A0A8V0YWM3
Biological Process,positive regulation of kinase activity,6,GO:0033674,12,134,255,2734,0.96,1.0,-0.0,A0A8V1AG56 A0A1D5P6T3 A0A3Q2TU24 A0A8V1A3S8 A0A8V0ZSN8 A0A8V1A3N1 A0A8V1A9R2 A0A1L4FLS3 A0A8V0ZE58 A0A8V0XMI5 A0A8V0X1T3 A0A1I7Q3Z0
Biological Process,cell adhesion mediated by integrin,3,GO:0033627,2,24,255,2734,0.89,1.0,-0.0,A0A3Q2UHS2 A0A8V0Y699
Biological Process,centrosome cycle,3,GO:0007098,3,38,255,2734,0.85,1.0,-0.0,A0A8V0Z3U6 A0A8V0YTK5 A0A8V0XE48
Biological Process,negative regulation of coagulation,5,GO:0050819,2,24,255,2734,0.89,1.0,-0.0,A0A3Q2TU24 P15120
Biological Process,defense response to fungus,4,GO:0050832,2,27,255,2734,0.79,1.0,-0.0,Q00649 A0A8V0YWM3
Biological Process,mitotic cell cycle checkpoint signaling,4,GO:0007093,2,21,255,2734,1.02,1.0,-0.0,A0A8V0YW57 A0A8V0Z9Z7
Biological Process,protein homotetramerization,8,GO:0051289,3,36,255,2734,0.89,1.0,-0.0,A0A8V0Y4M6 A0A8V0YGQ5 A0A1D5PMN7
Biological Process,regulation of muscle contraction,6,GO:0006937,4,46,255,2734,0.93,1.0,-0.0,A0A8V0YLI1 A0A8V1ABC9 A0A8V0ZY91 A0A8V0Z8N6
Biological Process,hair cell differentiation,5,GO:0035315,2,29,255,2734,0.74,1.0,-0.0,A0A8V0XE48 A0A8V0XBD4
Biological Process,amide metabolic process,3,GO:0043603,24,262,255,2734,0.98,1.0,-0.0,A0A8V0X4D8 A0A8V1ABA3 A0A8V0XEP8 A0A8V0YGN2 Q6ITC7 A0A8V0YC98 A0A8V0ZSC5 A0A8V0X637 F1NTQ2 A0A8V0WZN3 A0A8V1A8R2 A0A8V0ZP32 A0A8V0X7J6 A0A8V0YVB6 A0A8V0XA92 A0A8V0XPN5 A0A8V0Z086 A0A8V0Y9F8 A0A8V0Z865 A0A1L1S0X5 A0A8V0YQC4 A0A8V1A7Y9 A0A8V0YDL8 P28687
Biological Process,striated muscle contraction,5,GO:0006941,2,23,255,2734,0.93,1.0,-0.0,A0A8V1ALI6 A0A8V0ZY91
Biological Process,regulation of striated muscle contraction,7,GO:0006942,2,25,255,2734,0.86,1.0,-0.0,A0A8V0Z8N6 A0A8V0ZY91
Biological Process,spindle assembly,4,GO:0051225,2,30,255,2734,0.71,1.0,-0.0,A0A8V0YTK5 A0A1D5PBU5
Biological Process,response to radiation,3,GO:0009314,11,121,255,2734,0.97,1.0,-0.0,A0A1D5P6T3 P26652 E1C733 A0A3Q2TTB3 A0A8V0Z4R1 A0A8V0YW57 A0A8V0ZSX6 A0A8V0ZFG7 A0A8V1ABC9 A0A8V0ZDW7 P02460
Biological Process,regulation of muscle cell differentiation,5,GO:0051147,4,43,255,2734,1.0,1.0,-0.0,A0A8V0XXK8 A0A8V0XE48 A0A8V0ZSG8 A0A8V0XMV0
Biological Process,negative regulation of binding,4,GO:0051100,3,33,255,2734,0.97,1.0,-0.0,F1NXR0 A0A1D5PSI3 A0A8V0YVB6
Biological Process,regulation of biological process involved in symbiotic interaction,3,GO:0043903,5,63,255,2734,0.85,1.0,-0.0,A0A8V0YIC3 A0A8V0YFT7 A0A8V0YDT4 A0A8V0ZSX6 A0A8V0ZH96
Biological Process,positive regulation of DNA-binding transcription factor activity,4,GO:0051091,5,56,255,2734,0.96,1.0,-0.0,A0A8V0ZKI8 A0A8V1AG56 A0A8V0ZSG8 Q98938 A0A1L4FLS3
Biological Process,regulation of hydrolase activity,4,GO:0051336,31,339,255,2734,0.98,1.0,-0.0,A0A8V1AG56 A0A8V0X4D8 A0A8V0YBZ6 Q98938 A0A8V0XMI5 A0A1L1RP76 A0A1I7Q3Z0 A0A8V0ZEJ3 A0A8V0YFT7 E1C733 A0A1D5PEW1 A0A8V1ADS4 A0A8V0YW57 A0A8V0YLI1 A0A8V0YRF2 A0A8V1A7R0 A0A8V0ZZZ5 A0A8V0ZE58 A0A8V0YSF6 A0A8V0XE48 A0A8V0XKW4 A0A8V0YWI5 A0A8V0ZTR7 A0A8V1AHP7 A0A8V0ZUA4 A0A8V0YDT4 P26652 A0A8V1AJI2 A0A8V0YDD6 A0A1L1RKY9 A0A8V0YWM3
Biological Process,positive regulation of DNA metabolic process,6,GO:0051054,4,48,255,2734,0.89,1.0,-0.0,A0A8V1A9L3 A0A8V0YW57 A0A1I7Q3Z0 A0A8V0XMI5
Biological Process,regulation of DNA metabolic process,5,GO:0051052,5,60,255,2734,0.89,1.0,-0.0,A0A8V1A9L3 A0A8V0XMI5 A0A8V0YW57 A0A1I7Q3Z0 A0A8V0YWM3
Biological Process,striated muscle tissue development,5,GO:0014706,7,75,255,2734,1.0,1.0,-0.0,A0A8V1AG56 F1NXR0 A0A1L1RX77 A0A8V0ZCF7 A0A1D5PZ68 A0A8V0XXK8 A0A1D5P0D7
Biological Process,negative regulation of secretion,5,GO:0051048,5,56,255,2734,0.96,1.0,-0.0,A0A1I7Q421 A0A8V1A3S8 A0A8V0YDT4 A0A8V0ZY91 A0A8V0YDD6
Biological Process,response to purine-containing compound,5,GO:0014074,4,44,255,2734,0.97,1.0,-0.0,A0A8V0YFT7 A0A8V0Z8N6 A0A8V0ZY91 A0A8V0Z4R1
Biological Process,programmed cell death,3,GO:0012501,17,191,255,2734,0.95,1.0,-0.0,A0A8V0X4D8 A0A8V0YWI5 A0A8V0ZSG8 Q05744 A0A1L4FLS3 A0A8V0YWM3 A0A8V0ZE58 A0A8V0XMI5 A0A8V0YW57 A0A8V0ZSD7 A0A8V0YLI1 A0A3Q2UHS2 A0A8V0XE48 A0A8V1ABC9 A0A8V0YRF2 A0A8V0XKW4 A0A1D5P0D7
Biological Process,RNA biosynthetic process,5,GO:0032774,4,44,255,2734,0.97,1.0,-0.0,A0A8V1A7R0 A0A8V0YFT7 A0A1D5PSI3 A0A3Q2TTB3
Biological Process,nucleus organization,5,GO:0006997,4,50,255,2734,0.86,1.0,-0.0,A0A8V1ABC9 A0A8V0XBD4 A0A8V0YVI8 A0A8V0XMI5
Biological Process,mitochondrion organization,5,GO:0007005,12,135,255,2734,0.95,1.0,-0.0,A0A8V0YWI5 A0A8V0XCD2 A0A8V1A803 A0A8V0ZRZ8 A0A8V0X535 A0A3Q2TTB3 R4GGQ4 A0A1D5PGC2 A0A8V0XMV0 A0A8V0XKW4 A0A8V1A7R0 A0A8V0YWM3
Biological Process,actin filament organization,5,GO:0007015,9,96,255,2734,1.01,1.0,-0.0,A0A8V0XBD4 A0A8V0YDU6 E1C733 A0A8V0YLI1 A0A3Q2UHS2 A0A1L1RKY9 A0A8V0YG88 A0A8V1A0B4 A0A1I7Q3Z0
Biological Process,spindle organization,3,GO:0007051,5,62,255,2734,0.86,1.0,-0.0,A0A8V0YTK5 A0A8V0XBD4 A0A1D5PBU5 A0A8V0XE48 A0A8V0ZE30
Biological Process,salivary gland development,5,GO:0007431,4,50,255,2734,0.86,1.0,-0.0,A0A8V1AG56 A0A8V0Z8V4 A0A8V0YDU6 A0A1D5PZ68
Biological Process,nucleoside metabolic process,4,GO:0009116,3,38,255,2734,0.85,1.0,-0.0,A0A8V0YBE2 A0A8V1A0B4 A0A1D5PMN7
Biological Process,response to osmotic stress,3,GO:0006970,3,32,255,2734,1.01,1.0,-0.0,A0A1L4FLS3 A0A8V0ZSX6 A0A1D5P692
Biological Process,tRNA aminoacylation for protein translation,6,GO:0006418,2,22,255,2734,0.97,1.0,-0.0,A0A8V0YQC4 A0A8V1A7Y9
Biological Process,apical junction assembly,7,GO:0043297,3,33,255,2734,0.97,1.0,-0.0,A0A8V1A0B4 Q0PVE4 A0A1D5PBZ8
Biological Process,artery development,4,GO:0060840,2,23,255,2734,0.93,1.0,-0.0,A0A8V0XPE8 A0A8V0ZCF7
Biological Process,endothelial cell differentiation,5,GO:0045446,3,35,255,2734,0.92,1.0,-0.0,A0A8V1A0B4 A0A8V0Z8N6 A0A8V0Y070
Biological Process,BMP signaling pathway,7,GO:0030509,2,22,255,2734,0.97,1.0,-0.0,A0A1I7Q421 A0A1D5P0D7
Biological Process,hormone-mediated signaling pathway,3,GO:0009755,2,23,255,2734,0.93,1.0,-0.0,A0A8V0XUJ8 A0A1I7Q3Z0
Biological Process,odontogenesis of dentin-containing tooth,5,GO:0042475,2,22,255,2734,0.97,1.0,-0.0,A0A8V0ZKI8 A0A1I7Q421
Biological Process,acute inflammatory response,5,GO:0002526,2,25,255,2734,0.86,1.0,-0.0,A0A8V1A7R0 A0A1D5PSI3
Biological Process,cellular response to toxic substance,4,GO:0097237,5,57,255,2734,0.94,1.0,-0.0,P02460 A0A8V0YGN2 Q00649 A0A8V0Y3L3 A0A8V0YWM3
Biological Process,intracellular receptor signaling pathway,3,GO:0030522,2,26,255,2734,0.82,1.0,-0.0,A0A8V1A7R0 A0A1I7Q3Z0
Biological Process,neuron maturation,4,GO:0042551,2,22,255,2734,0.97,1.0,-0.0,A0A8V0YLZ8 A0A1D5PBZ8
Biological Process,extrinsic apoptotic signaling pathway,4,GO:0097191,2,21,255,2734,1.02,1.0,-0.0,A0A1L4FLS3 A0A8V0XE48
Biological Process,positive regulation of immune system process,4,GO:0002684,20,213,255,2734,1.01,1.0,-0.0,A0A8V1AG56 Q98938 A0A8V0XMI5 A0A3Q2UHS2 A0A8V0XEJ0 A0A1I7Q3Z0 A0A8V0YFT7 A0A8V1A8N2 A0A8V0YW57 A0A8V0YLI1 A0A8V0ZSX6 A0A8V1A7R0 A0A8V0ZZD4 A0A8V0ZZZ5 A0A1L4FLS3 A0A8V0YSF6 A0A8V1ABC9 A0A8V1A9R2 P01875 A0A8V0YHS1
Biological Process,response to thyroid hormone,4,GO:0097066,2,30,255,2734,0.71,1.0,-0.0,A0A8V0XMV0 A0A8V1ABA3
Biological Process,regulation of plasma lipoprotein particle levels,3,GO:0097006,2,29,255,2734,0.74,1.0,-0.0,A0A8V0Y9F8 A0A8V0ZRP2
Biological Process,peptidyl-serine phosphorylation,6,GO:0018105,3,36,255,2734,0.89,1.0,-0.0,A0A1I7Q3Z0 A0A8V0XE48 A0A8V1ABC9
Biological Process,organophosphate catabolic process,4,GO:0046434,5,55,255,2734,0.97,1.0,-0.0,A0A8V1A9L3 A0A8V0ZSC5 A0A8V0X637 A0A8V0YBE2 A0A8V1ACH5
Biological Process,positive regulation of wound healing,6,GO:0090303,2,23,255,2734,0.93,1.0,-0.0,A0A8V0XE48 A0A8V0XMI5
Biological Process,protein import,5,GO:0017038,3,36,255,2734,0.89,1.0,-0.0,A0A8V1A7R0 R4GGQ4 A0A1D5PGC2
Biological Process,germ-line stem cell population maintenance,3,GO:0030718,2,25,255,2734,0.86,1.0,-0.0,A0A8V0XH99 A0A8V0ZEC1
Biological Process,regulation of nucleotide biosynthetic process,6,GO:0030808,2,22,255,2734,0.97,1.0,-0.0,A0A1D5P6T3 A0A8V1A7R0
Biological Process,regulation of heart contraction,6,GO:0008016,4,44,255,2734,0.97,1.0,-0.0,A0A8V0Z8N6 A0A8V1ALI6 A0A8V1ABC9 A0A8V0ZY91
Biological Process,cellular respiration,5,GO:0045333,6,70,255,2734,0.92,1.0,-0.0,A0A8V0XCD2 A0A8V0ZRZ8 A0A8V0X535 A0A8V0YC20 A0A8V0Y9B0 A0A8V0YWM3
Biological Process,ovulation cycle,2,GO:0042698,2,30,255,2734,0.71,1.0,-0.0,A0A8V1AG56 A0A1I7Q3Z0
Biological Process,defense response to bacterium,4,GO:0042742,7,81,255,2734,0.93,1.0,-0.0,Q05744 A0A8V0XXM5 A0A1L4FLS3 A0A8V0XMI5 Q00649 A0A8V0XEJ0 P01875
Biological Process,positive regulation of production of molecular mediator of immune response,6,GO:0002702,2,23,255,2734,0.93,1.0,-0.0,A0A8V1AG56 A0A8V0YW57
Biological Process,regulation of lymphocyte mediated immunity,6,GO:0002706,2,24,255,2734,0.89,1.0,-0.0,A0A8V0YW57 A0A8V0XMI5
Biological Process,regulation of peptide transport,5,GO:0090087,18,200,255,2734,0.96,1.0,-0.0,A0A8V1AG56 A0A1D5P6T3 A0A1D5NT61 A0A8V1A3S8 A0A8V0YDT4 A0A8V0XM02 A0A8V0Z189 A0A8V1AEJ4 A0A8V0ZY91 A0A8V0XMI5 A0A8V0YDD6 A0A8V0YY90 A0A8V0ZJJ7 A0A8V1ABC9 A0A8V0XMV0 A0A8V0YDL8 A0A1I7Q3Z0 A0A8V0XYK6
Biological Process,cholesterol metabolic process,5,GO:0008203,2,23,255,2734,0.93,1.0,-0.0,A0A8V1A3H7 A0A8V0Y9F8
Biological Process,inorganic ion homeostasis,3,GO:0098771,13,144,255,2734,0.97,1.0,-0.0,A0A8V0ZKI8 A0A8V0ZZZ5 A0A8V1A9R2 F1NTQ2 A0A1D5NYS2 E1C733 A0A8V0XMI5 A0A8V0YLI1 A0A8V1ABC9 A0A8V0YRF2 A0A8V0Z8N6 A0A8V0ZDW7 A0A8V0XYK6
Biological Process,immune response-regulating cell surface receptor signaling pathway involved in phagocytosis,3,GO:0002433,2,29,255,2734,0.74,1.0,-0.0,A0A1I7Q3Z0 A0A3Q2UHS2
Biological Process,Fc receptor mediated stimulatory signaling pathway,5,GO:0002431,2,29,255,2734,0.74,1.0,-0.0,A0A1I7Q3Z0 A0A3Q2UHS2
Biological Process,positive regulation of mitotic cell cycle,6,GO:0045931,4,46,255,2734,0.93,1.0,-0.0,A0A1D5P6T3 A0A8V0YSF6 A0A8V1ABC9 A0A8V0XMI5
Biological Process,regulation of ERBB signaling pathway,5,GO:1901184,4,46,255,2734,0.93,1.0,-0.0,A0A8V1A6B5 A0A8V0ZYI9 A0A8V0YSF6 A0A8V0Y699
Biological Process,instar larval development,4,GO:0002168,2,23,255,2734,0.93,1.0,-0.0,A0A8V0XBD4 Q98938
Biological Process,cuticle development,3,GO:0042335,4,43,255,2734,1.0,1.0,-0.0,A0A8V0ZHL4 A0A8V0XH99 A0A8V0ZJJ7 A0A8V0XBD4
Biological Process,regulation of purine nucleotide metabolic process,6,GO:1900542,2,28,255,2734,0.77,1.0,-0.0,A0A1D5P6T3 A0A8V1A7R0
Biological Process,negative regulation of cellular response to oxidative stress,5,GO:1900408,2,21,255,2734,1.02,1.0,-0.0,A0A8V0XKW4 Q00649
Biological Process,regulation of cellular response to oxidative stress,5,GO:1900407,3,34,255,2734,0.95,1.0,-0.0,A0A8V0XKW4 A0A8V0YLI1 Q00649
Biological Process,regulation of purine nucleotide biosynthetic process,7,GO:1900371,2,22,255,2734,0.97,1.0,-0.0,A0A1D5P6T3 A0A8V1A7R0
Biological Process,pattern recognition receptor signaling pathway,5,GO:0002221,2,28,255,2734,0.77,1.0,-0.0,A0A1L4FLS3 A0A8V0XMI5
Biological Process,toll-like receptor signaling pathway,6,GO:0002224,2,24,255,2734,0.89,1.0,-0.0,A0A1L4FLS3 A0A8V0XMI5
Biological Process,positive regulation of protein localization to nucleus,6,GO:1900182,2,25,255,2734,0.86,1.0,-0.0,A0A1I7Q3Z0 A0A8V0XE48
Biological Process,regulation of protein localization to nucleus,6,GO:1900180,3,40,255,2734,0.8,1.0,-0.0,A0A1D5P6T3 A0A1I7Q3Z0 A0A8V0XE48
Biological Process,immune response-activating signaling pathway,3,GO:0002757,7,82,255,2734,0.92,1.0,-0.0,A0A8V0ZZZ5 A0A1L4FLS3 A0A8V0XMI5 A0A3Q2UHS2 A0A8V0XEJ0 P01875 A0A1I7Q3Z0
Biological Process,negative regulation of hemostasis,4,GO:1900047,2,23,255,2734,0.93,1.0,-0.0,A0A3Q2TU24 P15120
Biological Process,regulation of macromolecule biosynthetic process,5,GO:0010556,46,491,255,2734,1.0,1.0,-0.0,A0A8V1AG56 A0A8V1A9L3 A0A8V0X4D8 A0A8V0XBD4 Q98938 A0A8V1ABA3 A0A8V0XMI5 A0A8V0ZUU4 A0A1D5NTR5 A0A8V1ACH5 A0A8V0XH99 A0A8V0ZFG7 A0A8V0Y290 A0A1I7Q3Z0 A0A8V0ZH96 A0A1D5P6T3 A0A1I7Q421 A0A8V0Y0F3 A0A8V0YFT7 A0A8V0ZSG8 F1NTQ2 A0A1L1RX77 Q5ZJ73 A0A8V0YLI1 A0A8V0ZSX6 A0A8V0YRF2 A0A8V0X1T3 A0A8V1A7R0 A0A1D5P0D7 A0A1L4FLS3 A0A8V0ZE58 A0A8V0XPN5 A0A3Q2TT95 Q00649 A0A8V0Y699 A0A8V1ABC9 A0A8V0ZE30 A0A1D5PLP1 A0A8V0ZF83 A0A8V0ZY56 A0A8V0ZKI8 A0A8V1A9R2 A0A1D5P201 A0A8V0Z9Z7 A0A1D5PSI3 A0A8V0Y070
Biological Process,regulation of plasma membrane bounded cell projection assembly,6,GO:0120032,8,93,255,2734,0.92,1.0,-0.0,Q0PVE4 A0A1D5PBU5 A0A8V0YDU6 A0A1D5NTR5 A0A8V0YQU2 A0A8V0YDT5 A0A3Q2UHS2 A0A8V0YVI8
Biological Process,regulation of actomyosin structure organization,6,GO:0110020,3,39,255,2734,0.82,1.0,-0.0,A0A8V0YLZ8 A0A8V0ZTR7 A0A8V0XE48
Biological Process,cell activation involved in immune response,3,GO:0002263,23,246,255,2734,1.0,1.0,-0.0,A0A8V0XXM5 A0A8V0XMI5 A0A8V0YC89 A0A8V0YGN2 P15120 A0A8V0ZH96 A0A8V1ACV0 F1NTQ2 Q5ZJ73 A0A8V0YW57 A0A8V0ZSX6 A0A8V0YVB6 A0A8V1A7R0 A0A8V0X7P4 A0A8V0YZJ3 A0A8V0ZY42 A0A8V0Z086 A0A8V1A6Z0 A0A8V0ZJJ7 A0A8V1ALI6 A0A8V0ZRP2 Q05744 A0A8V0YBE2
Biological Process,myeloid leukocyte activation,3,GO:0002274,22,242,255,2734,0.97,1.0,-0.0,A0A8V0XXM5 A0A8V0XMI5 A0A8V0YC89 A0A8V0YGN2 P15120 A0A8V0ZH96 A0A8V1ACV0 F1NTQ2 Q5ZJ73 A0A8V0YVB6 A0A8V0ZZZ5 A0A1L4FLS3 A0A8V0X7P4 A0A8V0YZJ3 A0A8V0ZY42 A0A8V0Z086 A0A8V1A6Z0 A0A8V0ZJJ7 A0A8V1ALI6 A0A8V0ZRP2 Q05744 A0A8V0YBE2
Biological Process,cellular response to environmental stimulus,3,GO:0104004,7,82,255,2734,0.92,1.0,-0.0,A0A8V0XBD4 A0A8V0ZSG8 A0A1L4FLS3 A0A8V0XPE8 A0A8V0ZSX6 A0A8V1ABC9 P02460
Biological Process,synaptic vesicle cycle,4,GO:0099504,6,67,255,2734,0.96,1.0,-0.0,A0A8V0YIC3 A0A3Q2UGW3 A0A8V0Y9F8 A0A8V0ZRP2 A0A8V1A6B5 A0A8V0ZYI9
Biological Process,neutrophil activation involved in immune response,5,GO:0002283,20,223,255,2734,0.96,1.0,-0.0,A0A8V0XXM5 A0A8V0XMI5 A0A8V0YC89 A0A8V0YGN2 P15120 A0A8V0ZH96 A0A8V1ACV0 F1NTQ2 Q5ZJ73 A0A8V0YVB6 A0A8V0X7P4 A0A8V0YZJ3 A0A8V0ZY42 A0A8V0Z086 A0A8V1A6Z0 A0A8V0ZJJ7 A0A8V1ALI6 A0A8V0ZRP2 Q05744 A0A8V0YBE2
Biological Process,immune system process,1,GO:0002376,58,627,255,2734,0.99,1.0,-0.0,A0A8V1AG56 Q98938 A0A8V0XXM5 A0A8V0XMI5 A0A8V0YC89 A0A8V0YGN2 A0A3Q2UHS2 A0A1D5PBZ8 P15120 A0A8V0XEJ0 A0A1I7Q3Z0 A0A8V0ZEJ3 A0A8V0ZH96 P01875 A0A8V1ACV0 A0A1I7Q421 A0A8V0YFT7 A0A8V0ZSG8 A0A8V1A8N2 F1NTQ2 E1C733 A0A8V1A8R2 A0A8V0YW57 Q5ZJ73 A0A8V0ZSX6 A0A8V0YVB6 A0A8V1A7R0 A0A8V0ZZD4 A0A8V0YIC3 A0A8V0ZZZ5 A0A8V0Y579 A0A1L4FLS3 A0A8V0X7P4 A0A8V0YZJ3 A0A8V0ZY42 Q5ZJW4 A0A8V0Z086 A0A8V1A6Z0 A0A8V0ZJJ7 A0A8V0YSF6 A0A8V1ABC9 A0A8V1ALI6 A0A8V0ZRP2 A0A1D5PLP1 K9JA28 Q92182 A0A1D5PBU5 Q05744 A0A8V0ZSN8 A0A8V1A9R2 A0A8V0Y652 A0A1D5PSI3 A0A8V0Y070 A0A8V0YBE2 A0A8V0YDD6 A0A8V0YRG2 A0A1D5PZ68 A0A8V0YHS1
Biological Process,immune response-activating cell surface receptor signaling pathway,4,GO:0002429,5,57,255,2734,0.94,1.0,-0.0,A0A8V0ZZZ5 A0A3Q2UHS2 A0A8V0XEJ0 P01875 A0A1I7Q3Z0
Biological Process,cell death,2,GO:0008219,18,198,255,2734,0.97,1.0,-0.0,A0A8V0X4D8 A0A8V0YWI5 A0A8V0XKW4 Q05744 A0A8V0ZSG8 A0A1L4FLS3 A0A8V0YWM3 A0A8V0ZE58 A0A8V0XMI5 A0A8V0YW57 A0A8V0ZSD7 A0A8V0YLI1 A0A3Q2UHS2 A0A8V0XE48 P15120 A0A8V0YRF2 A0A8V1ABC9 A0A1D5P0D7
Biological Process,anterograde trans-synaptic signaling,6,GO:0098916,11,119,255,2734,0.99,1.0,-0.0,A0A8V0ZKI8 A0A8V0YIC3 A0A8V0XBD4 A0A8V0ZBR8 A0A1D5NYS2 A0A8V0X7P4 A0A8V0Y357 A0A1D5NTR5 A0A8V0ZSD7 A0A8V1A6B5 A0A8V0ZYI9
Biological Process,activation of immune response,2,GO:0002253,10,111,255,2734,0.97,1.0,-0.0,A0A8V0ZZD4 A0A8V0ZZZ5 A0A8V1A8N2 A0A1L4FLS3 A0A8V0XMI5 A0A3Q2UHS2 A0A8V0XEJ0 P01875 A0A1I7Q3Z0 A0A8V0YHS1
Biological Process,regulation of circadian rhythm,3,GO:0042752,2,29,255,2734,0.74,1.0,-0.0,A0A8V0ZFG7 A0A8V0XE48
Biological Process,regulation of myeloid leukocyte differentiation,6,GO:0002761,2,22,255,2734,0.97,1.0,-0.0,A0A1L4FLS3 A0A8V1ABC9
Biological Process,regulation of cellular response to stress,4,GO:0080135,16,178,255,2734,0.96,1.0,-0.0,A0A8V1AG56 A0A8V0ZZZ5 A0A1L4FLS3 A0A8V0X7P4 A0A1D5PSI3 A0A8V0XMI5 A0A1D5PEW1 A0A1D5PT01 Q00649 A0A8V0Z938 A0A8V0YDT5 A0A8V0ZSX6 A0A8V0YLI1 A0A8V0XKW4 A0A8V1A0B4 A0A1D5P0D7
Biological Process,positive regulation of cellular metabolic process,5,GO:0031325,52,557,255,2734,1.0,1.0,-0.0,A0A8V1AG56 A0A8V1A9L3 A0A8V0X4D8 A0A8V0XBD4 Q98938 A0A8V1ABA3 A0A8V0XMI5 P15120 A0A8V0Y290 A0A1I7Q3Z0 A0A8V0ZTC0 A0A8V0ZH96 A0A8V0ZYI9 A0A1D5P6T3 A0A8V0Y0F3 A0A8V0YFT7 A0A8V0X637 A0A1D5P480 F1NTQ2 E1C733 A0A1L1RX77 A0A8V0YW57 A0A8V0YLI1 A0A8V0ZSX6 A0A8V0YRF2 A0A8V0X1T3 A0A8V1A7R0 A0A1D5P0D7 A0A8V0ZZZ5 A0A8V1A3N1 A0A1L4FLS3 A0A8V0ZE58 A0A8V0X7P4 Q00649 A0A8V0YSF6 A0A8V0XE48 A0A8V1ABC9 A0A8V0XKW4 A0A1D5PLP1 A0A8V0ZE30 A0A8V0ZDW7 A0A8V0ZKI8 A0A3Q2TU24 A0A8V0YWI5 A0A8V1A3S8 A0A8V0ZSN8 A0A8V0YDT4 A0A8V1A9R2 A0A1D5P201 A0A1D5PSI3 A0A8V0YDD6 A0A8V0YWM3
Biological Process,response to wounding,3,GO:0009611,19,209,255,2734,0.97,1.0,-0.0,A0A8V1AG56 P15120 A0A1I7Q3Z0 A0A8V1AAN6 A0A1L1RX77 A0A8V0XPE8 A0A8V0YLI1 E1C2T4 A0A8V0YE20 A0A8V0ZE58 A0A8V1ABC9 A0A8V0YYQ9 A0A8V0ZJD3 A0A3Q2TU24 A0A8V0YDT4 A0A8V0YIR4 P26652 A0A8V0YDD6 A0A8V0YDL8
Biological Process,regulation of cellular biosynthetic process,5,GO:0031326,49,532,255,2734,0.99,1.0,-0.0,A0A8V1AG56 A0A8V1A9L3 A0A8V0XBD4 Q98938 A0A8V1ABA3 A0A8V0XMI5 A0A8V0ZUU4 A0A1D5NTR5 A0A8V1ACH5 A0A8V0XH99 A0A8V0ZFG7 A0A8V0Y290 A0A1I7Q3Z0 A0A8V0ZH96 A0A8V1A3H9 A0A1D5P6T3 A0A1I7Q421 A0A8V0Y0F3 A0A8V0YFT7 A0A8V0ZSG8 F1NTQ2 A0A1L1RX77 Q5ZJ73 A0A8V0YLI1 A0A8V0ZSX6 A0A8V0YRF2 A0A8V0X1T3 A0A8V1A7R0 A0A1D5P0D7 A0A1L4FLS3 A0A8V0ZE58 A0A8V0XPN5 A0A3Q2TT95 Q00649 A0A8V0YY90 A0A8V0Y699 A0A8V1ABC9 A0A8V0ZE30 A0A1D5PLP1 A0A8V0ZF83 A0A8V0ZY56 A0A8V0Y4M6 A0A8V0ZKI8 A0A3Q2TU24 A0A8V1A9R2 A0A1D5P201 A0A8V0Z9Z7 A0A1D5PSI3 A0A8V0Y070
Biological Process,carbohydrate metabolic process,3,GO:0005975,14,154,255,2734,0.97,1.0,-0.0,Q92182 A0A8V0YXI7 F1NGB8 F1NTQ2 A0A8V0YZJ3 A0A8V0YBE2 A0A8V0Z086 A0A8V0Z938 A0A8V1ACH5 A0A8V0ZJJ7 A0A8V1ALI6 E1C2T4 A0A8V0YC98 A0A8V0ZI47
Biological Process,response to antibiotic,3,GO:0046677,12,130,255,2734,0.99,1.0,-0.0,Q92182 A0A1D5P6T3 A0A8V0XXM5 A0A8V1AEJ4 A0A1D5PSI3 Q00649 A0A8V0YDD6 A0A8V0ZSX6 A0A8V1ABC9 A0A8V1A7R0 A0A1I7Q3Z0 A0A8V0YWM3
Biological Process,regulation of cellular catabolic process,5,GO:0031329,19,206,255,2734,0.99,1.0,-0.0,A0A8V0X4D8 A0A8V1ABA3 A0A8V0XMI5 A0A1L1RP76 A0A8V0ZTC0 A0A8V0ZH96 A0A1D5P6T3 A0A8V0XM02 A0A1L1RX77 A0A8V0ZSX6 A0A8V1A7R0 A0A8V0X7P4 Q5ZJW4 Q00649 A0A8V1ABC9 A0A8V0ZE30 A0A8V0XKW4 P26652 A0A8V0YWM3
Biological Process,response to organophosphorus,4,GO:0046683,4,45,255,2734,0.95,1.0,-0.0,A0A8V0YFT7 A0A8V0Z8N6 A0A8V0ZY91 A0A8V0Z4R1
Biological Process,response to oxygen levels,3,GO:0070482,12,130,255,2734,0.99,1.0,-0.0,A0A8V1AG56 A0A3Q2TU24 A0A8V1AHP7 A0A8V0YQ88 A0A8V0XM02 Q00649 A0A8V0ZSX6 P15120 A0A8V0Z8N6 A0A1I7Q3Z0 A0A8V0Y3L3 A0A8V0YWM3
Biological Process,positive regulation of protein-containing complex assembly,6,GO:0031334,7,79,255,2734,0.95,1.0,-0.0,A0A8V0YWI5 A0A8V0Z3U6 E1C733 A0A3Q2UHS2 A0A8V0ZE30 A0A1I7Q3Z0 A0A8V0ZH96
Biological Process,regulation of defense response,5,GO:0031347,16,179,255,2734,0.96,1.0,-0.0,A0A8V1AG56 A0A8V0ZJ97 A0A8V0YFT7 A0A8V1A8N2 A0A8V1ABA3 A0A1L4FLS3 A0A8V1AFP7 A0A8V0XMI5 A0A8V0ZP32 A0A8V0YY90 A0A8V0ZSX6 A0A8V1ABC9 A0A8V0YRF2 A0A1I7Q3Z0 K9JA28 A0A8V0YHS1
Biological Process,cellular aldehyde metabolic process,3,GO:0006081,2,30,255,2734,0.71,1.0,-0.0,A0A8V0YBE2 A0A1D5PXI1
Biological Process,lipid phosphorylation,5,GO:0046834,2,23,255,2734,0.93,1.0,-0.0,A0A3Q2TU24 A0A1I7Q3Z0
Biological Process,protein localization to endoplasmic reticulum,6,GO:0070972,4,45,255,2734,0.95,1.0,-0.0,P28687 A0A8V1A8R2 A0A8V0XPN5 Q6ITC7
Biological Process,"mitochondrial electron transport, NADH to ubiquinone",7,GO:0006120,2,26,255,2734,0.82,1.0,-0.0,A0A8V0ZRZ8 A0A8V0XCD2
Biological Process,regulation of nucleotide metabolic process,5,GO:0006140,2,29,255,2734,0.74,1.0,-0.0,A0A1D5P6T3 A0A8V1A7R0
Biological Process,DNA metabolic process,5,GO:0006259,6,69,255,2734,0.93,1.0,-0.0,A0A1D5P480 A0A8V0XMI5 A0A3Q2TTB3 A0A8V0YW57 A0A8V0ZEC1 A0A8V0YWM3
Biological Process,regulation of hormone secretion,4,GO:0046883,6,68,255,2734,0.95,1.0,-0.0,A0A1I7Q421 A0A1D5NT61 A0A8V0ZY91 A0A8V0YY90 A0A8V0ZJJ7 A0A8V1ABC9
Biological Process,positive regulation of hormone secretion,5,GO:0046887,3,41,255,2734,0.78,1.0,-0.0,A0A8V0YY90 A0A8V0ZJJ7 A0A1D5NT61
Biological Process,regulation of potassium ion transport,7,GO:0043266,2,21,255,2734,1.02,1.0,-0.0,A0A8V0ZY91 A0A8V0XYK6
Biological Process,carboxylic acid transport,6,GO:0046942,3,33,255,2734,0.97,1.0,-0.0,A0A8V0Y579 A0A8V1AM47 A0A8V0XBD4
Biological Process,apoptotic cell clearance,5,GO:0043277,2,23,255,2734,0.93,1.0,-0.0,E1C0K5 A0A8V0XMI5
Biological Process,negative regulation of wound healing,6,GO:0061045,2,25,255,2734,0.86,1.0,-0.0,A0A3Q2TU24 P15120
Biological Process,transcription by RNA polymerase II,7,GO:0006366,2,31,255,2734,0.69,1.0,-0.0,A0A8V1A7R0 A0A1D5PSI3
Biological Process,response to ionizing radiation,4,GO:0010212,2,27,255,2734,0.79,1.0,-0.0,A0A8V0YW57 P02460
Biological Process,tRNA metabolic process,7,GO:0006399,2,31,255,2734,0.69,1.0,-0.0,A0A8V0YQC4 A0A8V1A7Y9
Biological Process,sterol metabolic process,4,GO:0016125,2,26,255,2734,0.82,1.0,-0.0,A0A8V1A3H7 A0A8V0Y9F8
Biological Process,establishment of protein localization to plasma membrane,5,GO:0061951,2,21,255,2734,1.02,1.0,-0.0,A0A8V0YIC3 A0A8V0XYK6
Biological Process,keratinocyte differentiation,6,GO:0030216,2,30,255,2734,0.71,1.0,-0.0,A0A8V1AG56 A0A8V0X4D8
Biological Process,cellular response to abiotic stimulus,3,GO:0071214,7,82,255,2734,0.92,1.0,-0.0,A0A8V0XBD4 A0A8V0ZSG8 A0A1L4FLS3 A0A8V0XPE8 A0A8V0ZSX6 A0A8V1ABC9 P02460
Biological Process,endothelium development,5,GO:0003158,3,39,255,2734,0.82,1.0,-0.0,A0A8V1A0B4 A0A8V0Z8N6 A0A8V0Y070
Biological Process,immune response-regulating signaling pathway,3,GO:0002764,8,86,255,2734,1.0,1.0,-0.0,A0A8V0ZZZ5 A0A1L4FLS3 A0A8V0XMI5 A0A3Q2UHS2 A0A8V0XEJ0 P01875 A0A1I7Q3Z0 A0A8V1ACV0
Biological Process,establishment of protein localization to endoplasmic reticulum,5,GO:0072599,4,42,255,2734,1.02,1.0,-0.0,P28687 A0A8V1A8R2 A0A8V0XPN5 Q6ITC7
Biological Process,organelle transport along microtubule,4,GO:0072384,2,26,255,2734,0.82,1.0,-0.0,A0A8V0XBD4 A0A8V0YVI8
Biological Process,tricarboxylic acid metabolic process,6,GO:0072350,2,30,255,2734,0.71,1.0,-0.0,A0A8V0Y9B0 A0A1D5NT61
Biological Process,monocarboxylic acid catabolic process,6,GO:0072329,3,37,255,2734,0.87,1.0,-0.0,A0A8V0Y4M6 A0A8V0Y9F8 A0A8V0ZSC5
Biological Process,positive regulation of peptide secretion,6,GO:0002793,7,76,255,2734,0.99,1.0,-0.0,A0A8V1AG56 A0A1D5NT61 A0A8V0XMI5 A0A8V0YY90 A0A8V0ZJJ7 A0A8V0YDL8 A0A1I7Q3Z0
Biological Process,cortical actin cytoskeleton organization,4,GO:0030866,3,41,255,2734,0.78,1.0,-0.0,A0A3Q2UHS2 A0A8V0XE48 A0A8V0Y699
Biological Process,mating,3,GO:0007618,3,32,255,2734,1.01,1.0,-0.0,A0A8V0Y9F8 F1NTQ2 A0A1D5PBZ8
Biological Process,nephron development,3,GO:0072006,3,34,255,2734,0.95,1.0,-0.0,A0A8V0Y0X2 A0A8V0Y357 A0A8V0XA92
Biological Process,response to fungus,3,GO:0009620,3,35,255,2734,0.92,1.0,-0.0,Q00649 A0A1I7Q3Z0 A0A8V0YWM3
Biological Process,cytosolic transport,4,GO:0016482,4,50,255,2734,0.86,1.0,-0.0,A0A8V1ADS4 A0A8V0Y9F8 A0A8V0XBD4 A0A8V0ZYI9
Biological Process,establishment or maintenance of cytoskeleton polarity,3,GO:0030952,2,25,255,2734,0.86,1.0,-0.0,A0A8V0YDU6 A0A3Q2UHS2
Biological Process,cellular response to antibiotic,4,GO:0071236,3,38,255,2734,0.85,1.0,-0.0,Q00649 A0A1D5PSI3 A0A8V0YWM3
Biological Process,amino acid activation,4,GO:0043038,2,22,255,2734,0.97,1.0,-0.0,A0A8V0YQC4 A0A8V1A7Y9
Biological Process,sensory perception of chemical stimulus,5,GO:0007606,2,27,255,2734,0.79,1.0,-0.0,A0A8V1ACV0 A0A1D5PXI1
Biological Process,positive regulation of apoptotic process,6,GO:0043065,15,166,255,2734,0.97,1.0,-0.0,A0A8V0ZKI8 A0A8V1AG56 A0A8V0YWI5 A0A8V0YFT7 A0A8V0X637 A0A8V1A9R2 P26652 A0A8V0ZE58 A0A8V1AJI2 A0A8V0XMI5 A0A8V0YLI1 A0A8V0YVB6 A0A8V0XKW4 A0A1I7Q3Z0 A0A8V0YWM3
Biological Process,cellular response to light stimulus,5,GO:0071482,2,24,255,2734,0.89,1.0,-0.0,A0A8V0ZSX6 A0A8V1ABC9
Biological Process,cellular response to hypoxia,4,GO:0071456,4,51,255,2734,0.84,1.0,-0.0,A0A8V0Z8N6 A0A1I7Q3Z0 A0A8V0YQ88 P15120
Biological Process,cellular response to oxygen levels,4,GO:0071453,5,60,255,2734,0.89,1.0,-0.0,A0A8V0YQ88 A0A8V0Z8N6 P15120 A0A1I7Q3Z0 A0A8V0YWM3
Biological Process,visual perception,6,GO:0007601,2,30,255,2734,0.71,1.0,-0.0,A0A8V0YLZ8 P02460
Biological Process,regeneration,3,GO:0031099,6,65,255,2734,0.99,1.0,-0.0,A0A8V0YIR4 A0A8V0YE20 P26652 P15120 A0A8V0YYQ9 A0A8V1AAN6
Biological Process,cellular response to tumor necrosis factor,6,GO:0071356,4,44,255,2734,0.97,1.0,-0.0,A0A8V1ABA3 E1C733 A0A8V0YFT7 P02460
Biological Process,cellular response to type II interferon,6,GO:0071346,3,33,255,2734,0.97,1.0,-0.0,A0A8V1AG56 A0A8V0YFT7 E1C733
Biological Process,sensory perception,4,GO:0007600,12,130,255,2734,0.99,1.0,-0.0,A0A8V1ACV0 A0A8V0XBD4 F1NTQ2 A0A8V0ZY91 A0A8V1ACH5 A0A8V0YLI1 R4GGQ4 A0A8V1ABC9 A0A8V0YLZ8 A0A8V1A0B4 A0A1D5PXI1 P02460
Biological Process,positive regulation of programmed cell death,5,GO:0043068,16,175,255,2734,0.98,1.0,-0.0,A0A8V0ZKI8 A0A8V1AG56 A0A1I7Q421 A0A8V0YWI5 A0A8V0YFT7 A0A8V0X637 A0A8V1A9R2 P26652 A0A8V0ZE58 A0A8V1AJI2 A0A8V0XMI5 A0A8V0YLI1 A0A8V0YVB6 A0A8V0XKW4 A0A1I7Q3Z0 A0A8V0YWM3
Biological Process,regulation of microtubule polymerization or depolymerization,6,GO:0031110,3,33,255,2734,0.97,1.0,-0.0,A0A8V1A9L3 A0A8V0Z3U6 A0A1D5PBU5
Biological Process,tRNA aminoacylation,5,GO:0043039,2,22,255,2734,0.97,1.0,-0.0,A0A8V0YQC4 A0A8V1A7Y9
Biological Process,Fc-gamma receptor signaling pathway involved in phagocytosis,4,GO:0038096,2,29,255,2734,0.74,1.0,-0.0,A0A1I7Q3Z0 A0A3Q2UHS2
