query_acc	query_name	query_len	subject_db	subject_acc	subject_name	subject_len	score	pct_identity	evalue	q_start	q_end	s_start	s_end
A0A1D5PLF4	A0A1D5PLF4_CHICK Myelin protein zero like 2	213	GlyAnas	A0A493U0T9	A0A493U0T9_ANAPP Hyaluronan and proteoglycan link protein 3	360	99.0	23.2	8.84e-06	24	142	49	168
A0A1D5PLF4	A0A1D5PLF4_CHICK Myelin protein zero like 2	213	GlyAnas	A0A493T5A8	A0A493T5A8_ANAPP CXADR Ig-like cell adhesion molecule	366	83.0	25.7	6.34e-04	39	144	47	153
A0A1D5PMF7	A0A1D5PMF7_CHICK Spondin-1	732	GlyAnas	A0A8B9QS28	A0A8B9QS28_ANAPL Thrombospondin-2	1182	270.0	29.7	4.51e-25	369	610	336	585
A0A1D5PMF7	A0A1D5PMF7_CHICK Spondin-1	732	GlyAnas	A0A493T8L7	A0A493T8L7_ANAPP Thrombospondin-1	1178	259.0	32.8	8.50e-24	489	649	393	563
A0A1D5PMF7	A0A1D5PMF7_CHICK Spondin-1	732	GlyAnas	A0A493TA20	A0A493TA20_ANAPP Thrombospondin type 1 domain containing 4	1028	230.0	27.4	1.96e-20	438	711	639	894
A0A1D5PMF7	A0A1D5PMF7_CHICK Spondin-1	732	GlyAnas	A0A8B9QYQ8	A0A8B9QYQ8_ANAPL ADAM metallopeptidase with thrombospondin type 1 motif 19	1184	224.0	28.8	9.73e-20	356	590	881	1120
A0A1D5PMF7	A0A1D5PMF7_CHICK Spondin-1	732	GlyAnas	A0A8B9TBP5	A0A8B9TBP5_ANAPL A disintegrin and metalloproteinase with thrombospondin motifs 1	934	138.0	36.4	9.13e-10	490	562	830	900
A0A1L1RTK2	A0A1L1RTK2_CHICK Torsin family 1 member B	410	GlyAnas	A0A493T607	A0A493T607_ANAPP Torsin family 1 member B	531	1699.0	82.9	5.02e-191	3	406	115	523
A0A1L1RTK2	A0A1L1RTK2_CHICK Torsin family 1 member B	410	GlyAnas	A0A493TT01	A0A493TT01_ANAPP Torsin	317	694.0	49.2	1.73e-74	142	399	56	313
A0A3Q2TZZ7	A0A3Q2TZZ7_CHICK Receptor-type tyrosine-protein phosphatase F	1904	GlyAnas	A0A493T750	A0A493T750_ANAPP Receptor-type tyrosine-protein phosphatase F	1929	9790.0	97.5	0.00e+00	1	1904	1	1929
A0A3Q2TZZ7	A0A3Q2TZZ7_CHICK Receptor-type tyrosine-protein phosphatase F	1904	GlyAnas	A0A493T341	A0A493T341_ANAPP protein-tyrosine-phosphatase	1488	1428.0	32.2	6.19e-159	580	1898	256	1487
A0A3Q2TZZ7	A0A3Q2TZZ7_CHICK Receptor-type tyrosine-protein phosphatase F	1904	GlyAnas	A0A8B9TDC9	A0A8B9TDC9_ANAPL protein-tyrosine-phosphatase	1365	1418.0	32.4	8.93e-158	580	1898	136	1364
A0A3Q2TZZ7	A0A3Q2TZZ7_CHICK Receptor-type tyrosine-protein phosphatase F	1904	GlyAnas	A0A8B9VYF6	A0A8B9VYF6_9AVES protein-tyrosine-phosphatase	1409	1140.0	28.5	1.54e-125	749	1897	249	1376
A0A3Q2TZZ7	A0A3Q2TZZ7_CHICK Receptor-type tyrosine-protein phosphatase F	1904	GlyAnas	A0A493T1Z9	A0A493T1Z9_ANAPP Neogenin	1396	792.0	28.5	3.47e-85	13	1011	21	1046
A0A8V0XDR8	A0A8V0XDR8_CHICK Laminin subunit alpha 2	3137	GlyAnas	A0A8B9U8F8	A0A8B9U8F8_9AVES Laminin subunit alpha-2	3075	15216.0	90.0	0.00e+00	9	3137	17	3075
A0A8V0XDR8	A0A8V0XDR8_CHICK Laminin subunit alpha 2	3137	GlyAnas	A0A8B9SV12	A0A8B9SV12_ANAPL Laminin subunit alpha 5	3507	2158.0	24.6	2.29e-243	11	3044	50	3430
A0A8V0XDR8	A0A8V0XDR8_CHICK Laminin subunit alpha 2	3137	GlyAnas	A0A493T9C8	A0A493T9C8_ANAPP Laminin subunit alpha 5	3191	1797.0	23.4	1.66e-201	278	3086	1	3126
A0A8V0XDR8	A0A8V0XDR8_CHICK Laminin subunit alpha 2	3137	GlyAnas	A0A8B9TT34	A0A8B9TT34_ANAPL Laminin subunit gamma 1	1587	1639.0	36.0	3.48e-183	13	1033	45	1024
A0A8V0XDR8	A0A8V0XDR8_CHICK Laminin subunit alpha 2	3137	GlyAnas	A0A493TFF5	A0A493TFF5_ANAPP Laminin subunit beta-1	1699	1203.0	29.7	1.25e-132	66	1033	3	1092
A0A8V0XEJ0	A0A8V0XEJ0_CHICK Ig-like domain-containing protein	569	GlyAnas	A0A8B9QZ49	A0A8B9QZ49_ANAPL Ig-like domain-containing protein	458	1214.0	53.3	1.21e-134	64	494	2	438
A0A8V0XEJ0	A0A8V0XEJ0_CHICK Ig-like domain-containing protein	569	GlyAnas	A0A8B9SH23	A0A8B9SH23_ANAPL Ig-like domain-containing protein	526	601.0	31.2	1.46e-63	69	544	46	525
A0A8V0XEJ0	A0A8V0XEJ0_CHICK Ig-like domain-containing protein	569	GlyAnas	A0A8B9Z990	A0A8B9Z990_ANAPL Ig-like domain-containing protein	339	390.0	30.3	4.27e-39	210	494	36	319
A0A8V0XEJ0	A0A8V0XEJ0_CHICK Ig-like domain-containing protein	569	GlyAnas	A0A8B9V9H7	A0A8B9V9H7_9AVES Ig-like domain-containing protein	436	383.0	24.8	2.76e-38	74	492	2	432
A0A8V0XEJ0	A0A8V0XEJ0_CHICK Ig-like domain-containing protein	569	GlyAnas	A0A8B9SLE4	A0A8B9SLE4_ANAPL Ig-like domain-containing protein	123	164.0	54.7	6.86e-13	1	64	60	117
A0A8V0XGM8	A0A8V0XGM8_CHICK Desmoglein 4	1003	GlyAnas	A0A493T1A3	A0A493T1A3_ANAPP Cadherin domain-containing protein	513	588.0	32.2	8.26e-62	50	536	1	461
A0A8V0XGM8	A0A8V0XGM8_CHICK Desmoglein 4	1003	GlyAnas	A0A8B9VTH6	A0A8B9VTH6_9AVES Cadherin EGF LAG seven-pass G-type receptor 1	2863	310.0	27.1	1.42e-29	61	491	328	742
A0A8V0XGM8	A0A8V0XGM8_CHICK Desmoglein 4	1003	GlyAnas	U3IE29	U3IE29_ANAPP Cadherin domain-containing protein	885	204.0	23.9	2.78e-17	106	491	192	567
A0A8V0XHB9	A0A8V0XHB9_CHICK Ig-like domain-containing protein	565	GlyAnas	A0A8B9V9H7	A0A8B9V9H7_9AVES Ig-like domain-containing protein	436	1059.0	50.8	1.13e-116	141	565	2	436
A0A8V0XHB9	A0A8V0XHB9_CHICK Ig-like domain-containing protein	565	GlyAnas	A0A8B9SH23	A0A8B9SH23_ANAPL Ig-like domain-containing protein	526	471.0	31.5	1.72e-48	132	561	45	467
A0A8V0XHB9	A0A8V0XHB9_CHICK Ig-like domain-containing protein	565	GlyAnas	A0A8B9QZ49	A0A8B9QZ49_ANAPL Ig-like domain-containing protein	458	452.0	30.0	2.74e-46	138	565	6	440
A0A8V0XHB9	A0A8V0XHB9_CHICK Ig-like domain-containing protein	565	GlyAnas	A0A8B9Z990	A0A8B9Z990_ANAPL Ig-like domain-containing protein	339	447.0	33.6	1.04e-45	238	565	6	321
A0A8V0XHB9	A0A8V0XHB9_CHICK Ig-like domain-containing protein	565	GlyAnas	A0A8B9SLE4	A0A8B9SLE4_ANAPL Ig-like domain-containing protein	123	346.0	62.7	5.36e-34	23	127	13	122
A0A8V0XIS6	A0A8V0XIS6_CHICK Laminin subunit alpha 3	3081	GlyAnas	A0A8B9SV12	A0A8B9SV12_ANAPL Laminin subunit alpha 5	3507	5741.0	37.0	0.00e+00	16	3079	21	3505
A0A8V0XIS6	A0A8V0XIS6_CHICK Laminin subunit alpha 3	3081	GlyAnas	A0A8B9U691	A0A8B9U691_9AVES Laminin subunit alpha 3	1465	5033.0	68.6	0.00e+00	1641	3081	5	1465
A0A8V0XIS6	A0A8V0XIS6_CHICK Laminin subunit alpha 3	3081	GlyAnas	A0A493T9C8	A0A493T9C8_ANAPP Laminin subunit alpha 5	3191	5014.0	35.6	0.00e+00	316	3017	2	3112
A0A8V0XIS6	A0A8V0XIS6_CHICK Laminin subunit alpha 3	3081	GlyAnas	A0A8B9U8F8	A0A8B9U8F8_9AVES Laminin subunit alpha-2	3075	2127.0	25.1	8.85e-240	18	3080	1	3074
A0A8V0XIS6	A0A8V0XIS6_CHICK Laminin subunit alpha 3	3081	GlyAnas	A0A493TFF5	A0A493TFF5_ANAPP Laminin subunit beta-1	1699	1073.0	21.6	1.46e-117	108	2295	5	1668
A0A8V0XNR7	A0A8V0XNR7_CHICK Dipeptidyl peptidase 1	460	GlyAnas	A0A493TCQ9	A0A493TCQ9_ANAPP Pro-cathepsin H	384	390.0	37.8	3.45e-39	222	460	159	384
A0A8V0XNR7	A0A8V0XNR7_CHICK Dipeptidyl peptidase 1	460	GlyAnas	A0A493T9K3	A0A493T9K3_ANAPP Cathepsin B	569	346.0	29.6	4.36e-34	147	456	245	560
A0A8V0XNR7	A0A8V0XNR7_CHICK Dipeptidyl peptidase 1	460	GlyAnas	A0A8B9SZ08	A0A8B9SZ08_ANAPL Cathepsin L1	338	327.0	34.4	6.96e-32	166	451	61	333
A0A8V0XZV7	A0A8V0XZV7_CHICK Immunoglobulin superfamily member 3	1183	GlyAnas	R0K6C9	R0K6C9_ANAPL Titin (Fragment)	32970	130.0	19.0	1.25e-08	39	1071	4475	5288
A0A8V0XZV7	A0A8V0XZV7_CHICK Immunoglobulin superfamily member 3	1183	GlyAnas	A0A493T5A8	A0A493T5A8_ANAPP CXADR Ig-like cell adhesion molecule	366	112.0	24.3	1.53e-06	1	207	1	206
A0A8V0XZV7	A0A8V0XZV7_CHICK Immunoglobulin superfamily member 3	1183	GlyAnas	A0A493TUB1	A0A493TUB1_ANAPP Ig-like domain-containing protein	1406	94.0	21.7	1.87e-04	111	475	290	567
A0A8V0XZV7	A0A8V0XZV7_CHICK Immunoglobulin superfamily member 3	1183	GlyAnas	A0A8B9TJ31	A0A8B9TJ31_ANAPL Contactin-2	987	92.0	20.5	3.18e-04	46	788	19	582
A0A8V0XZV7	A0A8V0XZV7_CHICK Immunoglobulin superfamily member 3	1183	GlyAnas	A0A8B9R685	A0A8B9R685_ANAPL Ig-like domain-containing protein	616	89.0	23.3	7.09e-04	156	446	34	286
A0A8V0Y0H9	A0A8V0Y0H9_CHICK Teneurin-4	2594	GlyAnas	A0A493SWE9	A0A493SWE9_ANAPP Teneurin-4	2626	13898.0	99.5	0.00e+00	7	2594	39	2626
A0A8V0Y0H9	A0A8V0Y0H9_CHICK Teneurin-4	2594	GlyAnas	A0A493SYG4	A0A493SYG4_ANAPP Tenascin	2038	591.0	36.4	9.58e-62	407	724	316	615
A0A8V0Y0H9	A0A8V0Y0H9_CHICK Teneurin-4	2594	GlyAnas	A0A8B9VG14	A0A8B9VG14_9AVES Crumbs cell polarity complex component 1	1399	328.0	30.7	3.01e-31	405	678	65	403
A0A8V0Y0H9	A0A8V0Y0H9_CHICK Teneurin-4	2594	GlyAnas	A0A8B9T2E3	A0A8B9T2E3_ANAPL Wnt inhibitory factor 1	374	287.0	36.4	1.71e-26	476	635	181	341
A0A8V0Y0H9	A0A8V0Y0H9_CHICK Teneurin-4	2594	GlyAnas	A0A8B9TKI0	A0A8B9TKI0_ANAPL Slit homolog 2 protein	1508	242.0	30.2	2.82e-21	452	627	941	1155
A0A8V0Y248	A0A8V0Y248_CHICK Sulfhydryl oxidase	741	GlyAnas	A0A8B9TSG9	A0A8B9TSG9_ANAPL Sulfhydryl oxidase	739	3334.0	84.7	0.00e+00	1	741	1	739
A0A8V0Y9M0	A0A8V0Y9M0_CHICK Uncharacterized protein	4291	GlyAnas	A0A8B9UL04	A0A8B9UL04_9AVES Uncharacterized protein	1538	2974.0	45.8	0.00e+00	2740	4291	9	1538
A0A8V0Y9M0	A0A8V0Y9M0_CHICK Uncharacterized protein	4291	GlyAnas	A0A8B9UUB6	A0A8B9UUB6_9AVES VWFD domain-containing protein	3275	767.0	23.5	6.19e-82	1436	3216	1433	3199
A0A8V0Y9M0	A0A8V0Y9M0_CHICK Uncharacterized protein	4291	GlyAnas	A0A8B9U9X9	A0A8B9U9X9_9AVES Uncharacterized protein	1028	275.0	27.0	6.96e-25	2818	3431	3	613
A0A8V0Y9M0	A0A8V0Y9M0_CHICK Uncharacterized protein	4291	GlyAnas	A0A8B9QNN8	A0A8B9QNN8_ANAPL Mucin-5AC	3271	267.0	20.6	5.89e-24	1801	3730	92	2322
A0A8V0Y9M0	A0A8V0Y9M0_CHICK Uncharacterized protein	4291	GlyAnas	A0A8B9THT8	A0A8B9THT8_ANAPL Immunoglobulin superfamily member 10	2596	260.0	22.4	3.82e-23	2264	3368	810	1795
A0A8V0Y9M6	A0A8V0Y9M6_CHICK Laminin subunit gamma 2	1172	GlyAnas	A0A8B9TT34	A0A8B9TT34_ANAPL Laminin subunit gamma 1	1587	2403.0	39.9	3.33e-272	26	1172	335	1587
A0A8V0Y9M6	A0A8V0Y9M6_CHICK Laminin subunit gamma 2	1172	GlyAnas	A0A493T9C8	A0A493T9C8_ANAPP Laminin subunit alpha 5	3191	809.0	24.6	2.28e-87	21	1158	915	2110
A0A8V0Y9M6	A0A8V0Y9M6_CHICK Laminin subunit gamma 2	1172	GlyAnas	A0A8B9U8F8	A0A8B9U8F8_9AVES Laminin subunit alpha-2	3075	791.0	31.5	2.79e-85	24	594	322	970
A0A8V0Y9M6	A0A8V0Y9M6_CHICK Laminin subunit gamma 2	1172	GlyAnas	A0A8B9SV12	A0A8B9SV12_ANAPL Laminin subunit alpha 5	3507	770.0	26.7	7.59e-83	25	1170	1417	2567
A0A8V0Y9M6	A0A8V0Y9M6_CHICK Laminin subunit gamma 2	1172	GlyAnas	A0A8B9VAE3	A0A8B9VAE3_9AVES Laminin subunit beta 2	1749	713.0	25.7	3.09e-76	19	1158	322	1569
A0A8V0YA76	A0A8V0YA76_CHICK Beta-hexosaminidase	520	GlyAnas	A0A493TIW4	A0A493TIW4_ANAPP Beta-hexosaminidase subunit beta	652	2253.0	77.5	3.66e-255	1	507	74	625
A0A8V0YB27	A0A8V0YB27_CHICK Laminin subunit gamma 1	1593	GlyAnas	A0A8B9TT34	A0A8B9TT34_ANAPL Laminin subunit gamma 1	1587	8045.0	93.0	0.00e+00	5	1593	4	1587
A0A8V0YB27	A0A8V0YB27_CHICK Laminin subunit gamma 1	1593	GlyAnas	A0A8B9U8F8	A0A8B9U8F8_9AVES Laminin subunit alpha-2	3075	1675.0	36.2	1.18e-187	46	1015	21	1032
A0A8V0YB27	A0A8V0YB27_CHICK Laminin subunit gamma 1	1593	GlyAnas	A0A493TFF5	A0A493TFF5_ANAPP Laminin subunit beta-1	1699	1531.0	26.9	5.90e-171	100	1580	12	1667
A0A8V0YB27	A0A8V0YB27_CHICK Laminin subunit gamma 1	1593	GlyAnas	A0A8B9VAE3	A0A8B9VAE3_9AVES Laminin subunit beta 2	1749	1508.0	27.2	2.74e-168	13	1560	3	1746
A0A8V0YB27	A0A8V0YB27_CHICK Laminin subunit gamma 1	1593	GlyAnas	A0A493T9C8	A0A493T9C8_ANAPP Laminin subunit alpha 5	3191	1357.0	28.4	8.85e-151	280	1518	920	2152
A0A8V0YDD6	A0A8V0YDD6_CHICK Fibronectin	2392	GlyAnas	A0A8B9TVE4	A0A8B9TVE4_ANAPL Fibronectin	2448	12129.0	91.6	0.00e+00	4	2392	6	2448
A0A8V0YDD6	A0A8V0YDD6_CHICK Fibronectin	2392	GlyAnas	A0A493SYG4	A0A493SYG4_ANAPP Tenascin	2038	963.0	24.8	6.46e-105	163	1814	167	1810
A0A8V0YDD6	A0A8V0YDD6_CHICK Fibronectin	2392	GlyAnas	A0A8B9V4D6	A0A8B9V4D6_9AVES Collagen alpha-1(VII) chain	836	419.0	27.0	7.78e-42	1455	2035	234	826
A0A8V0YDD6	A0A8V0YDD6_CHICK Fibronectin	2392	GlyAnas	R0K6C9	R0K6C9_ANAPL Titin (Fragment)	32970	418.0	21.7	1.02e-41	614	2027	22751	24230
A0A8V0YDD6	A0A8V0YDD6_CHICK Fibronectin	2392	GlyAnas	A0A493T750	A0A493T750_ANAPP Receptor-type tyrosine-protein phosphatase F	1929	398.0	23.1	2.12e-39	724	1676	330	1239
A0A8V0YJ25	A0A8V0YJ25_CHICK Ovalbumin-related protein Y (SERPINB14B)	422	GlyAnas	U3IKY8	U3IKY8_ANAPP Serpin domain-containing protein	388	1475.0	71.4	4.87e-165	35	422	1	388
A0A8V0YJ25	A0A8V0YJ25_CHICK Ovalbumin-related protein Y (SERPINB14B)	422	GlyAnas	A0A8B9UXD7	A0A8B9UXD7_9AVES Serpin domain-containing protein	393	1388.0	67.2	5.96e-155	35	422	1	393
A0A8V0YJ25	A0A8V0YJ25_CHICK Ovalbumin-related protein Y (SERPINB14B)	422	GlyAnas	A0A8B9QNT8	A0A8B9QNT8_ANAPL Ovalbumin	386	1226.0	58.8	3.63e-136	35	422	1	386
A0A8V0YJ25	A0A8V0YJ25_CHICK Ovalbumin-related protein Y (SERPINB14B)	422	GlyAnas	A0A493T078	A0A493T078_ANAPP Serpin family I member 1	425	601.0	35.5	1.08e-63	33	422	32	412
A0A8V0YJ25	A0A8V0YJ25_CHICK Ovalbumin-related protein Y (SERPINB14B)	422	GlyAnas	A0A8B9UUI8	A0A8B9UUI8_9AVES Serpin domain-containing protein	419	429.0	29.2	9.50e-44	43	422	54	416
A0A8V0YNV3	A0A8V0YNV3_CHICK Collagen alpha-2(VI) chain	939	GlyAnas	A0A8B9UC52	A0A8B9UC52_9AVES Collagen type V alpha 1 chain	1879	637.0	49.6	1.61e-67	254	505	1182	1445
A0A8V0YNV3	A0A8V0YNV3_CHICK Collagen alpha-2(VI) chain	939	GlyAnas	A0A8B9SR16	A0A8B9SR16_ANAPL von Willebrand factor	2764	198.0	22.9	1.29e-16	530	936	1462	1809
A0A8V0YNV3	A0A8V0YNV3_CHICK Collagen alpha-2(VI) chain	939	GlyAnas	A0A493SY54	A0A493SY54_ANAPP Palmitoyl-protein thioesterase 1	615	178.0	33.5	2.69e-14	291	504	58	264
A0A8V0YNV3	A0A8V0YNV3_CHICK Collagen alpha-2(VI) chain	939	GlyAnas	A0A8B9U9X9	A0A8B9U9X9_9AVES Uncharacterized protein	1028	120.0	27.3	1.43e-07	260	500	211	465
A0A8V0YNV3	A0A8V0YNV3_CHICK Collagen alpha-2(VI) chain	939	GlyAnas	A0A493U469	A0A493U469_ANAPP Glypican-1	946	103.0	24.9	1.34e-05	233	495	63	285
A0A8V0YP97	A0A8V0YP97_CHICK Pro-cathepsin H	321	GlyAnas	A0A493TCQ9	A0A493TCQ9_ANAPP Pro-cathepsin H	384	1242.0	84.8	3.86e-138	54	312	104	367
A0A8V0YP97	A0A8V0YP97_CHICK Pro-cathepsin H	321	GlyAnas	A0A8B9SZ08	A0A8B9SZ08_ANAPL Cathepsin L1	338	553.0	40.7	3.02e-58	1	305	5	315
A0A8V0YP97	A0A8V0YP97_CHICK Pro-cathepsin H	321	GlyAnas	A0A493T9K3	A0A493T9K3_ANAPP Cathepsin B	569	235.0	28.7	2.26e-21	106	307	305	540
A0A8V0YRZ5	A0A8V0YRZ5_CHICK Discoidin, CUB and LCCL domain containing 1	919	GlyAnas	A0A8B9VJN1	A0A8B9VJN1_9AVES Discoidin, CUB and LCCL domain-containing protein 1	666	2540.0	75.4	3.40e-288	277	919	35	666
A0A8V0YRZ5	A0A8V0YRZ5_CHICK Discoidin, CUB and LCCL domain containing 1	919	GlyAnas	A0A8B9R6K5	A0A8B9R6K5_ANAPL Milk fat globule EGF and factor V/VIII domain containing	468	226.0	36.9	7.16e-20	541	650	356	466
A0A8V0YRZ5	A0A8V0YRZ5_CHICK Discoidin, CUB and LCCL domain containing 1	919	GlyAnas	A0A8B9TXF5	A0A8B9TXF5_9AVES Signal peptide, CUB and EGF-like domain-containing protein 3	978	121.0	24.8	1.07e-07	284	416	789	923
A0A8V0YRZ5	A0A8V0YRZ5_CHICK Discoidin, CUB and LCCL domain containing 1	919	GlyAnas	A0A8B9SN47	A0A8B9SN47_ANAPL Signal peptide, CUB and EGF-like domain-containing protein 2	981	117.0	25.0	3.12e-07	293	416	799	925
A0A8V0YRZ5	A0A8V0YRZ5_CHICK Discoidin, CUB and LCCL domain containing 1	919	GlyAnas	A0A8B9QUR7	A0A8B9QUR7_ANAPL Catenin delta 2	1225	116.0	27.2	4.08e-07	92	305	161	390
A0A8V0YSF6	A0A8V0YSF6_CHICK Legumain	431	GlyAnas	R0JS06	R0JS06_ANAPL Legumain (Fragment)	396	2044.0	95.2	5.21e-231	1	396	1	396
A0A8V0YW06	A0A8V0YW06_CHICK Epithelial cell adhesion molecule	307	GlyAnas	A0A493SVU7	A0A493SVU7_ANAPP SPARC related modular calcium binding 1	492	85.0	28.9	5.35e-04	43	117	67	154
A0A8V0YW06	A0A8V0YW06_CHICK Epithelial cell adhesion molecule	307	GlyAnas	A0A8B9SPP5	A0A8B9SPP5_ANAPL SPARC (osteonectin), cwcv and kazal like domains proteoglycan 2	439	83.0	30.9	9.13e-04	76	128	333	380
A0A8V0YYS9	A0A8V0YYS9_CHICK procollagen-lysine 5-dioxygenase	756	GlyAnas	A0A8B9T868	A0A8B9T868_ANAPL Procollagen-lysine,2-oxoglutarate 5-dioxygenase 1	730	2460.0	58.9	5.29e-279	8	756	3	730
A0A8V0Z0I1	A0A8V0Z0I1_CHICK Aminopeptidase	967	GlyAnas	A0A493TT23	A0A493TT23_ANAPP Aminopeptidase	960	4145.0	81.7	0.00e+00	1	960	1	955
A0A8V0Z0I1	A0A8V0Z0I1_CHICK Aminopeptidase	967	GlyAnas	A0A493TDR5	A0A493TDR5_ANAPP Aminopeptidase	952	1424.0	34.0	9.14e-159	3	919	7	908
A0A8V0Z1G0	A0A8V0Z1G0_CHICK Procollagen-lysine,2-oxoglutarate 5-dioxygenase 1	686	GlyAnas	A0A8B9T868	A0A8B9T868_ANAPL Procollagen-lysine,2-oxoglutarate 5-dioxygenase 1	730	3513.0	96.0	0.00e+00	15	686	59	730
A0A8V0Z3S9	A0A8V0Z3S9_CHICK Basement membrane-specific heparan sulfate proteoglycan core protein	4167	GlyAnas	A0A8B9U8F8	A0A8B9U8F8_9AVES Laminin subunit alpha-2	3075	1251.0	29.6	4.53e-138	709	1650	278	1482
A0A8V0Z3S9	A0A8V0Z3S9_CHICK Basement membrane-specific heparan sulfate proteoglycan core protein	4167	GlyAnas	R0K6C9	R0K6C9_ANAPL Titin (Fragment)	32970	1126.0	23.7	1.41e-123	1656	3454	5962	7750
A0A8V0Z3S9	A0A8V0Z3S9_CHICK Basement membrane-specific heparan sulfate proteoglycan core protein	4167	GlyAnas	A0A493T9C8	A0A493T9C8_ANAPP Laminin subunit alpha 5	3191	850.0	29.0	1.43e-91	710	1600	933	1650
A0A8V0Z3S9	A0A8V0Z3S9_CHICK Basement membrane-specific heparan sulfate proteoglycan core protein	4167	GlyAnas	A0A8B9SV12	A0A8B9SV12_ANAPL Laminin subunit alpha 5	3507	783.0	37.7	8.39e-84	1146	1652	1418	1900
A0A8V0Z3S9	A0A8V0Z3S9_CHICK Basement membrane-specific heparan sulfate proteoglycan core protein	4167	GlyAnas	A0A8B9SYM3	A0A8B9SYM3_ANAPL Agrin	1983	778.0	31.1	3.19e-83	3465	4165	1328	1980
A0A8V0Z5X2	A0A8V0Z5X2_CHICK Prosaposin	541	GlyAnas	A0A8B9R8Y2	A0A8B9R8Y2_ANAPL Prosaposin	515	2549.0	88.9	1.81e-289	1	541	1	515
A0A8V0Z862	A0A8V0Z862_CHICK Neuroblastoma suppressor of tumorigenicity 1	294	GlyAnas	A0A8B9TQE6	A0A8B9TQE6_ANAPL Neuroblastoma suppressor of tumorigenicity 1	243	1013.0	96.8	1.27e-111	106	294	55	243
A0A8V0Z862	A0A8V0Z862_CHICK Neuroblastoma suppressor of tumorigenicity 1	294	GlyAnas	R0L6N3	R0L6N3_ANAPL Mucin-5AC (Fragment)	723	97.0	28.6	2.08e-05	148	236	620	704
A0A8V0Z862	A0A8V0Z862_CHICK Neuroblastoma suppressor of tumorigenicity 1	294	GlyAnas	A0A8B9QNN8	A0A8B9QNN8_ANAPL Mucin-5AC	3271	95.0	28.4	3.55e-05	151	236	3170	3251
A0A8V0Z932	A0A8V0Z932_CHICK Vitellogenin 2	1864	GlyAnas	A0A493TF01	A0A493TF01_ANAPP Uncharacterized protein	1803	7870.0	81.9	0.00e+00	11	1864	1	1803
A0A8V0Z932	A0A8V0Z932_CHICK Vitellogenin 2	1864	GlyAnas	A0A8B9VNY9	A0A8B9VNY9_9AVES Phosvitin	1824	3105.0	36.1	0.00e+00	11	1863	1	1824
A0A8V0Z932	A0A8V0Z932_CHICK Vitellogenin 2	1864	GlyAnas	A0A493SUM6	A0A493SUM6_ANAPP G-patch domain containing 8	1473	191.0	27.5	1.66e-15	1088	1381	618	942
A0A8V0Z932	A0A8V0Z932_CHICK Vitellogenin 2	1864	GlyAnas	A0A8B9SR16	A0A8B9SR16_ANAPL von Willebrand factor	2764	147.0	26.8	2.10e-10	1588	1764	13	178
A0A8V0Z932	A0A8V0Z932_CHICK Vitellogenin 2	1864	GlyAnas	A0A8B9UL04	A0A8B9UL04_9AVES Uncharacterized protein	1538	141.0	27.9	1.04e-09	1119	1306	747	947
A0A8V0ZA93	A0A8V0ZA93_CHICK hyaluronoglucosaminidase	1359	GlyAnas	A0A8B9V707	A0A8B9V707_9AVES hyaluronoglucosaminidase	1365	6948.0	95.3	0.00e+00	17	1359	23	1365
A0A8V0ZA93	A0A8V0ZA93_CHICK hyaluronoglucosaminidase	1359	GlyAnas	A0A8B9UUB6	A0A8B9UUB6_9AVES VWFD domain-containing protein	3275	109.0	26.1	3.91e-06	311	415	1335	1448
A0A8V0ZA93	A0A8V0ZA93_CHICK hyaluronoglucosaminidase	1359	GlyAnas	A0A8B9UQR5	A0A8B9UQR5_9AVES Mucin-5AC	2637	100.0	22.9	4.32e-05	310	519	1276	1548
A0A8V0ZA93	A0A8V0ZA93_CHICK hyaluronoglucosaminidase	1359	GlyAnas	A0A8B9QNN8	A0A8B9QNN8_ANAPL Mucin-5AC	3271	98.0	29.3	7.37e-05	309	422	1596	1717
A0A8V0ZD93	A0A8V0ZD93_CHICK Beta-hexosaminidase	526	GlyAnas	A0A493TIW4	A0A493TIW4_ANAPP Beta-hexosaminidase subunit beta	652	1614.0	60.0	4.62e-181	14	506	123	616
A0A8V0ZHF5	A0A8V0ZHF5_CHICK Thrombospondin-1	1178	GlyAnas	A0A493T8L7	A0A493T8L7_ANAPP Thrombospondin-1	1178	6410.0	96.9	0.00e+00	4	1178	1	1178
A0A8V0ZHF5	A0A8V0ZHF5_CHICK Thrombospondin-1	1178	GlyAnas	A0A8B9QS28	A0A8B9QS28_ANAPL Thrombospondin-2	1182	4327.0	63.6	0.00e+00	31	1177	32	1181
A0A8V0ZHF5	A0A8V0ZHF5_CHICK Thrombospondin-1	1178	GlyAnas	A0A8B9TBP5	A0A8B9TBP5_ANAPL A disintegrin and metalloproteinase with thrombospondin motifs 1	934	220.0	32.0	4.56e-19	416	558	450	586
A0A8V0ZHF5	A0A8V0ZHF5_CHICK Thrombospondin-1	1178	GlyAnas	A0A493TA20	A0A493TA20_ANAPP Thrombospondin type 1 domain containing 4	1028	201.0	26.6	7.27e-17	334	594	625	889
A0A8V0ZHF5	A0A8V0ZHF5_CHICK Thrombospondin-1	1178	GlyAnas	A0A8B9VG14	A0A8B9VG14_9AVES Crumbs cell polarity complex component 1	1399	197.0	26.4	2.12e-16	343	800	15	423
A0A8V0ZJ43	A0A8V0ZJ43_CHICK Laminin subunit beta-1	1776	GlyAnas	A0A8B9VAE3	A0A8B9VAE3_9AVES Laminin subunit beta 2	1749	5469.0	56.6	0.00e+00	1	1776	1	1748
A0A8V0ZJ43	A0A8V0ZJ43_CHICK Laminin subunit beta-1	1776	GlyAnas	A0A493TFF5	A0A493TFF5_ANAPP Laminin subunit beta-1	1699	4307.0	45.9	0.00e+00	87	1776	5	1698
A0A8V0ZJ43	A0A8V0ZJ43_CHICK Laminin subunit beta-1	1776	GlyAnas	A0A8B9TT34	A0A8B9TT34_ANAPL Laminin subunit gamma 1	1587	1588.0	27.4	1.62e-177	50	1734	58	1560
A0A8V0ZJ43	A0A8V0ZJ43_CHICK Laminin subunit beta-1	1776	GlyAnas	A0A8B9U8F8	A0A8B9U8F8_9AVES Laminin subunit alpha-2	3075	1255.0	28.7	6.63e-139	34	1173	20	1078
A0A8V0ZJ43	A0A8V0ZJ43_CHICK Laminin subunit beta-1	1776	GlyAnas	A0A493TYN5	A0A493TYN5_ANAPP Laminin subunit beta 3	1103	1169.0	22.8	6.22e-129	73	1776	2	1102
A0A8V0ZKI3	A0A8V0ZKI3_CHICK Laminin subunit alpha-5	3686	GlyAnas	A0A493T9C8	A0A493T9C8_ANAPP Laminin subunit alpha 5	3191	15517.0	91.0	0.00e+00	512	3633	1	3124
A0A8V0ZKI3	A0A8V0ZKI3_CHICK Laminin subunit alpha-5	3686	GlyAnas	A0A8B9SV12	A0A8B9SV12_ANAPL Laminin subunit alpha 5	3507	15166.0	78.2	0.00e+00	1	3686	1	3507
A0A8V0ZKI3	A0A8V0ZKI3_CHICK Laminin subunit alpha-5	3686	GlyAnas	A0A8B9U8F8	A0A8B9U8F8_9AVES Laminin subunit alpha-2	3075	2376.0	24.7	1.42e-268	37	3608	15	2995
A0A8V0ZKI3	A0A8V0ZKI3_CHICK Laminin subunit alpha-5	3686	GlyAnas	A0A8B9U691	A0A8B9U691_9AVES Laminin subunit alpha 3	1465	2068.0	30.6	7.35e-233	1843	3684	10	1463
A0A8V0ZKI3	A0A8V0ZKI3_CHICK Laminin subunit alpha-5	3686	GlyAnas	A0A8B9TT34	A0A8B9TT34_ANAPL Laminin subunit gamma 1	1587	1369.0	29.0	8.31e-152	1431	2663	279	1512
A0A8V0ZNE4	A0A8V0ZNE4_CHICK VWFD domain-containing protein	2139	GlyAnas	A0A8B9UQR5	A0A8B9UQR5_9AVES Mucin-5AC	2637	9269.0	83.8	0.00e+00	73	2039	12	1980
A0A8V0ZNE4	A0A8V0ZNE4_CHICK VWFD domain-containing protein	2139	GlyAnas	A0A8B9UUB6	A0A8B9UUB6_9AVES VWFD domain-containing protein	3275	6220.0	43.1	0.00e+00	1	2133	1	2923
A0A8V0ZNE4	A0A8V0ZNE4_CHICK VWFD domain-containing protein	2139	GlyAnas	A0A8B9QTY5	A0A8B9QTY5_ANAPL VWFD domain-containing protein	610	2365.0	66.6	1.55e-267	637	1241	17	603
A0A8V0ZNE4	A0A8V0ZNE4_CHICK VWFD domain-containing protein	2139	GlyAnas	A0A8B9QNN8	A0A8B9QNN8_ANAPL Mucin-5AC	3271	2099.0	42.4	1.08e-236	1195	2139	512	1523
A0A8V0ZNE4	A0A8V0ZNE4_CHICK VWFD domain-containing protein	2139	GlyAnas	A0A8B9SR16	A0A8B9SR16_ANAPL von Willebrand factor	2764	2027.0	33.9	2.42e-228	83	1264	20	1208
A0A8V0ZPT8	A0A8V0ZPT8_CHICK Thrombospondin type 1 domain containing 4	1041	GlyAnas	A0A493TA20	A0A493TA20_ANAPP Thrombospondin type 1 domain containing 4	1028	5112.0	94.2	0.00e+00	1	979	1	981
A0A8V0ZPT8	A0A8V0ZPT8_CHICK Thrombospondin type 1 domain containing 4	1041	GlyAnas	A0A8B9QYQ8	A0A8B9QYQ8_ANAPL ADAM metallopeptidase with thrombospondin type 1 motif 19	1184	676.0	30.4	5.35e-72	310	862	647	1124
A0A8V0ZPT8	A0A8V0ZPT8_CHICK Thrombospondin type 1 domain containing 4	1041	GlyAnas	A0A8B9TBP5	A0A8B9TBP5_ANAPL A disintegrin and metalloproteinase with thrombospondin motifs 1	934	492.0	31.5	1.16e-50	300	744	558	934
A0A8V0ZPT8	A0A8V0ZPT8_CHICK Thrombospondin type 1 domain containing 4	1041	GlyAnas	A0A493T8L7	A0A493T8L7_ANAPP Thrombospondin-1	1178	204.0	24.8	2.89e-17	620	975	331	665
A0A8V0ZPT8	A0A8V0ZPT8_CHICK Thrombospondin type 1 domain containing 4	1041	GlyAnas	A0A8B9QS28	A0A8B9QS28_ANAPL Thrombospondin-2	1182	177.0	28.6	3.90e-14	692	887	399	598
A0A8V0ZQ55	A0A8V0ZQ55_CHICK Immunoglobulin lambda-like polypeptide 1	257	GlyAnas	A0A8B9V9H7	A0A8B9V9H7_9AVES Ig-like domain-containing protein	436	164.0	30.8	3.10e-13	99	249	77	204
A0A8V0ZQ55	A0A8V0ZQ55_CHICK Immunoglobulin lambda-like polypeptide 1	257	GlyAnas	A0A8B9Z990	A0A8B9Z990_ANAPL Ig-like domain-containing protein	339	148.0	32.6	2.22e-11	130	255	190	318
A0A8V0ZQ55	A0A8V0ZQ55_CHICK Immunoglobulin lambda-like polypeptide 1	257	GlyAnas	A0A8B9SH23	A0A8B9SH23_ANAPL Ig-like domain-containing protein	526	145.0	25.1	4.94e-11	27	255	205	468
A0A8V0ZQ55	A0A8V0ZQ55_CHICK Immunoglobulin lambda-like polypeptide 1	257	GlyAnas	A0A8B9QZ49	A0A8B9QZ49_ANAPL Ig-like domain-containing protein	458	129.0	32.6	3.54e-09	160	243	334	422
A0A8V0ZSD7	A0A8V0ZSD7_CHICK Lysosomal acid phosphatase	421	GlyAnas	A0A8B9TH27	A0A8B9TH27_ANAPL Lysosomal acid phosphatase	434	2015.0	90.5	1.17e-227	4	421	15	434
A0A8V0ZSD7	A0A8V0ZSD7_CHICK Lysosomal acid phosphatase	421	GlyAnas	A0A8B9TA64	A0A8B9TA64_ANAPL acid phosphatase	350	839.0	46.7	2.72e-91	34	369	15	350
A0A8V0ZTX8	A0A8V0ZTX8_CHICK Ovostatin	1492	GlyAnas	A0A8B9ZTS4	A0A8B9ZTS4_9AVES Ovostatin	1454	6483.0	83.8	0.00e+00	35	1492	1	1454
A0A8V0ZTX8	A0A8V0ZTX8_CHICK Ovostatin	1492	GlyAnas	A0A8B9TA08	A0A8B9TA08_ANAPL Ovostatin	1445	3712.0	50.9	0.00e+00	34	1487	14	1436
A0A8V0ZTX8	A0A8V0ZTX8_CHICK Ovostatin	1492	GlyAnas	A0A8B9U4F1	A0A8B9U4F1_9AVES Alpha-2-macroglobulin	1537	3185.0	44.6	0.00e+00	50	1475	27	1462
A0A8V0ZTX8	A0A8V0ZTX8_CHICK Ovostatin	1492	GlyAnas	A0A8B9U1L6	A0A8B9U1L6_9AVES Alpha-2-macroglobulin-like protein 1	765	1050.0	33.6	3.29e-115	292	1040	4	749
A0A8V0ZUC1	A0A8V0ZUC1_CHICK Golgi apparatus protein 1	1036	GlyAnas	A0A8B9UE55	A0A8B9UE55_9AVES Golgi apparatus protein 1	1158	5469.0	99.4	0.00e+00	1	1036	121	1156
A0A8V0ZUC1	A0A8V0ZUC1_CHICK Golgi apparatus protein 1	1036	GlyAnas	A0A8B9T4I7	A0A8B9T4I7_ANAPL Albumin	615	91.0	21.5	3.64e-04	557	907	259	572
A0A8V0ZUZ0	A0A8V0ZUZ0_CHICK Suppressor of tumorigenicity 14 protein homolog	828	GlyAnas	A0A493TJE2	A0A493TJE2_ANAPP Suppressor of tumorigenicity 14 protein homolog	847	3754.0	84.5	0.00e+00	1	804	16	808
A0A8V0ZUZ0	A0A8V0ZUZ0_CHICK Suppressor of tumorigenicity 14 protein homolog	828	GlyAnas	A0A8B9QNQ2	A0A8B9QNQ2_ANAPL Transmembrane protease serine 2	485	563.0	32.5	5.40e-59	414	822	91	474
A0A8V0ZUZ0	A0A8V0ZUZ0_CHICK Suppressor of tumorigenicity 14 protein homolog	828	GlyAnas	A0A8B9ZNM3	A0A8B9ZNM3_9AVES Transmembrane serine protease 13	522	520.0	34.7	5.23e-54	508	822	164	513
A0A8V0ZUZ0	A0A8V0ZUZ0_CHICK Suppressor of tumorigenicity 14 protein homolog	828	GlyAnas	A0A8B9TSC2	A0A8B9TSC2_ANAPL Complement factor I	590	518.0	29.5	8.92e-54	399	822	167	576
A0A8V0ZUZ0	A0A8V0ZUZ0_CHICK Suppressor of tumorigenicity 14 protein homolog	828	GlyAnas	A0A8B9T7P6	A0A8B9T7P6_ANAPL Acrosin	443	475.0	38.3	8.64e-49	574	828	124	383
A0A8V0ZV19	A0A8V0ZV19_CHICK Sulfatase 2	855	GlyAnas	A0A493SYJ2	A0A493SYJ2_ANAPP Sulfatase 2	860	4503.0	97.6	0.00e+00	1	848	1	850
A0A8V0ZV62	A0A8V0ZV62_CHICK Sortilin	782	GlyAnas	A0A493TER4	A0A493TER4_ANAPP Sortilin	574	2907.0	94.2	0.00e+00	91	661	4	574
A0A8V0ZV62	A0A8V0ZV62_CHICK Sortilin	782	GlyAnas	A0A8B9SQA9	A0A8B9SQA9_ANAPL Sortilin-related receptor	2160	697.0	31.1	1.48e-74	43	687	51	711
A0A8V0ZXD6	A0A8V0ZXD6_CHICK Glypican-1	507	GlyAnas	A0A493U469	A0A493U469_ANAPP Glypican-1	946	2525.0	96.0	1.03e-286	9	507	448	946
A0A8V0ZZC5	A0A8V0ZZC5_CHICK Uncharacterized protein	1318	GlyAnas	A0A8B9UUB6	A0A8B9UUB6_9AVES VWFD domain-containing protein	3275	1783.0	42.4	2.93e-200	2	916	1422	2482
A0A8V0ZZC5	A0A8V0ZZC5_CHICK Uncharacterized protein	1318	GlyAnas	A0A8B9QNN8	A0A8B9QNN8_ANAPL Mucin-5AC	3271	1598.0	27.6	8.30e-179	1	1302	1506	3259
A0A8V0ZZC5	A0A8V0ZZC5_CHICK Uncharacterized protein	1318	GlyAnas	A0A8B9UQR5	A0A8B9UQR5_9AVES Mucin-5AC	2637	984.0	25.5	1.31e-107	121	1299	1222	2622
A0A8V0ZZC5	A0A8V0ZZC5_CHICK Uncharacterized protein	1318	GlyAnas	R0L6N3	R0L6N3_ANAPL Mucin-5AC (Fragment)	723	704.0	36.4	3.84e-75	943	1302	333	712
A0A8V0ZZC5	A0A8V0ZZC5_CHICK Uncharacterized protein	1318	GlyAnas	A0A8B9UL04	A0A8B9UL04_9AVES Uncharacterized protein	1538	388.0	23.0	1.69e-38	19	929	21	959
A0A8V1A049	A0A8V1A049_CHICK Mucin-5AC	885	GlyAnas	A0A8B9QNN8	A0A8B9QNN8_ANAPL Mucin-5AC	3271	4135.0	81.4	0.00e+00	1	885	2401	3271
A0A8V1A049	A0A8V1A049_CHICK Mucin-5AC	885	GlyAnas	R0L6N3	R0L6N3_ANAPL Mucin-5AC (Fragment)	723	3521.0	82.9	0.00e+00	143	883	3	722
A0A8V1A049	A0A8V1A049_CHICK Mucin-5AC	885	GlyAnas	A0A8B9UQR5	A0A8B9UQR5_9AVES Mucin-5AC	2637	2286.0	52.2	9.29e-259	1	866	1919	2619
A0A8V1A049	A0A8V1A049_CHICK Mucin-5AC	885	GlyAnas	A0A8B9SR16	A0A8B9SR16_ANAPL von Willebrand factor	2764	634.0	25.2	3.38e-67	135	863	1836	2625
A0A8V1A049	A0A8V1A049_CHICK Mucin-5AC	885	GlyAnas	A0A8B9UUB6	A0A8B9UUB6_9AVES VWFD domain-containing protein	3275	347.0	28.4	6.43e-34	172	569	857	1263
A0A8V1A2G9	A0A8V1A2G9_CHICK Disintegrin and metalloproteinase domain-containing protein 10	758	GlyAnas	A0A8B9TDL1	A0A8B9TDL1_ANAPL Disintegrin and metalloproteinase domain-containing protein 10	749	3949.0	95.4	0.00e+00	1	747	1	747
A0A8V1A2G9	A0A8V1A2G9_CHICK Disintegrin and metalloproteinase domain-containing protein 10	758	GlyAnas	A0A8B9UPK7	A0A8B9UPK7_9AVES ADAM metallopeptidase domain 28	806	336.0	25.0	1.04e-32	42	568	38	510
A0A8V1A2G9	A0A8V1A2G9_CHICK Disintegrin and metalloproteinase domain-containing protein 10	758	GlyAnas	A0A8B9QYQ8	A0A8B9QYQ8_ANAPL ADAM metallopeptidase with thrombospondin type 1 motif 19	1184	132.0	20.1	4.69e-09	66	633	154	700
A0A8V1A2G9	A0A8V1A2G9_CHICK Disintegrin and metalloproteinase domain-containing protein 10	758	GlyAnas	A0A8B9VG14	A0A8B9VG14_9AVES Crumbs cell polarity complex component 1	1399	104.0	24.2	8.28e-06	461	680	118	321
A0A8V1A2G9	A0A8V1A2G9_CHICK Disintegrin and metalloproteinase domain-containing protein 10	758	GlyAnas	A0A493TYN8	A0A493TYN8_ANAPP Fibulin-1	664	101.0	27.5	1.84e-05	454	612	342	494
A0A8V1A3E3	A0A8V1A3E3_CHICK C3 and PZP like alpha-2-macroglobulin domain containing 8	1840	GlyAnas	A0A8B9U4F1	A0A8B9U4F1_9AVES Alpha-2-macroglobulin	1537	1367.0	26.8	7.08e-152	20	1650	35	1461
A0A8V1A3E3	A0A8V1A3E3_CHICK C3 and PZP like alpha-2-macroglobulin domain containing 8	1840	GlyAnas	A0A8B9ZTS4	A0A8B9ZTS4_9AVES Ovostatin	1454	1293.0	25.8	2.70e-143	1	1650	1	1436
A0A8V1A3E3	A0A8V1A3E3_CHICK C3 and PZP like alpha-2-macroglobulin domain containing 8	1840	GlyAnas	A0A8B9TA08	A0A8B9TA08_ANAPL Ovostatin	1445	1284.0	26.4	2.98e-142	107	1650	124	1423
A0A8V1A3E3	A0A8V1A3E3_CHICK C3 and PZP like alpha-2-macroglobulin domain containing 8	1840	GlyAnas	A0A8B9U1L6	A0A8B9U1L6_9AVES Alpha-2-macroglobulin-like protein 1	765	438.0	25.2	3.75e-44	541	1178	275	753
A0A8V1A3E3	A0A8V1A3E3_CHICK C3 and PZP like alpha-2-macroglobulin domain containing 8	1840	GlyAnas	A0A8B9SYM3	A0A8B9SYM3_ANAPL Agrin	1983	107.0	36.5	9.02e-06	1710	1761	602	653
A0A8V1A464	A0A8V1A464_CHICK Sortilin-related receptor	2143	GlyAnas	A0A8B9SQA9	A0A8B9SQA9_ANAPL Sortilin-related receptor	2160	10273.0	88.9	0.00e+00	7	2143	45	2160
A0A8V1A464	A0A8V1A464_CHICK Sortilin-related receptor	2143	GlyAnas	A0A493TER4	A0A493TER4_ANAPP Sortilin	574	629.0	30.4	3.11e-66	63	637	6	560
A0A8V1A464	A0A8V1A464_CHICK Sortilin-related receptor	2143	GlyAnas	A0A493TJE2	A0A493TJE2_ANAPP Suppressor of tumorigenicity 14 protein homolog	847	339.0	43.1	1.32e-32	1211	1383	444	589
A0A8V1A464	A0A8V1A464_CHICK Sortilin-related receptor	2143	GlyAnas	A0A493SYG4	A0A493SYG4_ANAPP Tenascin	2038	313.0	23.2	1.36e-29	966	1933	142	1021
A0A8V1A464	A0A8V1A464_CHICK Sortilin-related receptor	2143	GlyAnas	A0A8B9TSC2	A0A8B9TSC2_ANAPL Complement factor I	590	186.0	43.6	7.26e-15	1087	1164	231	305
A0A8V1A5X0	A0A8V1A5X0_CHICK Tectonic family member 1	581	GlyAnas	A0A493TZV9	A0A493TZV9_ANAPP Tectonic domain-containing protein	181	649.0	81.4	4.04e-69	53	192	17	156
A0A8V1A8Y2	A0A8V1A8Y2_CHICK Ectonucleoside triphosphate diphosphohydrolase 8	511	GlyAnas	A0A8B9T1P7	A0A8B9T1P7_ANAPL Ectonucleoside triphosphate diphosphohydrolase 8	492	2211.0	84.2	2.67e-250	19	511	1	492
A0A8V1A8Y2	A0A8V1A8Y2_CHICK Ectonucleoside triphosphate diphosphohydrolase 8	511	GlyAnas	A0A8B9TQS8	A0A8B9TQS8_ANAPL Ectonucleoside triphosphate diphosphohydrolase 1	512	1028.0	45.3	4.01e-113	19	502	13	491
A0A8V1A8Z2	A0A8V1A8Z2_CHICK Torsin-1A	365	GlyAnas	A0A493T607	A0A493T607_ANAPP Torsin family 1 member B	531	1199.0	63.6	4.25e-133	6	365	160	522
A0A8V1A8Z2	A0A8V1A8Z2_CHICK Torsin-1A	365	GlyAnas	A0A493TT01	A0A493TT01_ANAPP Torsin	317	697.0	44.0	6.89e-75	41	363	1	317
A0A8V1AC68	A0A8V1AC68_CHICK Torsin	315	GlyAnas	A0A493TT01	A0A493TT01_ANAPP Torsin	317	1420.0	84.7	8.67e-159	6	315	4	317
A0A8V1AC68	A0A8V1AC68_CHICK Torsin	315	GlyAnas	A0A493T607	A0A493T607_ANAPP Torsin family 1 member B	531	697.0	45.2	5.95e-75	5	311	205	516
A0A8V1ACV3	A0A8V1ACV3_CHICK Vitronectin	438	GlyAnas	A0A8B9R233	A0A8B9R233_ANAPL Vitronectin	377	1467.0	81.3	4.28e-164	1	340	1	332
A0A8V1ACV3	A0A8V1ACV3_CHICK Vitronectin	438	GlyAnas	A0A493T559	A0A493T559_ANAPP Hemopexin	471	196.0	35.8	1.03e-16	147	288	44	190
A0A8V1ACV3	A0A8V1ACV3_CHICK Vitronectin	438	GlyAnas	A0A493T0G1	A0A493T0G1_ANAPP Nephronectin	585	87.0	30.7	4.48e-04	26	144	213	346
A0A8V1AJ29	A0A8V1AJ29_CHICK Lactoperoxidase	739	GlyAnas	A0A493TUB1	A0A493TUB1_ANAPP Ig-like domain-containing protein	1406	1337.0	41.8	8.56e-149	52	730	609	1302
A0A8V1AK78	A0A8V1AK78_CHICK Carboxypeptidase D	1360	GlyAnas	U3IQ52	U3IQ52_ANAPP Carboxypeptidase D	1392	6539.0	88.5	0.00e+00	1	1360	1	1392
A0A8V1AK78	A0A8V1AK78_CHICK Carboxypeptidase D	1360	GlyAnas	A0A8B9QRE5	A0A8B9QRE5_ANAPL Carboxypeptidase E	532	1003.0	50.1	8.45e-110	479	861	105	516
A0A8V1AK78	A0A8V1AK78_CHICK Carboxypeptidase D	1360	GlyAnas	A0A493TA36	A0A493TA36_ANAPP Carboxypeptidase M	443	882.0	42.7	9.07e-96	479	906	21	443
A0A8V1AK78	A0A8V1AK78_CHICK Carboxypeptidase D	1360	GlyAnas	A0A8B9SRR4	A0A8B9SRR4_ANAPL AE binding protein 1	442	716.0	43.2	1.61e-76	462	826	8	389
A0A8V1AKN8	A0A8V1AKN8_CHICK Carbonic anhydrase 4	326	GlyAnas	A0A493T9X9	A0A493T9X9_ANAPP Carbonic anhydrase 4	315	1272.0	72.7	1.30e-141	1	326	1	315
E1C4I5	E1C4I5_CHICK Sulfotransferase	320	GlyAnas	A0A8B9VJL7	A0A8B9VJL7_9AVES Sulfotransferase	320	1665.0	97.5	3.43e-187	1	320	1	320
E1C4I5	E1C4I5_CHICK Sulfotransferase	320	GlyAnas	A0A8B9TPW5	A0A8B9TPW5_ANAPL Sulfotransferase	329	595.0	41.7	4.06e-63	55	314	69	328
P01012	OVAL_CHICK Ovalbumin	386	GlyAnas	A0A8B9QNT8	A0A8B9QNT8_ANAPL Ovalbumin	386	1628.0	81.9	8.07e-183	1	386	1	386
P01012	OVAL_CHICK Ovalbumin	386	GlyAnas	U3IKY8	U3IKY8_ANAPP Serpin domain-containing protein	388	1293.0	62.9	5.66e-144	1	386	1	388
P01012	OVAL_CHICK Ovalbumin	386	GlyAnas	A0A8B9UXD7	A0A8B9UXD7_9AVES Serpin domain-containing protein	393	1263.0	62.3	1.70e-140	1	386	1	393
P01012	OVAL_CHICK Ovalbumin	386	GlyAnas	A0A493T078	A0A493T078_ANAPP Serpin family I member 1	425	525.0	31.3	6.42e-55	10	386	43	412
P01012	OVAL_CHICK Ovalbumin	386	GlyAnas	A0A8B9UUI8	A0A8B9UUI8_9AVES Serpin domain-containing protein	419	465.0	32.9	5.82e-48	5	386	50	416
P08941	ROS1_CHICK Proto-oncogene tyrosine-protein kinase ROS	2311	GlyAnas	A0A8B9TB75	A0A8B9TB75_ANAPL Tyrosine-protein kinase receptor	2270	10088.0	82.9	0.00e+00	15	2311	1	2270
P08941	ROS1_CHICK Proto-oncogene tyrosine-protein kinase ROS	2311	GlyAnas	A0A493T750	A0A493T750_ANAPP Receptor-type tyrosine-protein phosphatase F	1929	194.0	27.9	9.25e-16	111	285	333	512
P08941	ROS1_CHICK Proto-oncogene tyrosine-protein kinase ROS	2311	GlyAnas	R0K6C9	R0K6C9_ANAPL Titin (Fragment)	32970	182.0	24.3	2.28e-14	1554	1984	15915	16328
P08941	ROS1_CHICK Proto-oncogene tyrosine-protein kinase ROS	2311	GlyAnas	A0A493T1Z9	A0A493T1Z9_ANAPP Neogenin	1396	148.0	28.7	2.00e-10	111	298	847	1050
P08941	ROS1_CHICK Proto-oncogene tyrosine-protein kinase ROS	2311	GlyAnas	A0A8B9UUX4	A0A8B9UUX4_9AVES Atrial natriuretic peptide receptor 1	925	146.0	26.6	3.40e-10	1993	2234	455	695
Q9PRS8	OC17_CHICK Ovocleidin-17	142	GlyAnas	A0A8B9TFJ7	A0A8B9TFJ7_ANAPL Mannose receptor C type 2	1414	144.0	31.7	3.57e-11	5	139	656	796
Q9PRS8	OC17_CHICK Ovocleidin-17	142	GlyAnas	A0A8B9TTS0	A0A8B9TTS0_ANAPL Lymphocyte antigen 75	1703	133.0	29.4	6.73e-10	3	139	212	339
Q9PRS8	OC17_CHICK Ovocleidin-17	142	GlyAnas	A0A493T4Z0	A0A493T4Z0_ANAPP C-type lectin domain-containing protein	208	93.0	23.9	2.93e-05	5	138	83	192
R4GFJ0	R4GFJ0_CHICK Carboxypeptidase E	469	GlyAnas	A0A8B9QRE5	A0A8B9QRE5_ANAPL Carboxypeptidase E	532	2403.0	97.0	1.33e-272	1	469	67	532
R4GFJ0	R4GFJ0_CHICK Carboxypeptidase E	469	GlyAnas	U3IQ52	U3IQ52_ANAPP Carboxypeptidase D	1392	1005.0	48.4	1.71e-110	13	453	486	893
R4GFJ0	R4GFJ0_CHICK Carboxypeptidase E	469	GlyAnas	A0A8B9SRR4	A0A8B9SRR4_ANAPL AE binding protein 1	442	816.0	45.7	1.41e-88	62	419	45	390
R4GFJ0	R4GFJ0_CHICK Carboxypeptidase E	469	GlyAnas	A0A493TA36	A0A493TA36_ANAPP Carboxypeptidase M	443	802.0	43.6	5.91e-87	36	435	15	386
A0A8V0XJP9	A0A8V0XJP9_CHICK ADAM metallopeptidase with thrombospondin type 1 motif 3	1227	GlyAnas	A0A8B9QYQ8	A0A8B9QYQ8_ANAPL ADAM metallopeptidase with thrombospondin type 1 motif 19	1184	1165.0	28.5	1.25e-128	79	1069	147	1172
A0A8V0XJP9	A0A8V0XJP9_CHICK ADAM metallopeptidase with thrombospondin type 1 motif 3	1227	GlyAnas	A0A8B9TBP5	A0A8B9TBP5_ANAPL A disintegrin and metalloproteinase with thrombospondin motifs 1	934	1022.0	30.6	4.78e-112	79	1034	81	934
A0A8V0XJP9	A0A8V0XJP9_CHICK ADAM metallopeptidase with thrombospondin type 1 motif 3	1227	GlyAnas	A0A493TA20	A0A493TA20_ANAPP Thrombospondin type 1 domain containing 4	1028	520.0	27.5	7.75e-54	590	1077	312	854
A0A8V0XJP9	A0A8V0XJP9_CHICK ADAM metallopeptidase with thrombospondin type 1 motif 3	1227	GlyAnas	A0A8B9UPK7	A0A8B9UPK7_9AVES ADAM metallopeptidase domain 28	806	229.0	22.8	4.29e-20	71	594	44	536
A0A8V0XJP9	A0A8V0XJP9_CHICK ADAM metallopeptidase with thrombospondin type 1 motif 3	1227	GlyAnas	A0A493T8L7	A0A493T8L7_ANAPP Thrombospondin-1	1178	196.0	30.8	2.88e-16	873	1042	396	562
A0A8V0Z7J9	A0A8V0Z7J9_CHICK acid phosphatase	374	GlyAnas	A0A8B9TA64	A0A8B9TA64_ANAPL acid phosphatase	350	1652.0	84.0	1.29e-185	13	374	2	350
A0A8V0Z7J9	A0A8V0Z7J9_CHICK acid phosphatase	374	GlyAnas	A0A8B9TH27	A0A8B9TH27_ANAPL Lysosomal acid phosphatase	434	851.0	45.0	9.81e-93	26	374	34	382
A0A8V0ZE06	A0A8V0ZE06_CHICK SPARC (osteonectin), cwcv and kazal like domains proteoglycan 2	354	GlyAnas	A0A8B9SPP5	A0A8B9SPP5_ANAPL SPARC (osteonectin), cwcv and kazal like domains proteoglycan 2	439	1446.0	80.7	9.41e-162	51	354	113	439
A0A8V0ZE06	A0A8V0ZE06_CHICK SPARC (osteonectin), cwcv and kazal like domains proteoglycan 2	354	GlyAnas	A0A8B9UTT5	A0A8B9UTT5_9AVES Follistatin-related protein 1	295	133.0	27.6	1.68e-09	63	173	11	110
A0A8V0ZE06	A0A8V0ZE06_CHICK SPARC (osteonectin), cwcv and kazal like domains proteoglycan 2	354	GlyAnas	A0A8B9SYM3	A0A8B9SYM3_ANAPL Agrin	1983	118.0	29.8	9.21e-08	59	144	464	584
A0A8V0ZE06	A0A8V0ZE06_CHICK SPARC (osteonectin), cwcv and kazal like domains proteoglycan 2	354	GlyAnas	A0A493SVU7	A0A493SVU7_ANAPP SPARC related modular calcium binding 1	492	107.0	36.9	1.74e-06	258	321	121	181
A0A8V0ZE06	A0A8V0ZE06_CHICK SPARC (osteonectin), cwcv and kazal like domains proteoglycan 2	354	GlyAnas	A0A493SZ03	A0A493SZ03_ANAPP Insulin-like growth factor-binding protein 3	287	99.0	38.3	1.47e-05	263	305	233	278
A0A8V0ZF32	A0A8V0ZF32_CHICK Prominin-1-A-like	798	GlyAnas	A0A493SS39	A0A493SS39_ANAPP Prominin 2	853	2879.0	72.3	0.00e+00	1	776	1	777
A0A8V0ZF32	A0A8V0ZF32_CHICK Prominin-1-A-like	798	GlyAnas	A0A493T479	A0A493T479_ANAPP Prominin 1	844	1123.0	30.6	6.03e-124	1	781	32	842
A0A8V0ZFQ9	A0A8V0ZFQ9_CHICK Integrin alpha-6	1072	GlyAnas	A0A493TEK7	A0A493TEK7_ANAPP Integrin subunit alpha 6	1070	5111.0	90.8	0.00e+00	1	1072	1	1070
A0A8V1ACV0	A0A8V1ACV0_CHICK Polymeric immunoglobulin receptor	661	GlyAnas	A0A8B9VEZ8	A0A8B9VEZ8_9AVES Polymeric immunoglobulin receptor	717	2565.0	68.5	3.09e-291	14	661	1	717
A0A8V1ACV0	A0A8V1ACV0_CHICK Polymeric immunoglobulin receptor	661	GlyAnas	U3J7K6	U3J7K6_ANAPP Polymeric immunoglobulin receptor	714	2343.0	64.6	1.71e-265	14	655	1	685
A0A8V1ACV0	A0A8V1ACV0_CHICK Polymeric immunoglobulin receptor	661	GlyAnas	R0K6C9	R0K6C9_ANAPL Titin (Fragment)	32970	90.0	20.7	3.03e-04	110	499	4890	5231
E1C5R1	E1C5R1_CHICK Uncharacterized protein	512	GlyAnas	A0A8B9TKI0	A0A8B9TKI0_ANAPL Slit homolog 2 protein	1508	304.0	25.0	3.60e-29	2	455	7	459
E1C5R1	E1C5R1_CHICK Uncharacterized protein	512	GlyAnas	A0A8B9QR69	A0A8B9QR69_ANAPL Tsukushi	364	205.0	27.4	1.09e-17	110	425	54	312
E1C5R1	E1C5R1_CHICK Uncharacterized protein	512	GlyAnas	A0A8B9THT8	A0A8B9THT8_ANAPL Immunoglobulin superfamily member 10	2596	205.0	28.7	1.09e-17	5	220	11	219
E1C5R1	E1C5R1_CHICK Uncharacterized protein	512	GlyAnas	A0A493SVA0	A0A493SVA0_ANAPP Leucine-rich repeat and fibronectin type-III domain-containing protein 5	734	200.0	28.1	4.13e-17	6	219	5	226
E1C5R1	E1C5R1_CHICK Uncharacterized protein	512	GlyAnas	A0A493TUB1	A0A493TUB1_ANAPP Ig-like domain-containing protein	1406	198.0	34.9	7.04e-17	9	176	12	182
A0A8V0X868	A0A8V0X868_CHICK folate gamma-glutamyl hydrolase	439	GlyAnas	A0A493T3G7	A0A493T3G7_ANAPP folate gamma-glutamyl hydrolase	284	1183.0	80.8	3.66e-131	130	400	1	271
A0A8V0XA58	A0A8V0XA58_CHICK Matrix extracellular phosphoglycoprotein	752	GlyAnas	A0A8B9ZY54	A0A8B9ZY54_9AVES Ovocleidin-116	636	1385.0	45.9	2.37e-154	10	740	1	618
A0A8V0XA58	A0A8V0XA58_CHICK Matrix extracellular phosphoglycoprotein	752	GlyAnas	R0LL03	R0LL03_ANAPL Uncharacterized protein (Fragment)	433	1026.0	52.0	1.01e-112	45	473	1	433
A0A8V0XA58	A0A8V0XA58_CHICK Matrix extracellular phosphoglycoprotein	752	GlyAnas	A0A8B9U9X9	A0A8B9U9X9_9AVES Uncharacterized protein	1028	140.0	25.3	5.50e-10	99	649	60	505
A0A8V0XA58	A0A8V0XA58_CHICK Matrix extracellular phosphoglycoprotein	752	GlyAnas	A0A8B9THT8	A0A8B9THT8_ANAPL Immunoglobulin superfamily member 10	2596	95.0	23.2	9.08e-05	373	650	1266	1546
A0A8V0XA58	A0A8V0XA58_CHICK Matrix extracellular phosphoglycoprotein	752	GlyAnas	A0A8B9QUR7	A0A8B9QUR7_ANAPL Catenin delta 2	1225	90.0	22.9	3.45e-04	387	727	166	497
A0A8V0ZG73	A0A8V0ZG73_CHICK Neuronal pentraxin 2	429	GlyAnas	A0A493SYE0	A0A493SYE0_ANAPP Neuronal pentraxin 1	416	1016.0	57.1	8.29e-112	2	354	5	361
A0A8V0ZG73	A0A8V0ZG73_CHICK Neuronal pentraxin 2	429	GlyAnas	A0A493SVI2	A0A493SVI2_ANAPP Adhesion G-protein coupled receptor G2	1478	108.0	25.3	1.61e-06	241	403	208	367
A0A0A0MQ32	A0A0A0MQ32_CHICK Lysyl oxidase homolog	773	GlyAnas	A0A8B9T051	A0A8B9T051_ANAPL Lysyl oxidase homolog	767	2487.0	59.5	4.00e-282	36	771	28	767
A0A1D5NW68	A0A1D5NW68_CHICK Albumin	565	GlyAnas	A0A8B9T4I7	A0A8B9T4I7_ANAPL Albumin	615	2615.0	85.0	4.20e-297	1	565	51	615
A0A1D5NW68	A0A1D5NW68_CHICK Albumin	565	GlyAnas	A0A8B9VVM7	A0A8B9VVM7_9AVES Vitamin D-binding protein	477	324.0	21.2	1.91e-31	1	416	39	448
A0A1D5P952	A0A1D5P952_CHICK Choline transporter-like protein	689	GlyAnas	A0A8B9QY46	A0A8B9QY46_ANAPL Choline transporter-like protein	702	2218.0	60.0	5.55e-251	8	678	14	662
A0A1D5PZ68	A0A1D5PZ68_CHICK Semaphorin-3C	751	GlyAnas	A0A8B9U577	A0A8B9U577_9AVES Semaphorin-3C	782	3933.0	98.0	0.00e+00	1	751	32	782
A0A1D5PZ68	A0A1D5PZ68_CHICK Semaphorin-3C	751	GlyAnas	A0A8B9TMM6	A0A8B9TMM6_ANAPL Semaphorin 3B	668	1647.0	54.1	9.84e-185	54	610	90	644
A0A1D5PZ68	A0A1D5PZ68_CHICK Semaphorin-3C	751	GlyAnas	A0A493STK1	A0A493STK1_ANAPP ubiquitinyl hydrolase 1	1367	1617.0	48.1	2.96e-181	21	662	19	660
A0A1D5PZ68	A0A1D5PZ68_CHICK Semaphorin-3C	751	GlyAnas	A0A8B9SJW6	A0A8B9SJW6_ANAPL Semaphorin-3D	747	1515.0	40.7	1.99e-169	24	721	34	722
A0A1D5PZ68	A0A1D5PZ68_CHICK Semaphorin-3C	751	GlyAnas	A0A8B9V535	A0A8B9V535_9AVES Semaphorin 4G	850	884.0	33.2	2.94e-96	1	662	9	645
A0A3Q3ADW5	A0A3Q3ADW5_CHICK EGF like repeats and discoidin domains 3	480	GlyAnas	A0A8B9R6K5	A0A8B9R6K5_ANAPL Milk fat globule EGF and factor V/VIII domain containing	468	1473.0	54.2	9.44e-165	7	478	9	468
A0A3Q3ADW5	A0A3Q3ADW5_CHICK EGF like repeats and discoidin domains 3	480	GlyAnas	A0A8B9TKI0	A0A8B9TKI0_ANAPL Slit homolog 2 protein	1508	284.0	37.9	7.04e-27	20	157	915	1035
A0A3Q3ADW5	A0A3Q3ADW5_CHICK EGF like repeats and discoidin domains 3	480	GlyAnas	A0A8B9VG14	A0A8B9VG14_9AVES Crumbs cell polarity complex component 1	1399	254.0	32.3	2.12e-23	24	155	65	215
A0A3Q3ADW5	A0A3Q3ADW5_CHICK EGF like repeats and discoidin domains 3	480	GlyAnas	A0A8B9VJN1	A0A8B9VJN1_9AVES Discoidin, CUB and LCCL domain-containing protein 1	666	223.0	35.7	8.33e-20	351	476	279	400
A0A3Q3ADW5	A0A3Q3ADW5_CHICK EGF like repeats and discoidin domains 3	480	GlyAnas	A0A8B9VTH6	A0A8B9VTH6_9AVES Cadherin EGF LAG seven-pass G-type receptor 1	2863	187.0	30.1	1.25e-15	24	155	1156	1292
A0A8V0X6X4	A0A8V0X6X4_CHICK Fibrinogen C-terminal domain-containing protein	290	GlyAnas	A0A493SYG4	A0A493SYG4_ANAPP Tenascin	2038	440.0	42.4	3.46e-45	89	288	1834	2024
A0A8V0X6X4	A0A8V0X6X4_CHICK Fibrinogen C-terminal domain-containing protein	290	GlyAnas	A0A8B9T9X1	A0A8B9T9X1_ANAPL Angiopoietin like 4	486	359.0	39.2	8.55e-36	89	288	283	478
A0A8V0X6X4	A0A8V0X6X4_CHICK Fibrinogen C-terminal domain-containing protein	290	GlyAnas	A0A8B9QS33	A0A8B9QS33_ANAPL Fibrinogen like 2	442	356.0	40.4	1.90e-35	89	275	229	415
A0A8V0X9B4	A0A8V0X9B4_CHICK Immunoglobulin superfamily member 10	2487	GlyAnas	A0A8B9THT8	A0A8B9THT8_ANAPL Immunoglobulin superfamily member 10	2596	8695.0	68.2	0.00e+00	1	2487	87	2596
A0A8V0X9B4	A0A8V0X9B4_CHICK Immunoglobulin superfamily member 10	2487	GlyAnas	R0K6C9	R0K6C9_ANAPL Titin (Fragment)	32970	642.0	24.0	1.12e-67	1527	2478	4850	5765
A0A8V0X9B4	A0A8V0X9B4_CHICK Immunoglobulin superfamily member 10	2487	GlyAnas	A0A493TUB1	A0A493TUB1_ANAPP Ig-like domain-containing protein	1406	430.0	32.2	4.29e-43	2125	2476	255	589
A0A8V0X9B4	A0A8V0X9B4_CHICK Immunoglobulin superfamily member 10	2487	GlyAnas	A0A493T8W1	A0A493T8W1_ANAPP Contactin-1	1008	373.0	24.8	1.74e-36	1537	2116	55	609
A0A8V0X9B4	A0A8V0X9B4_CHICK Immunoglobulin superfamily member 10	2487	GlyAnas	A0A8B9TJ31	A0A8B9TJ31_ANAPL Contactin-2	987	350.0	27.3	8.11e-34	1559	2000	173	599
A0A8V0XA92	A0A8V0XA92_CHICK Aminopeptidase	905	GlyAnas	A0A493TT23	A0A493TT23_ANAPP Aminopeptidase	960	1337.0	31.6	1.05e-148	18	901	8	957
A0A8V0XA92	A0A8V0XA92_CHICK Aminopeptidase	905	GlyAnas	A0A493TDR5	A0A493TDR5_ANAPP Aminopeptidase	952	907.0	28.6	7.62e-99	33	861	31	909
A0A8V0XC39	A0A8V0XC39_CHICK Joining chain of multimeric IgA and IgM	155	GlyAnas	A0A493TIF4	A0A493TIF4_ANAPP Joining chain of multimeric IgA and IgM	164	659.0	87.2	7.46e-71	23	155	32	164
A0A8V0XE76	A0A8V0XE76_CHICK Tetraspanin	236	GlyAnas	U3IJ40	U3IJ40_ANAPP Tetraspanin-1	285	233.0	26.0	2.84e-21	17	211	22	217
A0A8V0XE76	A0A8V0XE76_CHICK Tetraspanin	236	GlyAnas	A0A8B9TUK3	A0A8B9TUK3_ANAPL Tetraspanin	229	203.0	23.9	8.54e-18	17	224	22	222
A0A8V0XE76	A0A8V0XE76_CHICK Tetraspanin	236	GlyAnas	A0A8B9UVH0	A0A8B9UVH0_9AVES Tetraspanin	193	191.0	25.9	2.10e-16	17	169	22	182
A0A8V0XIW1	A0A8V0XIW1_CHICK Olfactomedin 4	496	GlyAnas	A0A8B9QZZ5	A0A8B9QZZ5_ANAPL Olfactomedin 1	485	446.0	26.9	1.19e-45	47	493	45	475
A0A8V0XIW1	A0A8V0XIW1_CHICK Olfactomedin 4	496	GlyAnas	A0A493SUZ5	A0A493SUZ5_ANAPP Adhesion G protein-coupled receptor L2	1416	322.0	34.0	2.85e-31	243	494	144	392
A0A8V0XIW1	A0A8V0XIW1_CHICK Olfactomedin 4	496	GlyAnas	A0A8B9UBL3	A0A8B9UBL3_9AVES Olfactomedin like 2B	734	271.0	31.8	2.34e-25	261	494	499	732
A0A8V0XL84	A0A8V0XL84_CHICK Lysyl oxidase homolog	762	GlyAnas	A0A8B9T051	A0A8B9T051_ANAPL Lysyl oxidase homolog	767	3871.0	91.4	0.00e+00	16	762	1	767
A0A8V0XP14	A0A8V0XP14_CHICK Soluble scavenger receptor cysteine-rich domain-containing protein SSC5D	924	GlyAnas	A0A8B9T051	A0A8B9T051_ANAPL Lysyl oxidase homolog	767	756.0	37.1	2.51e-81	386	816	37	542
A0A8V0XP14	A0A8V0XP14_CHICK Soluble scavenger receptor cysteine-rich domain-containing protein SSC5D	924	GlyAnas	A0A493SWE9	A0A493SWE9_ANAPP Teneurin-4	2626	107.0	24.4	4.53e-06	567	890	430	721
A0A8V0XQI9	A0A8V0XQI9_CHICK Insulin like growth factor 2 receptor	2532	GlyAnas	A0A8B9TRY8	A0A8B9TRY8_ANAPL Insulin like growth factor 2 receptor	2447	11534.0	87.6	0.00e+00	130	2532	14	2447
A0A8V0XQI9	A0A8V0XQI9_CHICK Insulin like growth factor 2 receptor	2532	GlyAnas	A0A8B9TVE4	A0A8B9TVE4_ANAPL Fibronectin	2448	139.0	25.8	2.42e-09	1843	2003	313	482
A0A8V0XQI9	A0A8V0XQI9_CHICK Insulin like growth factor 2 receptor	2532	GlyAnas	A0A8B9TTS0	A0A8B9TTS0_ANAPL Lymphocyte antigen 75	1703	117.0	45.7	8.60e-07	1941	1984	163	208
A0A8V0XQI9	A0A8V0XQI9_CHICK Insulin like growth factor 2 receptor	2532	GlyAnas	A0A8B9TFJ7	A0A8B9TFJ7_ANAPL Mannose receptor C type 2	1414	115.0	44.4	1.47e-06	1941	1983	220	264
A0A8V0XR98	A0A8V0XR98_CHICK Soluble scavenger receptor cysteine-rich domain-containing protein SSC5D	1012	GlyAnas	A0A8B9T051	A0A8B9T051_ANAPL Lysyl oxidase homolog	767	741.0	36.7	1.51e-79	474	904	37	542
A0A8V0XR98	A0A8V0XR98_CHICK Soluble scavenger receptor cysteine-rich domain-containing protein SSC5D	1012	GlyAnas	A0A493SWE9	A0A493SWE9_ANAPP Teneurin-4	2626	104.0	24.4	1.11e-05	655	978	430	721
A0A8V0XWZ8	A0A8V0XWZ8_CHICK Autotaxin	807	GlyAnas	A0A493TJD9	A0A493TJD9_ANAPP glycerophosphocholine cholinephosphodiesterase	447	394.0	28.3	2.08e-39	167	485	81	416
A0A8V0Y0K8	A0A8V0Y0K8_CHICK Slit homolog 2 protein	1529	GlyAnas	A0A8B9TKI0	A0A8B9TKI0_ANAPL Slit homolog 2 protein	1508	7740.0	97.7	0.00e+00	1	1449	1	1448
A0A8V0Y0K8	A0A8V0Y0K8_CHICK Slit homolog 2 protein	1529	GlyAnas	A0A8B9VG14	A0A8B9VG14_9AVES Crumbs cell polarity complex component 1	1399	563.0	28.9	9.97e-59	895	1370	200	702
A0A8V0Y0K8	A0A8V0Y0K8_CHICK Slit homolog 2 protein	1529	GlyAnas	A0A8B9THT8	A0A8B9THT8_ANAPL Immunoglobulin superfamily member 10	2596	342.0	31.5	4.22e-33	7	257	7	279
A0A8V0Y0K8	A0A8V0Y0K8_CHICK Slit homolog 2 protein	1529	GlyAnas	A0A493TUB1	A0A493TUB1_ANAPP Ig-like domain-containing protein	1406	338.0	35.5	1.23e-32	266	505	21	259
A0A8V0Y0K8	A0A8V0Y0K8_CHICK Slit homolog 2 protein	1529	GlyAnas	A0A8B9VTH6	A0A8B9VTH6_9AVES Cadherin EGF LAG seven-pass G-type receptor 1	2863	315.0	22.4	5.70e-30	911	1494	1156	1877
A0A8V0Y3L0	A0A8V0Y3L0_CHICK receptor protein-tyrosine kinase	1004	GlyAnas	A0A8B9TB75	A0A8B9TB75_ANAPL Tyrosine-protein kinase receptor	2270	565.0	35.8	3.84e-59	541	918	1847	2195
A0A8V0Y3L0	A0A8V0Y3L0_CHICK receptor protein-tyrosine kinase	1004	GlyAnas	A0A8B9UUX4	A0A8B9UUX4_9AVES Atrial natriuretic peptide receptor 1	925	198.0	31.1	1.38e-16	642	917	438	695
A0A8V0Y3L0	A0A8V0Y3L0_CHICK receptor protein-tyrosine kinase	1004	GlyAnas	R0K6C9	R0K6C9_ANAPL Titin (Fragment)	32970	107.0	21.7	4.92e-06	635	922	30970	31234
A0A8V0Y3L0	A0A8V0Y3L0_CHICK receptor protein-tyrosine kinase	1004	GlyAnas	A0A8B9VTH6	A0A8B9VTH6_9AVES Cadherin EGF LAG seven-pass G-type receptor 1	2863	98.0	36.4	5.44e-05	124	210	794	878
A0A8V0Y3L0	A0A8V0Y3L0_CHICK receptor protein-tyrosine kinase	1004	GlyAnas	A0A493T1A3	A0A493T1A3_ANAPP Cadherin domain-containing protein	513	95.0	29.2	1.21e-04	122	210	50	135
A0A8V0Y3T8	A0A8V0Y3T8_CHICK Phospholipase B-like	589	GlyAnas	A0A8B9SHV6	A0A8B9SHV6_ANAPL Phospholipase B-like	469	2285.0	80.7	8.07e-259	1	540	1	466
A0A8V0Y3T8	A0A8V0Y3T8_CHICK Phospholipase B-like	589	GlyAnas	A0A493TCH4	A0A493TCH4_ANAPP Phospholipase B-like	485	540.0	33.8	1.78e-56	133	586	34	483
A0A8V0Y4G2	A0A8V0Y4G2_CHICK Cathepsin B	360	GlyAnas	A0A493T9K3	A0A493T9K3_ANAPP Cathepsin B	569	1907.0	95.4	3.35e-215	10	360	219	569
A0A8V0Y4G2	A0A8V0Y4G2_CHICK Cathepsin B	360	GlyAnas	A0A493TCQ9	A0A493TCQ9_ANAPP Pro-cathepsin H	384	278.0	29.2	2.62e-26	101	353	166	384
A0A8V0Y4G2	A0A8V0Y4G2_CHICK Cathepsin B	360	GlyAnas	A0A8B9SZ08	A0A8B9SZ08_ANAPL Cathepsin L1	338	231.0	28.9	7.38e-21	110	342	123	329
A0A8V0Y614	A0A8V0Y614_CHICK Ovalbumin-related protein X (SERPINB14C)	388	GlyAnas	A0A8B9UXD7	A0A8B9UXD7_9AVES Serpin domain-containing protein	393	1634.0	80.7	1.64e-183	1	388	1	393
A0A8V0Y614	A0A8V0Y614_CHICK Ovalbumin-related protein X (SERPINB14C)	388	GlyAnas	U3IKY8	U3IKY8_ANAPP Serpin domain-containing protein	388	1470.0	72.7	1.70e-164	1	388	1	388
A0A8V0Y614	A0A8V0Y614_CHICK Ovalbumin-related protein X (SERPINB14C)	388	GlyAnas	A0A8B9QNT8	A0A8B9QNT8_ANAPL Ovalbumin	386	1272.0	63.4	1.55e-141	1	388	1	386
A0A8V0Y614	A0A8V0Y614_CHICK Ovalbumin-related protein X (SERPINB14C)	388	GlyAnas	A0A493T078	A0A493T078_ANAPP Serpin family I member 1	425	587.0	34.3	4.17e-62	9	388	42	412
A0A8V0Y614	A0A8V0Y614_CHICK Ovalbumin-related protein X (SERPINB14C)	388	GlyAnas	A0A8B9UUI8	A0A8B9UUI8_9AVES Serpin domain-containing protein	419	487.0	31.3	1.64e-50	9	388	54	416
A0A8V0Y753	A0A8V0Y753_CHICK Signal peptide, CUB domain and EGF like domain containing 1	949	GlyAnas	A0A8B9SN47	A0A8B9SN47_ANAPL Signal peptide, CUB and EGF-like domain-containing protein 2	981	5159.0	93.4	0.00e+00	1	949	1	981
A0A8V0Y753	A0A8V0Y753_CHICK Signal peptide, CUB domain and EGF like domain containing 1	949	GlyAnas	A0A8B9TXF5	A0A8B9TXF5_9AVES Signal peptide, CUB and EGF-like domain-containing protein 3	978	3832.0	68.5	0.00e+00	11	949	10	978
A0A8V0Y753	A0A8V0Y753_CHICK Signal peptide, CUB domain and EGF like domain containing 1	949	GlyAnas	A0A493TQM9	A0A493TQM9_ANAPP Signal peptide, CUB and EGF-like domain-containing protein 2	963	3431.0	63.9	0.00e+00	31	949	63	963
A0A8V0Y753	A0A8V0Y753_CHICK Signal peptide, CUB domain and EGF like domain containing 1	949	GlyAnas	A0A493TJ28	A0A493TJ28_ANAPP Fibulin-2	1211	554.0	33.3	6.84e-58	22	365	738	1106
A0A8V0Y753	A0A8V0Y753_CHICK Signal peptide, CUB domain and EGF like domain containing 1	949	GlyAnas	A0A8B9TUB9	A0A8B9TUB9_ANAPL Fibulin-2	1111	554.0	33.3	6.84e-58	22	365	649	1017
A0A8V0Y9U8	A0A8V0Y9U8_CHICK Alpha-mannosidase	1046	GlyAnas	A0A493T0W6	A0A493T0W6_ANAPP Alpha-mannosidase	1038	4565.0	87.0	0.00e+00	65	1046	56	1038
A0A8V0YCN2	A0A8V0YCN2_CHICK KIAA1549	1871	GlyAnas	A0A493SUX4	A0A493SUX4_ANAPP KIAA1549	1917	7923.0	84.1	0.00e+00	8	1871	34	1917
A0A8V0YCN2	A0A8V0YCN2_CHICK KIAA1549	1871	GlyAnas	A0A8B9UUB6	A0A8B9UUB6_9AVES VWFD domain-containing protein	3275	182.0	21.8	1.84e-14	54	885	1602	2435
A0A8V0YCN2	A0A8V0YCN2_CHICK KIAA1549	1871	GlyAnas	A0A8B9UL04	A0A8B9UL04_9AVES Uncharacterized protein	1538	180.0	23.0	3.15e-14	209	907	4	731
A0A8V0YCN2	A0A8V0YCN2_CHICK KIAA1549	1871	GlyAnas	A0A8B9UQR5	A0A8B9UQR5_9AVES Mucin-5AC	2637	102.0	25.7	3.49e-05	761	894	1708	1839
A0A8V0YCN2	A0A8V0YCN2_CHICK KIAA1549	1871	GlyAnas	A0A493SVI2	A0A493SVI2_ANAPP Adhesion G-protein coupled receptor G2	1478	96.0	23.6	1.73e-04	418	989	378	931
A0A8V0YD65	A0A8V0YD65_CHICK EPH-related receptor tyrosine kinase ligand 7	228	GlyAnas	A0A8B9U8V9	A0A8B9U8V9_9AVES EPH-related receptor tyrosine kinase ligand 7	254	745.0	98.5	1.17e-80	6	139	1	134
A0A8V0YD65	A0A8V0YD65_CHICK EPH-related receptor tyrosine kinase ligand 7	228	GlyAnas	A0A8B9ZEV6	A0A8B9ZEV6_ANAPL Ephrin-A3	254	449.0	55.0	2.46e-46	8	158	5	151
A0A8V0YD65	A0A8V0YD65_CHICK EPH-related receptor tyrosine kinase ligand 7	228	GlyAnas	A0A8B9VSF2	A0A8B9VSF2_9AVES Ephrin-A1	667	391.0	41.6	1.31e-39	4	222	455	662
A0A8V0YDU6	A0A8V0YDU6_CHICK FAT atypical cadherin 1	4613	GlyAnas	A0A8B9VTH6	A0A8B9VTH6_9AVES Cadherin EGF LAG seven-pass G-type receptor 1	2863	1368.0	28.7	1.36e-151	2723	4099	96	1555
A0A8V0YDU6	A0A8V0YDU6_CHICK FAT atypical cadherin 1	4613	GlyAnas	A0A8B9VG14	A0A8B9VG14_9AVES Crumbs cell polarity complex component 1	1399	446.0	25.3	1.11e-44	3815	4246	881	1380
A0A8V0YDU6	A0A8V0YDU6_CHICK FAT atypical cadherin 1	4613	GlyAnas	U3IE29	U3IE29_ANAPP Cadherin domain-containing protein	885	431.0	27.5	6.09e-43	2837	3414	34	625
A0A8V0YDU6	A0A8V0YDU6_CHICK FAT atypical cadherin 1	4613	GlyAnas	A0A493T1A3	A0A493T1A3_ANAPP Cadherin domain-containing protein	513	371.0	28.4	5.52e-36	3062	3552	17	508
A0A8V0YDU6	A0A8V0YDU6_CHICK FAT atypical cadherin 1	4613	GlyAnas	A0A8B9TKI0	A0A8B9TKI0_ANAPL Slit homolog 2 protein	1508	353.0	27.5	6.75e-34	3804	4172	1099	1464
A0A8V0YEE2	A0A8V0YEE2_CHICK Germinal-center associated nuclear protein	1792	GlyAnas	A0A493U469	A0A493U469_ANAPP Glypican-1	946	127.0	28.2	4.21e-08	48	257	136	351
A0A8V0YEE2	A0A8V0YEE2_CHICK Germinal-center associated nuclear protein	1792	GlyAnas	A0A493SY54	A0A493SY54_ANAPP Palmitoyl-protein thioesterase 1	615	101.0	27.3	4.36e-05	32	234	60	247
A0A8V0YEE2	A0A8V0YEE2_CHICK Germinal-center associated nuclear protein	1792	GlyAnas	A0A8B9UC52	A0A8B9UC52_9AVES Collagen type V alpha 1 chain	1879	100.0	28.4	5.70e-05	2	235	975	1245
A0A8V0YEE2	A0A8V0YEE2_CHICK Germinal-center associated nuclear protein	1792	GlyAnas	A0A8B9QXI0	A0A8B9QXI0_ANAPL RRM domain-containing protein	651	97.0	23.1	1.27e-04	4	387	23	373
A0A8V0YEE2	A0A8V0YEE2_CHICK Germinal-center associated nuclear protein	1792	GlyAnas	A0A8B9SRQ8	A0A8B9SRQ8_ANAPL La ribonucleoprotein 1, translational regulator	1055	90.0	23.0	8.23e-04	111	354	10	257
A0A8V0YGM5	A0A8V0YGM5_CHICK hyaluronoglucosaminidase	1280	GlyAnas	A0A8B9V707	A0A8B9V707_9AVES hyaluronoglucosaminidase	1365	2812.0	43.6	0.00e+00	10	1245	37	1353
A0A8V0YMN1	A0A8V0YMN1_CHICK Lysosomal protective protein	1128	GlyAnas	A0A8B9STY5	A0A8B9STY5_ANAPL Carboxypeptidase	475	2385.0	92.6	3.92e-270	659	1128	5	475
A0A8V0YNW1	A0A8V0YNW1_CHICK Embigin	319	GlyAnas	R0K6C9	R0K6C9_ANAPL Titin (Fragment)	32970	134.0	27.0	1.16e-09	97	269	6072	6244
A0A8V0YNW1	A0A8V0YNW1_CHICK Embigin	319	GlyAnas	A0A493T5A8	A0A493T5A8_ANAPP CXADR Ig-like cell adhesion molecule	366	96.0	27.1	2.95e-05	151	314	129	289
A0A8V0YPM0	A0A8V0YPM0_CHICK Serine peptidase inhibitor, Kazal type 7 (putative)	241	GlyAnas	A0A493SY10	A0A493SY10_ANAPP Ovomucoid	240	836.0	74.9	3.47e-91	51	241	52	240
A0A8V0YPM0	A0A8V0YPM0_CHICK Serine peptidase inhibitor, Kazal type 7 (putative)	241	GlyAnas	A0A8B9SYM3	A0A8B9SYM3_ANAPL Agrin	1983	225.0	29.8	2.45e-20	77	241	348	534
A0A8V0YPM0	A0A8V0YPM0_CHICK Serine peptidase inhibitor, Kazal type 7 (putative)	241	GlyAnas	A0A8B9UTT5	A0A8B9UTT5_9AVES Follistatin-related protein 1	295	99.0	41.9	1.00e-05	77	119	38	80
A0A8V0YRN1	A0A8V0YRN1_CHICK ADAMTS like 3	1785	GlyAnas	A0A493TA20	A0A493TA20_ANAPP Thrombospondin type 1 domain containing 4	1028	701.0	27.7	1.16e-74	120	773	312	979
A0A8V0YRN1	A0A8V0YRN1_CHICK ADAMTS like 3	1785	GlyAnas	A0A8B9QYQ8	A0A8B9QYQ8_ANAPL ADAM metallopeptidase with thrombospondin type 1 motif 19	1184	701.0	29.9	1.16e-74	93	638	617	1121
A0A8V0YRN1	A0A8V0YRN1_CHICK ADAMTS like 3	1785	GlyAnas	A0A8B9TBP5	A0A8B9TBP5_ANAPL A disintegrin and metalloproteinase with thrombospondin motifs 1	934	521.0	30.4	8.63e-54	87	491	528	934
A0A8V0YRN1	A0A8V0YRN1_CHICK ADAMTS like 3	1785	GlyAnas	R0K6C9	R0K6C9_ANAPL Titin (Fragment)	32970	204.0	20.7	4.95e-17	944	1493	6548	7072
A0A8V0YRN1	A0A8V0YRN1_CHICK ADAMTS like 3	1785	GlyAnas	A0A493T8L7	A0A493T8L7_ANAPP Thrombospondin-1	1178	183.0	29.6	1.35e-14	585	772	396	555
A0A8V0YU47	A0A8V0YU47_CHICK Carboxypeptidase X, M14 family member 1	768	GlyAnas	A0A8B9SRR4	A0A8B9SRR4_ANAPL AE binding protein 1	442	1067.0	58.2	1.81e-117	343	703	37	381
A0A8V0YU47	A0A8V0YU47_CHICK Carboxypeptidase X, M14 family member 1	768	GlyAnas	A0A8B9QRE5	A0A8B9QRE5_ANAPL Carboxypeptidase E	532	990.0	48.1	1.54e-108	331	725	105	495
A0A8V0YU47	A0A8V0YU47_CHICK Carboxypeptidase X, M14 family member 1	768	GlyAnas	U3IQ52	U3IQ52_ANAPP Carboxypeptidase D	1392	914.0	46.7	9.98e-100	313	723	472	870
A0A8V0YU47	A0A8V0YU47_CHICK Carboxypeptidase X, M14 family member 1	768	GlyAnas	A0A493TA36	A0A493TA36_ANAPP Carboxypeptidase M	443	663.0	35.7	1.27e-70	331	751	21	414
A0A8V0YU47	A0A8V0YU47_CHICK Carboxypeptidase X, M14 family member 1	768	GlyAnas	A0A8B9VJN1	A0A8B9VJN1_9AVES Discoidin, CUB and LCCL domain-containing protein 1	666	183.0	36.4	5.80e-15	201	329	293	415
A0A8V0YW85	A0A8V0YW85_CHICK Serine peptidase inhibitor, Kazal type 5	451	GlyAnas	A0A493SY10	A0A493SY10_ANAPP Ovomucoid	240	518.0	49.2	4.86e-54	268	451	59	240
A0A8V0YW85	A0A8V0YW85_CHICK Serine peptidase inhibitor, Kazal type 5	451	GlyAnas	A0A8B9SYM3	A0A8B9SYM3_ANAPL Agrin	1983	421.0	30.1	8.60e-43	23	451	199	649
A0A8V0YW85	A0A8V0YW85_CHICK Serine peptidase inhibitor, Kazal type 5	451	GlyAnas	A0A8B9UTT5	A0A8B9UTT5_9AVES Follistatin-related protein 1	295	95.0	37.5	5.45e-05	24	67	38	81
A0A8V0YW85	A0A8V0YW85_CHICK Serine peptidase inhibitor, Kazal type 5	451	GlyAnas	A0A8B9SR16	A0A8B9SR16_ANAPL von Willebrand factor	2764	86.0	23.6	6.02e-04	40	379	2233	2562
A0A8V0YW85	A0A8V0YW85_CHICK Serine peptidase inhibitor, Kazal type 5	451	GlyAnas	A0A8B9TT34	A0A8B9TT34_ANAPL Laminin subunit gamma 1	1587	86.0	21.6	6.02e-04	24	206	823	1007
A0A8V0Z8K3	A0A8V0Z8K3_CHICK acid phosphatase	390	GlyAnas	A0A8B9TA64	A0A8B9TA64_ANAPL acid phosphatase	350	965.0	53.7	6.18e-106	39	375	15	348
A0A8V0Z8K3	A0A8V0Z8K3_CHICK acid phosphatase	390	GlyAnas	A0A8B9TH27	A0A8B9TH27_ANAPL Lysosomal acid phosphatase	434	939.0	46.7	6.39e-103	24	383	33	388
A0A8V0ZBQ2	A0A8V0ZBQ2_CHICK Attractin	1405	GlyAnas	A0A8B9T0N6	A0A8B9T0N6_ANAPL Attractin	1308	6421.0	84.4	0.00e+00	4	1405	19	1308
A0A8V0ZBQ2	A0A8V0ZBQ2_CHICK Attractin	1405	GlyAnas	A0A8B9TT34	A0A8B9TT34_ANAPL Laminin subunit gamma 1	1587	191.0	42.9	1.25e-15	1036	1127	714	809
A0A8V0ZBQ2	A0A8V0ZBQ2_CHICK Attractin	1405	GlyAnas	A0A8B9VAE3	A0A8B9VAE3_9AVES Laminin subunit beta 2	1749	182.0	27.9	1.39e-14	956	1131	770	960
A0A8V0ZBQ2	A0A8V0ZBQ2_CHICK Attractin	1405	GlyAnas	A0A8B9U8F8	A0A8B9U8F8_9AVES Laminin subunit alpha-2	3075	179.0	23.2	3.09e-14	673	1119	422	926
A0A8V0ZBQ2	A0A8V0ZBQ2_CHICK Attractin	1405	GlyAnas	A0A493TYN5	A0A493TYN5_ANAPP Laminin subunit beta 3	1103	172.0	31.7	2.00e-13	1035	1117	244	346
A0A8V0ZD24	A0A8V0ZD24_CHICK Hyaluronan and proteoglycan link protein 3	427	GlyAnas	A0A493U0T9	A0A493U0T9_ANAPP Hyaluronan and proteoglycan link protein 3	360	1691.0	85.0	4.42e-190	69	427	1	360
A0A8V0ZD24	A0A8V0ZD24_CHICK Hyaluronan and proteoglycan link protein 3	427	GlyAnas	A0A8B9STR8	A0A8B9STR8_ANAPL Hyaluronan and proteoglycan link protein 4	373	773.0	46.6	1.24e-83	106	409	31	334
A0A8V0ZD24	A0A8V0ZD24_CHICK Hyaluronan and proteoglycan link protein 3	427	GlyAnas	A0A8B9TJ31	A0A8B9TJ31_ANAPL Contactin-2	987	100.0	28.7	1.36e-05	132	244	518	608
A0A8V0ZD24	A0A8V0ZD24_CHICK Hyaluronan and proteoglycan link protein 3	427	GlyAnas	R0KAK2	R0KAK2_ANAPL CD44 antigen (Fragment)	378	90.0	28.8	1.96e-04	228	331	6	102
A0A8V0ZDP6	A0A8V0ZDP6_CHICK Serine protease	376	GlyAnas	R0L5J9	R0L5J9_ANAPL Serine protease 23 (Fragment)	371	982.0	54.2	6.36e-108	49	374	33	369
A0A8V0ZKM2	A0A8V0ZKM2_CHICK Ovostatin	1473	GlyAnas	A0A8B9TA08	A0A8B9TA08_ANAPL Ovostatin	1445	6399.0	84.0	0.00e+00	8	1472	3	1443
A0A8V0ZKM2	A0A8V0ZKM2_CHICK Ovostatin	1473	GlyAnas	A0A8B9ZTS4	A0A8B9ZTS4_9AVES Ovostatin	1454	3835.0	51.8	0.00e+00	20	1465	1	1449
A0A8V0ZKM2	A0A8V0ZKM2_CHICK Ovostatin	1473	GlyAnas	A0A8B9U4F1	A0A8B9U4F1_9AVES Alpha-2-macroglobulin	1537	3276.0	45.8	0.00e+00	40	1453	32	1462
A0A8V0ZKM2	A0A8V0ZKM2_CHICK Ovostatin	1473	GlyAnas	A0A8B9U1L6	A0A8B9U1L6_9AVES Alpha-2-macroglobulin-like protein 1	765	1043.0	35.1	2.11e-114	291	1019	19	749
A0A8V0ZKW5	A0A8V0ZKW5_CHICK Toll like receptor 21	1083	GlyAnas	A0A8B9R3J9	A0A8B9R3J9_ANAPL TIR domain-containing protein	706	454.0	25.9	3.08e-46	480	1056	43	705
A0A8V0ZKW5	A0A8V0ZKW5_CHICK Toll like receptor 21	1083	GlyAnas	A0A8B9TKI0	A0A8B9TKI0_ANAPL Slit homolog 2 protein	1508	317.0	23.6	2.37e-30	184	831	126	875
A0A8V0ZKW5	A0A8V0ZKW5_CHICK Toll like receptor 21	1083	GlyAnas	A0A493SVA0	A0A493SVA0_ANAPP Leucine-rich repeat and fibronectin type-III domain-containing protein 5	734	189.0	30.8	1.65e-15	557	745	55	243
A0A8V0ZKW5	A0A8V0ZKW5_CHICK Toll like receptor 21	1083	GlyAnas	A0A493TUB1	A0A493TUB1_ANAPP Ig-like domain-containing protein	1406	181.0	35.1	1.39e-14	529	662	50	182
A0A8V0ZKW5	A0A8V0ZKW5_CHICK Toll like receptor 21	1083	GlyAnas	A0A493U1V1	A0A493U1V1_ANAPP LRRCT domain-containing protein	382	180.0	31.6	1.82e-14	115	297	2	172
A0A8V0ZNT7	A0A8V0ZNT7_CHICK Dickkopf-related protein 3	340	GlyAnas	A0A493T253	A0A493T253_ANAPP Dickkopf-related protein 3	358	1594.0	88.6	6.23e-179	3	337	5	344
A0A8V0ZPK2	A0A8V0ZPK2_CHICK Angiopoietin-related protein 3	489	GlyAnas	A0A8B9T9X1	A0A8B9T9X1_ANAPL Angiopoietin like 4	486	812.0	38.3	4.27e-88	54	486	45	483
A0A8V0ZPK2	A0A8V0ZPK2_CHICK Angiopoietin-related protein 3	489	GlyAnas	A0A8B9QS33	A0A8B9QS33_ANAPL Fibrinogen like 2	442	409.0	30.5	2.30e-41	109	482	58	437
A0A8V0ZPK2	A0A8V0ZPK2_CHICK Angiopoietin-related protein 3	489	GlyAnas	A0A493SYG4	A0A493SYG4_ANAPP Tenascin	2038	324.0	32.0	1.65e-31	273	486	1820	2029
A0A8V0ZPK2	A0A8V0ZPK2_CHICK Angiopoietin-related protein 3	489	GlyAnas	A0A8B9U8F8	A0A8B9U8F8_9AVES Laminin subunit alpha-2	3075	90.0	26.3	2.24e-04	52	225	1921	2087
A0A8V0ZQ48	A0A8V0ZQ48_CHICK Alpha-2-macroglobulin like 1	1028	GlyAnas	A0A8B9U1L6	A0A8B9U1L6_9AVES Alpha-2-macroglobulin-like protein 1	765	2615.0	85.1	7.64e-297	1	584	168	749
A0A8V0ZQ48	A0A8V0ZQ48_CHICK Alpha-2-macroglobulin like 1	1028	GlyAnas	A0A8B9U4F1	A0A8B9U4F1_9AVES Alpha-2-macroglobulin	1537	1915.0	41.7	1.13e-215	11	1013	443	1460
A0A8V0ZQ48	A0A8V0ZQ48_CHICK Alpha-2-macroglobulin like 1	1028	GlyAnas	A0A8B9ZTS4	A0A8B9ZTS4_9AVES Ovostatin	1454	1857.0	39.3	6.00e-209	11	1027	432	1449
A0A8V0ZQ48	A0A8V0ZQ48_CHICK Alpha-2-macroglobulin like 1	1028	GlyAnas	A0A8B9TA08	A0A8B9TA08_ANAPL Ovostatin	1445	1843.0	39.9	2.52e-207	6	1027	424	1436
A0A8V0ZSG5	A0A8V0ZSG5_CHICK CD63 antigen	283	GlyAnas	U3IJ40	U3IJ40_ANAPP Tetraspanin-1	285	238.0	31.2	8.95e-22	69	263	22	221
A0A8V0ZSG5	A0A8V0ZSG5_CHICK CD63 antigen	283	GlyAnas	A0A8B9TUK3	A0A8B9TUK3_ANAPL Tetraspanin	229	232.0	32.9	4.44e-21	69	263	22	213
A0A8V0ZSG5	A0A8V0ZSG5_CHICK CD63 antigen	283	GlyAnas	A0A8B9UVH0	A0A8B9UVH0_9AVES Tetraspanin	193	212.0	32.5	9.27e-19	69	215	22	175
A0A8V0ZY87	A0A8V0ZY87_CHICK Prothrombin	644	GlyAnas	A0A493TBW1	A0A493TBW1_ANAPP Macrophage stimulating 1	903	396.0	27.8	9.73e-40	122	534	294	640
A0A8V0ZY87	A0A8V0ZY87_CHICK Prothrombin	644	GlyAnas	A0A8B9ZNM3	A0A8B9ZNM3_9AVES Transmembrane serine protease 13	522	335.0	32.7	1.15e-32	386	643	283	520
A0A8V0ZY87	A0A8V0ZY87_CHICK Prothrombin	644	GlyAnas	A0A8B9QNQ2	A0A8B9QNQ2_ANAPL Transmembrane protease serine 2	485	301.0	29.2	1.01e-28	387	641	245	479
A0A8V0ZY87	A0A8V0ZY87_CHICK Prothrombin	644	GlyAnas	A0A8B9T7P6	A0A8B9T7P6_ANAPL Acrosin	443	281.0	30.7	2.10e-26	387	636	141	377
A0A8V0ZY87	A0A8V0ZY87_CHICK Prothrombin	644	GlyAnas	A0A8B9TSC2	A0A8B9TSC2_ANAPL Complement factor I	590	242.0	31.0	7.00e-22	387	636	345	576
A0A8V1A134	A0A8V1A134_CHICK TNF receptor superfamily member 6b	342	GlyAnas	A0A8B9ZH76	A0A8B9ZH76_ANAPL TNFR-Cys domain-containing protein	303	1117.0	69.4	1.28e-123	46	341	1	296
A0A8V1A134	A0A8V1A134_CHICK TNF receptor superfamily member 6b	342	GlyAnas	A0A8B9U2R2	A0A8B9U2R2_9AVES TNF receptor superfamily member 19	408	94.0	25.8	5.40e-05	65	178	18	135
A0A8V1A134	A0A8V1A134_CHICK TNF receptor superfamily member 6b	342	GlyAnas	A0A493TYN8	A0A493TYN8_ANAPP Fibulin-1	664	88.0	27.5	2.68e-04	129	261	290	429
A0A8V1A134	A0A8V1A134_CHICK TNF receptor superfamily member 6b	342	GlyAnas	A0A8B9T2E3	A0A8B9T2E3_ANAPL Wnt inhibitory factor 1	374	88.0	23.9	2.68e-04	89	228	189	367
A0A8V1A134	A0A8V1A134_CHICK TNF receptor superfamily member 6b	342	GlyAnas	A0A493TBJ5	A0A493TBJ5_ANAPP Endosome-lysosome associated apoptosis and autophagy regulator 1	907	85.0	28.6	5.97e-04	93	212	190	295
A0A8V1A1T7	A0A8V1A1T7_CHICK Ovomucin, alpha subunit	2108	GlyAnas	A0A8B9UQR5	A0A8B9UQR5_9AVES Mucin-5AC	2637	3523.0	31.1	0.00e+00	38	1831	22	2511
A0A8V1A1T7	A0A8V1A1T7_CHICK Ovomucin, alpha subunit	2108	GlyAnas	A0A8B9UUB6	A0A8B9UUB6_9AVES VWFD domain-containing protein	3275	3400.0	46.5	0.00e+00	38	1276	80	1333
A0A8V1A1T7	A0A8V1A1T7_CHICK Ovomucin, alpha subunit	2108	GlyAnas	A0A8B9SR16	A0A8B9SR16_ANAPL von Willebrand factor	2764	2132.0	25.0	1.59e-240	36	2014	18	2532
A0A8V1A1T7	A0A8V1A1T7_CHICK Ovomucin, alpha subunit	2108	GlyAnas	A0A8B9QTY5	A0A8B9QTY5_ANAPL VWFD domain-containing protein	610	1649.0	46.4	1.62e-184	581	1203	2	605
A0A8V1A1T7	A0A8V1A1T7_CHICK Ovomucin, alpha subunit	2108	GlyAnas	A0A8B9QNN8	A0A8B9QNN8_ANAPL Mucin-5AC	3271	1642.0	36.7	1.05e-183	1236	2103	2412	3256
A0A8V1A4X1	A0A8V1A4X1_CHICK Olfactomedin like 3	381	GlyAnas	A0A8B9QZZ5	A0A8B9QZZ5_ANAPL Olfactomedin 1	485	357.0	27.0	1.92e-35	23	375	120	476
A0A8V1A4X1	A0A8V1A4X1_CHICK Olfactomedin like 3	381	GlyAnas	A0A8B9UBL3	A0A8B9UBL3_9AVES Olfactomedin like 2B	734	305.0	29.6	2.05e-29	106	373	460	730
A0A8V1A4X1	A0A8V1A4X1_CHICK Olfactomedin like 3	381	GlyAnas	A0A493SUZ5	A0A493SUZ5_ANAPP Adhesion G protein-coupled receptor L2	1416	286.0	27.9	3.28e-27	122	374	136	391
A0A8V1A529	A0A8V1A529_CHICK Nectin cell adhesion molecule 1	487	GlyAnas	A0A493T878	A0A493T878_ANAPP Nectin cell adhesion molecule 1	430	2253.0	98.4	3.43e-255	58	487	1	430
A0A8V1A529	A0A8V1A529_CHICK Nectin cell adhesion molecule 1	487	GlyAnas	A0A8B9R685	A0A8B9R685_ANAPL Ig-like domain-containing protein	616	161.0	24.5	1.31e-12	22	290	49	328
A0A8V1A529	A0A8V1A529_CHICK Nectin cell adhesion molecule 1	487	GlyAnas	A0A8B9THT8	A0A8B9THT8_ANAPL Immunoglobulin superfamily member 10	2596	149.0	24.9	3.22e-11	64	310	2257	2500
A0A8V1A529	A0A8V1A529_CHICK Nectin cell adhesion molecule 1	487	GlyAnas	R0K6C9	R0K6C9_ANAPL Titin (Fragment)	32970	128.0	27.6	8.77e-09	76	320	6108	6355
A0A8V1A529	A0A8V1A529_CHICK Nectin cell adhesion molecule 1	487	GlyAnas	A0A493T5A8	A0A493T5A8_ANAPP CXADR Ig-like cell adhesion molecule	366	125.0	28.8	1.95e-08	209	357	143	278
A0A8V1A5Q4	A0A8V1A5Q4_CHICK Serpin family G member 1	519	GlyAnas	A0A493TL04	A0A493TL04_ANAPP Serpin family F member 1	520	356.0	28.3	3.41e-35	115	518	117	518
A0A8V1A5Q4	A0A8V1A5Q4_CHICK Serpin family G member 1	519	GlyAnas	A0A8B9UUI8	A0A8B9UUI8_9AVES Serpin domain-containing protein	419	307.0	26.1	1.64e-29	167	517	56	416
A0A8V1A5Q4	A0A8V1A5Q4_CHICK Serpin family G member 1	519	GlyAnas	U3IKY8	U3IKY8_ANAPP Serpin domain-containing protein	388	260.0	26.7	4.62e-24	184	517	27	388
A0A8V1A5Q4	A0A8V1A5Q4_CHICK Serpin family G member 1	519	GlyAnas	A0A493T078	A0A493T078_ANAPP Serpin family I member 1	425	235.0	23.8	3.66e-21	178	519	54	414
A0A8V1A5Q4	A0A8V1A5Q4_CHICK Serpin family G member 1	519	GlyAnas	A0A8B9QNT8	A0A8B9QNT8_ANAPL Ovalbumin	386	233.0	23.9	6.24e-21	173	517	22	386
A0A8V1A645	A0A8V1A645_CHICK Beta-galactoside alpha-2,6-sialyltransferase 1	409	GlyAnas	A0A493TEG3	A0A493TEG3_ANAPP CMP-N-acetylneuraminate-beta-galactosamide-alpha-2,3-sialyltransferase 1	342	161.0	29.6	1.10e-12	189	346	143	291
A0A8V1A645	A0A8V1A645_CHICK Beta-galactoside alpha-2,6-sialyltransferase 1	409	GlyAnas	A0A8B9TMJ3	A0A8B9TMJ3_ANAPL ST8 alpha-N-acetyl-neuraminide alpha-2,8-sialyltransferase 6	365	94.0	22.5	6.45e-05	190	354	186	351
A0A8V1A6Y9	A0A8V1A6Y9_CHICK Ovotransferrin	697	GlyAnas	A0A493TBB4	A0A493TBB4_ANAPP Ovotransferrin	736	3100.0	81.8	0.00e+00	15	697	45	736
A0A8V1A8E4	A0A8V1A8E4_CHICK Transmembrane serine protease 9	1127	GlyAnas	A0A493TJE2	A0A493TJE2_ANAPP Suppressor of tumorigenicity 14 protein homolog	847	610.0	47.3	2.61e-64	831	1064	552	788
A0A8V1A8E4	A0A8V1A8E4_CHICK Transmembrane serine protease 9	1127	GlyAnas	A0A8B9QNQ2	A0A8B9QNQ2_ANAPL Transmembrane protease serine 2	485	561.0	46.5	1.25e-58	217	457	233	474
A0A8V1A8E4	A0A8V1A8E4_CHICK Transmembrane serine protease 9	1127	GlyAnas	A0A8B9ZNM3	A0A8B9ZNM3_9AVES Transmembrane serine protease 13	522	540.0	42.0	3.41e-56	217	457	277	513
A0A8V1A8E4	A0A8V1A8E4_CHICK Transmembrane serine protease 9	1127	GlyAnas	A0A8B9T7P6	A0A8B9T7P6_ANAPL Acrosin	443	501.0	35.8	1.14e-51	217	509	128	418
A0A8V1A8E4	A0A8V1A8E4_CHICK Transmembrane serine protease 9	1127	GlyAnas	A0A8B9TSC2	A0A8B9TSC2_ANAPL Complement factor I	590	441.0	33.4	1.03e-44	180	457	269	576
A0A8V1A9Y1	A0A8V1A9Y1_CHICK C-reactive protein	297	GlyAnas	A0A493SYE0	A0A493SYE0_ANAPP Neuronal pentraxin 1	416	102.0	26.2	5.53e-06	108	234	234	361
A0A8V1A9Y1	A0A8V1A9Y1_CHICK C-reactive protein	297	GlyAnas	A0A493T3L8	A0A493T3L8_ANAPP Cartilage intermediate layer protein	1087	86.0	31.7	3.97e-04	30	90	234	295
A0A8V1AAN6	A0A8V1AAN6_CHICK Tenascin	1990	GlyAnas	A0A493SYG4	A0A493SYG4_ANAPP Tenascin	2038	9623.0	84.2	0.00e+00	1	1990	1	2038
A0A8V1AAN6	A0A8V1AAN6_CHICK Tenascin	1990	GlyAnas	A0A8B9TVE4	A0A8B9TVE4_ANAPL Fibronectin	2448	901.0	23.2	8.31e-98	596	1754	820	2044
A0A8V1AAN6	A0A8V1AAN6_CHICK Tenascin	1990	GlyAnas	A0A493SWE9	A0A493SWE9_ANAPP Teneurin-4	2626	598.0	41.8	1.13e-62	347	597	439	700
A0A8V1AAN6	A0A8V1AAN6_CHICK Tenascin	1990	GlyAnas	A0A8B9QS33	A0A8B9QS33_ANAPL Fibrinogen like 2	442	393.0	36.2	6.70e-39	1771	1980	214	440
A0A8V1AAN6	A0A8V1AAN6_CHICK Tenascin	1990	GlyAnas	A0A8B9T9X1	A0A8B9T9X1_ANAPL Angiopoietin like 4	486	389.0	34.8	1.95e-38	1735	1979	236	481
A0A8V1ADW6	A0A8V1ADW6_CHICK Extracellular matrix protein 1	461	GlyAnas	A0A8B9SX03	A0A8B9SX03_ANAPL Extracellular matrix protein 1	382	1206.0	70.5	8.28e-134	77	380	11	326
A0A8V1ADW6	A0A8V1ADW6_CHICK Extracellular matrix protein 1	461	GlyAnas	A0A493T5Q5	A0A493T5Q5_ANAPP Dystroglycan 1	896	99.0	28.3	1.91e-05	3	155	319	463
A0A8V1ADW6	A0A8V1ADW6_CHICK Extracellular matrix protein 1	461	GlyAnas	A0A493T607	A0A493T607_ANAPP Torsin family 1 member B	531	87.0	33.8	4.71e-04	3	81	117	188
A0A8V1ADW6	A0A8V1ADW6_CHICK Extracellular matrix protein 1	461	GlyAnas	A0A8B9U9X9	A0A8B9U9X9_9AVES Uncharacterized protein	1028	86.0	30.1	6.16e-04	14	158	396	536
A0A8V1AGU0	A0A8V1AGU0_CHICK Semaphorin 3G	740	GlyAnas	A0A493STK1	A0A493STK1_ANAPP ubiquitinyl hydrolase 1	1367	3034.0	86.2	0.00e+00	3	642	4	662
A0A8V1AGU0	A0A8V1AGU0_CHICK Semaphorin 3G	740	GlyAnas	A0A8B9U577	A0A8B9U577_9AVES Semaphorin-3C	782	1513.0	45.0	3.35e-169	18	693	52	740
A0A8V1AGU0	A0A8V1AGU0_CHICK Semaphorin 3G	740	GlyAnas	A0A8B9TMM6	A0A8B9TMM6_ANAPL Semaphorin 3B	668	1495.0	50.8	4.09e-167	16	593	57	650
A0A8V1AGU0	A0A8V1AGU0_CHICK Semaphorin 3G	740	GlyAnas	A0A8B9SJW6	A0A8B9SJW6_ANAPL Semaphorin-3D	747	1452.0	42.5	3.96e-162	22	739	37	746
A0A8V1AGU0	A0A8V1AGU0_CHICK Semaphorin 3G	740	GlyAnas	A0A8B9V535	A0A8B9V535_9AVES Semaphorin 4G	850	820.0	33.7	7.63e-89	22	654	33	659
A0A8V1AH71	A0A8V1AH71_CHICK Orosomucoid 1 (ovoglycoprotein)	265	GlyAnas	A0A493TZ56	A0A493TZ56_ANAPP Uncharacterized protein	335	738.0	61.4	8.81e-80	5	243	6	244
A0A8V1AK00	A0A8V1AK00_CHICK Serpin family F member 1	448	GlyAnas	A0A493TL04	A0A493TL04_ANAPP Serpin family F member 1	520	1988.0	90.2	1.69e-224	11	448	80	520
A0A8V1AK00	A0A8V1AK00_CHICK Serpin family F member 1	448	GlyAnas	A0A8B9UUI8	A0A8B9UUI8_9AVES Serpin domain-containing protein	419	368.0	26.0	1.19e-36	86	445	51	416
A0A8V1AK00	A0A8V1AK00_CHICK Serpin family F member 1	448	GlyAnas	U3IKY8	U3IKY8_ANAPP Serpin domain-containing protein	388	347.0	26.9	3.25e-34	81	445	1	388
A0A8V1AK00	A0A8V1AK00_CHICK Serpin family F member 1	448	GlyAnas	A0A8B9QNT8	A0A8B9QNT8_ANAPL Ovalbumin	386	333.0	25.3	1.37e-32	81	445	1	386
A0A8V1AK00	A0A8V1AK00_CHICK Serpin family F member 1	448	GlyAnas	A0A8B9UXD7	A0A8B9UXD7_9AVES Serpin domain-containing protein	393	333.0	26.1	1.37e-32	81	445	1	393
E1C0K5	E1C0K5_CHICK Milk fat globule EGF and factor V/VIII domain containing	474	GlyAnas	A0A8B9R6K5	A0A8B9R6K5_ANAPL Milk fat globule EGF and factor V/VIII domain containing	468	2386.0	89.2	1.26e-270	1	474	1	468
E1C0K5	E1C0K5_CHICK Milk fat globule EGF and factor V/VIII domain containing	474	GlyAnas	A0A8B9VG14	A0A8B9VG14_9AVES Crumbs cell polarity complex component 1	1399	258.0	36.8	7.19e-24	28	175	107	249
E1C0K5	E1C0K5_CHICK Milk fat globule EGF and factor V/VIII domain containing	474	GlyAnas	A0A8B9VJN1	A0A8B9VJN1_9AVES Discoidin, CUB and LCCL domain-containing protein 1	666	232.0	34.8	7.44e-21	319	472	241	400
E1C0K5	E1C0K5_CHICK Milk fat globule EGF and factor V/VIII domain containing	474	GlyAnas	A0A8B9TKI0	A0A8B9TKI0_ANAPL Slit homolog 2 protein	1508	231.0	36.6	9.72e-21	28	147	921	1035
E1C0K5	E1C0K5_CHICK Milk fat globule EGF and factor V/VIII domain containing	474	GlyAnas	A0A8B9T2E3	A0A8B9T2E3_ANAPL Wnt inhibitory factor 1	374	188.0	31.5	9.42e-16	33	180	213	337
F1NBL0	MUC6_CHICK Mucin-6 (Fragment)	1185	GlyAnas	A0A8B9UUB6	A0A8B9UUB6_9AVES VWFD domain-containing protein	3275	2413.0	39.3	2.34e-273	1	1148	80	1225
F1NBL0	MUC6_CHICK Mucin-6 (Fragment)	1185	GlyAnas	A0A8B9UQR5	A0A8B9UQR5_9AVES Mucin-5AC	2637	2363.0	39.0	1.47e-267	1	1148	22	1169
F1NBL0	MUC6_CHICK Mucin-6 (Fragment)	1185	GlyAnas	A0A8B9SR16	A0A8B9SR16_ANAPL von Willebrand factor	2764	1532.0	30.4	3.36e-171	1	1148	20	1165
F1NBL0	MUC6_CHICK Mucin-6 (Fragment)	1185	GlyAnas	A0A8B9QTY5	A0A8B9QTY5_ANAPL VWFD domain-containing protein	610	1239.0	38.8	3.17e-137	542	1148	10	588
F1NBL0	MUC6_CHICK Mucin-6 (Fragment)	1185	GlyAnas	A0A8B9QNN8	A0A8B9QNN8_ANAPL Mucin-5AC	3271	325.0	25.1	3.06e-31	343	823	2581	3088
P02460	CO2A1_CHICK Collagen alpha-1(II) chain (Fragment)	859	GlyAnas	A0A8B9UC52	A0A8B9UC52_9AVES Collagen type V alpha 1 chain	1879	1997.0	45.6	2.93e-225	2	859	940	1878
P02460	CO2A1_CHICK Collagen alpha-1(II) chain (Fragment)	859	GlyAnas	A0A8B9U9X9	A0A8B9U9X9_9AVES Uncharacterized protein	1028	311.0	29.2	9.32e-30	39	565	85	635
P02460	CO2A1_CHICK Collagen alpha-1(II) chain (Fragment)	859	GlyAnas	A0A493SY54	A0A493SY54_ANAPP Palmitoyl-protein thioesterase 1	615	226.0	30.1	6.69e-20	181	488	3	300
P02460	CO2A1_CHICK Collagen alpha-1(II) chain (Fragment)	859	GlyAnas	A0A493U469	A0A493U469_ANAPP Glypican-1	946	149.0	30.3	5.68e-11	236	479	100	369
P02460	CO2A1_CHICK Collagen alpha-1(II) chain (Fragment)	859	GlyAnas	A0A8B9ZY54	A0A8B9ZY54_9AVES Ovocleidin-116	636	128.0	24.9	1.55e-08	216	597	82	535
P24367	PPIB_CHICK Peptidyl-prolyl cis-trans isomerase B	207	GlyAnas	A0A8B9T1P2	A0A8B9T1P2_ANAPL Peptidyl-prolyl cis-trans isomerase	223	1050.0	97.6	4.56e-116	1	207	17	223
Q98UI9	MUC5B_CHICK Mucin-5B	2108	GlyAnas	A0A8B9UQR5	A0A8B9UQR5_9AVES Mucin-5AC	2637	3524.0	31.1	0.00e+00	38	1831	22	2511
Q98UI9	MUC5B_CHICK Mucin-5B	2108	GlyAnas	A0A8B9UUB6	A0A8B9UUB6_9AVES VWFD domain-containing protein	3275	3402.0	46.5	0.00e+00	38	1276	80	1333
Q98UI9	MUC5B_CHICK Mucin-5B	2108	GlyAnas	A0A8B9SR16	A0A8B9SR16_ANAPL von Willebrand factor	2764	2146.0	25.0	3.79e-242	36	2014	18	2532
Q98UI9	MUC5B_CHICK Mucin-5B	2108	GlyAnas	A0A8B9QNN8	A0A8B9QNN8_ANAPL Mucin-5AC	3271	1650.0	36.9	1.24e-184	1236	2103	2412	3256
Q98UI9	MUC5B_CHICK Mucin-5B	2108	GlyAnas	A0A8B9QTY5	A0A8B9QTY5_ANAPL VWFD domain-containing protein	610	1650.0	46.4	1.24e-184	581	1203	2	605
R4GH41	R4GH41_CHICK Acid ceramidase	395	GlyAnas	A0A493TG58	A0A493TG58_ANAPP Acid ceramidase	415	2002.0	93.4	3.54e-226	2	395	22	415
A0A1D5P2P1	A0A1D5P2P1_CHICK CCN family member 3	351	GlyAnas	A0A8B9QS28	A0A8B9QS28_ANAPL Thrombospondin-2	1182	116.0	24.5	1.56e-07	106	252	330	447
A0A1D5P2P1	A0A1D5P2P1_CHICK CCN family member 3	351	GlyAnas	A0A493T8L7	A0A493T8L7_ANAPP Thrombospondin-1	1178	105.0	24.5	2.94e-06	106	252	326	443
A0A1D5P2P1	A0A1D5P2P1_CHICK CCN family member 3	351	GlyAnas	A0A8B9SR16	A0A8B9SR16_ANAPL von Willebrand factor	2764	99.0	31.2	1.46e-05	77	169	2177	2284
A0A1D5P2P1	A0A1D5P2P1_CHICK CCN family member 3	351	GlyAnas	A0A8B9UQR5	A0A8B9UQR5_9AVES Mucin-5AC	2637	97.0	25.4	2.49e-05	20	137	279	369
A0A1D5P2P1	A0A1D5P2P1_CHICK CCN family member 3	351	GlyAnas	A0A493SZ03	A0A493SZ03_ANAPP Insulin-like growth factor-binding protein 3	287	91.0	32.3	1.23e-04	24	104	29	116
A0A1D5P4S3	A0A1D5P4S3_CHICK Interleukin-1 receptor accessory protein	679	GlyAnas	R0K6C9	R0K6C9_ANAPL Titin (Fragment)	32970	128.0	24.4	1.22e-08	54	387	4574	4874
A0A1D5P4S3	A0A1D5P4S3_CHICK Interleukin-1 receptor accessory protein	679	GlyAnas	A0A8B9R3J9	A0A8B9R3J9_ANAPL TIR domain-containing protein	706	124.0	23.4	3.56e-08	343	547	493	704
A0A1D5P4S3	A0A1D5P4S3_CHICK Interleukin-1 receptor accessory protein	679	GlyAnas	A0A493T1Z9	A0A493T1Z9_ANAPP Neogenin	1396	101.0	32.1	1.65e-05	176	272	69	163
A0A1D5P4S3	A0A1D5P4S3_CHICK Interleukin-1 receptor accessory protein	679	GlyAnas	A0A8B9TJ31	A0A8B9TJ31_ANAPL Contactin-2	987	86.0	23.2	9.07e-04	177	355	351	503
A0A8V0X4B2	A0A8V0X4B2_CHICK Laminin subunit alpha-1	3056	GlyAnas	A0A8B9U8F8	A0A8B9U8F8_9AVES Laminin subunit alpha-2	3075	7292.0	44.9	0.00e+00	27	3052	17	3073
A0A8V0X4B2	A0A8V0X4B2_CHICK Laminin subunit alpha-1	3056	GlyAnas	A0A8B9SV12	A0A8B9SV12_ANAPL Laminin subunit alpha 5	3507	1994.0	24.2	2.32e-224	13	2880	34	3394
A0A8V0X4B2	A0A8V0X4B2_CHICK Laminin subunit alpha-1	3056	GlyAnas	A0A493T9C8	A0A493T9C8_ANAPP Laminin subunit alpha 5	3191	1695.0	23.1	1.09e-189	296	3014	46	3137
A0A8V0X4B2	A0A8V0X4B2_CHICK Laminin subunit alpha-1	3056	GlyAnas	A0A8B9TT34	A0A8B9TT34_ANAPL Laminin subunit gamma 1	1587	1607.0	34.5	1.74e-179	2	1051	3	1024
A0A8V0X4B2	A0A8V0X4B2_CHICK Laminin subunit alpha-1	3056	GlyAnas	A0A8B9VAE3	A0A8B9VAE3_9AVES Laminin subunit beta 2	1749	1298.0	28.3	1.18e-143	8	1158	6	1233
A0A8V0XEP8	A0A8V0XEP8_CHICK Tripeptidyl-peptidase 1	575	GlyAnas	A0A8B9T243	A0A8B9T243_ANAPL TATA-box binding protein associated factor 10	389	271.0	75.3	2.71e-25	415	483	106	178
A0A8V0XFX8	A0A8V0XFX8_CHICK Microsomal triglyceride transfer protein	870	GlyAnas	A0A8B9VNY9	A0A8B9VNY9_9AVES Phosvitin	1824	166.0	19.7	6.15e-13	26	757	15	769
A0A8V0XFX8	A0A8V0XFX8_CHICK Microsomal triglyceride transfer protein	870	GlyAnas	A0A493TF01	A0A493TF01_ANAPP Uncharacterized protein	1803	159.0	20.3	3.98e-12	7	553	4	564
A0A8V0XV56	A0A8V0XV56_CHICK Apolipoprotein B	4631	GlyAnas	A0A493TF01	A0A493TF01_ANAPP Uncharacterized protein	1803	237.0	21.2	1.91e-20	38	992	24	953
A0A8V0XV56	A0A8V0XV56_CHICK Apolipoprotein B	4631	GlyAnas	A0A8B9VNY9	A0A8B9VNY9_9AVES Phosvitin	1824	142.0	19.6	1.98e-09	38	938	17	910
A0A8V0XV56	A0A8V0XV56_CHICK Apolipoprotein B	4631	GlyAnas	A0A8B9TAA9	A0A8B9TAA9_ANAPL Spectrin repeat containing nuclear envelope protein 1	8359	132.0	18.9	2.87e-08	2074	2533	1377	1870
A0A8V0XV56	A0A8V0XV56_CHICK Apolipoprotein B	4631	GlyAnas	A0A8B9SQU6	A0A8B9SQU6_ANAPL Golgin subfamily A member 5	593	118.0	19.3	1.20e-06	3955	4382	62	487
A0A8V0XV56	A0A8V0XV56_CHICK Apolipoprotein B	4631	GlyAnas	A0A8B9U691	A0A8B9U691_9AVES Laminin subunit alpha 3	1465	102.0	20.9	8.63e-05	4009	4519	183	649
A0A8V0XZF7	A0A8V0XZF7_CHICK Tenascin-R	1310	GlyAnas	A0A493SYG4	A0A493SYG4_ANAPP Tenascin	2038	2524.0	34.5	3.47e-286	106	1307	416	2038
A0A8V0XZF7	A0A8V0XZF7_CHICK Tenascin-R	1310	GlyAnas	A0A8B9TVE4	A0A8B9TVE4_ANAPL Fibronectin	2448	805.0	27.7	7.41e-87	285	1070	1272	2043
A0A8V0XZF7	A0A8V0XZF7_CHICK Tenascin-R	1310	GlyAnas	A0A8B9T9X1	A0A8B9T9X1_ANAPL Angiopoietin like 4	486	427.0	40.3	5.03e-43	1087	1294	267	479
A0A8V0XZF7	A0A8V0XZF7_CHICK Tenascin-R	1310	GlyAnas	A0A8B9QS33	A0A8B9QS33_ANAPL Fibrinogen like 2	442	412.0	42.4	2.76e-41	1088	1280	214	415
A0A8V0XZF7	A0A8V0XZF7_CHICK Tenascin-R	1310	GlyAnas	A0A8B9V4D6	A0A8B9V4D6_9AVES Collagen alpha-1(VII) chain	836	362.0	26.6	1.73e-35	280	762	327	820
A0A8V0YIX8	A0A8V0YIX8_CHICK Monocyte differentiation antigen CD14	465	GlyAnas	A0A8B9R3J9	A0A8B9R3J9_ANAPL TIR domain-containing protein	706	226.0	29.4	3.62e-20	154	347	316	491
A0A8V0YIX8	A0A8V0YIX8_CHICK Monocyte differentiation antigen CD14	465	GlyAnas	A0A8B9QR69	A0A8B9QR69_ANAPL Tsukushi	364	116.0	29.0	2.06e-07	192	361	65	237
A0A8V0YIX8	A0A8V0YIX8_CHICK Monocyte differentiation antigen CD14	465	GlyAnas	A0A8B9T2B9	A0A8B9T2B9_ANAPL Leucine rich repeat neuronal 4	654	105.0	38.4	3.89e-06	272	363	66	162
A0A8V0YIX8	A0A8V0YIX8_CHICK Monocyte differentiation antigen CD14	465	GlyAnas	A0A493SVA0	A0A493SVA0_ANAPP Leucine-rich repeat and fibronectin type-III domain-containing protein 5	734	101.0	27.2	1.13e-05	186	368	74	246
A0A8V0YIX8	A0A8V0YIX8_CHICK Monocyte differentiation antigen CD14	465	GlyAnas	A0A493U1V1	A0A493U1V1_ANAPP LRRCT domain-containing protein	382	96.0	30.7	4.30e-05	245	368	63	195
A0A8V0YR94	A0A8V0YR94_CHICK Alpha-N-acetylneuraminide alpha-2,8-sialyltransferase	357	GlyAnas	A0A8B9TMJ3	A0A8B9TMJ3_ANAPL ST8 alpha-N-acetyl-neuraminide alpha-2,8-sialyltransferase 6	365	593.0	44.4	7.73e-63	65	311	111	358
A0A8V0YR94	A0A8V0YR94_CHICK Alpha-N-acetylneuraminide alpha-2,8-sialyltransferase	357	GlyAnas	A0A493TEG3	A0A493TEG3_ANAPP CMP-N-acetylneuraminate-beta-galactosamide-alpha-2,3-sialyltransferase 1	342	201.0	31.6	2.20e-17	118	315	115	305
A0A8V0YV77	A0A8V0YV77_CHICK Coagulation factor XII	583	GlyAnas	A0A8B9T7P6	A0A8B9T7P6_ANAPL Acrosin	443	460.0	37.6	3.34e-47	326	573	128	377
A0A8V0YV77	A0A8V0YV77_CHICK Coagulation factor XII	583	GlyAnas	A0A8B9ZNM3	A0A8B9ZNM3_9AVES Transmembrane serine protease 13	522	419.0	37.9	1.90e-42	326	577	277	517
A0A8V0YV77	A0A8V0YV77_CHICK Coagulation factor XII	583	GlyAnas	A0A8B9QNQ2	A0A8B9QNQ2_ANAPL Transmembrane protease serine 2	485	395.0	33.6	1.15e-39	326	580	233	481
A0A8V0YV77	A0A8V0YV77_CHICK Coagulation factor XII	583	GlyAnas	A0A8B9TSC2	A0A8B9TSC2_ANAPL Complement factor I	590	380.0	34.7	6.31e-38	337	577	343	580
A0A8V0YV77	A0A8V0YV77_CHICK Coagulation factor XII	583	GlyAnas	A0A493TBW1	A0A493TBW1_ANAPP Macrophage stimulating 1	903	300.0	34.7	1.19e-28	222	473	400	635
A0A8V0ZCK8	A0A8V0ZCK8_CHICK Semaphorin 4B	742	GlyAnas	A0A8B9T9Y7	A0A8B9T9Y7_ANAPL Semaphorin 4B	835	3551.0	89.4	0.00e+00	1	742	1	754
A0A8V0ZCK8	A0A8V0ZCK8_CHICK Semaphorin 4B	742	GlyAnas	A0A8B9V535	A0A8B9V535_9AVES Semaphorin 4G	850	1135.0	37.8	2.28e-125	14	717	8	695
A0A8V0ZCK8	A0A8V0ZCK8_CHICK Semaphorin 4B	742	GlyAnas	A0A8B9TMM6	A0A8B9TMM6_ANAPL Semaphorin 3B	668	861.0	37.7	1.35e-93	3	561	37	602
A0A8V0ZCK8	A0A8V0ZCK8_CHICK Semaphorin 4B	742	GlyAnas	A0A493STK1	A0A493STK1_ANAPP ubiquitinyl hydrolase 1	1367	811.0	33.4	8.46e-88	20	654	15	653
A0A8V0ZCK8	A0A8V0ZCK8_CHICK Semaphorin 4B	742	GlyAnas	A0A8B9SJW6	A0A8B9SJW6_ANAPL Semaphorin-3D	747	803.0	33.3	7.16e-87	3	660	7	672
A0A8V0ZRL1	A0A8V0ZRL1_CHICK DBIRD complex subunit ZNF326	541	GlyAnas	A0A493SYQ2	A0A493SYQ2_ANAPP Calreticulin	483	89.0	40.4	3.24e-04	493	532	428	474
A0A8V0ZUU4	A0A8V0ZUU4_CHICK Cadherin EGF LAG seven-pass G-type receptor 2	2693	GlyAnas	A0A8B9VTH6	A0A8B9VTH6_9AVES Cadherin EGF LAG seven-pass G-type receptor 1	2863	8855.0	62.3	0.00e+00	1	2601	139	2727
A0A8V0ZUU4	A0A8V0ZUU4_CHICK Cadherin EGF LAG seven-pass G-type receptor 2	2693	GlyAnas	A0A493SUZ5	A0A493SUZ5_ANAPP Adhesion G protein-coupled receptor L2	1416	552.0	25.3	3.31e-57	1757	2456	470	1132
A0A8V0ZUU4	A0A8V0ZUU4_CHICK Cadherin EGF LAG seven-pass G-type receptor 2	2693	GlyAnas	A0A8B9VG14	A0A8B9VG14_9AVES Crumbs cell polarity complex component 1	1399	435.0	25.6	1.22e-43	1006	1624	332	932
A0A8V0ZUU4	A0A8V0ZUU4_CHICK Cadherin EGF LAG seven-pass G-type receptor 2	2693	GlyAnas	U3IE29	U3IE29_ANAPP Cadherin domain-containing protein	885	371.0	27.4	3.22e-36	22	576	93	665
A0A8V0ZUU4	A0A8V0ZUU4_CHICK Cadherin EGF LAG seven-pass G-type receptor 2	2693	GlyAnas	A0A493T1A3	A0A493T1A3_ANAPP Cadherin domain-containing protein	513	347.0	30.9	1.96e-33	206	635	26	467
A0A8V0ZV79	A0A8V0ZV79_CHICK Tetraspanin	240	GlyAnas	A0A8B9UVH0	A0A8B9UVH0_9AVES Tetraspanin	193	235.0	29.2	1.69e-21	7	186	5	185
A0A8V0ZV79	A0A8V0ZV79_CHICK Tetraspanin	240	GlyAnas	U3IJ40	U3IJ40_ANAPP Tetraspanin-1	285	227.0	26.1	1.43e-20	7	223	5	220
A0A8V0ZV79	A0A8V0ZV79_CHICK Tetraspanin	240	GlyAnas	A0A8B9TUK3	A0A8B9TUK3_ANAPL Tetraspanin	229	208.0	26.1	2.29e-18	7	223	5	212
A0A8V0ZVY0	A0A8V0ZVY0_CHICK Tetraspanin	259	GlyAnas	U3IJ40	U3IJ40_ANAPP Tetraspanin-1	285	839.0	78.5	1.67e-91	41	245	20	223
A0A8V0ZVY0	A0A8V0ZVY0_CHICK Tetraspanin	259	GlyAnas	A0A8B9TUK3	A0A8B9TUK3_ANAPL Tetraspanin	229	711.0	66.7	1.16e-76	41	259	20	229
A0A8V0ZVY0	A0A8V0ZVY0_CHICK Tetraspanin	259	GlyAnas	A0A8B9UVH0	A0A8B9UVH0_9AVES Tetraspanin	193	690.0	76.3	3.17e-74	41	213	20	191
A0A8V1AGA3	A0A8V1AGA3_CHICK 2-oxoglutarate and iron dependent oxygenase domain containing 3	479	GlyAnas	A0A8B9UMW8	A0A8B9UMW8_9AVES 2-oxoglutarate and iron dependent oxygenase domain containing 3	315	1258.0	79.0	8.03e-140	170	478	1	314
A0A8V1AGA3	A0A8V1AGA3_CHICK 2-oxoglutarate and iron dependent oxygenase domain containing 3	479	GlyAnas	A0A8B9QXI0	A0A8B9QXI0_ANAPL RRM domain-containing protein	651	87.0	27.0	4.90e-04	39	199	46	214
A0A8V1AGA3	A0A8V1AGA3_CHICK 2-oxoglutarate and iron dependent oxygenase domain containing 3	479	GlyAnas	A0A493U469	A0A493U469_ANAPP Glypican-1	946	85.0	30.3	8.35e-04	3	204	144	355
A0A8V1AHP7	A0A8V1AHP7_CHICK Angiopoietin like 4	449	GlyAnas	A0A8B9T9X1	A0A8B9T9X1_ANAPL Angiopoietin like 4	486	2103.0	95.5	7.82e-238	31	449	68	486
A0A8V1AHP7	A0A8V1AHP7_CHICK Angiopoietin like 4	449	GlyAnas	A0A8B9QS33	A0A8B9QS33_ANAPL Fibrinogen like 2	442	457.0	36.1	5.73e-47	150	428	129	415
A0A8V1AHP7	A0A8V1AHP7_CHICK Angiopoietin like 4	449	GlyAnas	A0A493SYG4	A0A493SYG4_ANAPP Tenascin	2038	391.0	35.4	2.58e-39	225	444	1813	2027
A0A8V1AHP7	A0A8V1AHP7_CHICK Angiopoietin like 4	449	GlyAnas	A0A8B9TAA9	A0A8B9TAA9_ANAPL Spectrin repeat containing nuclear envelope protein 1	8359	93.0	22.3	9.25e-05	48	244	1904	2118
A0A8V1AHP7	A0A8V1AHP7_CHICK Angiopoietin like 4	449	GlyAnas	A0A8B9TT34	A0A8B9TT34_ANAPL Laminin subunit gamma 1	1587	86.0	21.1	6.00e-04	78	344	1030	1313
P10184	IOV7_CHICK Ovoinhibitor	517	GlyAnas	A0A493SY10	A0A493SY10_ANAPP Ovomucoid	240	518.0	49.2	5.57e-54	334	517	59	240
P10184	IOV7_CHICK Ovoinhibitor	517	GlyAnas	A0A8B9SYM3	A0A8B9SYM3_ANAPL Agrin	1983	422.0	30.1	7.55e-43	89	517	199	649
P10184	IOV7_CHICK Ovoinhibitor	517	GlyAnas	A0A8B9UTT5	A0A8B9UTT5_9AVES Follistatin-related protein 1	295	95.0	37.5	6.24e-05	90	133	38	81
P10184	IOV7_CHICK Ovoinhibitor	517	GlyAnas	A0A8B9TUB9	A0A8B9TUB9_ANAPL Fibulin-2	1111	87.0	22.5	5.29e-04	54	265	448	687
P10184	IOV7_CHICK Ovoinhibitor	517	GlyAnas	A0A8B9SR16	A0A8B9SR16_ANAPL von Willebrand factor	2764	86.0	23.6	6.90e-04	106	445	2233	2562
Q91048	PTK7_CHICK Inactive tyrosine-protein kinase 7	1051	GlyAnas	A0A8B9TB75	A0A8B9TB75_ANAPL Tyrosine-protein kinase receptor	2270	482.0	33.8	1.69e-49	682	1035	1848	2185
Q91048	PTK7_CHICK Inactive tyrosine-protein kinase 7	1051	GlyAnas	R0K6C9	R0K6C9_ANAPL Titin (Fragment)	32970	392.0	25.4	4.62e-39	20	681	7753	8450
Q91048	PTK7_CHICK Inactive tyrosine-protein kinase 7	1051	GlyAnas	A0A493T8W1	A0A493T8W1_ANAPP Contactin-1	1008	374.0	25.3	5.65e-37	114	666	30	593
Q91048	PTK7_CHICK Inactive tyrosine-protein kinase 7	1051	GlyAnas	A0A8B9THT8	A0A8B9THT8_ANAPL Immunoglobulin superfamily member 10	2596	371.0	25.4	1.26e-36	123	650	1658	2191
Q91048	PTK7_CHICK Inactive tyrosine-protein kinase 7	1051	GlyAnas	A0A8B9TJ31	A0A8B9TJ31_ANAPL Contactin-2	987	343.0	24.2	2.22e-33	114	666	31	603
A0A3Q2U211	A0A3Q2U211_CHICK TNF receptor superfamily member 11b	363	GlyAnas	A0A8B9ZH76	A0A8B9ZH76_ANAPL TNFR-Cys domain-containing protein	303	469.0	41.4	1.88e-48	2	192	48	241
A0A3Q2U211	A0A3Q2U211_CHICK TNF receptor superfamily member 11b	363	GlyAnas	A0A8B9U2R2	A0A8B9U2R2_9AVES TNF receptor superfamily member 19	408	103.0	24.8	5.18e-06	1	101	46	149
A0A3Q2U211	A0A3Q2U211_CHICK TNF receptor superfamily member 11b	363	GlyAnas	A0A8B9QS28	A0A8B9QS28_ANAPL Thrombospondin-2	1182	84.0	27.0	8.27e-04	2	151	574	706
A0A8V0XB23	A0A8V0XB23_CHICK Thrombospondin type-1 domain-containing protein 7A	1605	GlyAnas	A0A493TA20	A0A493TA20_ANAPP Thrombospondin type 1 domain containing 4	1028	290.0	27.8	4.74e-27	567	953	629	989
A0A8V0XB23	A0A8V0XB23_CHICK Thrombospondin type-1 domain-containing protein 7A	1605	GlyAnas	A0A493T8L7	A0A493T8L7_ANAPP Thrombospondin-1	1178	195.0	28.3	4.92e-16	1162	1399	338	571
A0A8V0XB23	A0A8V0XB23_CHICK Thrombospondin type-1 domain-containing protein 7A	1605	GlyAnas	A0A8B9QS28	A0A8B9QS28_ANAPL Thrombospondin-2	1182	182.0	30.7	1.58e-14	1161	1353	395	596
A0A8V0XB23	A0A8V0XB23_CHICK Thrombospondin type-1 domain-containing protein 7A	1605	GlyAnas	A0A8B9QYQ8	A0A8B9QYQ8_ANAPL ADAM metallopeptidase with thrombospondin type 1 motif 19	1184	178.0	26.3	4.60e-14	495	762	881	1122
A0A8V0XB23	A0A8V0XB23_CHICK Thrombospondin type-1 domain-containing protein 7A	1605	GlyAnas	A0A8B9TBP5	A0A8B9TBP5_ANAPL A disintegrin and metalloproteinase with thrombospondin motifs 1	934	177.0	24.5	6.01e-14	997	1367	489	911
A0A8V0XEK3	A0A8V0XEK3_CHICK Tsukushi	429	GlyAnas	A0A8B9QR69	A0A8B9QR69_ANAPL Tsukushi	364	1597.0	91.7	3.53e-179	78	413	1	336
A0A8V0XEK3	A0A8V0XEK3_CHICK Tsukushi	429	GlyAnas	A0A8B9TKI0	A0A8B9TKI0_ANAPL Slit homolog 2 protein	1508	191.0	25.2	3.83e-16	115	394	32	387
A0A8V0XEK3	A0A8V0XEK3_CHICK Tsukushi	429	GlyAnas	A0A8B9T2B9	A0A8B9T2B9_ANAPL Leucine rich repeat neuronal 4	654	145.0	27.3	8.25e-11	48	341	31	322
A0A8V0XEK3	A0A8V0XEK3_CHICK Tsukushi	429	GlyAnas	A0A493SVA0	A0A493SVA0_ANAPP Leucine-rich repeat and fibronectin type-III domain-containing protein 5	734	136.0	27.4	9.13e-10	238	389	46	205
A0A8V0XEK3	A0A8V0XEK3_CHICK Tsukushi	429	GlyAnas	A0A8B9R3J9	A0A8B9R3J9_ANAPL TIR domain-containing protein	706	133.0	24.0	2.03e-09	122	399	28	281
A0A8V0YC89	A0A8V0YC89_CHICK N-acetylglucosamine-6-sulfatase	536	GlyAnas	A0A493SYJ2	A0A493SYJ2_ANAPP Sulfatase 2	860	833.0	47.4	1.72e-90	30	397	43	415
A0A8V0YJ91	A0A8V0YJ91_CHICK Leptin receptor	1072	GlyAnas	A0A8B9SYM6	A0A8B9SYM6_ANAPL Leukemia inhibitory factor receptor	1092	5003.0	86.6	0.00e+00	1	1072	1	1092
A0A8V0YJ91	A0A8V0YJ91_CHICK Leptin receptor	1072	GlyAnas	A0A8B9QYJ7	A0A8B9QYJ7_ANAPL Interleukin-6 receptor subunit beta	919	548.0	24.4	3.84e-57	231	1051	43	844
A0A8V0YJ91	A0A8V0YJ91_CHICK Leptin receptor	1072	GlyAnas	A0A493T750	A0A493T750_ANAPP Receptor-type tyrosine-protein phosphatase F	1929	139.0	23.2	1.02e-09	381	802	311	716
A0A8V0YJ91	A0A8V0YJ91_CHICK Leptin receptor	1072	GlyAnas	A0A493T8W1	A0A493T8W1_ANAPP Contactin-1	1008	126.0	19.7	3.29e-08	390	788	581	972
A0A8V0YJ91	A0A8V0YJ91_CHICK Leptin receptor	1072	GlyAnas	A0A8B9TVE4	A0A8B9TVE4_ANAPL Fibronectin	2448	111.0	25.4	1.81e-06	615	806	744	907
A0A8V0YL83	A0A8V0YL83_CHICK Leucyl-cystinyl aminopeptidase	1034	GlyAnas	A0A493TT23	A0A493TT23_ANAPP Aminopeptidase	960	1253.0	32.8	6.59e-139	122	1033	13	954
A0A8V0YL83	A0A8V0YL83_CHICK Leucyl-cystinyl aminopeptidase	1034	GlyAnas	A0A493TDR5	A0A493TDR5_ANAPP Aminopeptidase	952	976.0	29.7	8.68e-107	177	1034	74	946
A0A8V0YU75	A0A8V0YU75_CHICK Complement C2	763	GlyAnas	A0A8B9ZNM3	A0A8B9ZNM3_9AVES Transmembrane serine protease 13	522	196.0	28.6	1.79e-16	463	710	263	492
A0A8V0YU75	A0A8V0YU75_CHICK Complement C2	763	GlyAnas	A0A493TC81	A0A493TC81_ANAPP Beta-2-glycoprotein 1	398	156.0	28.7	7.78e-12	70	233	51	214
A0A8V0YU75	A0A8V0YU75_CHICK Complement C2	763	GlyAnas	A0A8B9QNQ2	A0A8B9QNQ2_ANAPL Transmembrane protease serine 2	485	148.0	24.6	6.59e-11	490	710	258	453
A0A8V0YU75	A0A8V0YU75_CHICK Complement C2	763	GlyAnas	A0A8B9T7P6	A0A8B9T7P6_ANAPL Acrosin	443	148.0	23.8	6.59e-11	481	710	142	356
A0A8V0YU75	A0A8V0YU75_CHICK Complement C2	763	GlyAnas	A0A493TJE2	A0A493TJE2_ANAPP Suppressor of tumorigenicity 14 protein homolog	847	124.0	30.6	4.00e-08	490	589	614	715
A0A8V0ZC30	A0A8V0ZC30_CHICK Collagen alpha-1(XVII) chain	1495	GlyAnas	A0A8B9UC52	A0A8B9UC52_9AVES Collagen type V alpha 1 chain	1879	1371.0	36.7	1.98e-152	532	1486	754	1592
A0A8V0ZC30	A0A8V0ZC30_CHICK Collagen alpha-1(XVII) chain	1495	GlyAnas	A0A8B9U9X9	A0A8B9U9X9_9AVES Uncharacterized protein	1028	248.0	26.2	3.28e-22	464	985	55	646
A0A8V0ZC30	A0A8V0ZC30_CHICK Collagen alpha-1(XVII) chain	1495	GlyAnas	A0A493SY54	A0A493SY54_ANAPP Palmitoyl-protein thioesterase 1	615	185.0	31.2	6.62e-15	525	874	5	332
A0A8V0ZC30	A0A8V0ZC30_CHICK Collagen alpha-1(XVII) chain	1495	GlyAnas	A0A8B9VSF2	A0A8B9VSF2_9AVES Ephrin-A1	667	147.0	25.2	1.69e-10	552	995	12	426
A0A8V0ZC30	A0A8V0ZC30_CHICK Collagen alpha-1(XVII) chain	1495	GlyAnas	A0A493U469	A0A493U469_ANAPP Glypican-1	946	144.0	27.9	3.76e-10	567	820	90	369
A0A8V0ZF48	A0A8V0ZF48_CHICK Sulfatase modifying factor 1	390	GlyAnas	A0A493TMN1	A0A493TMN1_ANAPP Sulfatase modifying factor 1	289	996.0	64.2	1.57e-109	70	390	34	289
A0A8V1A3H0	A0A8V1A3H0_CHICK Dystroglycan 1	812	GlyAnas	A0A493T5Q5	A0A493T5Q5_ANAPP Dystroglycan 1	896	4112.0	95.7	0.00e+00	8	812	92	896
A0A8V1A3H0	A0A8V1A3H0_CHICK Dystroglycan 1	812	GlyAnas	A0A8B9UUB6	A0A8B9UUB6_9AVES VWFD domain-containing protein	3275	158.0	29.6	4.86e-12	231	411	2940	3135
A0A8V1A3H0	A0A8V1A3H0_CHICK Dystroglycan 1	812	GlyAnas	A0A493T0G1	A0A493T0G1_ANAPP Nephronectin	585	132.0	39.3	5.03e-09	310	417	267	369
A0A8V1A3H0	A0A8V1A3H0_CHICK Dystroglycan 1	812	GlyAnas	R0K6C9	R0K6C9_ANAPL Titin (Fragment)	32970	119.0	26.8	1.62e-07	241	413	9727	9886
A0A8V1A3H0	A0A8V1A3H0_CHICK Dystroglycan 1	812	GlyAnas	A0A8B9UBL3	A0A8B9UBL3_9AVES Olfactomedin like 2B	734	108.0	29.3	3.05e-06	259	393	330	462
Q05744	CATD_CHICK Cathepsin D	398	GlyAnas	A0A493TRC9	A0A493TRC9_ANAPP Cathepsin D	425	1464.0	97.5	8.66e-164	117	398	144	425
Q05744	CATD_CHICK Cathepsin D	398	GlyAnas	A0A8B9T6B8	A0A8B9T6B8_ANAPL Peptidase A1 domain-containing protein	405	977.0	45.6	2.56e-107	7	396	3	397
A0A1D5P0D7	A0A1D5P0D7_CHICK Growth differentiation factor 6	398	GlyAnas	A0A8B9R4X4	A0A8B9R4X4_ANAPL Growth differentiation factor 6	409	1841.0	87.0	1.67e-207	1	398	1	409
A0A1D5P0D7	A0A1D5P0D7_CHICK Growth differentiation factor 6	398	GlyAnas	A0A386GZR1	A0A386GZR1_ANAPL Transforming growth factor beta	412	175.0	38.2	2.54e-14	297	397	315	411
A0A1D5P0D7	A0A1D5P0D7_CHICK Growth differentiation factor 6	398	GlyAnas	A0A8B9VSF2	A0A8B9VSF2_9AVES Ephrin-A1	667	85.0	25.2	6.94e-04	22	284	200	454
A0A3Q2U1R1	A0A3Q2U1R1_CHICK Plexin-D1	1928	GlyAnas	A0A493U0X5	A0A493U0X5_ANAPP Plexin D1	1951	9171.0	94.3	0.00e+00	9	1865	11	1880
A0A3Q2U1R1	A0A3Q2U1R1_CHICK Plexin-D1	1928	GlyAnas	A0A8B9T9Y7	A0A8B9T9Y7_ANAPL Semaphorin 4B	835	161.0	23.4	5.18e-12	303	608	264	573
A0A3Q2U1R1	A0A3Q2U1R1_CHICK Plexin-D1	1928	GlyAnas	A0A493STK1	A0A493STK1_ANAPP ubiquitinyl hydrolase 1	1367	140.0	25.0	1.41e-09	223	564	161	533
A0A3Q2U1R1	A0A3Q2U1R1_CHICK Plexin-D1	1928	GlyAnas	A0A493TXT6	A0A493TXT6_ANAPP Semaphorin 7A (JohnMiltonHagen blood group)	632	135.0	23.0	5.36e-09	297	576	222	493
A0A3Q2U1R1	A0A3Q2U1R1_CHICK Plexin-D1	1928	GlyAnas	A0A8B9V535	A0A8B9V535_9AVES Semaphorin 4G	850	131.0	29.7	1.56e-08	448	564	402	525
A0A3Q2UEA9	A0A3Q2UEA9_CHICK Vascular endothelial growth factor C	411	GlyAnas	A0A493SZA2	A0A493SZA2_ANAPP Platelet-derived growth factor C	318	116.0	24.7	1.82e-07	48	206	159	313
A0A3Q2UEA9	A0A3Q2UEA9_CHICK Vascular endothelial growth factor C	411	GlyAnas	A0A493TQM9	A0A493TQM9_ANAPP Signal peptide, CUB and EGF-like domain-containing protein 2	963	92.0	22.1	1.11e-04	123	354	73	375
A0A3Q2UEA9	A0A3Q2UEA9_CHICK Vascular endothelial growth factor C	411	GlyAnas	A0A493T9C8	A0A493T9C8_ANAPP Laminin subunit alpha 5	3191	86.0	22.0	5.49e-04	161	400	54	316
A0A3Q2UEA9	A0A3Q2UEA9_CHICK Vascular endothelial growth factor C	411	GlyAnas	A0A493SYG4	A0A493SYG4_ANAPP Tenascin	2038	85.0	23.9	7.17e-04	262	375	149	302
A0A3Q2UEA9	A0A3Q2UEA9_CHICK Vascular endothelial growth factor C	411	GlyAnas	A0A8B9SYM3	A0A8B9SYM3_ANAPL Agrin	1983	84.0	25.7	9.36e-04	268	388	176	303
A0A8V0X1R9	A0A8V0X1R9_CHICK Serpin family I member 1	417	GlyAnas	A0A493T078	A0A493T078_ANAPP Serpin family I member 1	425	2061.0	96.6	5.39e-233	2	417	10	425
A0A8V0X1R9	A0A8V0X1R9_CHICK Serpin family I member 1	417	GlyAnas	A0A8B9UXD7	A0A8B9UXD7_9AVES Serpin domain-containing protein	393	590.0	34.8	2.01e-62	34	404	9	393
A0A8V0X1R9	A0A8V0X1R9_CHICK Serpin family I member 1	417	GlyAnas	U3IKY8	U3IKY8_ANAPP Serpin domain-containing protein	388	584.0	34.4	9.99e-62	35	404	10	388
A0A8V0X1R9	A0A8V0X1R9_CHICK Serpin family I member 1	417	GlyAnas	A0A8B9QNT8	A0A8B9QNT8_ANAPL Ovalbumin	386	523.0	31.0	1.18e-54	35	404	10	386
A0A8V0X1R9	A0A8V0X1R9_CHICK Serpin family I member 1	417	GlyAnas	A0A8B9UUI8	A0A8B9UUI8_9AVES Serpin domain-containing protein	419	503.0	31.4	2.47e-52	25	404	43	416
A0A8V0X4I2	A0A8V0X4I2_CHICK palmitoyl-CoA hydrolase	256	GlyAnas	A0A493SY54	A0A493SY54_ANAPP Palmitoyl-protein thioesterase 1	615	87.0	32.1	2.62e-04	168	223	488	541
A0A8V0X4N3	A0A8V0X4N3_CHICK Plexin-B2	1845	GlyAnas	A0A493U0X5	A0A493U0X5_ANAPP Plexin D1	1951	2356.0	33.2	1.48e-266	32	1792	47	1886
A0A8V0X4N3	A0A8V0X4N3_CHICK Plexin-B2	1845	GlyAnas	A0A493TXT6	A0A493TXT6_ANAPP Semaphorin 7A (JohnMiltonHagen blood group)	632	204.0	23.7	5.11e-17	23	508	44	488
A0A8V0X4N3	A0A8V0X4N3_CHICK Plexin-B2	1845	GlyAnas	A0A8B9V535	A0A8B9V535_9AVES Semaphorin 4G	850	186.0	23.3	6.25e-15	21	513	37	537
A0A8V0X4N3	A0A8V0X4N3_CHICK Plexin-B2	1845	GlyAnas	A0A8B9T9Y7	A0A8B9T9Y7_ANAPL Semaphorin 4B	835	160.0	23.7	6.47e-12	41	512	55	538
A0A8V0X4N3	A0A8V0X4N3_CHICK Plexin-B2	1845	GlyAnas	A0A8B9TMM6	A0A8B9TMM6_ANAPL Semaphorin 3B	668	142.0	21.6	7.91e-10	41	511	93	586
A0A8V0X6S8	A0A8V0X6S8_CHICK Protein APCDD1	515	GlyAnas	A0A8B9TE51	A0A8B9TE51_ANAPL Protein APCDD1	521	2670.0	98.4	1.61e-303	20	515	26	521
A0A8V0X957	A0A8V0X957_CHICK Protein Wnt	326	GlyAnas	A0A493T9Q7	A0A493T9Q7_ANAPP Protein Wnt	326	1736.0	98.5	2.04e-195	1	326	1	326
A0A8V0XC92	A0A8V0XC92_CHICK 5'-nucleotidase	561	GlyAnas	A0A8B9SZA6	A0A8B9SZA6_ANAPL 5'-nucleotidase	546	2394.0	83.9	1.76e-271	7	560	11	545
A0A8V0XDJ1	A0A8V0XDJ1_CHICK Peroxidasin	1611	GlyAnas	A0A493TUB1	A0A493TUB1_ANAPP Ig-like domain-containing protein	1406	5320.0	69.8	0.00e+00	138	1541	12	1383
A0A8V0XDJ1	A0A8V0XDJ1_CHICK Peroxidasin	1611	GlyAnas	A0A493T1Z9	A0A493T1Z9_ANAPP Neogenin	1396	443.0	28.8	8.63e-45	343	790	17	455
A0A8V0XDJ1	A0A8V0XDJ1_CHICK Peroxidasin	1611	GlyAnas	A0A8B9THT8	A0A8B9THT8_ANAPL Immunoglobulin superfamily member 10	2596	429.0	31.4	3.63e-43	388	744	1662	2023
A0A8V0XDJ1	A0A8V0XDJ1_CHICK Peroxidasin	1611	GlyAnas	R0K6C9	R0K6C9_ANAPL Titin (Fragment)	32970	405.0	28.7	2.20e-40	377	745	7000	7375
A0A8V0XDJ1	A0A8V0XDJ1_CHICK Peroxidasin	1611	GlyAnas	A0A8B9TJ31	A0A8B9TJ31_ANAPL Contactin-2	987	404.0	29.0	2.87e-40	366	745	223	602
A0A8V0XGT8	A0A8V0XGT8_CHICK Sclerostin domain-containing protein 1	206	GlyAnas	A0A493T4P6	A0A493T4P6_ANAPP Sclerostin domain-containing protein 1	206	1039.0	92.7	8.57e-115	1	206	1	206
A0A8V0XGT8	A0A8V0XGT8_CHICK Sclerostin domain-containing protein 1	206	GlyAnas	A0A8B9QNN8	A0A8B9QNN8_ANAPL Mucin-5AC	3271	86.0	23.7	2.75e-04	72	165	3167	3251
A0A8V0XGT8	A0A8V0XGT8_CHICK Sclerostin domain-containing protein 1	206	GlyAnas	R0L6N3	R0L6N3_ANAPL Mucin-5AC (Fragment)	723	85.0	24.2	3.59e-04	74	165	622	704
A0A8V0XJ84	A0A8V0XJ84_CHICK Transforming growth factor beta-3 proprotein	535	GlyAnas	A0A386GZR1	A0A386GZR1_ANAPL Transforming growth factor beta	412	2164.0	98.3	7.87e-245	124	535	1	412
A0A8V0XJ84	A0A8V0XJ84_CHICK Transforming growth factor beta-3 proprotein	535	GlyAnas	A0A2U8UYC0	A0A2U8UYC0_ANAPL TGFB2 (Fragment)	170	395.0	49.4	1.06e-39	138	296	12	170
A0A8V0XJ84	A0A8V0XJ84_CHICK Transforming growth factor beta-3 proprotein	535	GlyAnas	A0A8B9R4X4	A0A8B9R4X4_ANAPL Growth differentiation factor 6	409	176.0	38.2	2.62e-14	438	534	308	408
A0A8V0XJ84	A0A8V0XJ84_CHICK Transforming growth factor beta-3 proprotein	535	GlyAnas	A0A493U469	A0A493U469_ANAPP Glypican-1	946	110.0	37.5	1.18e-06	9	130	254	394
A0A8V0XJ84	A0A8V0XJ84_CHICK Transforming growth factor beta-3 proprotein	535	GlyAnas	A0A8B9QUR7	A0A8B9QUR7_ANAPL Catenin delta 2	1225	107.0	32.8	2.62e-06	8	123	266	381
A0A8V0XJB7	A0A8V0XJB7_CHICK ABI family member 3 binding protein	1511	GlyAnas	R0K6C9	R0K6C9_ANAPL Titin (Fragment)	32970	308.0	21.8	3.65e-29	251	1341	9709	10880
A0A8V0XJB7	A0A8V0XJB7_CHICK ABI family member 3 binding protein	1511	GlyAnas	A0A8B9UUB6	A0A8B9UUB6_9AVES VWFD domain-containing protein	3275	252.0	21.5	1.14e-22	323	1377	1462	2443
A0A8V0XJB7	A0A8V0XJB7_CHICK ABI family member 3 binding protein	1511	GlyAnas	A0A8B9THT8	A0A8B9THT8_ANAPL Immunoglobulin superfamily member 10	2596	149.0	20.4	9.99e-11	229	949	864	1586
A0A8V0XJB7	A0A8V0XJB7_CHICK ABI family member 3 binding protein	1511	GlyAnas	A0A493T1Z9	A0A493T1Z9_ANAPP Neogenin	1396	142.0	31.2	6.48e-10	1275	1385	945	1072
A0A8V0XJB7	A0A8V0XJB7_CHICK ABI family member 3 binding protein	1511	GlyAnas	A0A493T0G1	A0A493T0G1_ANAPP Nephronectin	585	134.0	35.2	5.48e-09	824	925	278	372
A0A8V0XRN3	A0A8V0XRN3_CHICK Nephronectin	581	GlyAnas	A0A493T0G1	A0A493T0G1_ANAPP Nephronectin	585	2758.0	80.5	1.13e-313	1	581	1	585
A0A8V0XRN3	A0A8V0XRN3_CHICK Nephronectin	581	GlyAnas	A0A8B9TUB9	A0A8B9TUB9_ANAPL Fibulin-2	1111	339.0	32.9	3.57e-33	11	303	463	758
A0A8V0XRN3	A0A8V0XRN3_CHICK Nephronectin	581	GlyAnas	A0A493TJ28	A0A493TJ28_ANAPP Fibulin-2	1211	316.0	34.3	1.66e-30	60	283	848	1088
A0A8V0XRN3	A0A8V0XRN3_CHICK Nephronectin	581	GlyAnas	A0A493TYN8	A0A493TYN8_ANAPP Fibulin-1	664	301.0	34.8	9.10e-29	67	289	285	504
A0A8V0XRN3	A0A8V0XRN3_CHICK Nephronectin	581	GlyAnas	A0A8B9SN47	A0A8B9SN47_ANAPL Signal peptide, CUB and EGF-like domain-containing protein 2	981	281.0	34.8	1.90e-26	56	289	125	357
A0A8V0XSG9	A0A8V0XSG9_CHICK Platelet-derived growth factor D	366	GlyAnas	A0A493SZA2	A0A493SZA2_ANAPP Platelet-derived growth factor C	318	558.0	45.0	9.07e-59	105	361	79	312
A0A8V0XWX3	A0A8V0XWX3_CHICK Laminin subunit beta-1	1733	GlyAnas	A0A493TFF5	A0A493TFF5_ANAPP Laminin subunit beta-1	1699	8854.0	94.9	0.00e+00	38	1733	4	1699
A0A8V0XWX3	A0A8V0XWX3_CHICK Laminin subunit beta-1	1733	GlyAnas	A0A8B9VAE3	A0A8B9VAE3_9AVES Laminin subunit beta 2	1749	4941.0	51.2	0.00e+00	16	1732	68	1748
A0A8V0XWX3	A0A8V0XWX3_CHICK Laminin subunit beta-1	1733	GlyAnas	A0A8B9TT34	A0A8B9TT34_ANAPL Laminin subunit gamma 1	1587	1508.0	27.5	2.98e-168	20	1701	80	1574
A0A8V0XWX3	A0A8V0XWX3_CHICK Laminin subunit beta-1	1733	GlyAnas	A0A8B9U8F8	A0A8B9U8F8_9AVES Laminin subunit alpha-2	3075	1186.0	28.2	6.49e-131	21	1129	62	1080
A0A8V0XWX3	A0A8V0XWX3_CHICK Laminin subunit beta-1	1733	GlyAnas	A0A493TYN5	A0A493TYN5_ANAPP Laminin subunit beta 3	1103	1082.0	43.0	7.44e-119	21	490	2	447
A0A8V0XZ15	A0A8V0XZ15_CHICK Hyaluronan and proteoglycan link protein 1	354	GlyAnas	A0A8B9STR8	A0A8B9STR8_ANAPL Hyaluronan and proteoglycan link protein 4	373	952.0	53.3	1.80e-104	5	341	13	344
A0A8V0XZ15	A0A8V0XZ15_CHICK Hyaluronan and proteoglycan link protein 1	354	GlyAnas	A0A493U0T9	A0A493U0T9_ANAPP Hyaluronan and proteoglycan link protein 3	360	933.0	50.9	2.88e-102	26	351	40	358
A0A8V0XZ15	A0A8V0XZ15_CHICK Hyaluronan and proteoglycan link protein 1	354	GlyAnas	R0KAK2	R0KAK2_ANAPL CD44 antigen (Fragment)	378	95.0	28.4	4.28e-05	168	255	20	102
A0A8V0XZ15	A0A8V0XZ15_CHICK Hyaluronan and proteoglycan link protein 1	354	GlyAnas	A0A493T5A8	A0A493T5A8_ANAPP CXADR Ig-like cell adhesion molecule	366	85.0	26.9	6.17e-04	43	141	37	135
A0A8V0Y192	A0A8V0Y192_CHICK Platelet-derived growth factor C	393	GlyAnas	A0A493SZA2	A0A493SZA2_ANAPP Platelet-derived growth factor C	318	1658.0	98.0	2.73e-186	88	393	13	318
A0A8V0Y192	A0A8V0Y192_CHICK Platelet-derived growth factor C	393	GlyAnas	A0A8B9VJN1	A0A8B9VJN1_9AVES Discoidin, CUB and LCCL domain-containing protein 1	666	94.0	21.8	6.20e-05	73	249	23	206
A0A8V0Y611	A0A8V0Y611_CHICK Transforming growth factor beta	392	GlyAnas	A0A386GZR1	A0A386GZR1_ANAPL Transforming growth factor beta	412	824.0	46.4	1.39e-89	6	392	10	412
A0A8V0Y611	A0A8V0Y611_CHICK Transforming growth factor beta	392	GlyAnas	A0A2U8UYC0	A0A2U8UYC0_ANAPL TGFB2 (Fragment)	170	238.0	39.4	1.24e-21	9	168	10	169
A0A8V0Y611	A0A8V0Y611_CHICK Transforming growth factor beta	392	GlyAnas	A0A8B9R4X4	A0A8B9R4X4_ANAPL Growth differentiation factor 6	409	163.0	36.3	6.17e-13	295	391	308	408
A0A8V0YBA0	A0A8V0YBA0_CHICK Interleukin-6 receptor subunit beta	927	GlyAnas	A0A8B9QYJ7	A0A8B9QYJ7_ANAPL Interleukin-6 receptor subunit beta	919	4288.0	88.1	0.00e+00	10	927	1	919
A0A8V0YBA0	A0A8V0YBA0_CHICK Interleukin-6 receptor subunit beta	927	GlyAnas	A0A8B9SYM6	A0A8B9SYM6_ANAPL Leukemia inhibitory factor receptor	1092	555.0	26.2	5.12e-58	43	773	242	966
A0A8V0YBA0	A0A8V0YBA0_CHICK Interleukin-6 receptor subunit beta	927	GlyAnas	A0A493T750	A0A493T750_ANAPP Receptor-type tyrosine-protein phosphatase F	1929	186.0	23.5	3.14e-15	214	618	311	705
A0A8V0YBA0	A0A8V0YBA0_CHICK Interleukin-6 receptor subunit beta	927	GlyAnas	A0A493T1Z9	A0A493T1Z9_ANAPP Neogenin	1396	169.0	24.1	2.94e-13	183	612	393	823
A0A8V0YBA0	A0A8V0YBA0_CHICK Interleukin-6 receptor subunit beta	927	GlyAnas	A0A8B9QKV7	A0A8B9QKV7_ANAPL Receptor-type tyrosine-protein phosphatase eta	1145	139.0	24.3	8.85e-10	251	636	95	436
A0A8V0YFB1	A0A8V0YFB1_CHICK Neuronal pentraxin receptor	476	GlyAnas	A0A493SYE0	A0A493SYE0_ANAPP Neuronal pentraxin 1	416	788.0	47.1	2.52e-85	71	402	29	361
A0A8V0YFB1	A0A8V0YFB1_CHICK Neuronal pentraxin receptor	476	GlyAnas	A0A493SVI2	A0A493SVI2_ANAPP Adhesion G-protein coupled receptor G2	1478	118.0	25.4	1.24e-07	289	451	208	367
A0A8V0YFB1	A0A8V0YFB1_CHICK Neuronal pentraxin receptor	476	GlyAnas	A0A8B9QUR7	A0A8B9QUR7_ANAPL Catenin delta 2	1225	85.0	26.8	8.30e-04	24	192	282	469
A0A8V0YFJ8	A0A8V0YFJ8_CHICK Fibronectin	2393	GlyAnas	A0A8B9TVE4	A0A8B9TVE4_ANAPL Fibronectin	2448	12114.0	91.6	0.00e+00	4	2393	6	2448
A0A8V0YFJ8	A0A8V0YFJ8_CHICK Fibronectin	2393	GlyAnas	A0A493SYG4	A0A493SYG4_ANAPP Tenascin	2038	1004.0	25.2	1.14e-109	163	1815	167	1810
A0A8V0YFJ8	A0A8V0YFJ8_CHICK Fibronectin	2393	GlyAnas	R0K6C9	R0K6C9_ANAPL Titin (Fragment)	32970	428.0	21.8	7.04e-43	616	1992	18911	20477
A0A8V0YFJ8	A0A8V0YFJ8_CHICK Fibronectin	2393	GlyAnas	A0A8B9V4D6	A0A8B9V4D6_9AVES Collagen alpha-1(VII) chain	836	412.0	26.2	5.04e-41	1456	2036	234	826
A0A8V0YFJ8	A0A8V0YFJ8_CHICK Fibronectin	2393	GlyAnas	A0A493T1Z9	A0A493T1Z9_ANAPP Neogenin	1396	363.0	25.6	2.42e-35	1142	1851	210	983
A0A8V0YMI5	A0A8V0YMI5_CHICK Alpha-galactosidase	405	GlyAnas	A0A493STK4	A0A493STK4_ANAPP Alpha-galactosidase	435	1492.0	77.7	4.99e-167	39	402	102	432
A0A8V0YMI5	A0A8V0YMI5_CHICK Alpha-galactosidase	405	GlyAnas	A0A8B9U921	A0A8B9U921_9AVES Alpha-galactosidase	436	816.0	45.4	1.22e-88	1	404	1	411
A0A8V0YMM6	A0A8V0YMM6_CHICK Chordin	1188	GlyAnas	A0A493TSH0	A0A493TSH0_ANAPP Chordin	878	4465.0	92.4	0.00e+00	311	1188	1	878
A0A8V0YMM6	A0A8V0YMM6_CHICK Chordin	1188	GlyAnas	A0A493T8L7	A0A493T8L7_ANAPP Thrombospondin-1	1178	128.0	23.3	2.14e-08	937	1174	323	574
A0A8V0YMM6	A0A8V0YMM6_CHICK Chordin	1188	GlyAnas	A0A8B9QS28	A0A8B9QS28_ANAPL Thrombospondin-2	1182	111.0	28.2	2.00e-06	935	1005	325	392
A0A8V0YMM6	A0A8V0YMM6_CHICK Chordin	1188	GlyAnas	A0A493U469	A0A493U469_ANAPP Glypican-1	946	108.0	26.4	4.46e-06	5	293	88	390
A0A8V0YMM6	A0A8V0YMM6_CHICK Chordin	1188	GlyAnas	A0A493SSP6	A0A493SSP6_ANAPP LFNG O-fucosylpeptide 3-beta-N-acetylglucosaminyltransferase	500	89.0	24.3	7.12e-04	985	1175	258	440
A0A8V0YSJ1	A0A8V0YSJ1_CHICK Hexosyltransferase	419	GlyAnas	A0A493TD18	A0A493TD18_ANAPP Hexosyltransferase	368	702.0	41.1	2.08e-75	110	417	54	366
A0A8V0YVP9	A0A8V0YVP9_CHICK Growth arrest specific 6	695	GlyAnas	A0A8B9UBM3	A0A8B9UBM3_9AVES Growth arrest specific 6	712	3350.0	88.7	0.00e+00	1	693	1	709
A0A8V0YVP9	A0A8V0YVP9_CHICK Growth arrest specific 6	695	GlyAnas	A0A493SWC3	A0A493SWC3_ANAPP Vitamin K-dependent protein S	665	1542.0	46.7	1.36e-172	39	689	15	661
A0A8V0YVP9	A0A8V0YVP9_CHICK Growth arrest specific 6	695	GlyAnas	A0A493TJ28	A0A493TJ28_ANAPP Fibulin-2	1211	312.0	37.6	5.77e-30	114	302	854	1056
A0A8V0YVP9	A0A8V0YVP9_CHICK Growth arrest specific 6	695	GlyAnas	A0A8B9TUB9	A0A8B9TUB9_ANAPL Fibulin-2	1111	312.0	37.6	5.77e-30	114	302	765	967
A0A8V0YVP9	A0A8V0YVP9_CHICK Growth arrest specific 6	695	GlyAnas	A0A8B9SN47	A0A8B9SN47_ANAPL Signal peptide, CUB and EGF-like domain-containing protein 2	981	296.0	40.7	4.14e-28	152	306	253	408
A0A8V0Z1X5	A0A8V0Z1X5_CHICK ADAM metallopeptidase with thrombospondin type 1 motif 17	1064	GlyAnas	A0A8B9QYQ8	A0A8B9QYQ8_ANAPL ADAM metallopeptidase with thrombospondin type 1 motif 19	1184	3347.0	57.0	0.00e+00	65	1064	140	1184
A0A8V0Z1X5	A0A8V0Z1X5_CHICK ADAM metallopeptidase with thrombospondin type 1 motif 17	1064	GlyAnas	A0A8B9TBP5	A0A8B9TBP5_ANAPL A disintegrin and metalloproteinase with thrombospondin motifs 1	934	946.0	30.1	2.69e-103	46	893	53	934
A0A8V0Z1X5	A0A8V0Z1X5_CHICK ADAM metallopeptidase with thrombospondin type 1 motif 17	1064	GlyAnas	A0A493TA20	A0A493TA20_ANAPP Thrombospondin type 1 domain containing 4	1028	486.0	24.9	5.89e-50	571	1058	312	991
A0A8V0Z1X5	A0A8V0Z1X5_CHICK ADAM metallopeptidase with thrombospondin type 1 motif 17	1064	GlyAnas	A0A8B9UPK7	A0A8B9UPK7_9AVES ADAM metallopeptidase domain 28	806	273.0	24.3	2.94e-25	1	437	1	396
A0A8V0Z1X5	A0A8V0Z1X5_CHICK ADAM metallopeptidase with thrombospondin type 1 motif 17	1064	GlyAnas	A0A8B9QS28	A0A8B9QS28_ANAPL Thrombospondin-2	1182	184.0	36.9	6.15e-15	503	601	479	577
A0A8V0Z8M5	A0A8V0Z8M5_CHICK Adipocyte enhancer-binding protein 1	1214	GlyAnas	A0A8B9SRR4	A0A8B9SRR4_ANAPL AE binding protein 1	442	1778.0	66.7	1.03e-199	669	1214	37	442
A0A8V0Z8M5	A0A8V0Z8M5_CHICK Adipocyte enhancer-binding protein 1	1214	GlyAnas	A0A8B9QRE5	A0A8B9QRE5_ANAPL Carboxypeptidase E	532	891.0	41.0	7.32e-97	646	1063	94	493
A0A8V0Z8M5	A0A8V0Z8M5_CHICK Adipocyte enhancer-binding protein 1	1214	GlyAnas	U3IQ52	U3IQ52_ANAPP Carboxypeptidase D	1392	802.0	40.4	1.53e-86	637	1082	485	888
A0A8V0Z8M5	A0A8V0Z8M5_CHICK Adipocyte enhancer-binding protein 1	1214	GlyAnas	A0A493TA36	A0A493TA36_ANAPP Carboxypeptidase M	443	576.0	31.4	2.46e-60	657	1063	21	381
A0A8V0Z8M5	A0A8V0Z8M5_CHICK Adipocyte enhancer-binding protein 1	1214	GlyAnas	A0A8B9R6K5	A0A8B9R6K5_ANAPL Milk fat globule EGF and factor V/VIII domain containing	468	239.0	34.0	2.94e-21	483	636	312	466
A0A8V0Z9G8	A0A8V0Z9G8_CHICK Leucine rich repeats and immunoglobulin like domains 1	1094	GlyAnas	A0A493TUB1	A0A493TUB1_ANAPP Ig-like domain-containing protein	1406	569.0	30.1	1.44e-59	275	767	38	507
A0A8V0Z9G8	A0A8V0Z9G8_CHICK Leucine rich repeats and immunoglobulin like domains 1	1094	GlyAnas	A0A8B9TKI0	A0A8B9TKI0_ANAPL Slit homolog 2 protein	1508	416.0	30.0	7.92e-42	13	476	11	477
A0A8V0Z9G8	A0A8V0Z9G8_CHICK Leucine rich repeats and immunoglobulin like domains 1	1094	GlyAnas	R0K6C9	R0K6C9_ANAPL Titin (Fragment)	32970	329.0	25.9	9.71e-32	482	832	3435	3780
A0A8V0Z9G8	A0A8V0Z9G8_CHICK Leucine rich repeats and immunoglobulin like domains 1	1094	GlyAnas	A0A8B9THT8	A0A8B9THT8_ANAPL Immunoglobulin superfamily member 10	2596	322.0	22.9	6.29e-31	271	787	58	675
A0A8V0Z9G8	A0A8V0Z9G8_CHICK Leucine rich repeats and immunoglobulin like domains 1	1094	GlyAnas	A0A493SVA0	A0A493SVA0_ANAPP Leucine-rich repeat and fibronectin type-III domain-containing protein 5	734	291.0	27.7	2.47e-27	173	597	29	383
A0A8V0ZAP5	A0A8V0ZAP5_CHICK Hemicentin-1	5417	GlyAnas	R0K6C9	R0K6C9_ANAPL Titin (Fragment)	32970	3419.0	26.1	0.00e+00	484	4556	3398	7503
A0A8V0ZAP5	A0A8V0ZAP5_CHICK Hemicentin-1	5417	GlyAnas	A0A8B9THT8	A0A8B9THT8_ANAPL Immunoglobulin superfamily member 10	2596	859.0	29.4	1.68e-92	3728	4527	1665	2496
A0A8V0ZAP5	A0A8V0ZAP5_CHICK Hemicentin-1	5417	GlyAnas	A0A493TJ28	A0A493TJ28_ANAPP Fibulin-2	1211	545.0	28.3	4.32e-56	5051	5417	706	1211
A0A8V0ZAP5	A0A8V0ZAP5_CHICK Hemicentin-1	5417	GlyAnas	A0A8B9TUB9	A0A8B9TUB9_ANAPL Fibulin-2	1111	534.0	34.5	8.14e-55	5030	5324	601	940
A0A8V0ZAP5	A0A8V0ZAP5_CHICK Hemicentin-1	5417	GlyAnas	A0A493TYN8	A0A493TYN8_ANAPP Fibulin-1	664	530.0	33.3	2.37e-54	5035	5414	274	662
A0A8V0ZEZ3	A0A8V0ZEZ3_CHICK Agrin	2152	GlyAnas	A0A8B9SYM3	A0A8B9SYM3_ANAPL Agrin	1983	9129.0	82.1	0.00e+00	95	2152	1	1983
A0A8V0ZEZ3	A0A8V0ZEZ3_CHICK Agrin	2152	GlyAnas	A0A8B9TKI0	A0A8B9TKI0_ANAPL Slit homolog 2 protein	1508	329.0	31.4	1.91e-31	1428	1729	1114	1406
A0A8V0ZEZ3	A0A8V0ZEZ3_CHICK Agrin	2152	GlyAnas	A0A493TFF5	A0A493TFF5_ANAPP Laminin subunit beta-1	1699	328.0	27.4	2.49e-31	554	971	661	1081
A0A8V0ZEZ3	A0A8V0ZEZ3_CHICK Agrin	2152	GlyAnas	A0A8B9VAE3	A0A8B9VAE3_9AVES Laminin subunit beta 2	1749	311.0	25.2	2.33e-29	504	980	748	1164
A0A8V0ZEZ3	A0A8V0ZEZ3_CHICK Agrin	2152	GlyAnas	A0A8B9VG14	A0A8B9VG14_9AVES Crumbs cell polarity complex component 1	1399	297.0	21.2	9.81e-28	556	1729	24	1205
A0A8V0ZKQ8	A0A8V0ZKQ8_CHICK N-acetylglucosamine-1-phosphotransferase subunit gamma	307	GlyAnas	A0A8B9SGZ8	A0A8B9SGZ8_ANAPL N-acetylglucosamine-1-phosphotransferase subunit gamma	315	1464.0	89.6	6.68e-164	1	307	1	306
A0A8V0ZMU3	A0A8V0ZMU3_CHICK Olfactomedin 3	478	GlyAnas	A0A8B9QZZ5	A0A8B9QZZ5_ANAPL Olfactomedin 1	485	1744.0	66.3	3.54e-196	1	476	1	484
A0A8V0ZMU3	A0A8V0ZMU3_CHICK Olfactomedin 3	478	GlyAnas	A0A493SUZ5	A0A493SUZ5_ANAPP Adhesion G protein-coupled receptor L2	1416	499.0	44.1	8.22e-52	239	458	157	382
A0A8V0ZMU3	A0A8V0ZMU3_CHICK Olfactomedin 3	478	GlyAnas	A0A8B9UBL3	A0A8B9UBL3_9AVES Olfactomedin like 2B	734	474.0	39.7	6.51e-49	222	466	482	730
A0A8V0ZUZ6	A0A8V0ZUZ6_CHICK SRP receptor alpha subunit	644	GlyAnas	A0A8B9VNI7	A0A8B9VNI7_9AVES SRP receptor subunit alpha	644	3189.0	97.0	0.00e+00	1	644	1	644
A0A8V0ZWX1	A0A8V0ZWX1_CHICK Amyloid beta like protein 2	697	GlyAnas	A0A493T4Y5	A0A493T4Y5_ANAPP Amyloid beta precursor like protein 2	861	3345.0	89.8	0.00e+00	28	697	136	861
A0A8V0ZWX1	A0A8V0ZWX1_CHICK Amyloid beta like protein 2	697	GlyAnas	A0A493U2L9	A0A493U2L9_ANAPP Amyloid-beta A4 protein	699	1714.0	49.6	1.55e-192	46	696	1	698
A0A8V0ZWX1	A0A8V0ZWX1_CHICK Amyloid beta like protein 2	697	GlyAnas	A0A493TYN5	A0A493TYN5_ANAPP Laminin subunit beta 3	1103	102.0	23.2	1.30e-05	269	525	825	1078
A0A8V0ZWX1	A0A8V0ZWX1_CHICK Amyloid beta like protein 2	697	GlyAnas	R0K6C9	R0K6C9_ANAPL Titin (Fragment)	32970	100.0	23.9	2.22e-05	198	431	8887	9094
A0A8V0ZWX1	A0A8V0ZWX1_CHICK Amyloid beta like protein 2	697	GlyAnas	A0A8B9TAA9	A0A8B9TAA9_ANAPL Spectrin repeat containing nuclear envelope protein 1	8359	93.0	19.5	1.44e-04	225	528	3172	3430
A0A8V0ZXI1	A0A8V0ZXI1_CHICK Sushi, nidogen and EGF like domains 1	1411	GlyAnas	A0A8B9VG14	A0A8B9VG14_9AVES Crumbs cell polarity complex component 1	1399	762.0	24.4	7.74e-82	266	1375	9	916
A0A8V0ZXI1	A0A8V0ZXI1_CHICK Sushi, nidogen and EGF like domains 1	1411	GlyAnas	A0A493SYG4	A0A493SYG4_ANAPP Tenascin	2038	594.0	26.7	2.34e-62	333	1233	176	863
A0A8V0ZXI1	A0A8V0ZXI1_CHICK Sushi, nidogen and EGF like domains 1	1411	GlyAnas	A0A8B9TKI0	A0A8B9TKI0_ANAPL Slit homolog 2 protein	1508	527.0	26.0	1.37e-54	276	965	885	1503
A0A8V0ZXI1	A0A8V0ZXI1_CHICK Sushi, nidogen and EGF like domains 1	1411	GlyAnas	A0A8B9TUB9	A0A8B9TUB9_ANAPL Fibulin-2	1111	347.0	27.8	1.02e-33	309	735	580	1011
A0A8V0ZXI1	A0A8V0ZXI1_CHICK Sushi, nidogen and EGF like domains 1	1411	GlyAnas	A0A493TJ28	A0A493TJ28_ANAPP Fibulin-2	1211	343.0	26.5	2.98e-33	276	705	710	1108
A0A8V1A3N1	A0A8V1A3N1_CHICK receptor protein-tyrosine kinase	1402	GlyAnas	A0A8B9TB75	A0A8B9TB75_ANAPL Tyrosine-protein kinase receptor	2270	474.0	38.7	1.91e-48	1081	1349	1931	2195
A0A8V1A3N1	A0A8V1A3N1_CHICK receptor protein-tyrosine kinase	1402	GlyAnas	A0A493U0X5	A0A493U0X5_ANAPP Plexin D1	1951	222.0	25.1	3.18e-19	526	984	866	1300
A0A8V1A3N1	A0A8V1A3N1_CHICK receptor protein-tyrosine kinase	1402	GlyAnas	A0A8B9UUX4	A0A8B9UUX4_9AVES Atrial natriuretic peptide receptor 1	925	156.0	26.0	1.43e-11	1112	1348	452	695
A0A8V1A3N1	A0A8V1A3N1_CHICK receptor protein-tyrosine kinase	1402	GlyAnas	A0A8B9T9Y7	A0A8B9T9Y7_ANAPL Semaphorin 4B	835	106.0	22.0	8.98e-06	1	558	1	551
A0A8V1A4R3	A0A8V1A4R3_CHICK Semaphorin 3F	802	GlyAnas	A0A8B9U577	A0A8B9U577_9AVES Semaphorin-3C	782	2154.0	53.1	1.70e-243	44	798	56	782
A0A8V1A4R3	A0A8V1A4R3_CHICK Semaphorin 3F	802	GlyAnas	A0A493STK1	A0A493STK1_ANAPP ubiquitinyl hydrolase 1	1367	1663.0	46.6	1.47e-186	24	724	11	669
A0A8V1A4R3	A0A8V1A4R3_CHICK Semaphorin 3F	802	GlyAnas	A0A8B9TMM6	A0A8B9TMM6_ANAPL Semaphorin 3B	668	1649.0	49.8	6.16e-185	13	665	35	650
A0A8V1A4R3	A0A8V1A4R3_CHICK Semaphorin 3F	802	GlyAnas	A0A8B9SJW6	A0A8B9SJW6_ANAPL Semaphorin-3D	747	1592.0	43.1	2.51e-178	13	763	8	714
A0A8V1A4R3	A0A8V1A4R3_CHICK Semaphorin 3F	802	GlyAnas	A0A8B9V535	A0A8B9V535_9AVES Semaphorin 4G	850	877.0	31.3	2.03e-95	16	737	5	658
A0A8V1A5E6	A0A8V1A5E6_CHICK Olfactomedin like 2A	594	GlyAnas	A0A8B9UBL3	A0A8B9UBL3_9AVES Olfactomedin like 2B	734	1439.0	43.3	1.02e-160	3	592	55	732
A0A8V1A5E6	A0A8V1A5E6_CHICK Olfactomedin like 2A	594	GlyAnas	A0A493SUZ5	A0A493SUZ5_ANAPP Adhesion G protein-coupled receptor L2	1416	507.0	39.4	1.21e-52	338	592	136	392
A0A8V1A5E6	A0A8V1A5E6_CHICK Olfactomedin like 2A	594	GlyAnas	A0A8B9QZZ5	A0A8B9QZZ5_ANAPL Olfactomedin 1	485	443.0	35.5	3.18e-45	333	590	222	474
A0A8V1A5E6	A0A8V1A5E6_CHICK Olfactomedin like 2A	594	GlyAnas	A0A8B9U9X9	A0A8B9U9X9_9AVES Uncharacterized protein	1028	90.0	25.0	2.73e-04	191	330	411	547
A0A8V1A5E6	A0A8V1A5E6_CHICK Olfactomedin like 2A	594	GlyAnas	R0K6C9	R0K6C9_ANAPL Titin (Fragment)	32970	90.0	20.2	2.73e-04	129	377	9500	9724
A0A8V1A9S3	A0A8V1A9S3_CHICK Semaphorin 3B	714	GlyAnas	A0A8B9TMM6	A0A8B9TMM6_ANAPL Semaphorin 3B	668	2943.0	87.7	0.00e+00	1	637	39	650
A0A8V1A9S3	A0A8V1A9S3_CHICK Semaphorin 3B	714	GlyAnas	A0A493STK1	A0A493STK1_ANAPP ubiquitinyl hydrolase 1	1367	1762.0	53.1	4.33e-198	20	684	18	660
A0A8V1A9S3	A0A8V1A9S3_CHICK Semaphorin 3B	714	GlyAnas	A0A8B9U577	A0A8B9U577_9AVES Semaphorin-3C	782	1735.0	51.3	5.85e-195	26	684	59	693
A0A8V1A9S3	A0A8V1A9S3_CHICK Semaphorin 3B	714	GlyAnas	A0A8B9SJW6	A0A8B9SJW6_ANAPL Semaphorin-3D	747	1573.0	45.1	3.56e-176	3	697	11	684
A0A8V1A9S3	A0A8V1A9S3_CHICK Semaphorin 3B	714	GlyAnas	A0A8B9V535	A0A8B9V535_9AVES Semaphorin 4G	850	936.0	35.4	2.61e-102	6	684	6	645
A0A8V1ADR2	A0A8V1ADR2_CHICK Torsin family 4 member A	511	GlyAnas	A0A493TT01	A0A493TT01_ANAPP Torsin	317	276.0	28.0	6.34e-26	249	509	44	314
A0A8V1ADR2	A0A8V1ADR2_CHICK Torsin family 4 member A	511	GlyAnas	A0A493T607	A0A493T607_ANAPP Torsin family 1 member B	531	238.0	28.2	1.62e-21	253	510	251	518
A0A8V1AMH6	A0A8V1AMH6_CHICK Serpin family F member 2	519	GlyAnas	A0A493TL04	A0A493TL04_ANAPP Serpin family F member 1	520	514.0	32.2	1.63e-53	79	492	117	517
A0A8V1AMH6	A0A8V1AMH6_CHICK Serpin family F member 2	519	GlyAnas	U3IKY8	U3IKY8_ANAPP Serpin domain-containing protein	388	365.0	27.9	3.08e-36	146	492	11	388
A0A8V1AMH6	A0A8V1AMH6_CHICK Serpin family F member 2	519	GlyAnas	A0A8B9UUI8	A0A8B9UUI8_9AVES Serpin domain-containing protein	419	355.0	27.4	4.45e-35	162	492	72	416
A0A8V1AMH6	A0A8V1AMH6_CHICK Serpin family F member 2	519	GlyAnas	A0A493T078	A0A493T078_ANAPP Serpin family I member 1	425	342.0	27.5	1.43e-33	143	492	41	412
A0A8V1AMH6	A0A8V1AMH6_CHICK Serpin family F member 2	519	GlyAnas	A0A8B9UXD7	A0A8B9UXD7_9AVES Serpin domain-containing protein	393	324.0	25.7	1.75e-31	146	492	11	393
P27093	INHBB_CHICK Inhibin beta B chain	391	GlyAnas	A0A8B9R4X4	A0A8B9R4X4_ANAPL Growth differentiation factor 6	409	211.0	35.7	1.67e-18	263	390	287	408
P27093	INHBB_CHICK Inhibin beta B chain	391	GlyAnas	A0A386GZR1	A0A386GZR1_ANAPL Transforming growth factor beta	412	182.0	37.4	3.85e-15	287	391	315	412
Q03696	NGCA_CHICK Neuronal-glial cell adhesion molecule	1266	GlyAnas	A0A493T8W1	A0A493T8W1_ANAPP Contactin-1	1008	801.0	27.8	2.08e-86	36	1003	31	954
Q03696	NGCA_CHICK Neuronal-glial cell adhesion molecule	1266	GlyAnas	A0A8B9TJ31	A0A8B9TJ31_ANAPL Contactin-2	987	800.0	29.1	2.72e-86	36	881	32	873
Q03696	NGCA_CHICK Neuronal-glial cell adhesion molecule	1266	GlyAnas	A0A493T1Z9	A0A493T1Z9_ANAPP Neogenin	1396	464.0	24.1	2.49e-47	227	1092	31	917
Q03696	NGCA_CHICK Neuronal-glial cell adhesion molecule	1266	GlyAnas	A0A493T750	A0A493T750_ANAPP Receptor-type tyrosine-protein phosphatase F	1929	367.0	22.8	4.41e-36	324	1115	28	920
Q03696	NGCA_CHICK Neuronal-glial cell adhesion molecule	1266	GlyAnas	A0A8B9ZVF8	A0A8B9ZVF8_9AVES Brother of CDO	1367	344.0	22.6	2.05e-33	43	935	280	1058
Q9DD78	TLR21_CHICK Toll-like receptor 2 type-1	793	GlyAnas	A0A8B9R3J9	A0A8B9R3J9_ANAPL TIR domain-containing protein	706	2947.0	75.8	0.00e+00	28	793	8	706
Q9DD78	TLR21_CHICK Toll-like receptor 2 type-1	793	GlyAnas	A0A8B9TKI0	A0A8B9TKI0_ANAPL Slit homolog 2 protein	1508	179.0	23.1	1.74e-14	39	546	270	814
Q9DD78	TLR21_CHICK Toll-like receptor 2 type-1	793	GlyAnas	A0A493TUB1	A0A493TUB1_ANAPP Ig-like domain-containing protein	1406	167.0	31.2	4.29e-13	8	196	4	182
Q9DD78	TLR21_CHICK Toll-like receptor 2 type-1	793	GlyAnas	A0A493SVA0	A0A493SVA0_ANAPP Leucine-rich repeat and fibronectin type-III domain-containing protein 5	734	161.0	27.3	2.13e-12	49	220	37	207
Q9DD78	TLR21_CHICK Toll-like receptor 2 type-1	793	GlyAnas	A0A8B9THT8	A0A8B9THT8_ANAPL Immunoglobulin superfamily member 10	2596	156.0	21.7	8.09e-12	15	220	10	190
A0A8V0X4Q1	A0A8V0X4Q1_CHICK Pentraxin-related protein PTX3	433	GlyAnas	A0A493SYE0	A0A493SYE0_ANAPP Neuronal pentraxin 1	416	162.0	25.0	8.90e-13	2	366	5	361
A0A8V0X4Q1	A0A8V0X4Q1_CHICK Pentraxin-related protein PTX3	433	GlyAnas	A0A8B9TAA9	A0A8B9TAA9_ANAPL Spectrin repeat containing nuclear envelope protein 1	8359	92.0	24.0	1.17e-04	36	221	1565	1746
A0A8V0XWH7	A0A8V0XWH7_CHICK Thyroglobulin	2612	GlyAnas	A0A493SVU7	A0A493SVU7_ANAPP SPARC related modular calcium binding 1	492	172.0	27.8	3.72e-13	862	1050	125	305
A0A8V0XWH7	A0A8V0XWH7_CHICK Thyroglobulin	2612	GlyAnas	A0A8B9SPP5	A0A8B9SPP5_ANAPL SPARC (osteonectin), cwcv and kazal like domains proteoglycan 2	439	147.0	47.1	2.95e-10	139	200	322	389
A0A8V0XWH7	A0A8V0XWH7_CHICK Thyroglobulin	2612	GlyAnas	A0A8B9TXF5	A0A8B9TXF5_9AVES Signal peptide, CUB and EGF-like domain-containing protein 3	978	140.0	31.0	1.91e-09	1233	1375	573	695
A0A8V0XWH7	A0A8V0XWH7_CHICK Thyroglobulin	2612	GlyAnas	A0A493TQM9	A0A493TQM9_ANAPP Signal peptide, CUB and EGF-like domain-containing protein 2	963	106.0	41.1	1.67e-05	1301	1354	662	717
A0A8V0XWH7	A0A8V0XWH7_CHICK Thyroglobulin	2612	GlyAnas	A0A8B9SN47	A0A8B9SN47_ANAPL Signal peptide, CUB and EGF-like domain-containing protein 2	981	103.0	33.3	3.73e-05	1287	1353	613	680
A0A8V0XXK8	A0A8V0XXK8_CHICK Collagen alpha-1(XIV) chain	1861	GlyAnas	A0A8B9V4D6	A0A8B9V4D6_9AVES Collagen alpha-1(VII) chain	836	738.0	27.8	6.19e-79	151	952	25	816
A0A8V0XXK8	A0A8V0XXK8_CHICK Collagen alpha-1(XIV) chain	1861	GlyAnas	A0A8B9TVE4	A0A8B9TVE4_ANAPL Fibronectin	2448	561.0	23.8	2.07e-58	22	1104	810	1949
A0A8V0XXK8	A0A8V0XXK8_CHICK Collagen alpha-1(XIV) chain	1861	GlyAnas	A0A8B9UC52	A0A8B9UC52_9AVES Collagen type V alpha 1 chain	1879	515.0	40.3	4.47e-53	1446	1759	1093	1423
A0A8V0XXK8	A0A8V0XXK8_CHICK Collagen alpha-1(XIV) chain	1861	GlyAnas	A0A493SYG4	A0A493SYG4_ANAPP Tenascin	2038	431.0	22.3	2.46e-43	45	905	970	1794
A0A8V0XXK8	A0A8V0XXK8_CHICK Collagen alpha-1(XIV) chain	1861	GlyAnas	A0A493T750	A0A493T750_ANAPP Receptor-type tyrosine-protein phosphatase F	1929	271.0	21.5	8.78e-25	302	1011	280	1019
A0A8V0YED5	A0A8V0YED5_CHICK Laminin subunit alpha-4	1788	GlyAnas	A0A493T9C8	A0A493T9C8_ANAPP Laminin subunit alpha 5	3191	2551.0	32.9	3.51e-289	67	1740	1321	3126
A0A8V0YED5	A0A8V0YED5_CHICK Laminin subunit alpha-4	1788	GlyAnas	A0A8B9SV12	A0A8B9SV12_ANAPL Laminin subunit alpha 5	3507	2058.0	30.2	5.15e-232	67	1786	1774	3505
A0A8V0YED5	A0A8V0YED5_CHICK Laminin subunit alpha-4	1788	GlyAnas	A0A8B9U691	A0A8B9U691_9AVES Laminin subunit alpha 3	1465	1790.0	29.2	6.14e-201	78	1787	14	1464
A0A8V0YED5	A0A8V0YED5_CHICK Laminin subunit alpha-4	1788	GlyAnas	A0A8B9U8F8	A0A8B9U8F8_9AVES Laminin subunit alpha-2	3075	1206.0	24.3	3.21e-133	67	1787	1350	3074
A0A8V0YED5	A0A8V0YED5_CHICK Laminin subunit alpha-4	1788	GlyAnas	A0A8B9TT34	A0A8B9TT34_ANAPL Laminin subunit gamma 1	1587	446.0	22.8	4.30e-45	24	800	652	1417
A0A8V0YSB2	A0A8V0YSB2_CHICK Multiple epidermal growth factor-like domains protein 6	1421	GlyAnas	A0A8B9SN47	A0A8B9SN47_ANAPL Signal peptide, CUB and EGF-like domain-containing protein 2	981	610.0	26.9	3.29e-64	115	743	37	755
A0A8V0YSB2	A0A8V0YSB2_CHICK Multiple epidermal growth factor-like domains protein 6	1421	GlyAnas	A0A8B9TXF5	A0A8B9TXF5_9AVES Signal peptide, CUB and EGF-like domain-containing protein 3	978	610.0	28.7	3.29e-64	117	866	38	794
A0A8V0YSB2	A0A8V0YSB2_CHICK Multiple epidermal growth factor-like domains protein 6	1421	GlyAnas	A0A493TQM9	A0A493TQM9_ANAPP Signal peptide, CUB and EGF-like domain-containing protein 2	963	588.0	27.7	1.17e-61	117	738	71	731
A0A8V0YSB2	A0A8V0YSB2_CHICK Multiple epidermal growth factor-like domains protein 6	1421	GlyAnas	A0A493SYG4	A0A493SYG4_ANAPP Tenascin	2038	584.0	29.3	3.40e-61	490	1142	138	595
A0A8V0YSB2	A0A8V0YSB2_CHICK Multiple epidermal growth factor-like domains protein 6	1421	GlyAnas	A0A8B9VAE3	A0A8B9VAE3_9AVES Laminin subunit beta 2	1749	565.0	25.5	5.43e-59	348	1105	209	1159
A0A8V0ZWS1	A0A8V0ZWS1_CHICK Collagen type I alpha 1 chain	1375	GlyAnas	A0A8B9UC52	A0A8B9UC52_9AVES Collagen type V alpha 1 chain	1879	2985.0	46.7	0.00e+00	95	1375	510	1878
A0A8V0ZWS1	A0A8V0ZWS1_CHICK Collagen type I alpha 1 chain	1375	GlyAnas	A0A8B9U9X9	A0A8B9U9X9_9AVES Uncharacterized protein	1028	354.0	29.3	1.54e-34	402	1058	53	635
A0A8V0ZWS1	A0A8V0ZWS1_CHICK Collagen type I alpha 1 chain	1375	GlyAnas	A0A493SY54	A0A493SY54_ANAPP Palmitoyl-protein thioesterase 1	615	232.0	32.3	2.16e-20	707	1003	12	313
A0A8V0ZWS1	A0A8V0ZWS1_CHICK Collagen type I alpha 1 chain	1375	GlyAnas	A0A493U469	A0A493U469_ANAPP Glypican-1	946	160.0	29.6	4.82e-12	710	1003	88	381
A0A8V0ZWS1	A0A8V0ZWS1_CHICK Collagen type I alpha 1 chain	1375	GlyAnas	A0A8B9ZY54	A0A8B9ZY54_9AVES Ovocleidin-116	636	158.0	26.0	8.22e-12	130	647	82	626
A0A8V0ZZM1	A0A8V0ZZM1_CHICK Tubulin alpha chain-like 3	757	GlyAnas	A0A8B9SWD8	A0A8B9SWD8_ANAPL Tubulin epsilon 1	473	542.0	29.0	1.34e-56	386	756	70	454
A0A8V0ZZM1	A0A8V0ZZM1_CHICK Tubulin alpha chain-like 3	757	GlyAnas	A0A493SY54	A0A493SY54_ANAPP Palmitoyl-protein thioesterase 1	615	122.0	32.2	6.77e-08	229	361	246	385
A0A8V0ZZM1	A0A8V0ZZM1_CHICK Tubulin alpha chain-like 3	757	GlyAnas	A0A8B9U9X9	A0A8B9U9X9_9AVES Uncharacterized protein	1028	104.0	24.1	8.27e-06	117	356	25	280
A0A8V0ZZM1	A0A8V0ZZM1_CHICK Tubulin alpha chain-like 3	757	GlyAnas	A0A8B9ZFS7	A0A8B9ZFS7_ANAPL Beta-1,4-galactosyltransferase	421	98.0	36.3	4.10e-05	215	300	3	85
A0A8V0ZZM1	A0A8V0ZZM1_CHICK Tubulin alpha chain-like 3	757	GlyAnas	A0A493T126	A0A493T126_ANAPP Transmembrane protein 132A	1014	91.0	27.4	2.66e-04	157	300	873	975
A0A8V0Y2C0	A0A8V0Y2C0_CHICK Slit homolog 3 protein	1519	GlyAnas	A0A8B9TKI0	A0A8B9TKI0_ANAPL Slit homolog 2 protein	1508	5342.0	65.5	0.00e+00	48	1440	1	1448
A0A8V0Y2C0	A0A8V0Y2C0_CHICK Slit homolog 3 protein	1519	GlyAnas	A0A8B9VG14	A0A8B9VG14_9AVES Crumbs cell polarity complex component 1	1399	570.0	29.7	1.53e-59	915	1362	221	702
A0A8V0Y2C0	A0A8V0Y2C0_CHICK Slit homolog 3 protein	1519	GlyAnas	A0A493TUB1	A0A493TUB1_ANAPP Ig-like domain-containing protein	1406	321.0	36.6	1.14e-30	272	480	21	231
A0A8V0Y2C0	A0A8V0Y2C0_CHICK Slit homolog 3 protein	1519	GlyAnas	A0A8B9VTH6	A0A8B9VTH6_9AVES Cadherin EGF LAG seven-pass G-type receptor 1	2863	298.0	22.3	5.30e-28	913	1485	1156	1877
A0A8V0Y2C0	A0A8V0Y2C0_CHICK Slit homolog 3 protein	1519	GlyAnas	A0A493SYG4	A0A493SYG4_ANAPP Tenascin	2038	268.0	24.0	1.60e-24	920	1513	163	590
A0A8V0Y9I2	A0A8V0Y9I2_CHICK Torsin-3A	405	GlyAnas	A0A493T607	A0A493T607_ANAPP Torsin family 1 member B	531	707.0	46.7	5.30e-76	114	401	231	517
A0A8V0Y9I2	A0A8V0Y9I2_CHICK Torsin-3A	405	GlyAnas	A0A493TT01	A0A493TT01_ANAPP Torsin	317	607.0	40.7	2.09e-64	112	403	22	316
A0A1D5PLF4	A0A1D5PLF4_CHICK Myelin protein zero like 2	213	GlyColumba	A0A2I0MDE8	A0A2I0MDE8_COLLI Hyaluronan and proteoglycan link protein 3	352	86.0	23.3	1.43e-04	24	140	49	166
A0A1D5PLF4	A0A1D5PLF4_CHICK Myelin protein zero like 2	213	GlyColumba	A0A2I0MSX2	A0A2I0MSX2_COLLI HERV-H LTR-associating 2, transcript variant X3	347	81.0	19.7	5.42e-04	37	168	221	336
A0A1D5PMF7	A0A1D5PMF7_CHICK Spondin-1	732	GlyColumba	A0A2I0MPF2	A0A2I0MPF2_COLLI Thrombospondin 1	997	253.0	32.8	2.12e-23	489	649	212	382
A0A1D5PT25	A0A1D5PT25_CHICK Bactericidal permeability-increasing protein	469	GlyColumba	A0A2I0M2C8	A0A2I0M2C8_COLLI Phospholipid transfer protein (Fragment)	584	369.0	24.3	4.80e-37	6	467	81	540
A0A1L1RTK2	A0A1L1RTK2_CHICK Torsin family 1 member B	410	GlyColumba	A0A2I0M3R8	A0A2I0M3R8_COLLI Torsin family 1, member B (Torsin B)	290	1310.0	89.7	3.22e-146	133	405	9	281
A0A1L1RTK2	A0A1L1RTK2_CHICK Torsin family 1 member B	410	GlyColumba	A0A2I0M3T2	A0A2I0M3T2_COLLI Torsin-1A	296	1030.0	69.0	9.46e-114	134	404	25	295
A0A1L1RTK2	A0A1L1RTK2_CHICK Torsin family 1 member B	410	GlyColumba	A0A2I0LHZ2	A0A2I0LHZ2_COLLI Torsin-2A	281	686.0	49.6	7.33e-74	142	399	20	277
A0A1L1RW56	A0A1L1RW56_CHICK Hexosyltransferase	760	GlyColumba	A0A2I0M0V8	A0A2I0M0V8_COLLI Beta-1,3-N-acetylglucosaminyltransferase	323	87.0	25.0	3.90e-04	180	297	139	273
A0A3Q2TZZ7	A0A3Q2TZZ7_CHICK Receptor-type tyrosine-protein phosphatase F	1904	GlyColumba	A0A2I0MC72	A0A2I0MC72_COLLI Receptor-type tyrosine-protein phosphatase F	1901	9830.0	98.5	0.00e+00	1	1904	1	1901
A0A3Q2TZZ7	A0A3Q2TZZ7_CHICK Receptor-type tyrosine-protein phosphatase F	1904	GlyColumba	A0A2I0MJN3	A0A2I0MJN3_COLLI Neuronal cell adhesion molecule	1273	532.0	25.7	2.45e-55	31	823	339	1129
A0A3Q2TZZ7	A0A3Q2TZZ7_CHICK Receptor-type tyrosine-protein phosphatase F	1904	GlyColumba	A0A2I0MTP6	A0A2I0MTP6_COLLI Collagen alpha-1(XII) chain	2482	353.0	22.4	1.40e-34	245	1074	835	1635
A0A3Q2TZZ7	A0A3Q2TZZ7_CHICK Receptor-type tyrosine-protein phosphatase F	1904	GlyColumba	A0A2I0LWB2	A0A2I0LWB2_COLLI Tenascin C, transcript variant X3	1503	349.0	23.9	4.07e-34	322	1107	564	1271
A0A3Q2TZZ7	A0A3Q2TZZ7_CHICK Receptor-type tyrosine-protein phosphatase F	1904	GlyColumba	A0A2I0LS76	A0A2I0LS76_COLLI Sortilin-related receptor	2109	176.0	20.6	4.67e-14	435	991	1470	1995
A0A8V0XDR8	A0A8V0XDR8_CHICK Laminin subunit alpha 2	3137	GlyColumba	A0A2I0MCI7	A0A2I0MCI7_COLLI Laminin, gamma 1 (Formerly LAMB2) (Fragment)	1541	1616.0	35.5	8.11e-181	30	1033	1	963
A0A8V0XDR8	A0A8V0XDR8_CHICK Laminin subunit alpha 2	3137	GlyColumba	A0A2I0MC29	A0A2I0MC29_COLLI Laminin, gamma 2	1143	799.0	34.0	4.42e-86	350	930	21	573
A0A8V0XDR8	A0A8V0XDR8_CHICK Laminin subunit alpha 2	3137	GlyColumba	A0A2I0LWB2	A0A2I0LWB2_COLLI Tenascin C, transcript variant X3	1503	256.0	26.7	4.07e-23	697	1118	176	559
A0A8V0XDR8	A0A8V0XDR8_CHICK Laminin subunit alpha 2	3137	GlyColumba	A0A2I0M3B3	A0A2I0M3B3_COLLI Agrin	2090	252.0	26.4	1.19e-22	735	1107	609	1046
A0A8V0XDR8	A0A8V0XDR8_CHICK Laminin subunit alpha 2	3137	GlyColumba	A0A2I0MKA0	A0A2I0MKA0_COLLI Signal peptide, CUB domain, EGF-like 1	981	180.0	24.6	2.65e-14	795	1141	41	385
A0A8V0XEJ0	A0A8V0XEJ0_CHICK Ig-like domain-containing protein	569	GlyColumba	A0A2I0LIU4	A0A2I0LIU4_COLLI Ig-like domain-containing protein (Fragment)	480	1059.0	47.9	5.69e-117	54	488	9	455
A0A8V0XEJ0	A0A8V0XEJ0_CHICK Ig-like domain-containing protein	569	GlyColumba	A0A2I0M5V4	A0A2I0M5V4_COLLI Tyrosine-protein phosphatase non-receptor type substrate 1	509	180.0	24.5	4.80e-15	202	553	62	407
A0A8V0XEJ0	A0A8V0XEJ0_CHICK Ig-like domain-containing protein	569	GlyColumba	A0A2I0MC72	A0A2I0MC72_COLLI Receptor-type tyrosine-protein phosphatase F	1901	100.0	23.0	9.08e-06	198	461	48	304
A0A8V0XEJ0	A0A8V0XEJ0_CHICK Ig-like domain-containing protein	569	GlyColumba	A0A2I0MJN3	A0A2I0MJN3_COLLI Neuronal cell adhesion molecule	1273	89.0	17.6	1.71e-04	194	437	355	573
A0A8V0XGM8	A0A8V0XGM8_CHICK Desmoglein 4	1003	GlyColumba	A0A2I0MXF2	A0A2I0MXF2_COLLI Desmoglein 4	1162	4625.0	77.4	0.00e+00	1	1003	1	1162
A0A8V0XGM8	A0A8V0XGM8_CHICK Desmoglein 4	1003	GlyColumba	A0A2I0LI51	A0A2I0LI51_COLLI Cadherin-1 (Fragment)	1904	689.0	29.0	8.05e-74	44	756	54	796
A0A8V0XGM8	A0A8V0XGM8_CHICK Desmoglein 4	1003	GlyColumba	A0A2I0LQS3	A0A2I0LQS3_COLLI Protocadherin-10-like (Fragment)	1237	244.0	26.0	3.21e-22	75	493	831	1232
A0A8V0XGM8	A0A8V0XGM8_CHICK Desmoglein 4	1003	GlyColumba	A0A2I0MF50	A0A2I0MF50_COLLI Proto-oncogene tyrosine-protein kinase receptor Ret	1107	88.0	20.5	3.94e-04	99	281	205	409
A0A8V0XHB9	A0A8V0XHB9_CHICK Ig-like domain-containing protein	565	GlyColumba	A0A2I0LIU4	A0A2I0LIU4_COLLI Ig-like domain-containing protein (Fragment)	480	553.0	33.2	2.67e-58	122	557	8	455
A0A8V0XHB9	A0A8V0XHB9_CHICK Ig-like domain-containing protein	565	GlyColumba	A0A2I0M5V4	A0A2I0M5V4_COLLI Tyrosine-protein phosphatase non-receptor type substrate 1	509	187.0	25.1	7.36e-16	1	329	19	346
A0A8V0XIS6	A0A8V0XIS6_CHICK Laminin subunit alpha 3	3081	GlyColumba	A0A2I0MCI7	A0A2I0MCI7_COLLI Laminin, gamma 1 (Formerly LAMB2) (Fragment)	1541	812.0	23.5	1.35e-87	70	1439	2	980
A0A8V0XIS6	A0A8V0XIS6_CHICK Laminin subunit alpha 3	3081	GlyColumba	A0A2I0MC29	A0A2I0MC29_COLLI Laminin, gamma 2	1143	595.0	25.0	1.96e-62	1292	2293	20	1116
A0A8V0XIS6	A0A8V0XIS6_CHICK Laminin subunit alpha 3	3081	GlyColumba	A0A2I0M3B3	A0A2I0M3B3_COLLI Agrin	2090	245.0	39.3	7.55e-22	1318	1436	864	993
A0A8V0XIS6	A0A8V0XIS6_CHICK Laminin subunit alpha 3	3081	GlyColumba	A0A2I0LWB2	A0A2I0LWB2_COLLI Tenascin C, transcript variant X3	1503	152.0	22.5	4.59e-11	296	713	140	561
A0A8V0XIS6	A0A8V0XIS6_CHICK Laminin subunit alpha 3	3081	GlyColumba	A0A2I0MGH1	A0A2I0MGH1_COLLI von Willebrand factor D and EGF domain-containing protein-like	1919	136.0	23.9	3.29e-09	396	683	1638	1889
A0A8V0XNR7	A0A8V0XNR7_CHICK Dipeptidyl peptidase 1	460	GlyColumba	A0A2I0MDM6	A0A2I0MDM6_COLLI Pro-cathepsin H	259	384.0	37.3	8.59e-39	222	460	34	259
A0A8V0XNR7	A0A8V0XNR7_CHICK Dipeptidyl peptidase 1	460	GlyColumba	A0A2I0LHM5	A0A2I0LHM5_COLLI Tubulointerstitial nephritis antigen-like 1	462	350.0	29.8	7.52e-35	170	452	142	448
A0A8V0XNR7	A0A8V0XNR7_CHICK Dipeptidyl peptidase 1	460	GlyColumba	A0A2I0MFW0	A0A2I0MFW0_COLLI Cathepsin L	338	328.0	33.8	2.68e-32	166	451	61	333
A0A8V0Y0H9	A0A8V0Y0H9_CHICK Teneurin-4	2594	GlyColumba	A0A2I0M2P0	A0A2I0M2P0_COLLI Teneurin transmembrane protein 4	2085	10577.0	98.0	0.00e+00	584	2594	59	2085
A0A8V0Y0H9	A0A8V0Y0H9_CHICK Teneurin-4	2594	GlyColumba	A0A2I0LWB2	A0A2I0LWB2_COLLI Tenascin C, transcript variant X3	1503	600.0	40.3	4.35e-63	403	689	188	455
A0A8V0Y0H9	A0A8V0Y0H9_CHICK Teneurin-4	2594	GlyColumba	A0A2I0MGH1	A0A2I0MGH1_COLLI von Willebrand factor D and EGF domain-containing protein-like	1919	345.0	33.9	1.61e-33	407	627	1659	1878
A0A8V0Y0H9	A0A8V0Y0H9_CHICK Teneurin-4	2594	GlyColumba	A0A2I0MR14	A0A2I0MR14_COLLI Integrin beta (Fragment)	799	213.0	28.4	3.26e-18	407	602	463	668
A0A8V0Y0H9	A0A8V0Y0H9_CHICK Teneurin-4	2594	GlyColumba	A0A2I0MCI7	A0A2I0MCI7_COLLI Laminin, gamma 1 (Formerly LAMB2) (Fragment)	1541	183.0	25.8	9.83e-15	453	701	622	933
A0A8V0Y0J2	A0A8V0Y0J2_CHICK Clusterin	503	GlyColumba	A0A2I0LJ29	A0A2I0LJ29_COLLI Clusterin N-terminal domain-containing protein (Fragment)	210	806.0	67.8	1.09e-87	85	322	1	206
A0A8V0Y2F6	A0A8V0Y2F6_CHICK Nucleotide exchange factor SIL1	494	GlyColumba	A0A2I0LK34	A0A2I0LK34_COLLI Hypoxia up-regulated protein 1	591	94.0	23.7	3.91e-05	59	259	144	367
A0A8V0Y9M0	A0A8V0Y9M0_CHICK Uncharacterized protein	4291	GlyColumba	A0A2I0LZN5	A0A2I0LZN5_COLLI Neuron navigator 3	2365	415.0	22.2	2.04e-41	68	1676	208	1879
A0A8V0Y9M0	A0A8V0Y9M0_CHICK Uncharacterized protein	4291	GlyColumba	A0A2I0MFX8	A0A2I0MFX8_COLLI KIAA2026 ortholog	2021	272.0	21.8	7.78e-25	1677	2714	1053	2010
A0A8V0Y9M0	A0A8V0Y9M0_CHICK Uncharacterized protein	4291	GlyColumba	A0A2I0MTT3	A0A2I0MTT3_COLLI Fibronectin type III domain containing 1	1661	228.0	21.1	9.84e-20	2463	3666	201	1378
A0A8V0Y9M0	A0A8V0Y9M0_CHICK Uncharacterized protein	4291	GlyColumba	A0A2I0MGY6	A0A2I0MGY6_COLLI Ovocleidin-116	895	163.0	20.4	3.39e-12	254	951	145	870
A0A8V0Y9M0	A0A8V0Y9M0_CHICK Uncharacterized protein	4291	GlyColumba	A0A2I0LIE3	A0A2I0LIE3_COLLI FZ domain-containing protein	1343	148.0	21.8	1.86e-10	713	1551	391	1226
A0A8V0Y9M6	A0A8V0Y9M6_CHICK Laminin subunit gamma 2	1172	GlyColumba	A0A2I0MC29	A0A2I0MC29_COLLI Laminin, gamma 2	1143	4903.0	79.1	0.00e+00	31	1172	1	1143
A0A8V0Y9M6	A0A8V0Y9M6_CHICK Laminin subunit gamma 2	1172	GlyColumba	A0A2I0MCI7	A0A2I0MCI7_COLLI Laminin, gamma 1 (Formerly LAMB2) (Fragment)	1541	2425.0	40.1	4.70e-275	26	1172	274	1541
A0A8V0Y9M6	A0A8V0Y9M6_CHICK Laminin subunit gamma 2	1172	GlyColumba	A0A2I0M3B3	A0A2I0M3B3_COLLI Agrin	2090	231.0	36.4	1.21e-20	78	198	866	996
A0A8V0Y9M6	A0A8V0Y9M6_CHICK Laminin subunit gamma 2	1172	GlyColumba	A0A2I0LWB2	A0A2I0LWB2_COLLI Tenascin C, transcript variant X3	1503	170.0	32.0	1.43e-13	23	184	370	550
A0A8V0Y9M6	A0A8V0Y9M6_CHICK Laminin subunit gamma 2	1172	GlyColumba	A0A2I0MGH1	A0A2I0MGH1_COLLI von Willebrand factor D and EGF domain-containing protein-like	1919	138.0	26.9	7.33e-10	379	594	1644	1880
A0A8V0YA76	A0A8V0YA76_CHICK Beta-hexosaminidase	520	GlyColumba	A0A2I0M6V3	A0A2I0M6V3_COLLI Beta-hexosaminidase subunit alpha	468	1408.0	55.8	1.77e-157	82	516	4	464
A0A8V0YA76	A0A8V0YA76_CHICK Beta-hexosaminidase	520	GlyColumba	A0A2I0LXV0	A0A2I0LXV0_COLLI Fibrinogen gamma chain	436	83.0	28.2	7.76e-04	329	448	194	311
A0A8V0YB27	A0A8V0YB27_CHICK Laminin subunit gamma 1	1593	GlyColumba	A0A2I0MCI7	A0A2I0MCI7_COLLI Laminin, gamma 1 (Formerly LAMB2) (Fragment)	1541	7741.0	92.0	0.00e+00	63	1593	1	1541
A0A8V0YB27	A0A8V0YB27_CHICK Laminin subunit gamma 1	1593	GlyColumba	A0A2I0MC29	A0A2I0MC29_COLLI Laminin, gamma 2	1143	2373.0	38.9	6.85e-269	342	1593	2	1143
A0A8V0YB27	A0A8V0YB27_CHICK Laminin subunit gamma 1	1593	GlyColumba	A0A2I0M3B3	A0A2I0M3B3_COLLI Agrin	2090	293.0	27.4	1.06e-27	704	1028	612	984
A0A8V0YB27	A0A8V0YB27_CHICK Laminin subunit gamma 1	1593	GlyColumba	A0A2I0LWB2	A0A2I0LWB2_COLLI Tenascin C, transcript variant X3	1503	228.0	25.9	3.65e-20	674	996	163	528
A0A8V0YB27	A0A8V0YB27_CHICK Laminin subunit gamma 1	1593	GlyColumba	A0A2I0MGH1	A0A2I0MGH1_COLLI von Willebrand factor D and EGF domain-containing protein-like	1919	167.0	25.2	4.32e-13	721	998	1627	1880
A0A8V0YDD6	A0A8V0YDD6_CHICK Fibronectin	2392	GlyColumba	A0A2I0MTP6	A0A2I0MTP6_COLLI Collagen alpha-1(XII) chain	2482	934.0	23.8	7.48e-102	616	2017	180	1677
A0A8V0YDD6	A0A8V0YDD6_CHICK Fibronectin	2392	GlyColumba	A0A2I0LWB2	A0A2I0LWB2_COLLI Tenascin C, transcript variant X3	1503	773.0	29.4	3.49e-83	1100	1814	571	1275
A0A8V0YDD6	A0A8V0YDD6_CHICK Fibronectin	2392	GlyColumba	A0A2I0MC72	A0A2I0MC72_COLLI Receptor-type tyrosine-protein phosphatase F	1901	398.0	21.9	1.06e-39	614	1676	187	1226
A0A8V0YDD6	A0A8V0YDD6_CHICK Fibronectin	2392	GlyColumba	A0A2I0MJN3	A0A2I0MJN3_COLLI Neuronal cell adhesion molecule	1273	244.0	23.2	7.65e-22	1405	1886	570	1103
A0A8V0YDD6	A0A8V0YDD6_CHICK Fibronectin	2392	GlyColumba	A0A2I0MTT3	A0A2I0MTT3_COLLI Fibronectin type III domain containing 1	1661	157.0	23.1	9.38e-12	1300	1806	46	554
A0A8V0YJ25	A0A8V0YJ25_CHICK Ovalbumin-related protein Y (SERPINB14B)	422	GlyColumba	A0A1R7T3L5	A0A1R7T3L5_COLLI Ovalbumin-related protein Y	388	1375.0	65.5	9.62e-154	35	422	1	388
A0A8V0YJ25	A0A8V0YJ25_CHICK Ovalbumin-related protein Y (SERPINB14B)	422	GlyColumba	A0A2I0MW20	A0A2I0MW20_COLLI Ovalbumin-related protein X	388	1346.0	65.5	2.22e-150	35	422	1	388
A0A8V0YJ25	A0A8V0YJ25_CHICK Ovalbumin-related protein Y (SERPINB14B)	422	GlyColumba	A0A2I0MWA2	A0A2I0MWA2_COLLI Ovalbumin-like	386	1157.0	55.9	1.83e-128	35	422	1	386
A0A8V0YJ25	A0A8V0YJ25_CHICK Ovalbumin-related protein Y (SERPINB14B)	422	GlyColumba	A0A2I0MED6	A0A2I0MED6_COLLI Antithrombin-III (Fragment)	502	535.0	32.9	2.44e-56	34	422	117	500
A0A8V0YJ25	A0A8V0YJ25_CHICK Ovalbumin-related protein Y (SERPINB14B)	422	GlyColumba	A0A2I0MP02	A0A2I0MP02_COLLI Serpin peptidase inhibitor, clade A (Alpha-1 antiproteinase, antitrypsin), member 10, transcript variant X2	439	394.0	27.6	5.46e-40	32	422	65	436
A0A8V0YNV3	A0A8V0YNV3_CHICK Collagen alpha-2(VI) chain	939	GlyColumba	A0A2I0LKB3	A0A2I0LKB3_COLLI Collagen, type II, alpha 1	775	597.0	46.4	3.51e-63	254	506	60	346
A0A8V0YNV3	A0A8V0YNV3_CHICK Collagen alpha-2(VI) chain	939	GlyColumba	A0A2I0LIE3	A0A2I0LIE3_COLLI FZ domain-containing protein	1343	528.0	42.6	3.52e-55	254	505	498	812
A0A8V0YNV3	A0A8V0YNV3_CHICK Collagen alpha-2(VI) chain	939	GlyColumba	A0A2I0MTP6	A0A2I0MTP6_COLLI Collagen alpha-1(XII) chain	2482	527.0	42.0	4.59e-55	256	505	2119	2396
A0A8V0YNV3	A0A8V0YNV3_CHICK Collagen alpha-2(VI) chain	939	GlyColumba	A0A2I0MKW7	A0A2I0MKW7_COLLI von Willebrand factor	2805	196.0	23.2	1.11e-16	531	939	1489	1861
A0A8V0YNV3	A0A8V0YNV3_CHICK Collagen alpha-2(VI) chain	939	GlyColumba	A0A2I0MGY6	A0A2I0MGY6_COLLI Ovocleidin-116	895	119.0	30.2	9.38e-08	274	488	583	803
A0A8V0YP97	A0A8V0YP97_CHICK Pro-cathepsin H	321	GlyColumba	A0A2I0MDM6	A0A2I0MDM6_COLLI Pro-cathepsin H	259	1220.0	89.7	6.88e-136	71	312	1	242
A0A8V0YP97	A0A8V0YP97_CHICK Pro-cathepsin H	321	GlyColumba	A0A2I0MFW0	A0A2I0MFW0_COLLI Cathepsin L	338	554.0	42.2	1.16e-58	4	305	8	315
A0A8V0YP97	A0A8V0YP97_CHICK Pro-cathepsin H	321	GlyColumba	A0A2I0LHM5	A0A2I0LHM5_COLLI Tubulointerstitial nephritis antigen-like 1	462	196.0	27.2	3.78e-17	59	311	144	437
A0A8V0YRZ5	A0A8V0YRZ5_CHICK Discoidin, CUB and LCCL domain containing 1	919	GlyColumba	A0A2I0MI18	A0A2I0MI18_COLLI Ovochymase 2	629	123.0	28.7	3.16e-08	300	403	317	420
A0A8V0YRZ5	A0A8V0YRZ5_CHICK Discoidin, CUB and LCCL domain containing 1	919	GlyColumba	A0A2I0MKA0	A0A2I0MKA0_COLLI Signal peptide, CUB domain, EGF-like 1	981	117.0	25.0	1.57e-07	293	416	799	925
A0A8V0YRZ5	A0A8V0YRZ5_CHICK Discoidin, CUB and LCCL domain containing 1	919	GlyColumba	A0A2I0LKB3	A0A2I0LKB3_COLLI Collagen, type II, alpha 1	775	96.0	29.0	4.27e-05	738	906	87	261
A0A8V0YRZ5	A0A8V0YRZ5_CHICK Discoidin, CUB and LCCL domain containing 1	919	GlyColumba	A0A2I0MTP6	A0A2I0MTP6_COLLI Collagen alpha-1(XII) chain	2482	95.0	28.8	5.57e-05	153	302	2216	2349
A0A8V0YRZ5	A0A8V0YRZ5_CHICK Discoidin, CUB and LCCL domain containing 1	919	GlyColumba	A0A2I0LVH6	A0A2I0LVH6_COLLI Suppressor of tumorigenicity 14 protein homolog	845	90.0	26.6	2.12e-04	289	388	209	313
A0A8V0YW06	A0A8V0YW06_CHICK Epithelial cell adhesion molecule	307	GlyColumba	A0A2I0LVJ4	A0A2I0LVJ4_COLLI Epithelial cell adhesion molecule	327	980.0	73.7	4.45e-108	57	307	78	327
A0A8V0YW06	A0A8V0YW06_CHICK Epithelial cell adhesion molecule	307	GlyColumba	A0A2I0MNY5	A0A2I0MNY5_COLLI SPARC related modular calcium binding 1	446	85.0	25.7	2.69e-04	12	117	33	131
A0A8V0YYS9	A0A8V0YYS9_CHICK procollagen-lysine 5-dioxygenase	756	GlyColumba	A0A2I0M302	A0A2I0M302_COLLI Procollagen-lysine,2-oxoglutarate 5-dioxygenase 1 (Fragment)	819	2422.0	57.9	6.76e-275	8	756	92	819
A0A8V0Z1G0	A0A8V0Z1G0_CHICK Procollagen-lysine,2-oxoglutarate 5-dioxygenase 1	686	GlyColumba	A0A2I0M302	A0A2I0M302_COLLI Procollagen-lysine,2-oxoglutarate 5-dioxygenase 1 (Fragment)	819	3497.0	95.2	0.00e+00	15	686	148	819
A0A8V0Z3S9	A0A8V0Z3S9_CHICK Basement membrane-specific heparan sulfate proteoglycan core protein	4167	GlyColumba	A0A2I0M3B3	A0A2I0M3B3_COLLI Agrin	2090	823.0	31.5	9.68e-89	3452	4165	1411	2087
A0A8V0Z3S9	A0A8V0Z3S9_CHICK Basement membrane-specific heparan sulfate proteoglycan core protein	4167	GlyColumba	A0A2I0MCI7	A0A2I0MCI7_COLLI Laminin, gamma 1 (Formerly LAMB2) (Fragment)	1541	747.0	30.7	6.29e-80	718	1309	237	869
A0A8V0Z3S9	A0A8V0Z3S9_CHICK Basement membrane-specific heparan sulfate proteoglycan core protein	4167	GlyColumba	A0A2I0MC29	A0A2I0MC29_COLLI Laminin, gamma 2	1143	580.0	32.6	1.46e-60	767	1309	21	536
A0A8V0Z3S9	A0A8V0Z3S9_CHICK Basement membrane-specific heparan sulfate proteoglycan core protein	4167	GlyColumba	A0A2I0MJN3	A0A2I0MJN3_COLLI Neuronal cell adhesion molecule	1273	394.0	26.0	5.39e-39	2914	3452	46	614
A0A8V0Z3S9	A0A8V0Z3S9_CHICK Basement membrane-specific heparan sulfate proteoglycan core protein	4167	GlyColumba	A0A2I0LS76	A0A2I0LS76_COLLI Sortilin-related receptor	2109	363.0	37.7	2.12e-35	200	393	974	1169
A0A8V0Z5X2	A0A8V0Z5X2_CHICK Prosaposin	541	GlyColumba	A0A2I0MFB5	A0A2I0MFB5_COLLI Proactivator polypeptide, transcript variant X1	285	1199.0	89.9	3.16e-133	15	262	9	256
A0A8V0Z5X2	A0A8V0Z5X2_CHICK Prosaposin	541	GlyColumba	A0A2I0LZH8	A0A2I0LZH8_COLLI Acyloxyacyl hydrolase (Neutrophil)	582	105.0	23.8	2.27e-06	402	499	19	121
A0A8V0Z862	A0A8V0Z862_CHICK Neuroblastoma suppressor of tumorigenicity 1	294	GlyColumba	A0A2I0M2X5	A0A2I0M2X5_COLLI Neuroblastoma suppressor of tumorigenicity 1	152	700.0	73.7	1.25e-75	109	294	9	152
A0A8V0Z862	A0A8V0Z862_CHICK Neuroblastoma suppressor of tumorigenicity 1	294	GlyColumba	A0A2I0MHJ6	A0A2I0MHJ6_COLLI Mucin-5AC (Fragment)	736	81.0	27.3	7.49e-04	151	236	628	709
A0A8V0Z932	A0A8V0Z932_CHICK Vitellogenin 2	1864	GlyColumba	A0A2I0MDU8	A0A2I0MDU8_COLLI Vitellogenin-2-like	1192	5053.0	81.1	0.00e+00	11	1202	1	1189
A0A8V0Z932	A0A8V0Z932_CHICK Vitellogenin 2	1864	GlyColumba	A0A2I0ME42	A0A2I0ME42_COLLI Vitellogenin-2-like	1717	4424.0	47.0	0.00e+00	11	1862	1	1715
A0A8V0Z932	A0A8V0Z932_CHICK Vitellogenin 2	1864	GlyColumba	A0A2I0MDV9	A0A2I0MDV9_COLLI Vitellogenin-1	1406	2301.0	37.2	1.79e-260	11	1349	1	1324
A0A8V0Z932	A0A8V0Z932_CHICK Vitellogenin 2	1864	GlyColumba	A0A2I0MTT3	A0A2I0MTT3_COLLI Fibronectin type III domain containing 1	1661	159.0	27.2	4.28e-12	1099	1330	520	747
A0A8V0Z932	A0A8V0Z932_CHICK Vitellogenin 2	1864	GlyColumba	A0A2I0LZN5	A0A2I0LZN5_COLLI Neuron navigator 3	2365	147.0	26.7	1.06e-10	1097	1378	1124	1439
A0A8V0ZA93	A0A8V0ZA93_CHICK hyaluronoglucosaminidase	1359	GlyColumba	A0A2I0MHQ6	A0A2I0MHQ6_COLLI Mucin-2 (Fragment)	1484	89.0	26.5	4.09e-04	320	422	1311	1426
A0A8V0ZD93	A0A8V0ZD93_CHICK Beta-hexosaminidase	526	GlyColumba	A0A2I0M6V3	A0A2I0M6V3_COLLI Beta-hexosaminidase subunit alpha	468	2127.0	83.3	7.58e-241	56	526	3	468
A0A8V0ZHF5	A0A8V0ZHF5_CHICK Thrombospondin-1	1178	GlyColumba	A0A2I0MPF2	A0A2I0MPF2_COLLI Thrombospondin 1	997	5574.0	97.3	0.00e+00	182	1178	1	997
A0A8V0ZHF5	A0A8V0ZHF5_CHICK Thrombospondin-1	1178	GlyColumba	A0A2I0MGH1	A0A2I0MGH1_COLLI von Willebrand factor D and EGF domain-containing protein-like	1919	126.0	51.4	1.82e-08	559	595	1620	1656
A0A8V0ZHF5	A0A8V0ZHF5_CHICK Thrombospondin-1	1178	GlyColumba	A0A2I0MKA0	A0A2I0MKA0_COLLI Signal peptide, CUB domain, EGF-like 1	981	126.0	29.5	1.82e-08	556	690	31	144
A0A8V0ZHF5	A0A8V0ZHF5_CHICK Thrombospondin-1	1178	GlyColumba	A0A2I0LS76	A0A2I0LS76_COLLI Sortilin-related receptor	2109	122.0	22.4	5.28e-08	541	916	909	1298
A0A8V0ZHF5	A0A8V0ZHF5_CHICK Thrombospondin-1	1178	GlyColumba	A0A2I0MKZ6	A0A2I0MKZ6_COLLI Vitamin K-dependent protein S	619	118.0	26.0	1.54e-07	431	625	18	217
A0A8V0ZJ43	A0A8V0ZJ43_CHICK Laminin subunit beta-1	1776	GlyColumba	A0A2I0MCI7	A0A2I0MCI7_COLLI Laminin, gamma 1 (Formerly LAMB2) (Fragment)	1541	1558.0	27.7	2.44e-174	54	1734	1	1514
A0A8V0ZJ43	A0A8V0ZJ43_CHICK Laminin subunit beta-1	1776	GlyColumba	A0A2I0MC29	A0A2I0MC29_COLLI Laminin, gamma 2	1143	622.0	23.5	8.37e-66	335	1767	2	1121
A0A8V0ZJ43	A0A8V0ZJ43_CHICK Laminin subunit beta-1	1776	GlyColumba	A0A2I0M3B3	A0A2I0M3B3_COLLI Agrin	2090	311.0	27.1	9.67e-30	761	1156	609	1000
A0A8V0ZJ43	A0A8V0ZJ43_CHICK Laminin subunit beta-1	1776	GlyColumba	A0A2I0LWB2	A0A2I0LWB2_COLLI Tenascin C, transcript variant X3	1503	215.0	24.8	1.31e-18	720	1156	121	528
A0A8V0ZJ43	A0A8V0ZJ43_CHICK Laminin subunit beta-1	1776	GlyColumba	A0A2I0MGH1	A0A2I0MGH1_COLLI von Willebrand factor D and EGF domain-containing protein-like	1919	190.0	25.5	1.04e-15	811	1158	1552	1880
A0A8V0ZKI3	A0A8V0ZKI3_CHICK Laminin subunit alpha-5	3686	GlyColumba	A0A2I0MCI7	A0A2I0MCI7_COLLI Laminin, gamma 1 (Formerly LAMB2) (Fragment)	1541	1364.0	28.9	1.59e-151	1450	2663	237	1466
A0A8V0ZKI3	A0A8V0ZKI3_CHICK Laminin subunit alpha-5	3686	GlyColumba	A0A2I0MC29	A0A2I0MC29_COLLI Laminin, gamma 2	1143	765.0	24.6	4.55e-82	1490	2691	20	1125
A0A8V0ZKI3	A0A8V0ZKI3_CHICK Laminin subunit alpha-5	3686	GlyColumba	A0A2I0M3B3	A0A2I0M3B3_COLLI Agrin	2090	277.0	22.5	1.76e-25	296	857	347	1007
A0A8V0ZKI3	A0A8V0ZKI3_CHICK Laminin subunit alpha-5	3686	GlyColumba	A0A2I0LWB2	A0A2I0LWB2_COLLI Tenascin C, transcript variant X3	1503	233.0	24.7	2.22e-20	390	856	176	560
A0A8V0ZKI3	A0A8V0ZKI3_CHICK Laminin subunit alpha-5	3686	GlyColumba	A0A2I0MGH1	A0A2I0MGH1_COLLI von Willebrand factor D and EGF domain-containing protein-like	1919	208.0	28.6	1.76e-17	1878	2142	1638	1896
A0A8V0ZNE4	A0A8V0ZNE4_CHICK VWFD domain-containing protein	2139	GlyColumba	A0A2I0MHQ6	A0A2I0MHQ6_COLLI Mucin-2 (Fragment)	1484	3834.0	46.6	0.00e+00	72	1527	23	1478
A0A8V0ZNE4	A0A8V0ZNE4_CHICK VWFD domain-containing protein	2139	GlyColumba	A0A2I0MKW7	A0A2I0MKW7_COLLI von Willebrand factor	2805	2030.0	33.7	5.45e-229	83	1264	33	1234
A0A8V0ZNE4	A0A8V0ZNE4_CHICK VWFD domain-containing protein	2139	GlyColumba	A0A2I0MHJ6	A0A2I0MHJ6_COLLI Mucin-5AC (Fragment)	736	373.0	29.4	7.53e-37	897	1271	52	425
A0A8V0ZNE4	A0A8V0ZNE4_CHICK VWFD domain-containing protein	2139	GlyColumba	A0A2I0LHH6	A0A2I0LHH6_COLLI Putative LOC102096224	812	137.0	36.8	1.75e-09	1760	1883	51	177
A0A8V0ZNE4	A0A8V0ZNE4_CHICK VWFD domain-containing protein	2139	GlyColumba	A0A2I0MTT3	A0A2I0MTT3_COLLI Fibronectin type III domain containing 1	1661	114.0	31.8	8.12e-07	1771	1895	1222	1363
A0A8V0ZPT8	A0A8V0ZPT8_CHICK Thrombospondin type 1 domain containing 4	1041	GlyColumba	A0A2I0M6Z2	A0A2I0M6Z2_COLLI Thrombospondin, type I, domain containing 4	623	2885.0	88.9	0.00e+00	1	604	1	603
A0A8V0ZPT8	A0A8V0ZPT8_CHICK Thrombospondin type 1 domain containing 4	1041	GlyColumba	A0A2I0MPF2	A0A2I0MPF2_COLLI Thrombospondin 1	997	208.0	25.8	4.98e-18	623	975	153	484
A0A8V0ZPT8	A0A8V0ZPT8_CHICK Thrombospondin type 1 domain containing 4	1041	GlyColumba	A0A2I0LS76	A0A2I0LS76_COLLI Sortilin-related receptor	2109	94.0	22.1	8.24e-05	673	959	856	1153
A0A8V0ZPT8	A0A8V0ZPT8_CHICK Thrombospondin type 1 domain containing 4	1041	GlyColumba	A0A2I0M6R4	A0A2I0M6R4_COLLI Disintegrin and metalloproteinase domain-containing protein 10	785	93.0	27.0	1.08e-04	760	892	510	640
A0A8V0ZQ55	A0A8V0ZQ55_CHICK Immunoglobulin lambda-like polypeptide 1	257	GlyColumba	A0A2I0LIU4	A0A2I0LIU4_COLLI Ig-like domain-containing protein (Fragment)	480	155.0	35.0	1.72e-12	160	257	140	236
A0A8V0ZQ55	A0A8V0ZQ55_CHICK Immunoglobulin lambda-like polypeptide 1	257	GlyColumba	A0A2I0M5V4	A0A2I0M5V4_COLLI Tyrosine-protein phosphatase non-receptor type substrate 1	509	94.0	25.3	2.03e-05	157	244	253	341
A0A8V0ZSD7	A0A8V0ZSD7_CHICK Lysosomal acid phosphatase	421	GlyColumba	A0A2I0MNF7	A0A2I0MNF7_COLLI Lysosomal acid phosphatase	356	1557.0	87.9	7.56e-175	83	421	21	356
A0A8V0ZSD7	A0A8V0ZSD7_CHICK Lysosomal acid phosphatase	421	GlyColumba	A0A2I0MQQ3	A0A2I0MQQ3_COLLI acid phosphatase	421	975.0	46.5	2.32e-107	26	401	31	407
A0A8V0ZSD7	A0A8V0ZSD7_CHICK Lysosomal acid phosphatase	421	GlyColumba	A0A2I0MQP3	A0A2I0MQP3_COLLI acid phosphatase	374	870.0	47.5	3.47e-95	26	368	31	373
A0A8V0ZTX8	A0A8V0ZTX8_CHICK Ovostatin	1492	GlyColumba	A0A2I0LXV9	A0A2I0LXV9_COLLI Ovostatin	1448	6162.0	79.0	0.00e+00	35	1492	1	1448
A0A8V0ZTX8	A0A8V0ZTX8_CHICK Ovostatin	1492	GlyColumba	A0A2I0LXW7	A0A2I0LXW7_COLLI Ovostatin	1474	3819.0	51.5	0.00e+00	34	1487	19	1466
A0A8V0ZTX8	A0A8V0ZTX8_CHICK Ovostatin	1492	GlyColumba	A0A2I0MS36	A0A2I0MS36_COLLI Complement C4	1684	869.0	24.6	1.61e-94	40	1476	4	1506
A0A8V0ZTX8	A0A8V0ZTX8_CHICK Ovostatin	1492	GlyColumba	A0A2I0LIT5	A0A2I0LIT5_COLLI NTR domain-containing protein	858	471.0	28.1	2.27e-48	789	1357	81	628
A0A8V0ZTX8	A0A8V0ZTX8_CHICK Ovostatin	1492	GlyColumba	A0A2I0LG85	A0A2I0LG85_COLLI Alpha-2-macroglobulin-like protein 1 (Fragment)	101	118.0	28.6	1.95e-07	76	169	4	101
A0A8V0ZUC1	A0A8V0ZUC1_CHICK Golgi apparatus protein 1	1036	GlyColumba	A0A2I0M0D4	A0A2I0M0D4_COLLI Golgi apparatus protein 1 (Fragment)	1034	5454.0	99.3	0.00e+00	3	1036	1	1034
A0A8V0ZUZ0	A0A8V0ZUZ0_CHICK Suppressor of tumorigenicity 14 protein homolog	828	GlyColumba	A0A2I0LVH6	A0A2I0LVH6_COLLI Suppressor of tumorigenicity 14 protein homolog	845	3997.0	87.1	0.00e+00	1	828	19	845
A0A8V0ZUZ0	A0A8V0ZUZ0_CHICK Suppressor of tumorigenicity 14 protein homolog	828	GlyColumba	A0A2I0MI18	A0A2I0MI18_COLLI Ovochymase 2	629	413.0	35.9	6.70e-42	586	824	39	287
A0A8V0ZUZ0	A0A8V0ZUZ0_CHICK Suppressor of tumorigenicity 14 protein homolog	828	GlyColumba	A0A2I0M4F3	A0A2I0M4F3_COLLI Coagulation factor IX	463	396.0	30.5	6.28e-40	412	828	80	462
A0A8V0ZUZ0	A0A8V0ZUZ0_CHICK Suppressor of tumorigenicity 14 protein homolog	828	GlyColumba	A0A2I0LS76	A0A2I0LS76_COLLI Sortilin-related receptor	2109	360.0	43.1	9.38e-36	426	577	976	1131
A0A8V0ZUZ0	A0A8V0ZUZ0_CHICK Suppressor of tumorigenicity 14 protein homolog	828	GlyColumba	A0A2I0M2D5	A0A2I0M2D5_COLLI Haptoglobin	301	189.0	28.5	6.32e-16	587	824	61	296
A0A8V0ZV19	A0A8V0ZV19_CHICK Sulfatase 2	855	GlyColumba	A0A2I0M231	A0A2I0M231_COLLI Extracellular sulfatase	875	4416.0	95.4	0.00e+00	1	848	1	846
A0A8V0ZV19	A0A8V0ZV19_CHICK Sulfatase 2	855	GlyColumba	A0A2I0LZE9	A0A2I0LZE9_COLLI Arylsulfatase K	604	215.0	26.4	6.31e-19	71	390	136	458
A0A8V0ZV19	A0A8V0ZV19_CHICK Sulfatase 2	855	GlyColumba	A0A2I0M4N4	A0A2I0M4N4_COLLI Iduronate 2-sulfatase	519	156.0	22.2	4.38e-12	45	378	2	382
A0A8V0ZV19	A0A8V0ZV19_CHICK Sulfatase 2	855	GlyColumba	A0A2I0LJ62	A0A2I0LJ62_COLLI N-acetylgalactosamine-6-sulfatase	483	151.0	23.5	1.66e-11	71	396	22	343
A0A8V0ZV62	A0A8V0ZV62_CHICK Sortilin	782	GlyColumba	A0A2I0M028	A0A2I0M028_COLLI Sortilin 1 (Fragment)	374	1564.0	91.7	2.17e-175	157	471	1	315
A0A8V0ZV62	A0A8V0ZV62_CHICK Sortilin	782	GlyColumba	A0A2I0LS76	A0A2I0LS76_COLLI Sortilin-related receptor	2109	663.0	30.3	6.49e-71	67	687	5	645
A0A8V0ZXD6	A0A8V0ZXD6_CHICK Glypican-1	507	GlyColumba	A0A2I0LVZ8	A0A2I0LVZ8_COLLI Glypican-1	481	2348.0	92.7	1.73e-266	27	507	1	481
A0A8V0ZZC5	A0A8V0ZZC5_CHICK Uncharacterized protein	1318	GlyColumba	A0A2I0MHJ6	A0A2I0MHJ6_COLLI Mucin-5AC (Fragment)	736	624.0	32.8	3.64e-66	943	1298	329	712
A0A8V0ZZC5	A0A8V0ZZC5_CHICK Uncharacterized protein	1318	GlyColumba	A0A2I0MHQ6	A0A2I0MHQ6_COLLI Mucin-2 (Fragment)	1484	401.0	34.2	2.63e-40	216	503	1198	1484
A0A8V0ZZC5	A0A8V0ZZC5_CHICK Uncharacterized protein	1318	GlyColumba	A0A2I0MKW7	A0A2I0MKW7_COLLI von Willebrand factor	2805	307.0	24.8	2.09e-29	1010	1295	2509	2798
A0A8V0ZZC5	A0A8V0ZZC5_CHICK Uncharacterized protein	1318	GlyColumba	A0A2I0MFX8	A0A2I0MFX8_COLLI KIAA2026 ortholog	2021	180.0	20.6	1.11e-14	18	890	1107	2021
A0A8V0ZZC5	A0A8V0ZZC5_CHICK Uncharacterized protein	1318	GlyColumba	A0A2I0LHH6	A0A2I0LHH6_COLLI Putative LOC102096224	812	171.0	40.7	1.23e-13	162	271	61	167
A0A8V1A049	A0A8V1A049_CHICK Mucin-5AC	885	GlyColumba	A0A2I0MHJ6	A0A2I0MHJ6_COLLI Mucin-5AC (Fragment)	736	3401.0	78.3	0.00e+00	145	885	1	727
A0A8V1A049	A0A8V1A049_CHICK Mucin-5AC	885	GlyColumba	A0A2I0MKW7	A0A2I0MKW7_COLLI von Willebrand factor	2805	641.0	23.4	2.61e-68	135	870	1868	2803
A0A8V1A049	A0A8V1A049_CHICK Mucin-5AC	885	GlyColumba	A0A2I0MHQ6	A0A2I0MHQ6_COLLI Mucin-2 (Fragment)	1484	356.0	24.7	2.92e-35	64	632	717	1287
A0A8V1A049	A0A8V1A049_CHICK Mucin-5AC	885	GlyColumba	A0A2I0LWB2	A0A2I0LWB2_COLLI Tenascin C, transcript variant X3	1503	123.0	24.5	3.04e-08	432	706	207	489
A0A8V1A049	A0A8V1A049_CHICK Mucin-5AC	885	GlyColumba	A0A2I0LS76	A0A2I0LS76_COLLI Sortilin-related receptor	2109	100.0	23.2	1.41e-05	463	872	905	1279
A0A8V1A2G9	A0A8V1A2G9_CHICK Disintegrin and metalloproteinase domain-containing protein 10	758	GlyColumba	A0A2I0M6R4	A0A2I0M6R4_COLLI Disintegrin and metalloproteinase domain-containing protein 10	785	3852.0	95.5	0.00e+00	19	747	55	783
A0A8V1A2G9	A0A8V1A2G9_CHICK Disintegrin and metalloproteinase domain-containing protein 10	758	GlyColumba	A0A2I0MR14	A0A2I0MR14_COLLI Integrin beta (Fragment)	799	95.0	27.4	4.59e-05	455	598	472	634
A0A8V1A2G9	A0A8V1A2G9_CHICK Disintegrin and metalloproteinase domain-containing protein 10	758	GlyColumba	A0A2I0LWB2	A0A2I0LWB2_COLLI Tenascin C, transcript variant X3	1503	91.0	26.0	1.34e-04	450	581	287	435
A0A8V1A2G9	A0A8V1A2G9_CHICK Disintegrin and metalloproteinase domain-containing protein 10	758	GlyColumba	A0A2I0MKA0	A0A2I0MKA0_COLLI Signal peptide, CUB domain, EGF-like 1	981	87.0	21.2	3.89e-04	459	646	221	431
A0A8V1A2G9	A0A8V1A2G9_CHICK Disintegrin and metalloproteinase domain-containing protein 10	758	GlyColumba	A0A2I0M3B3	A0A2I0M3B3_COLLI Agrin	2090	86.0	22.0	5.08e-04	458	605	432	579
A0A8V1A3E3	A0A8V1A3E3_CHICK C3 and PZP like alpha-2-macroglobulin domain containing 8	1840	GlyColumba	A0A2I0LXW7	A0A2I0LXW7_COLLI Ovostatin	1474	1322.0	26.2	5.87e-147	107	1670	130	1468
A0A8V1A3E3	A0A8V1A3E3_CHICK C3 and PZP like alpha-2-macroglobulin domain containing 8	1840	GlyColumba	A0A2I0LXV9	A0A2I0LXV9_COLLI Ovostatin	1448	1307.0	27.6	3.22e-145	107	1650	111	1430
A0A8V1A3E3	A0A8V1A3E3_CHICK C3 and PZP like alpha-2-macroglobulin domain containing 8	1840	GlyColumba	A0A2I0MS36	A0A2I0MS36_COLLI Complement C4	1684	882.0	23.0	6.16e-96	8	1681	11	1535
A0A8V1A3E3	A0A8V1A3E3_CHICK C3 and PZP like alpha-2-macroglobulin domain containing 8	1840	GlyColumba	A0A2I0LIT5	A0A2I0LIT5_COLLI NTR domain-containing protein	858	449.0	25.4	9.97e-46	755	1565	75	688
A0A8V1A3E3	A0A8V1A3E3_CHICK C3 and PZP like alpha-2-macroglobulin domain containing 8	1840	GlyColumba	A0A2I0MA33	A0A2I0MA33_COLLI Follistatin-like 4, transcript variant X2	841	126.0	45.8	2.84e-08	1710	1757	87	134
A0A8V1A464	A0A8V1A464_CHICK Sortilin-related receptor	2143	GlyColumba	A0A2I0LS76	A0A2I0LS76_COLLI Sortilin-related receptor	2109	10554.0	90.9	0.00e+00	35	2143	1	2109
A0A8V1A464	A0A8V1A464_CHICK Sortilin-related receptor	2143	GlyColumba	A0A2I0LVH6	A0A2I0LVH6_COLLI Suppressor of tumorigenicity 14 protein homolog	845	344.0	42.8	1.74e-33	1010	1164	444	594
A0A8V1A464	A0A8V1A464_CHICK Sortilin-related receptor	2143	GlyColumba	A0A2I0LWB2	A0A2I0LWB2_COLLI Tenascin C, transcript variant X3	1503	300.0	23.0	2.20e-28	951	1965	176	1026
A0A8V1A464	A0A8V1A464_CHICK Sortilin-related receptor	2143	GlyColumba	A0A2I0M028	A0A2I0M028_COLLI Sortilin 1 (Fragment)	374	273.0	28.2	2.97e-25	132	472	7	322
A0A8V1A464	A0A8V1A464_CHICK Sortilin-related receptor	2143	GlyColumba	A0A2I0MC72	A0A2I0MC72_COLLI Receptor-type tyrosine-protein phosphatase F	1901	173.0	21.3	1.17e-13	1497	2029	425	988
A0A8V1A8Y2	A0A8V1A8Y2_CHICK Ectonucleoside triphosphate diphosphohydrolase 8	511	GlyColumba	A0A2I0LMD1	A0A2I0LMD1_COLLI Ectonucleoside triphosphate diphosphohydrolase 8	493	2154.0	80.9	5.45e-244	19	511	1	493
A0A8V1A8Z2	A0A8V1A8Z2_CHICK Torsin-1A	365	GlyColumba	A0A2I0M3T2	A0A2I0M3T2_COLLI Torsin-1A	296	1352.0	89.1	3.87e-151	81	364	12	295
A0A8V1A8Z2	A0A8V1A8Z2_CHICK Torsin-1A	365	GlyColumba	A0A2I0M3R8	A0A2I0M3R8_COLLI Torsin family 1, member B (Torsin B)	290	1058.0	69.7	4.77e-117	92	365	8	281
A0A8V1A8Z2	A0A8V1A8Z2_CHICK Torsin-1A	365	GlyColumba	A0A2I0LHZ2	A0A2I0LHZ2_COLLI Torsin-2A	281	722.0	50.0	4.37e-78	94	363	12	281
A0A8V1AC68	A0A8V1AC68_CHICK Torsin	315	GlyColumba	A0A2I0LHZ2	A0A2I0LHZ2_COLLI Torsin-2A	281	1269.0	86.4	1.41e-141	44	315	10	281
A0A8V1AC68	A0A8V1AC68_CHICK Torsin	315	GlyColumba	A0A2I0M3R8	A0A2I0M3R8_COLLI Torsin family 1, member B (Torsin B)	290	701.0	49.1	1.03e-75	41	311	5	275
A0A8V1AC68	A0A8V1AC68_CHICK Torsin	315	GlyColumba	A0A2I0M3T2	A0A2I0M3T2_COLLI Torsin-1A	296	686.0	47.0	5.63e-74	46	315	25	294
A0A8V1ACV3	A0A8V1ACV3_CHICK Vitronectin	438	GlyColumba	A0A2I0LLF2	A0A2I0LLF2_COLLI Vitronectin	371	1392.0	75.7	1.07e-155	1	344	1	336
A0A8V1AK78	A0A8V1AK78_CHICK Carboxypeptidase D	1360	GlyColumba	A0A2I0LND8	A0A2I0LND8_COLLI Carboxypeptidase D	952	4657.0	91.1	0.00e+00	409	1360	1	952
A0A8V1AK78	A0A8V1AK78_CHICK Carboxypeptidase D	1360	GlyColumba	A0A2I0MN05	A0A2I0MN05_COLLI Carboxypeptidase Z	649	878.0	45.4	1.32e-95	462	855	165	583
A0A8V1AK78	A0A8V1AK78_CHICK Carboxypeptidase D	1360	GlyColumba	A0A2I0LW90	A0A2I0LW90_COLLI Carboxypeptidase E	364	801.0	49.3	1.12e-86	543	861	1	348
A0A8V1ALI6	A0A8V1ALI6_CHICK Lysosomal alpha-glucosidase	883	GlyColumba	A0A2I0M0W8	A0A2I0M0W8_COLLI Lysosomal alpha-glucosidase, transcript variant X1	928	2484.0	51.7	5.11e-282	1	882	44	927
E1C4I5	E1C4I5_CHICK Sulfotransferase	320	GlyColumba	A0A2I0MM37	A0A2I0MM37_COLLI Sulfotransferase	320	1635.0	95.0	5.18e-184	1	320	1	320
P01012	OVAL_CHICK Ovalbumin	386	GlyColumba	A0A2I0MWA2	A0A2I0MWA2_COLLI Ovalbumin-like	386	1357.0	67.1	1.08e-151	1	386	1	386
P01012	OVAL_CHICK Ovalbumin	386	GlyColumba	A0A2I0MW20	A0A2I0MW20_COLLI Ovalbumin-related protein X	388	1251.0	61.9	2.11e-139	1	386	1	388
P01012	OVAL_CHICK Ovalbumin	386	GlyColumba	A0A1R7T3L5	A0A1R7T3L5_COLLI Ovalbumin-related protein Y	388	1208.0	58.2	2.04e-134	1	386	1	388
P01012	OVAL_CHICK Ovalbumin	386	GlyColumba	A0A2I0MED6	A0A2I0MED6_COLLI Antithrombin-III (Fragment)	502	469.0	31.7	1.00e-48	4	386	121	500
P01012	OVAL_CHICK Ovalbumin	386	GlyColumba	A0A2I0MP02	A0A2I0MP02_COLLI Serpin peptidase inhibitor, clade A (Alpha-1 antiproteinase, antitrypsin), member 10, transcript variant X2	439	360.0	25.7	4.37e-36	11	386	78	436
P08941	ROS1_CHICK Proto-oncogene tyrosine-protein kinase ROS	2311	GlyColumba	A0A2I0MUF3	A0A2I0MUF3_COLLI Tyrosine-protein kinase receptor	2300	9995.0	80.6	0.00e+00	1	2309	1	2300
P08941	ROS1_CHICK Proto-oncogene tyrosine-protein kinase ROS	2311	GlyColumba	A0A2I0MF50	A0A2I0MF50_COLLI Proto-oncogene tyrosine-protein kinase receptor Ret	1107	620.0	37.5	1.86e-65	1880	2235	631	1001
P08941	ROS1_CHICK Proto-oncogene tyrosine-protein kinase ROS	2311	GlyColumba	A0A2I0MC72	A0A2I0MC72_COLLI Receptor-type tyrosine-protein phosphatase F	1901	192.0	27.9	7.92e-16	111	285	320	499
P08941	ROS1_CHICK Proto-oncogene tyrosine-protein kinase ROS	2311	GlyColumba	A0A2I0LSI4	A0A2I0LSI4_COLLI non-specific serine/threonine protein kinase (Fragment)	595	161.0	27.1	3.11e-12	1967	2221	9	235
P08941	ROS1_CHICK Proto-oncogene tyrosine-protein kinase ROS	2311	GlyColumba	A0A2I0MJN3	A0A2I0MJN3_COLLI Neuronal cell adhesion molecule	1273	114.0	26.6	8.77e-07	119	292	737	930
Q9PRS8	OC17_CHICK Ovocleidin-17	142	GlyColumba	A0A2I0MIT9	A0A2I0MIT9_COLLI Lymphocyte antigen 75	1842	132.0	25.4	4.41e-10	5	139	473	597
R4GFJ0	R4GFJ0_CHICK Carboxypeptidase E	469	GlyColumba	A0A2I0LW90	A0A2I0LW90_COLLI Carboxypeptidase E	364	1903.0	97.5	6.37e-215	106	469	1	364
R4GFJ0	R4GFJ0_CHICK Carboxypeptidase E	469	GlyColumba	A0A2I0MN05	A0A2I0MN05_COLLI Carboxypeptidase Z	649	1045.0	50.2	1.97e-115	42	442	180	578
R4GFJ0	R4GFJ0_CHICK Carboxypeptidase E	469	GlyColumba	A0A2I0LND8	A0A2I0LND8_COLLI Carboxypeptidase D	952	985.0	49.2	1.79e-108	42	457	71	457
A0A8V0XJP9	A0A8V0XJP9_CHICK ADAM metallopeptidase with thrombospondin type 1 motif 3	1227	GlyColumba	A0A2I0M6Z2	A0A2I0M6Z2_COLLI Thrombospondin, type I, domain containing 4	623	337.0	31.0	6.46e-33	590	850	309	550
A0A8V0XJP9	A0A8V0XJP9_CHICK ADAM metallopeptidase with thrombospondin type 1 motif 3	1227	GlyColumba	A0A2I0MPF2	A0A2I0MPF2_COLLI Thrombospondin 1	997	195.0	30.3	1.89e-16	873	1042	215	381
A0A8V0XJP9	A0A8V0XJP9_CHICK ADAM metallopeptidase with thrombospondin type 1 motif 3	1227	GlyColumba	A0A2I0M6R4	A0A2I0M6R4_COLLI Disintegrin and metalloproteinase domain-containing protein 10	785	136.0	20.5	1.31e-09	55	684	72	676
A0A8V0Z7J9	A0A8V0Z7J9_CHICK acid phosphatase	374	GlyColumba	A0A2I0MQP3	A0A2I0MQP3_COLLI acid phosphatase	374	1822.0	87.9	1.25e-205	1	373	1	373
A0A8V0Z7J9	A0A8V0Z7J9_CHICK acid phosphatase	374	GlyColumba	A0A2I0MQQ3	A0A2I0MQQ3_COLLI acid phosphatase	421	1034.0	52.9	2.97e-114	13	372	13	375
A0A8V0Z7J9	A0A8V0Z7J9_CHICK acid phosphatase	374	GlyColumba	A0A2I0MNF7	A0A2I0MNF7_COLLI Lysosomal acid phosphatase	356	679.0	45.7	4.33e-73	99	374	29	304
A0A8V0Z7J9	A0A8V0Z7J9_CHICK acid phosphatase	374	GlyColumba	A0A2I0LX64	A0A2I0LX64_COLLI Multiple inositol polyphosphate phosphatase 1	327	90.0	22.9	8.61e-05	131	355	44	318
A0A8V0ZE06	A0A8V0ZE06_CHICK SPARC (osteonectin), cwcv and kazal like domains proteoglycan 2	354	GlyColumba	A0A2I0M3B3	A0A2I0M3B3_COLLI Agrin	2090	122.0	33.7	1.59e-08	54	146	317	398
A0A8V0ZE06	A0A8V0ZE06_CHICK SPARC (osteonectin), cwcv and kazal like domains proteoglycan 2	354	GlyColumba	A0A2I0MA33	A0A2I0MA33_COLLI Follistatin-like 4, transcript variant X2	841	116.0	26.1	7.88e-08	55	256	58	241
A0A8V0ZE06	A0A8V0ZE06_CHICK SPARC (osteonectin), cwcv and kazal like domains proteoglycan 2	354	GlyColumba	A0A2I0MNY5	A0A2I0MNY5_COLLI SPARC related modular calcium binding 1	446	106.0	41.5	1.14e-06	258	298	98	137
A0A8V0ZE06	A0A8V0ZE06_CHICK SPARC (osteonectin), cwcv and kazal like domains proteoglycan 2	354	GlyColumba	A0A2I0LWJ2	A0A2I0LWJ2_COLLI Ovomucoid	470	89.0	26.6	1.06e-04	110	308	246	413
A0A8V1ACV0	A0A8V1ACV0_CHICK Polymeric immunoglobulin receptor	661	GlyColumba	A0A2I0MSX2	A0A2I0MSX2_COLLI HERV-H LTR-associating 2, transcript variant X3	347	88.0	23.9	2.60e-04	168	281	225	332
A0A8V1ACV0	A0A8V1ACV0_CHICK Polymeric immunoglobulin receptor	661	GlyColumba	A0A2I0LVG2	A0A2I0LVG2_COLLI Melanoma cell adhesion molecule (Fragment)	592	85.0	28.2	5.79e-04	56	156	41	141
E1C5R1	E1C5R1_CHICK Uncharacterized protein	512	GlyColumba	A0A2I0M2P9	A0A2I0M2P9_COLLI Tsukushi	352	202.0	26.2	1.21e-17	110	425	54	312
E1C5R1	E1C5R1_CHICK Uncharacterized protein	512	GlyColumba	A0A2I0LTN4	A0A2I0LTN4_COLLI Leucine-rich repeat and fibronectin type-III domain-containing protein 5	736	201.0	28.1	1.59e-17	6	219	5	226
E1C5R1	E1C5R1_CHICK Uncharacterized protein	512	GlyColumba	A0A2I0MCK4	A0A2I0MCK4_COLLI LRRCT domain-containing protein (Fragment)	361	122.0	25.4	2.30e-08	278	460	42	205
A0A8V0XA58	A0A8V0XA58_CHICK Matrix extracellular phosphoglycoprotein	752	GlyColumba	A0A2I0MGY6	A0A2I0MGY6_COLLI Ovocleidin-116	895	851.0	35.3	9.90e-93	29	737	94	872
A0A8V0XA58	A0A8V0XA58_CHICK Matrix extracellular phosphoglycoprotein	752	GlyColumba	A0A2I0LIE3	A0A2I0LIE3_COLLI FZ domain-containing protein	1343	118.0	22.9	9.81e-08	72	640	377	884
A0A8V0XA58	A0A8V0XA58_CHICK Matrix extracellular phosphoglycoprotein	752	GlyColumba	A0A2I0LKB3	A0A2I0LKB3_COLLI Collagen, type II, alpha 1	775	91.0	23.8	1.33e-04	350	614	11	264
A0A8V0XA58	A0A8V0XA58_CHICK Matrix extracellular phosphoglycoprotein	752	GlyColumba	A0A2I0M933	A0A2I0M933_COLLI Multimerin 1	1189	88.0	24.2	2.95e-04	305	458	28	182
A0A140T8H8	A0A140T8H8_CHICK Riboflavin binding protein	238	GlyColumba	A0A2I0LS76	A0A2I0LS76_COLLI Sortilin-related receptor	2109	81.0	26.4	6.06e-04	10	148	1326	1465
A0A1D5NW68	A0A1D5NW68_CHICK Albumin	565	GlyColumba	A0A2I0MH12	A0A2I0MH12_COLLI Albumin	609	2463.0	79.8	8.90e-280	1	565	51	609
A0A1D5P952	A0A1D5P952_CHICK Choline transporter-like protein	689	GlyColumba	A0A2I0MCH5	A0A2I0MCH5_COLLI Choline transporter-like protein	713	3507.0	97.9	0.00e+00	13	678	11	676
A0A1D5PZ68	A0A1D5PZ68_CHICK Semaphorin-3C	751	GlyColumba	A0A2I0MDB7	A0A2I0MDB7_COLLI Semaphorin-6D (Fragment)	1141	697.0	28.8	7.12e-75	48	603	98	677
A0A3Q3ADW5	A0A3Q3ADW5_CHICK EGF like repeats and discoidin domains 3	480	GlyColumba	A0A2I0MGH1	A0A2I0MGH1_COLLI von Willebrand factor D and EGF domain-containing protein-like	1919	180.0	32.4	4.05e-15	12	167	1641	1795
A0A3Q3ADW5	A0A3Q3ADW5_CHICK EGF like repeats and discoidin domains 3	480	GlyColumba	A0A2I0LWB2	A0A2I0LWB2_COLLI Tenascin C, transcript variant X3	1503	141.0	22.9	1.35e-10	23	288	467	703
A0A3Q3ADW5	A0A3Q3ADW5_CHICK EGF like repeats and discoidin domains 3	480	GlyColumba	A0A2I0M3B3	A0A2I0M3B3_COLLI Agrin	2090	136.0	34.1	5.12e-10	77	156	1598	1676
A0A3Q3ADW5	A0A3Q3ADW5_CHICK EGF like repeats and discoidin domains 3	480	GlyColumba	A0A2I0MC29	A0A2I0MC29_COLLI Laminin, gamma 2	1143	135.0	29.0	6.69e-10	48	163	348	467
A0A3Q3ADW5	A0A3Q3ADW5_CHICK EGF like repeats and discoidin domains 3	480	GlyColumba	A0A2I0MSU1	A0A2I0MSU1_COLLI Growth arrest-specific 6	677	124.0	25.0	1.26e-08	26	147	121	265
A0A8V0X6X4	A0A8V0X6X4_CHICK Fibrinogen C-terminal domain-containing protein	290	GlyColumba	A0A2I0M3T0	A0A2I0M3T0_COLLI Angiopoietin-like 2	490	480.0	43.6	4.00e-50	89	288	288	483
A0A8V0X6X4	A0A8V0X6X4_CHICK Fibrinogen C-terminal domain-containing protein	290	GlyColumba	A0A2I0LWB2	A0A2I0LWB2_COLLI Tenascin C, transcript variant X3	1503	436.0	42.3	5.06e-45	89	288	1299	1489
A0A8V0X6X4	A0A8V0X6X4_CHICK Fibrinogen C-terminal domain-containing protein	290	GlyColumba	A0A2I0LXV0	A0A2I0LXV0_COLLI Fibrinogen gamma chain	436	396.0	35.7	2.20e-40	89	287	191	412
A0A8V0X6X4	A0A8V0X6X4_CHICK Fibrinogen C-terminal domain-containing protein	290	GlyColumba	A0A2I0LXU9	A0A2I0LXU9_COLLI Fibrinogen beta chain	480	357.0	35.9	7.32e-36	89	288	245	475
A0A8V0X9B4	A0A8V0X9B4_CHICK Immunoglobulin superfamily member 10	2487	GlyColumba	A0A2I0MJN3	A0A2I0MJN3_COLLI Neuronal cell adhesion molecule	1273	403.0	26.2	2.91e-40	1627	2236	64	649
A0A8V0X9B4	A0A8V0X9B4_CHICK Immunoglobulin superfamily member 10	2487	GlyColumba	A0A2I0MC72	A0A2I0MC72_COLLI Receptor-type tyrosine-protein phosphatase F	1901	240.0	24.0	2.31e-21	1537	2140	52	627
A0A8V0X9B4	A0A8V0X9B4_CHICK Immunoglobulin superfamily member 10	2487	GlyColumba	A0A2I0LTN4	A0A2I0LTN4_COLLI Leucine-rich repeat and fibronectin type-III domain-containing protein 5	736	179.0	25.0	2.74e-14	1	234	129	332
A0A8V0X9B4	A0A8V0X9B4_CHICK Immunoglobulin superfamily member 10	2487	GlyColumba	A0A2I0MCK4	A0A2I0MCK4_COLLI LRRCT domain-containing protein (Fragment)	361	169.0	26.3	3.96e-13	20	215	67	250
A0A8V0X9B4	A0A8V0X9B4_CHICK Immunoglobulin superfamily member 10	2487	GlyColumba	A0A2I0MA33	A0A2I0MA33_COLLI Follistatin-like 4, transcript variant X2	841	167.0	27.8	6.75e-13	1914	2105	259	442
A0A8V0XC39	A0A8V0XC39_CHICK Joining chain of multimeric IgA and IgM	155	GlyColumba	A0A2I0LR47	A0A2I0LR47_COLLI Joining chain of multimeric IgA and IgM	159	605.0	79.1	6.84e-65	18	155	22	159
A0A8V0XE76	A0A8V0XE76_CHICK Tetraspanin	236	GlyColumba	A0A2I0LYY5	A0A2I0LYY5_COLLI Tetraspanin	237	238.0	27.4	3.75e-22	17	226	22	236
A0A8V0XQI9	A0A8V0XQI9_CHICK Insulin like growth factor 2 receptor	2532	GlyColumba	A0A2I0MU58	A0A2I0MU58_COLLI Insulin-like growth factor 2 receptor	2452	11412.0	86.2	0.00e+00	129	2532	20	2452
A0A8V0XQI9	A0A8V0XQI9_CHICK Insulin like growth factor 2 receptor	2532	GlyColumba	A0A2I0MIT9	A0A2I0MIT9_COLLI Lymphocyte antigen 75	1842	113.0	43.5	1.26e-06	1941	1984	277	322
A0A8V0Y0K8	A0A8V0Y0K8_CHICK Slit homolog 2 protein	1529	GlyColumba	A0A2I0M3B3	A0A2I0M3B3_COLLI Agrin	2090	346.0	32.1	7.28e-34	1115	1407	1371	1671
A0A8V0Y0K8	A0A8V0Y0K8_CHICK Slit homolog 2 protein	1529	GlyColumba	A0A2I0LTN4	A0A2I0LTN4_COLLI Leucine-rich repeat and fibronectin type-III domain-containing protein 5	736	271.0	30.0	3.62e-25	14	256	6	284
A0A8V0Y0K8	A0A8V0Y0K8_CHICK Slit homolog 2 protein	1529	GlyColumba	A0A2I0MKZ6	A0A2I0MKZ6_COLLI Vitamin K-dependent protein S	619	252.0	25.7	5.78e-23	953	1309	72	404
A0A8V0Y0K8	A0A8V0Y0K8_CHICK Slit homolog 2 protein	1529	GlyColumba	A0A2I0LWB2	A0A2I0LWB2_COLLI Tenascin C, transcript variant X3	1503	247.0	29.4	2.20e-22	910	1159	218	438
A0A8V0Y0K8	A0A8V0Y0K8_CHICK Slit homolog 2 protein	1529	GlyColumba	A0A2I0MGH1	A0A2I0MGH1_COLLI von Willebrand factor D and EGF domain-containing protein-like	1919	235.0	27.1	5.41e-21	865	1157	1629	1847
A0A8V0Y3L0	A0A8V0Y3L0_CHICK receptor protein-tyrosine kinase	1004	GlyColumba	A0A2I0MF50	A0A2I0MF50_COLLI Proto-oncogene tyrosine-protein kinase receptor Ret	1107	5139.0	94.8	0.00e+00	2	1004	85	1107
A0A8V0Y3L0	A0A8V0Y3L0_CHICK receptor protein-tyrosine kinase	1004	GlyColumba	A0A2I0MUF3	A0A2I0MUF3_COLLI Tyrosine-protein kinase receptor	2300	639.0	37.7	5.06e-68	548	918	1871	2226
A0A8V0Y3L0	A0A8V0Y3L0_CHICK receptor protein-tyrosine kinase	1004	GlyColumba	A0A2I0LSI4	A0A2I0LSI4_COLLI non-specific serine/threonine protein kinase (Fragment)	595	136.0	22.2	1.07e-09	640	907	9	250
A0A8V0Y3L0	A0A8V0Y3L0_CHICK receptor protein-tyrosine kinase	1004	GlyColumba	A0A2I0LI51	A0A2I0LI51_COLLI Cadherin-1 (Fragment)	1904	92.0	28.1	1.36e-04	122	210	1145	1230
A0A8V0Y3L0	A0A8V0Y3L0_CHICK receptor protein-tyrosine kinase	1004	GlyColumba	A0A2I0MXF2	A0A2I0MXF2_COLLI Desmoglein 4	1162	88.0	20.3	3.94e-04	106	326	78	281
A0A8V0Y3T8	A0A8V0Y3T8_CHICK Phospholipase B-like	589	GlyColumba	A0A2I0MJT8	A0A2I0MJT8_COLLI Phospholipase B-like	528	2602.0	86.0	7.07e-296	27	589	11	528
A0A8V0Y4G2	A0A8V0Y4G2_CHICK Cathepsin B	360	GlyColumba	A0A2I0LHM5	A0A2I0LHM5_COLLI Tubulointerstitial nephritis antigen-like 1	462	455.0	33.4	3.93e-47	46	360	139	454
A0A8V0Y4G2	A0A8V0Y4G2_CHICK Cathepsin B	360	GlyColumba	A0A2I0MDM6	A0A2I0MDM6_COLLI Pro-cathepsin H	259	274.0	29.2	3.82e-26	101	353	41	259
A0A8V0Y4G2	A0A8V0Y4G2_CHICK Cathepsin B	360	GlyColumba	A0A2I0MFW0	A0A2I0MFW0_COLLI Cathepsin L	338	231.0	28.9	3.70e-21	110	342	123	329
A0A8V0Y614	A0A8V0Y614_CHICK Ovalbumin-related protein X (SERPINB14C)	388	GlyColumba	A0A2I0MW20	A0A2I0MW20_COLLI Ovalbumin-related protein X	388	1564.0	77.3	1.07e-175	1	388	1	388
A0A8V0Y614	A0A8V0Y614_CHICK Ovalbumin-related protein X (SERPINB14C)	388	GlyColumba	A0A1R7T3L5	A0A1R7T3L5_COLLI Ovalbumin-related protein Y	388	1350.0	65.7	7.01e-151	1	388	1	388
A0A8V0Y614	A0A8V0Y614_CHICK Ovalbumin-related protein X (SERPINB14C)	388	GlyColumba	A0A2I0MWA2	A0A2I0MWA2_COLLI Ovalbumin-like	386	1157.0	57.7	1.68e-128	1	388	1	386
A0A8V0Y614	A0A8V0Y614_CHICK Ovalbumin-related protein X (SERPINB14C)	388	GlyColumba	A0A2I0MED6	A0A2I0MED6_COLLI Antithrombin-III (Fragment)	502	546.0	35.2	1.19e-57	4	388	121	500
A0A8V0Y614	A0A8V0Y614_CHICK Ovalbumin-related protein X (SERPINB14C)	388	GlyColumba	A0A2I0MP02	A0A2I0MP02_COLLI Serpin peptidase inhibitor, clade A (Alpha-1 antiproteinase, antitrypsin), member 10, transcript variant X2	439	395.0	28.4	3.84e-40	9	388	76	436
A0A8V0Y753	A0A8V0Y753_CHICK Signal peptide, CUB domain and EGF like domain containing 1	949	GlyColumba	A0A2I0MKA0	A0A2I0MKA0_COLLI Signal peptide, CUB domain, EGF-like 1	981	5204.0	94.1	0.00e+00	1	949	1	981
A0A8V0Y753	A0A8V0Y753_CHICK Signal peptide, CUB domain and EGF like domain containing 1	949	GlyColumba	A0A2I0MKZ6	A0A2I0MKZ6_COLLI Vitamin K-dependent protein S	619	318.0	40.0	7.97e-31	41	200	81	235
A0A8V0Y753	A0A8V0Y753_CHICK Signal peptide, CUB domain and EGF like domain containing 1	949	GlyColumba	A0A2I0MSU1	A0A2I0MSU1_COLLI Growth arrest-specific 6	677	234.0	34.6	4.38e-21	152	306	112	263
A0A8V0Y753	A0A8V0Y753_CHICK Signal peptide, CUB domain and EGF like domain containing 1	949	GlyColumba	A0A2I0LWB2	A0A2I0LWB2_COLLI Tenascin C, transcript variant X3	1503	187.0	24.6	1.24e-15	2	416	215	613
A0A8V0Y753	A0A8V0Y753_CHICK Signal peptide, CUB domain and EGF like domain containing 1	949	GlyColumba	A0A2I0MCI7	A0A2I0MCI7_COLLI Laminin, gamma 1 (Formerly LAMB2) (Fragment)	1541	154.0	26.2	8.29e-12	20	308	692	968
A0A8V0YCN2	A0A8V0YCN2_CHICK KIAA1549	1871	GlyColumba	A0A2I0MFX8	A0A2I0MFX8_COLLI KIAA2026 ortholog	2021	98.0	20.7	5.09e-05	29	887	1161	2011
A0A8V0YCN2	A0A8V0YCN2_CHICK KIAA1549	1871	GlyColumba	A0A2I0MST3	A0A2I0MST3_COLLI B-cell CLL/lymphoma 9 protein	1395	97.0	23.7	6.65e-05	1527	1820	842	1132
A0A8V0YCN2	A0A8V0YCN2_CHICK KIAA1549	1871	GlyColumba	A0A2I0LIE3	A0A2I0LIE3_COLLI FZ domain-containing protein	1343	94.0	25.9	1.48e-04	1549	1815	521	796
A0A8V0YDU6	A0A8V0YDU6_CHICK FAT atypical cadherin 1	4613	GlyColumba	A0A2I0LQS3	A0A2I0LQS3_COLLI Protocadherin-10-like (Fragment)	1237	981.0	28.0	5.12e-107	2293	3357	118	1230
A0A8V0YDU6	A0A8V0YDU6_CHICK FAT atypical cadherin 1	4613	GlyColumba	A0A2I0LI51	A0A2I0LI51_COLLI Cadherin-1 (Fragment)	1904	721.0	24.5	7.21e-77	2214	3543	66	1608
A0A8V0YDU6	A0A8V0YDU6_CHICK FAT atypical cadherin 1	4613	GlyColumba	A0A2I0MXF2	A0A2I0MXF2_COLLI Desmoglein 4	1162	361.0	27.1	4.00e-35	3074	3542	74	562
A0A8V0YDU6	A0A8V0YDU6_CHICK FAT atypical cadherin 1	4613	GlyColumba	A0A2I0M3B3	A0A2I0M3B3_COLLI Agrin	2090	328.0	27.1	2.68e-31	3818	4114	1381	1671
A0A8V0YDU6	A0A8V0YDU6_CHICK FAT atypical cadherin 1	4613	GlyColumba	A0A2I0MGH1	A0A2I0MGH1_COLLI von Willebrand factor D and EGF domain-containing protein-like	1919	225.0	38.0	2.36e-19	4076	4199	1137	1269
A0A8V0YEE2	A0A8V0YEE2_CHICK Germinal-center associated nuclear protein	1792	GlyColumba	A0A2I0LKB3	A0A2I0LKB3_COLLI Collagen, type II, alpha 1	775	120.0	29.4	1.37e-07	4	245	74	299
A0A8V0YEE2	A0A8V0YEE2_CHICK Germinal-center associated nuclear protein	1792	GlyColumba	A0A2I0MU88	A0A2I0MU88_COLLI PHD finger protein 3, transcript variant X1	2077	88.0	28.5	7.04e-04	45	160	1814	1931
A0A8V0YEE2	A0A8V0YEE2_CHICK Germinal-center associated nuclear protein	1792	GlyColumba	A0A2I0MFX8	A0A2I0MFX8_COLLI KIAA2026 ortholog	2021	88.0	21.6	7.04e-04	745	933	1800	2000
A0A8V0YEE2	A0A8V0YEE2_CHICK Germinal-center associated nuclear protein	1792	GlyColumba	A0A2I0MST3	A0A2I0MST3_COLLI B-cell CLL/lymphoma 9 protein	1395	87.0	25.3	9.20e-04	29	251	237	467
A0A8V0YMN1	A0A8V0YMN1_CHICK Lysosomal protective protein	1128	GlyColumba	A0A2I0M2B8	A0A2I0M2B8_COLLI Carboxypeptidase	426	1830.0	91.5	4.47e-206	737	1101	1	364
A0A8V0YNW1	A0A8V0YNW1_CHICK Embigin	319	GlyColumba	A0A2I0M6V4	A0A2I0M6V4_COLLI Neuroplastin	358	193.0	26.6	8.37e-17	87	303	113	324
A0A8V0YNW1	A0A8V0YNW1_CHICK Embigin	319	GlyColumba	A0A2I0MJN3	A0A2I0MJN3_COLLI Neuronal cell adhesion molecule	1273	92.0	27.2	4.31e-05	123	252	479	597
A0A8V0YNW1	A0A8V0YNW1_CHICK Embigin	319	GlyColumba	A0A2I0MA33	A0A2I0MA33_COLLI Follistatin-like 4, transcript variant X2	841	86.0	26.1	2.14e-04	71	259	235	419
A0A8V0YPM0	A0A8V0YPM0_CHICK Serine peptidase inhibitor, Kazal type 7 (putative)	241	GlyColumba	A0A2I0LWI9	A0A2I0LWI9_COLLI Ovomucoid	207	730.0	59.5	3.41e-79	32	241	1	207
A0A8V0YPM0	A0A8V0YPM0_CHICK Serine peptidase inhibitor, Kazal type 7 (putative)	241	GlyColumba	A0A2I0LWJ2	A0A2I0LWJ2_COLLI Ovomucoid	470	507.0	49.7	2.46e-53	58	241	287	470
A0A8V0YPM0	A0A8V0YPM0_CHICK Serine peptidase inhibitor, Kazal type 7 (putative)	241	GlyColumba	A0A2I0M3B3	A0A2I0M3B3_COLLI Agrin	2090	205.0	27.3	2.57e-18	77	241	427	613
A0A8V0YRN1	A0A8V0YRN1_CHICK ADAMTS like 3	1785	GlyColumba	A0A2I0M6Z2	A0A2I0M6Z2_COLLI Thrombospondin, type I, domain containing 4	623	323.0	32.0	3.95e-31	120	315	309	507
A0A8V0YRN1	A0A8V0YRN1_CHICK ADAMTS like 3	1785	GlyColumba	A0A2I0MPF2	A0A2I0MPF2_COLLI Thrombospondin 1	997	177.0	29.1	3.36e-14	585	772	215	374
A0A8V0YRN1	A0A8V0YRN1_CHICK ADAMTS like 3	1785	GlyColumba	A0A2I0MA33	A0A2I0MA33_COLLI Follistatin-like 4, transcript variant X2	841	153.0	27.4	2.04e-11	1225	1410	264	441
A0A8V0YRN1	A0A8V0YRN1_CHICK ADAMTS like 3	1785	GlyColumba	A0A2I0MC72	A0A2I0MC72_COLLI Receptor-type tyrosine-protein phosphatase F	1901	143.0	22.7	2.94e-10	1227	1481	49	286
A0A8V0YRN1	A0A8V0YRN1_CHICK ADAMTS like 3	1785	GlyColumba	A0A2I0MJN3	A0A2I0MJN3_COLLI Neuronal cell adhesion molecule	1273	141.0	24.2	5.01e-10	1228	1503	361	607
A0A8V0YSA6	A0A8V0YSA6_CHICK Bactericidal permeability-increasing protein	170	GlyColumba	A0A2I0M2C8	A0A2I0M2C8_COLLI Phospholipid transfer protein (Fragment)	584	130.0	25.0	9.01e-10	8	155	85	227
A0A8V0YU47	A0A8V0YU47_CHICK Carboxypeptidase X, M14 family member 1	768	GlyColumba	A0A2I0MN05	A0A2I0MN05_COLLI Carboxypeptidase Z	649	1012.0	49.0	2.17e-111	323	714	168	555
A0A8V0YU47	A0A8V0YU47_CHICK Carboxypeptidase X, M14 family member 1	768	GlyColumba	A0A2I0LND8	A0A2I0LND8_COLLI Carboxypeptidase D	952	938.0	46.7	8.25e-103	313	742	59	448
A0A8V0YU47	A0A8V0YU47_CHICK Carboxypeptidase X, M14 family member 1	768	GlyColumba	A0A2I0LW90	A0A2I0LW90_COLLI Carboxypeptidase E	364	784.0	47.1	5.94e-85	395	725	1	327
A0A8V0YU47	A0A8V0YU47_CHICK Carboxypeptidase X, M14 family member 1	768	GlyColumba	A0A2I0MTP6	A0A2I0MTP6_COLLI Collagen alpha-1(XII) chain	2482	94.0	29.5	6.08e-05	18	155	2114	2231
A0A8V0YU47	A0A8V0YU47_CHICK Carboxypeptidase X, M14 family member 1	768	GlyColumba	A0A2I0LKB3	A0A2I0LKB3_COLLI Collagen, type II, alpha 1	775	90.0	30.3	1.77e-04	28	188	256	418
A0A8V0YW85	A0A8V0YW85_CHICK Serine peptidase inhibitor, Kazal type 5	451	GlyColumba	A0A2I0LWJ2	A0A2I0LWJ2_COLLI Ovomucoid	470	1937.0	74.8	6.99e-219	4	451	25	470
A0A8V0YW85	A0A8V0YW85_CHICK Serine peptidase inhibitor, Kazal type 5	451	GlyColumba	A0A2I0LWI9	A0A2I0LWI9_COLLI Ovomucoid	207	447.0	46.5	4.17e-46	268	451	26	207
A0A8V0YW85	A0A8V0YW85_CHICK Serine peptidase inhibitor, Kazal type 5	451	GlyColumba	A0A2I0M3B3	A0A2I0M3B3_COLLI Agrin	2090	420.0	29.5	5.63e-43	23	451	279	743
A0A8V0YZ17	A0A8V0YZ17_CHICK Bactericidal permeability-increasing protein	323	GlyColumba	A0A2I0M2C8	A0A2I0M2C8_COLLI Phospholipid transfer protein (Fragment)	584	246.0	24.4	6.06e-23	11	309	241	540
A0A8V0Z8K3	A0A8V0Z8K3_CHICK acid phosphatase	390	GlyColumba	A0A2I0MQQ3	A0A2I0MQQ3_COLLI acid phosphatase	421	1786.0	85.2	1.95e-201	1	384	1	384
A0A8V0Z8K3	A0A8V0Z8K3_CHICK acid phosphatase	390	GlyColumba	A0A2I0MQP3	A0A2I0MQP3_COLLI acid phosphatase	374	1018.0	53.2	2.22e-112	13	375	13	372
A0A8V0Z8K3	A0A8V0Z8K3_CHICK acid phosphatase	390	GlyColumba	A0A2I0MNF7	A0A2I0MNF7_COLLI Lysosomal acid phosphatase	356	719.0	44.2	1.04e-77	99	390	29	316
A0A8V0ZBQ2	A0A8V0ZBQ2_CHICK Attractin	1405	GlyColumba	A0A2I0MCI7	A0A2I0MCI7_COLLI Laminin, gamma 1 (Formerly LAMB2) (Fragment)	1541	191.0	42.9	6.29e-16	1036	1127	653	748
A0A8V0ZBQ2	A0A8V0ZBQ2_CHICK Attractin	1405	GlyColumba	A0A2I0MC29	A0A2I0MC29_COLLI Laminin, gamma 2	1143	167.0	27.2	3.81e-13	935	1127	326	523
A0A8V0ZBQ2	A0A8V0ZBQ2_CHICK Attractin	1405	GlyColumba	A0A2I0LWB2	A0A2I0LWB2_COLLI Tenascin C, transcript variant X3	1503	137.0	22.1	1.15e-09	869	1131	174	486
A0A8V0ZBQ2	A0A8V0ZBQ2_CHICK Attractin	1405	GlyColumba	A0A2I0MGH1	A0A2I0MGH1_COLLI von Willebrand factor D and EGF domain-containing protein-like	1919	128.0	24.6	1.27e-08	868	1125	1626	1876
A0A8V0ZBQ2	A0A8V0ZBQ2_CHICK Attractin	1405	GlyColumba	A0A2I0M2P0	A0A2I0M2P0_COLLI Teneurin transmembrane protein 4	2085	116.0	36.7	3.13e-07	230	298	76	146
A0A8V0ZD24	A0A8V0ZD24_CHICK Hyaluronan and proteoglycan link protein 3	427	GlyColumba	A0A2I0MDE8	A0A2I0MDE8_COLLI Hyaluronan and proteoglycan link protein 3	352	1615.0	81.9	1.44e-181	69	427	1	352
A0A8V0ZKM2	A0A8V0ZKM2_CHICK Ovostatin	1473	GlyColumba	A0A2I0LXW7	A0A2I0LXW7_COLLI Ovostatin	1474	6341.0	81.5	0.00e+00	1	1472	1	1473
A0A8V0ZKM2	A0A8V0ZKM2_CHICK Ovostatin	1473	GlyColumba	A0A2I0LXV9	A0A2I0LXV9_COLLI Ovostatin	1448	3753.0	51.0	0.00e+00	20	1465	1	1443
A0A8V0ZKM2	A0A8V0ZKM2_CHICK Ovostatin	1473	GlyColumba	A0A2I0MS36	A0A2I0MS36_COLLI Complement C4	1684	885.0	24.2	2.21e-96	22	1454	4	1506
A0A8V0ZKM2	A0A8V0ZKM2_CHICK Ovostatin	1473	GlyColumba	A0A2I0LIT5	A0A2I0LIT5_COLLI NTR domain-containing protein	858	484.0	27.3	6.98e-50	759	1334	71	627
A0A8V0ZKM2	A0A8V0ZKM2_CHICK Ovostatin	1473	GlyColumba	A0A2I0LG85	A0A2I0LG85_COLLI Alpha-2-macroglobulin-like protein 1 (Fragment)	101	99.0	26.1	3.07e-05	66	153	9	100
A0A8V0ZKW5	A0A8V0ZKW5_CHICK Toll like receptor 21	1083	GlyColumba	A0A2I0LTN4	A0A2I0LTN4_COLLI Leucine-rich repeat and fibronectin type-III domain-containing protein 5	736	189.0	30.8	8.27e-16	557	745	55	243
A0A8V0ZKW5	A0A8V0ZKW5_CHICK Toll like receptor 21	1083	GlyColumba	A0A2I0M2P9	A0A2I0M2P9_COLLI Tsukushi	352	175.0	28.1	3.47e-14	507	756	88	329
A0A8V0ZKW5	A0A8V0ZKW5_CHICK Toll like receptor 21	1083	GlyColumba	A0A2I0MCK4	A0A2I0MCK4_COLLI LRRCT domain-containing protein (Fragment)	361	153.0	32.8	1.24e-11	178	310	35	169
A0A8V0ZNT7	A0A8V0ZNT7_CHICK Dickkopf-related protein 3	340	GlyColumba	A0A2I0MHN0	A0A2I0MHN0_COLLI Dickkopf-related protein 3	286	1365.0	91.4	1.12e-152	64	332	1	268
A0A8V0ZPK2	A0A8V0ZPK2_CHICK Angiopoietin-related protein 3	489	GlyColumba	A0A2I0M3T0	A0A2I0M3T0_COLLI Angiopoietin-like 2	490	384.0	26.2	9.13e-39	110	482	86	484
A0A8V0ZPK2	A0A8V0ZPK2_CHICK Angiopoietin-related protein 3	489	GlyColumba	A0A2I0LXV0	A0A2I0LXV0_COLLI Fibrinogen gamma chain	436	363.0	31.4	2.49e-36	109	482	57	414
A0A8V0ZPK2	A0A8V0ZPK2_CHICK Angiopoietin-related protein 3	489	GlyColumba	A0A2I0LWB2	A0A2I0LWB2_COLLI Tenascin C, transcript variant X3	1503	319.0	32.0	3.14e-31	273	486	1285	1494
A0A8V0ZPK2	A0A8V0ZPK2_CHICK Angiopoietin-related protein 3	489	GlyColumba	A0A2I0LXU9	A0A2I0LXU9_COLLI Fibrinogen beta chain	480	308.0	27.7	5.93e-30	127	482	104	476
A0A8V0ZPK2	A0A8V0ZPK2_CHICK Angiopoietin-related protein 3	489	GlyColumba	A0A2I0MU22	A0A2I0MU22_COLLI Apolipoprotein B	2608	101.0	24.5	5.97e-06	60	243	266	459
A0A8V0ZQ48	A0A8V0ZQ48_CHICK Alpha-2-macroglobulin like 1	1028	GlyColumba	A0A2I0LXW7	A0A2I0LXW7_COLLI Ovostatin	1474	1811.0	39.5	6.50e-204	6	1027	442	1466
A0A8V0ZQ48	A0A8V0ZQ48_CHICK Alpha-2-macroglobulin like 1	1028	GlyColumba	A0A2I0LXV9	A0A2I0LXV9_COLLI Ovostatin	1448	1801.0	37.8	9.39e-203	11	1027	432	1443
A0A8V0ZQ48	A0A8V0ZQ48_CHICK Alpha-2-macroglobulin like 1	1028	GlyColumba	A0A2I0MS36	A0A2I0MS36_COLLI Complement C4	1684	584.0	25.0	1.24e-61	4	1026	432	1516
A0A8V0ZQ48	A0A8V0ZQ48_CHICK Alpha-2-macroglobulin like 1	1028	GlyColumba	A0A2I0LIT5	A0A2I0LIT5_COLLI NTR domain-containing protein	858	376.0	26.7	1.62e-37	319	897	68	627
A0A8V0ZSG5	A0A8V0ZSG5_CHICK CD63 antigen	283	GlyColumba	A0A2I0LYY5	A0A2I0LYY5_COLLI Tetraspanin	237	246.0	32.0	5.31e-23	69	263	22	221
A0A8V0ZY87	A0A8V0ZY87_CHICK Prothrombin	644	GlyColumba	A0A2I0M4F3	A0A2I0M4F3_COLLI Coagulation factor IX	463	511.0	29.3	2.26e-53	64	639	23	459
A0A8V0ZY87	A0A8V0ZY87_CHICK Prothrombin	644	GlyColumba	A0A2I0LVH6	A0A2I0LVH6_COLLI Suppressor of tumorigenicity 14 protein homolog	845	358.0	33.7	1.24e-35	355	644	578	844
A0A8V0ZY87	A0A8V0ZY87_CHICK Prothrombin	644	GlyColumba	A0A2I0MI18	A0A2I0MI18_COLLI Ovochymase 2	629	352.0	34.4	6.17e-35	387	640	40	289
A0A8V0ZY87	A0A8V0ZY87_CHICK Prothrombin	644	GlyColumba	A0A2I0M2D5	A0A2I0M2D5_COLLI Haptoglobin	301	302.0	30.4	3.88e-29	387	640	61	298
A0A8V0ZY87	A0A8V0ZY87_CHICK Prothrombin	644	GlyColumba	A0A2I0LGB4	A0A2I0LGB4_COLLI Trypsin (Fragment)	177	155.0	30.4	4.31e-12	441	588	3	136
A0A8V1A1T7	A0A8V1A1T7_CHICK Ovomucin, alpha subunit	2108	GlyColumba	A0A2I0MHQ6	A0A2I0MHQ6_COLLI Mucin-2 (Fragment)	1484	2856.0	40.1	0.00e+00	12	1278	8	1305
A0A8V1A1T7	A0A8V1A1T7_CHICK Ovomucin, alpha subunit	2108	GlyColumba	A0A2I0MKW7	A0A2I0MKW7_COLLI von Willebrand factor	2805	2159.0	24.9	5.92e-244	36	2014	31	2570
A0A8V1A1T7	A0A8V1A1T7_CHICK Ovomucin, alpha subunit	2108	GlyColumba	A0A2I0MHJ6	A0A2I0MHJ6_COLLI Mucin-5AC (Fragment)	736	1552.0	39.0	1.44e-173	1372	2103	3	714
A0A8V1A1T7	A0A8V1A1T7_CHICK Ovomucin, alpha subunit	2108	GlyColumba	A0A2I0LWB2	A0A2I0LWB2_COLLI Tenascin C, transcript variant X3	1503	129.0	24.9	1.46e-08	1633	1941	177	502
A0A8V1A1T7	A0A8V1A1T7_CHICK Ovomucin, alpha subunit	2108	GlyColumba	A0A2I0M3B3	A0A2I0M3B3_COLLI Agrin	2090	120.0	23.3	1.61e-07	1652	2047	442	844
A0A8V1A529	A0A8V1A529_CHICK Nectin cell adhesion molecule 1	487	GlyColumba	A0A2I0LVG2	A0A2I0LVG2_COLLI Melanoma cell adhesion molecule (Fragment)	592	136.0	23.6	5.20e-10	22	248	45	280
A0A8V1A529	A0A8V1A529_CHICK Nectin cell adhesion molecule 1	487	GlyColumba	A0A2I0M6V4	A0A2I0M6V4_COLLI Neuroplastin	358	113.0	21.1	2.41e-07	22	357	13	324
A0A8V1A529	A0A8V1A529_CHICK Nectin cell adhesion molecule 1	487	GlyColumba	A0A2I0MJN3	A0A2I0MJN3_COLLI Neuronal cell adhesion molecule	1273	86.0	25.7	3.26e-04	65	310	189	434
A0A8V1A529	A0A8V1A529_CHICK Nectin cell adhesion molecule 1	487	GlyColumba	A0A2I0MSX2	A0A2I0MSX2_COLLI HERV-H LTR-associating 2, transcript variant X3	347	83.0	20.8	7.27e-04	19	347	36	337
A0A8V1A5Q4	A0A8V1A5Q4_CHICK Serpin family G member 1	519	GlyColumba	A0A2I0M204	A0A2I0M204_COLLI Serpin peptidase inhibitor, clade F (Alpha-2 antiplasmin, pigment epithelium derived factor), member 2, transcript variant X1	526	451.0	30.5	1.65e-46	142	517	132	499
A0A8V1A5Q4	A0A8V1A5Q4_CHICK Serpin family G member 1	519	GlyColumba	A0A2I0MP02	A0A2I0MP02_COLLI Serpin peptidase inhibitor, clade A (Alpha-1 antiproteinase, antitrypsin), member 10, transcript variant X2	439	263.0	24.3	1.04e-24	167	517	78	436
A0A8V1A5Q4	A0A8V1A5Q4_CHICK Serpin family G member 1	519	GlyColumba	A0A1R7T3L5	A0A1R7T3L5_COLLI Ovalbumin-related protein Y	388	258.0	25.2	3.95e-24	160	517	4	388
A0A8V1A5Q4	A0A8V1A5Q4_CHICK Serpin family G member 1	519	GlyColumba	A0A2I0MED6	A0A2I0MED6_COLLI Antithrombin-III (Fragment)	502	257.0	26.2	5.16e-24	116	517	63	500
A0A8V1A5Q4	A0A8V1A5Q4_CHICK Serpin family G member 1	519	GlyColumba	A0A2I0MWA2	A0A2I0MWA2_COLLI Ovalbumin-like	386	249.0	25.4	4.37e-23	160	517	4	386
A0A8V1A6Y9	A0A8V1A6Y9_CHICK Ovotransferrin	697	GlyColumba	A0A2I0LUS7	A0A2I0LUS7_COLLI Transferrin	374	1620.0	77.3	6.19e-182	325	697	1	374
A0A8V1A8E4	A0A8V1A8E4_CHICK Transmembrane serine protease 9	1127	GlyColumba	A0A2I0LVH6	A0A2I0LVH6_COLLI Suppressor of tumorigenicity 14 protein homolog	845	775.0	49.8	9.64e-84	180	457	557	839
A0A8V1A8E4	A0A8V1A8E4_CHICK Transmembrane serine protease 9	1127	GlyColumba	A0A2I0M4F3	A0A2I0M4F3_COLLI Coagulation factor IX	463	431.0	38.1	7.47e-44	522	760	224	459
A0A8V1A8E4	A0A8V1A8E4_CHICK Transmembrane serine protease 9	1127	GlyColumba	A0A2I0MI18	A0A2I0MI18_COLLI Ovochymase 2	629	425.0	34.0	3.71e-43	227	462	39	290
A0A8V1A8E4	A0A8V1A8E4_CHICK Transmembrane serine protease 9	1127	GlyColumba	A0A2I0M2D5	A0A2I0M2D5_COLLI Haptoglobin	301	247.0	26.9	1.62e-22	195	462	40	299
A0A8V1A8E4	A0A8V1A8E4_CHICK Transmembrane serine protease 9	1127	GlyColumba	A0A2I0LGB4	A0A2I0LGB4_COLLI Trypsin (Fragment)	177	214.0	33.6	1.09e-18	580	710	8	136
A0A8V1AAN6	A0A8V1AAN6_CHICK Tenascin	1990	GlyColumba	A0A2I0LWB2	A0A2I0LWB2_COLLI Tenascin C, transcript variant X3	1503	7258.0	70.0	0.00e+00	1	1990	1	1503
A0A8V1AAN6	A0A8V1AAN6_CHICK Tenascin	1990	GlyColumba	A0A2I0MTP6	A0A2I0MTP6_COLLI Collagen alpha-1(XII) chain	2482	682.0	25.5	1.03e-72	784	1747	5	1001
A0A8V1AAN6	A0A8V1AAN6_CHICK Tenascin	1990	GlyColumba	A0A2I0M3T0	A0A2I0M3T0_COLLI Angiopoietin-like 2	490	433.0	38.8	7.73e-44	1771	1978	273	485
A0A8V1AAN6	A0A8V1AAN6_CHICK Tenascin	1990	GlyColumba	A0A2I0MGH1	A0A2I0MGH1_COLLI von Willebrand factor D and EGF domain-containing protein-like	1919	394.0	33.5	2.57e-39	138	378	1635	1884
A0A8V1AAN6	A0A8V1AAN6_CHICK Tenascin	1990	GlyColumba	A0A2I0LXV0	A0A2I0LXV0_COLLI Fibrinogen gamma chain	436	369.0	31.4	2.04e-36	1716	1987	120	424
A0A8V1ADW6	A0A8V1ADW6_CHICK Extracellular matrix protein 1	461	GlyColumba	A0A2I0MST3	A0A2I0MST3_COLLI B-cell CLL/lymphoma 9 protein	1395	101.0	29.4	5.63e-06	4	154	891	1034
A0A8V1AGU0	A0A8V1AGU0_CHICK Semaphorin 3G	740	GlyColumba	A0A2I0MDB7	A0A2I0MDB7_COLLI Semaphorin-6D (Fragment)	1141	577.0	30.7	5.76e-61	58	523	111	599
A0A8V1AH71	A0A8V1AH71_CHICK Orosomucoid 1 (ovoglycoprotein)	265	GlyColumba	A0A2I0LWC3	A0A2I0LWC3_COLLI Alpha-1-acid glycoprotein 1	196	564.0	62.1	6.64e-60	7	180	3	176
A0A8V1AK00	A0A8V1AK00_CHICK Serpin family F member 1	448	GlyColumba	A0A2I0M204	A0A2I0M204_COLLI Serpin peptidase inhibitor, clade F (Alpha-2 antiplasmin, pigment epithelium derived factor), member 2, transcript variant X1	526	506.0	32.4	5.97e-53	52	445	115	499
A0A8V1AK00	A0A8V1AK00_CHICK Serpin family F member 1	448	GlyColumba	A0A2I0MP02	A0A2I0MP02_COLLI Serpin peptidase inhibitor, clade A (Alpha-1 antiproteinase, antitrypsin), member 10, transcript variant X2	439	390.0	29.6	1.69e-39	89	445	76	436
A0A8V1AK00	A0A8V1AK00_CHICK Serpin family F member 1	448	GlyColumba	A0A1R7T3L5	A0A1R7T3L5_COLLI Ovalbumin-related protein Y	388	362.0	26.5	2.97e-36	81	445	1	388
A0A8V1AK00	A0A8V1AK00_CHICK Serpin family F member 1	448	GlyColumba	A0A2I0MW20	A0A2I0MW20_COLLI Ovalbumin-related protein X	388	360.0	27.2	5.07e-36	81	445	1	388
A0A8V1AK00	A0A8V1AK00_CHICK Serpin family F member 1	448	GlyColumba	A0A2I0MWA2	A0A2I0MWA2_COLLI Ovalbumin-like	386	315.0	24.9	8.38e-31	84	445	4	386
E1C0K5	E1C0K5_CHICK Milk fat globule EGF and factor V/VIII domain containing	474	GlyColumba	A0A2I0MGH1	A0A2I0MGH1_COLLI von Willebrand factor D and EGF domain-containing protein-like	1919	221.0	40.3	7.04e-20	33	144	1145	1255
E1C0K5	E1C0K5_CHICK Milk fat globule EGF and factor V/VIII domain containing	474	GlyColumba	A0A2I0LWB2	A0A2I0LWB2_COLLI Tenascin C, transcript variant X3	1503	161.0	36.0	6.39e-13	25	148	312	409
E1C0K5	E1C0K5_CHICK Milk fat globule EGF and factor V/VIII domain containing	474	GlyColumba	A0A2I0M3B3	A0A2I0M3B3_COLLI Agrin	2090	150.0	34.1	1.20e-11	58	144	1588	1670
E1C0K5	E1C0K5_CHICK Milk fat globule EGF and factor V/VIII domain containing	474	GlyColumba	A0A2I0MKZ6	A0A2I0MKZ6_COLLI Vitamin K-dependent protein S	619	117.0	31.3	8.08e-08	61	140	68	143
E1C0K5	E1C0K5_CHICK Milk fat globule EGF and factor V/VIII domain containing	474	GlyColumba	A0A2I0M4F3	A0A2I0M4F3_COLLI Coagulation factor IX	463	115.0	32.3	1.38e-07	69	153	90	172
F1NBL0	MUC6_CHICK Mucin-6 (Fragment)	1185	GlyColumba	A0A2I0MHQ6	A0A2I0MHQ6_COLLI Mucin-2 (Fragment)	1484	2231.0	36.8	1.49e-252	1	1170	34	1207
F1NBL0	MUC6_CHICK Mucin-6 (Fragment)	1185	GlyColumba	A0A2I0MKW7	A0A2I0MKW7_COLLI von Willebrand factor	2805	1591.0	30.1	2.43e-178	1	1157	33	1206
F1NBL0	MUC6_CHICK Mucin-6 (Fragment)	1185	GlyColumba	A0A2I0MHJ6	A0A2I0MHJ6_COLLI Mucin-5AC (Fragment)	736	279.0	22.8	3.31e-26	343	823	52	559
F1NBL0	MUC6_CHICK Mucin-6 (Fragment)	1185	GlyColumba	A0A2I0MKA0	A0A2I0MKA0_COLLI Signal peptide, CUB domain, EGF-like 1	981	121.0	22.1	6.94e-08	592	847	93	372
F1NBL0	MUC6_CHICK Mucin-6 (Fragment)	1185	GlyColumba	A0A2I0ME42	A0A2I0ME42_COLLI Vitellogenin-2-like	1717	110.0	25.4	1.31e-06	816	986	1446	1616
P02460	CO2A1_CHICK Collagen alpha-1(II) chain (Fragment)	859	GlyColumba	A0A2I0LKB3	A0A2I0LKB3_COLLI Collagen, type II, alpha 1	775	2932.0	67.0	0.00e+00	25	859	19	775
P02460	CO2A1_CHICK Collagen alpha-1(II) chain (Fragment)	859	GlyColumba	A0A2I0LIE3	A0A2I0LIE3_COLLI FZ domain-containing protein	1343	1193.0	41.6	2.49e-132	3	606	542	1240
P02460	CO2A1_CHICK Collagen alpha-1(II) chain (Fragment)	859	GlyColumba	A0A2I0MTP6	A0A2I0MTP6_COLLI Collagen alpha-1(XII) chain	2482	647.0	43.1	5.11e-69	287	586	2113	2442
P02460	CO2A1_CHICK Collagen alpha-1(II) chain (Fragment)	859	GlyColumba	A0A2I0MGY6	A0A2I0MGY6_COLLI Ovocleidin-116	895	182.0	26.1	4.25e-15	41	615	251	823
P02460	CO2A1_CHICK Collagen alpha-1(II) chain (Fragment)	859	GlyColumba	A0A2I0MST3	A0A2I0MST3_COLLI B-cell CLL/lymphoma 9 protein	1395	180.0	26.8	7.25e-15	31	471	912	1390
P02701	AVID_CHICK Avidin	152	GlyColumba	A0A2I0LGD4	A0A2I0LGD4_COLLI Avidin	149	558.0	72.5	1.89e-59	11	152	8	149
P02752	RBP_CHICK Riboflavin-binding protein	238	GlyColumba	A0A2I0LS76	A0A2I0LS76_COLLI Sortilin-related receptor	2109	81.0	26.4	6.06e-04	10	148	1326	1465
P24367	PPIB_CHICK Peptidyl-prolyl cis-trans isomerase B	207	GlyColumba	A0A2I0LLN5	A0A2I0LLN5_COLLI Peptidyl-prolyl cis-trans isomerase	155	700.0	98.5	8.81e-76	36	167	19	150
Q98UI9	MUC5B_CHICK Mucin-5B	2108	GlyColumba	A0A2I0MHQ6	A0A2I0MHQ6_COLLI Mucin-2 (Fragment)	1484	2850.0	40.1	0.00e+00	12	1278	8	1305
Q98UI9	MUC5B_CHICK Mucin-5B	2108	GlyColumba	A0A2I0MKW7	A0A2I0MKW7_COLLI von Willebrand factor	2805	2182.0	25.0	1.27e-246	36	2014	31	2570
Q98UI9	MUC5B_CHICK Mucin-5B	2108	GlyColumba	A0A2I0MHJ6	A0A2I0MHJ6_COLLI Mucin-5AC (Fragment)	736	1560.0	39.2	1.70e-174	1372	2103	3	714
Q98UI9	MUC5B_CHICK Mucin-5B	2108	GlyColumba	A0A2I0LWB2	A0A2I0LWB2_COLLI Tenascin C, transcript variant X3	1503	129.0	24.9	1.46e-08	1633	1941	177	502
Q98UI9	MUC5B_CHICK Mucin-5B	2108	GlyColumba	A0A2I0LHM5	A0A2I0LHM5_COLLI Tubulointerstitial nephritis antigen-like 1	462	119.0	29.9	2.11e-07	743	861	7	137
R4GH41	R4GH41_CHICK Acid ceramidase	395	GlyColumba	A0A2I0MLY9	A0A2I0MLY9_COLLI Acid ceramidase	361	1828.0	93.6	2.67e-206	35	395	1	361
A0A1D5P2P1	A0A1D5P2P1_CHICK CCN family member 3	351	GlyColumba	A0A2I0MPF2	A0A2I0MPF2_COLLI Thrombospondin 1	997	106.0	24.5	1.13e-06	106	252	145	262
A0A1D5P4S3	A0A1D5P4S3_CHICK Interleukin-1 receptor accessory protein	679	GlyColumba	A0A2I0MS63	A0A2I0MS63_COLLI Interleukin 1 receptor, type I	568	469.0	27.6	1.76e-48	2	557	10	557
A0A8V0X4B2	A0A8V0X4B2_CHICK Laminin subunit alpha-1	3056	GlyColumba	A0A2I0MCI7	A0A2I0MCI7_COLLI Laminin, gamma 1 (Formerly LAMB2) (Fragment)	1541	1558.0	35.0	4.20e-174	73	1051	21	963
A0A8V0X4B2	A0A8V0X4B2_CHICK Laminin subunit alpha-1	3056	GlyColumba	A0A2I0MC29	A0A2I0MC29_COLLI Laminin, gamma 2	1143	807.0	34.5	5.09e-87	361	941	13	565
A0A8V0X4B2	A0A8V0X4B2_CHICK Laminin subunit alpha-1	3056	GlyColumba	A0A2I0M3B3	A0A2I0M3B3_COLLI Agrin	2090	272.0	23.9	5.54e-25	738	1195	475	1020
A0A8V0X4B2	A0A8V0X4B2_CHICK Laminin subunit alpha-1	3056	GlyColumba	A0A2I0LWB2	A0A2I0LWB2_COLLI Tenascin C, transcript variant X3	1503	268.0	27.1	1.61e-24	733	1143	167	566
A0A8V0X4B2	A0A8V0X4B2_CHICK Laminin subunit alpha-1	3056	GlyColumba	A0A2I0MSU1	A0A2I0MSU1_COLLI Growth arrest-specific 6	677	214.0	22.8	2.94e-18	2701	3052	294	671
A0A8V0XEP8	A0A8V0XEP8_CHICK Tripeptidyl-peptidase 1	575	GlyColumba	A0A2I0LHP6	A0A2I0LHP6_COLLI Tripeptidyl-peptidase 1 (Fragment)	397	1275.0	80.8	5.17e-142	174	483	1	308
A0A8V0XFX8	A0A8V0XFX8_CHICK Microsomal triglyceride transfer protein	870	GlyColumba	A0A2I0MDV9	A0A2I0MDV9_COLLI Vitellogenin-1	1406	191.0	20.8	3.89e-16	26	684	22	702
A0A8V0XFX8	A0A8V0XFX8_CHICK Microsomal triglyceride transfer protein	870	GlyColumba	A0A2I0MDU8	A0A2I0MDU8_COLLI Vitellogenin-2-like	1192	117.0	18.4	1.48e-07	28	589	20	597
A0A8V0XFX8	A0A8V0XFX8_CHICK Microsomal triglyceride transfer protein	870	GlyColumba	A0A2I0ME42	A0A2I0ME42_COLLI Vitellogenin-2-like	1717	88.0	19.4	3.42e-04	82	553	70	564
A0A8V0XV56	A0A8V0XV56_CHICK Apolipoprotein B	4631	GlyColumba	A0A2I0MU22	A0A2I0MU22_COLLI Apolipoprotein B	2608	11207.0	81.7	0.00e+00	1912	4521	1	2594
A0A8V0XV56	A0A8V0XV56_CHICK Apolipoprotein B	4631	GlyColumba	A0A2I0MDU8	A0A2I0MDU8_COLLI Vitellogenin-2-like	1192	267.0	21.4	3.19e-24	42	1095	24	1062
A0A8V0XV56	A0A8V0XV56_CHICK Apolipoprotein B	4631	GlyColumba	A0A2I0ME42	A0A2I0ME42_COLLI Vitellogenin-2-like	1717	202.0	20.3	1.10e-16	42	967	28	945
A0A8V0XV56	A0A8V0XV56_CHICK Apolipoprotein B	4631	GlyColumba	A0A2I0MDV9	A0A2I0MDV9_COLLI Vitellogenin-1	1406	197.0	20.0	4.18e-16	38	938	24	917
A0A8V0XV56	A0A8V0XV56_CHICK Apolipoprotein B	4631	GlyColumba	A0A2I0LTA5	A0A2I0LTA5_COLLI RAD50 homolog, double strand break repair protein	1312	108.0	19.3	8.73e-06	4093	4532	640	1062
A0A8V0XZF7	A0A8V0XZF7_CHICK Tenascin-R	1310	GlyColumba	A0A2I0LWB2	A0A2I0LWB2_COLLI Tenascin C, transcript variant X3	1503	2743.0	43.4	7.03e-312	106	1307	385	1503
A0A8V0XZF7	A0A8V0XZF7_CHICK Tenascin-R	1310	GlyColumba	A0A2I0MTP6	A0A2I0MTP6_COLLI Collagen alpha-1(XII) chain	2482	599.0	24.5	2.87e-63	267	1099	737	1585
A0A8V0XZF7	A0A8V0XZF7_CHICK Tenascin-R	1310	GlyColumba	A0A2I0M3T0	A0A2I0M3T0_COLLI Angiopoietin-like 2	490	483.0	42.7	8.10e-50	1088	1294	273	484
A0A8V0XZF7	A0A8V0XZF7_CHICK Tenascin-R	1310	GlyColumba	A0A2I0LXU9	A0A2I0LXU9_COLLI Fibrinogen beta chain	480	377.0	33.7	1.59e-37	1088	1295	230	477
A0A8V0XZF7	A0A8V0XZF7_CHICK Tenascin-R	1310	GlyColumba	A0A2I0LXV0	A0A2I0LXV0_COLLI Fibrinogen gamma chain	436	365.0	28.7	3.90e-36	959	1304	74	424
A0A8V0YIX8	A0A8V0YIX8_CHICK Monocyte differentiation antigen CD14	465	GlyColumba	A0A2I0M2P9	A0A2I0M2P9_COLLI Tsukushi	352	110.0	28.5	5.14e-07	183	361	82	237
A0A8V0YIX8	A0A8V0YIX8_CHICK Monocyte differentiation antigen CD14	465	GlyColumba	A0A2I0LTN4	A0A2I0LTN4_COLLI Leucine-rich repeat and fibronectin type-III domain-containing protein 5	736	101.0	27.2	5.68e-06	186	368	74	246
A0A8V0YIX8	A0A8V0YIX8_CHICK Monocyte differentiation antigen CD14	465	GlyColumba	A0A2I0MCK4	A0A2I0MCK4_COLLI LRRCT domain-containing protein (Fragment)	361	97.0	31.1	1.65e-05	220	368	18	178
A0A8V0YV77	A0A8V0YV77_CHICK Coagulation factor XII	583	GlyColumba	A0A2I0LVH6	A0A2I0LVH6_COLLI Suppressor of tumorigenicity 14 protein homolog	845	390.0	37.6	2.19e-39	333	576	597	842
A0A8V0YV77	A0A8V0YV77_CHICK Coagulation factor XII	583	GlyColumba	A0A2I0MI18	A0A2I0MI18_COLLI Ovochymase 2	629	368.0	33.6	7.80e-37	339	578	40	290
A0A8V0YV77	A0A8V0YV77_CHICK Coagulation factor XII	583	GlyColumba	A0A2I0M4F3	A0A2I0M4F3_COLLI Coagulation factor IX	463	368.0	30.6	7.80e-37	176	575	85	458
A0A8V0YV77	A0A8V0YV77_CHICK Coagulation factor XII	583	GlyColumba	A0A2I0M2D5	A0A2I0M2D5_COLLI Haptoglobin	301	212.0	26.9	9.58e-19	326	577	49	298
A0A8V0YV77	A0A8V0YV77_CHICK Coagulation factor XII	583	GlyColumba	A0A2I0LGB4	A0A2I0LGB4_COLLI Trypsin (Fragment)	177	145.0	33.6	5.63e-11	388	527	6	136
A0A8V0ZCK8	A0A8V0ZCK8_CHICK Semaphorin 4B	742	GlyColumba	A0A2I0MDB7	A0A2I0MDB7_COLLI Semaphorin-6D (Fragment)	1141	648.0	31.2	3.38e-69	3	560	44	628
A0A8V0ZRL1	A0A8V0ZRL1_CHICK DBIRD complex subunit ZNF326	541	GlyColumba	A0A2I0MPM6	A0A2I0MPM6_COLLI ELM2 and Myb/SANT-like domain containing 1	1111	83.0	33.8	8.08e-04	457	532	881	955
A0A8V0ZRL1	A0A8V0ZRL1_CHICK DBIRD complex subunit ZNF326	541	GlyColumba	A0A2I0MXF2	A0A2I0MXF2_COLLI Desmoglein 4	1162	83.0	33.0	8.08e-04	31	107	608	695
A0A8V0ZUU4	A0A8V0ZUU4_CHICK Cadherin EGF LAG seven-pass G-type receptor 2	2693	GlyColumba	A0A2I0LQS3	A0A2I0LQS3_COLLI Protocadherin-10-like (Fragment)	1237	841.0	30.7	5.12e-91	13	802	291	1232
A0A8V0ZUU4	A0A8V0ZUU4_CHICK Cadherin EGF LAG seven-pass G-type receptor 2	2693	GlyColumba	A0A2I0LI51	A0A2I0LI51_COLLI Cadherin-1 (Fragment)	1904	451.0	33.8	8.56e-46	6	394	1138	1539
A0A8V0ZUU4	A0A8V0ZUU4_CHICK Cadherin EGF LAG seven-pass G-type receptor 2	2693	GlyColumba	A0A2I0MXF2	A0A2I0MXF2_COLLI Desmoglein 4	1162	379.0	28.0	1.91e-37	189	683	61	572
A0A8V0ZUU4	A0A8V0ZUU4_CHICK Cadherin EGF LAG seven-pass G-type receptor 2	2693	GlyColumba	A0A2I0MLD0	A0A2I0MLD0_COLLI Adhesion G-protein coupled receptor G2	1334	306.0	27.3	5.57e-29	2111	2535	873	1312
A0A8V0ZUU4	A0A8V0ZUU4_CHICK Cadherin EGF LAG seven-pass G-type receptor 2	2693	GlyColumba	A0A2I0M3B3	A0A2I0M3B3_COLLI Agrin	2090	242.0	25.1	1.47e-21	1110	1609	1381	1897
A0A8V0ZV79	A0A8V0ZV79_CHICK Tetraspanin	240	GlyColumba	A0A2I0LYY5	A0A2I0LYY5_COLLI Tetraspanin	237	236.0	25.2	6.50e-22	7	223	5	220
A0A8V0ZVY0	A0A8V0ZVY0_CHICK Tetraspanin	259	GlyColumba	A0A2I0LYY5	A0A2I0LYY5_COLLI Tetraspanin	237	889.0	77.2	1.34e-97	41	259	20	237
A0A8V1AA53	A0A8V1AA53_CHICK Translocon-associated protein subunit beta	198	GlyColumba	A0A2I0LJ93	A0A2I0LJ93_COLLI Translocon-associated protein subunit beta	183	925.0	97.8	6.84e-102	16	198	1	183
A0A8V1AHP7	A0A8V1AHP7_CHICK Angiopoietin like 4	449	GlyColumba	A0A2I0M3T0	A0A2I0M3T0_COLLI Angiopoietin-like 2	490	462.0	29.1	7.56e-48	59	442	70	484
A0A8V1AHP7	A0A8V1AHP7_CHICK Angiopoietin like 4	449	GlyColumba	A0A2I0LXU9	A0A2I0LXU9_COLLI Fibrinogen beta chain	480	401.0	35.9	8.96e-41	231	442	230	476
A0A8V1AHP7	A0A8V1AHP7_CHICK Angiopoietin like 4	449	GlyColumba	A0A2I0LWB2	A0A2I0LWB2_COLLI Tenascin C, transcript variant X3	1503	386.0	35.4	4.91e-39	225	444	1278	1492
A0A8V1AHP7	A0A8V1AHP7_CHICK Angiopoietin like 4	449	GlyColumba	A0A2I0LXV0	A0A2I0LXV0_COLLI Fibrinogen gamma chain	436	385.0	33.3	6.42e-39	156	442	104	414
A0A8V1AHP7	A0A8V1AHP7_CHICK Angiopoietin like 4	449	GlyColumba	A0A2I0LTA5	A0A2I0LTA5_COLLI RAD50 homolog, double strand break repair protein	1312	90.0	20.1	1.03e-04	39	266	685	920
P10184	IOV7_CHICK Ovoinhibitor	517	GlyColumba	A0A2I0LWJ2	A0A2I0LWJ2_COLLI Ovomucoid	470	2002.0	73.7	2.33e-226	46	517	1	470
P10184	IOV7_CHICK Ovoinhibitor	517	GlyColumba	A0A2I0LWI9	A0A2I0LWI9_COLLI Ovomucoid	207	481.0	41.9	5.46e-50	46	261	1	207
P10184	IOV7_CHICK Ovoinhibitor	517	GlyColumba	A0A2I0M3B3	A0A2I0M3B3_COLLI Agrin	2090	421.0	29.5	4.95e-43	89	517	279	743
Q91048	PTK7_CHICK Inactive tyrosine-protein kinase 7	1051	GlyColumba	A0A2I0MUF3	A0A2I0MUF3_COLLI Tyrosine-protein kinase receptor	2300	522.0	39.5	1.95e-54	772	1036	1947	2217
Q91048	PTK7_CHICK Inactive tyrosine-protein kinase 7	1051	GlyColumba	A0A2I0MF50	A0A2I0MF50_COLLI Proto-oncogene tyrosine-protein kinase receptor Ret	1107	496.0	28.0	2.02e-51	549	1042	476	998
Q91048	PTK7_CHICK Inactive tyrosine-protein kinase 7	1051	GlyColumba	A0A2I0MJN3	A0A2I0MJN3_COLLI Neuronal cell adhesion molecule	1273	411.0	25.0	1.45e-41	127	666	58	618
Q91048	PTK7_CHICK Inactive tyrosine-protein kinase 7	1051	GlyColumba	A0A2I0MC72	A0A2I0MC72_COLLI Receptor-type tyrosine-protein phosphatase F	1901	238.0	26.9	1.67e-21	393	669	31	322
Q91048	PTK7_CHICK Inactive tyrosine-protein kinase 7	1051	GlyColumba	A0A2I0LVG2	A0A2I0LVG2_COLLI Melanoma cell adhesion molecule (Fragment)	592	162.0	21.6	1.08e-12	140	479	166	514
A0A3Q2U211	A0A3Q2U211_CHICK TNF receptor superfamily member 11b	363	GlyColumba	A0A2I0MCI7	A0A2I0MCI7_COLLI Laminin, gamma 1 (Formerly LAMB2) (Fragment)	1541	90.0	25.1	8.36e-05	1	165	723	887
A0A3Q2U211	A0A3Q2U211_CHICK TNF receptor superfamily member 11b	363	GlyColumba	A0A2I0MPF2	A0A2I0MPF2_COLLI Thrombospondin 1	997	82.0	26.4	7.08e-04	1	151	367	521
A0A8V0XB23	A0A8V0XB23_CHICK Thrombospondin type-1 domain-containing protein 7A	1605	GlyColumba	A0A2I0MPF2	A0A2I0MPF2_COLLI Thrombospondin 1	997	193.0	28.3	4.21e-16	1162	1399	157	390
A0A8V0XB23	A0A8V0XB23_CHICK Thrombospondin type-1 domain-containing protein 7A	1605	GlyColumba	A0A2I0M3B3	A0A2I0M3B3_COLLI Agrin	2090	97.0	21.8	5.70e-05	574	1297	227	1018
A0A8V0XEK3	A0A8V0XEK3_CHICK Tsukushi	429	GlyColumba	A0A2I0M2P9	A0A2I0M2P9_COLLI Tsukushi	352	1640.0	90.9	1.83e-184	78	429	1	352
A0A8V0XEK3	A0A8V0XEK3_CHICK Tsukushi	429	GlyColumba	A0A2I0LTN4	A0A2I0LTN4_COLLI Leucine-rich repeat and fibronectin type-III domain-containing protein 5	736	136.0	27.4	4.58e-10	238	389	46	205
A0A8V0XEK3	A0A8V0XEK3_CHICK Tsukushi	429	GlyColumba	A0A2I0MCK4	A0A2I0MCK4_COLLI LRRCT domain-containing protein (Fragment)	361	125.0	30.7	8.64e-09	122	270	26	172
A0A8V0YC89	A0A8V0YC89_CHICK N-acetylglucosamine-6-sulfatase	536	GlyColumba	A0A2I0M231	A0A2I0M231_COLLI Extracellular sulfatase	875	834.0	47.4	6.60e-91	30	397	43	415
A0A8V0YC89	A0A8V0YC89_CHICK N-acetylglucosamine-6-sulfatase	536	GlyColumba	A0A2I0LZE9	A0A2I0LZE9_COLLI Arylsulfatase K	604	208.0	23.5	2.56e-18	62	487	140	546
A0A8V0YC89	A0A8V0YC89_CHICK N-acetylglucosamine-6-sulfatase	536	GlyColumba	A0A2I0LJ62	A0A2I0LJ62_COLLI N-acetylgalactosamine-6-sulfatase	483	172.0	25.1	3.83e-14	50	384	12	336
A0A8V0YC89	A0A8V0YC89_CHICK N-acetylglucosamine-6-sulfatase	536	GlyColumba	A0A2I0M4N4	A0A2I0M4N4_COLLI Iduronate 2-sulfatase	519	152.0	23.8	7.98e-12	32	472	2	442
A0A8V0YJ91	A0A8V0YJ91_CHICK Leptin receptor	1072	GlyColumba	A0A2I0LTU5	A0A2I0LTU5_COLLI Leukemia inhibitory factor receptor	1091	4835.0	83.8	0.00e+00	1	1072	1	1091
A0A8V0YJ91	A0A8V0YJ91_CHICK Leptin receptor	1072	GlyColumba	A0A2I0MC72	A0A2I0MC72_COLLI Receptor-type tyrosine-protein phosphatase F	1901	143.0	22.5	1.77e-10	265	802	186	703
A0A8V0YJ91	A0A8V0YJ91_CHICK Leptin receptor	1072	GlyColumba	A0A2I0MJN3	A0A2I0MJN3_COLLI Neuronal cell adhesion molecule	1273	108.0	22.0	2.02e-06	493	791	607	919
A0A8V0YJ91	A0A8V0YJ91_CHICK Leptin receptor	1072	GlyColumba	A0A2I0MTT3	A0A2I0MTT3_COLLI Fibronectin type III domain containing 1	1661	102.0	22.2	1.00e-05	362	642	73	348
A0A8V0YJ91	A0A8V0YJ91_CHICK Leptin receptor	1072	GlyColumba	A0A2I0LWB2	A0A2I0LWB2_COLLI Tenascin C, transcript variant X3	1503	98.0	21.1	2.92e-05	403	795	833	1195
A0A8V0YSC2	A0A8V0YSC2_CHICK BPI fold containing family B member 6	455	GlyColumba	A0A2I0M2C8	A0A2I0M2C8_COLLI Phospholipid transfer protein (Fragment)	584	110.0	18.9	5.03e-07	122	427	207	513
A0A8V0YU75	A0A8V0YU75_CHICK Complement C2	763	GlyColumba	A0A2I0M082	A0A2I0M082_COLLI Complement component (3b/4b) receptor 1 (Knops blood group)	3200	206.0	38.1	6.22e-18	91	219	405	540
A0A8V0YU75	A0A8V0YU75_CHICK Complement C2	763	GlyColumba	A0A2I0LVH6	A0A2I0LVH6_COLLI Suppressor of tumorigenicity 14 protein homolog	845	162.0	29.5	7.87e-13	490	709	617	817
A0A8V0YU75	A0A8V0YU75_CHICK Complement C2	763	GlyColumba	A0A2I0MI18	A0A2I0MI18_COLLI Ovochymase 2	629	155.0	24.6	5.10e-12	490	722	53	262
A0A8V0YU75	A0A8V0YU75_CHICK Complement C2	763	GlyColumba	A0A2I0M4F3	A0A2I0M4F3_COLLI Coagulation factor IX	463	133.0	22.9	1.81e-09	490	719	244	442
A0A8V0YU75	A0A8V0YU75_CHICK Complement C2	763	GlyColumba	A0A2I0MTP6	A0A2I0MTP6_COLLI Collagen alpha-1(XII) chain	2482	110.0	25.0	8.43e-07	263	463	1684	1857
A0A8V0ZC30	A0A8V0ZC30_CHICK Collagen alpha-1(XVII) chain	1495	GlyColumba	A0A2I0LIE3	A0A2I0LIE3_COLLI FZ domain-containing protein	1343	1187.0	37.3	2.15e-131	532	1286	490	1237
A0A8V0ZC30	A0A8V0ZC30_CHICK Collagen alpha-1(XVII) chain	1495	GlyColumba	A0A2I0LKB3	A0A2I0LKB3_COLLI Collagen, type II, alpha 1	775	1006.0	43.5	2.09e-110	535	1032	19	494
A0A8V0ZC30	A0A8V0ZC30_CHICK Collagen alpha-1(XVII) chain	1495	GlyColumba	A0A2I0MTP6	A0A2I0MTP6_COLLI Collagen alpha-1(XII) chain	2482	644.0	39.3	1.98e-68	623	1008	2099	2459
A0A8V0ZC30	A0A8V0ZC30_CHICK Collagen alpha-1(XVII) chain	1495	GlyColumba	A0A2I0MST3	A0A2I0MST3_COLLI B-cell CLL/lymphoma 9 protein	1395	181.0	26.9	9.66e-15	549	930	1026	1391
A0A8V0ZC30	A0A8V0ZC30_CHICK Collagen alpha-1(XVII) chain	1495	GlyColumba	A0A2I0MGY6	A0A2I0MGY6_COLLI Ovocleidin-116	895	131.0	27.0	6.06e-09	533	824	583	868
A0A8V0ZF48	A0A8V0ZF48_CHICK Sulfatase modifying factor 1	390	GlyColumba	A0A2I0M1T9	A0A2I0M1T9_COLLI Sulfatase modifying factor 2	279	579.0	40.4	1.78e-61	70	387	22	267
A0A8V1A3H0	A0A8V1A3H0_CHICK Dystroglycan 1	812	GlyColumba	A0A2I0MLD0	A0A2I0MLD0_COLLI Adhesion G-protein coupled receptor G2	1334	96.0	26.7	3.77e-05	212	410	443	639
A0A8V1A3H0	A0A8V1A3H0_CHICK Dystroglycan 1	812	GlyColumba	A0A2I0MST3	A0A2I0MST3_COLLI B-cell CLL/lymphoma 9 protein	1395	96.0	23.3	3.77e-05	255	414	813	977
A0A8V1A3H0	A0A8V1A3H0_CHICK Dystroglycan 1	812	GlyColumba	A0A2I0LTU5	A0A2I0LTU5_COLLI Leukemia inhibitory factor receptor	1091	93.0	23.6	8.40e-05	557	810	714	945
A0A8V1A3H0	A0A8V1A3H0_CHICK Dystroglycan 1	812	GlyColumba	A0A2I0MHQ6	A0A2I0MHQ6_COLLI Mucin-2 (Fragment)	1484	92.0	33.3	1.10e-04	334	405	1404	1478
A0A8V1A3H0	A0A8V1A3H0_CHICK Dystroglycan 1	812	GlyColumba	A0A2I0MTT3	A0A2I0MTT3_COLLI Fibronectin type III domain containing 1	1661	90.0	45.3	1.87e-04	333	380	1226	1278
Q05744	CATD_CHICK Cathepsin D	398	GlyColumba	A0A2I0LMM5	A0A2I0LMM5_COLLI Progastricsin (Pepsinogen C)	264	418.0	35.3	8.48e-43	7	279	4	262
A0A3Q2U1R1	A0A3Q2U1R1_CHICK Plexin-D1	1928	GlyColumba	A0A2I0MDB7	A0A2I0MDB7_COLLI Semaphorin-6D (Fragment)	1141	112.0	28.3	1.25e-06	448	568	449	592
A0A3Q2UEA9	A0A3Q2UEA9_CHICK Vascular endothelial growth factor C	411	GlyColumba	A0A2I0MR14	A0A2I0MR14_COLLI Integrin beta (Fragment)	799	92.0	23.3	5.55e-05	283	404	463	586
A0A3Q2UEA9	A0A3Q2UEA9_CHICK Vascular endothelial growth factor C	411	GlyColumba	A0A2I0MGH1	A0A2I0MGH1_COLLI von Willebrand factor D and EGF domain-containing protein-like	1919	85.0	23.5	3.60e-04	234	400	1643	1837
A0A3Q2UEA9	A0A3Q2UEA9_CHICK Vascular endothelial growth factor C	411	GlyColumba	A0A2I0MA33	A0A2I0MA33_COLLI Follistatin-like 4, transcript variant X2	841	84.0	31.6	4.70e-04	292	365	73	138
A0A8V0X1R9	A0A8V0X1R9_CHICK Serpin family I member 1	417	GlyColumba	A0A1R7T3L5	A0A1R7T3L5_COLLI Ovalbumin-related protein Y	388	613.0	34.4	2.17e-65	34	404	9	388
A0A8V0X1R9	A0A8V0X1R9_CHICK Serpin family I member 1	417	GlyColumba	A0A2I0MWA2	A0A2I0MWA2_COLLI Ovalbumin-like	386	606.0	35.5	1.41e-64	34	404	9	386
A0A8V0X1R9	A0A8V0X1R9_CHICK Serpin family I member 1	417	GlyColumba	A0A2I0MW20	A0A2I0MW20_COLLI Ovalbumin-related protein X	388	596.0	34.2	2.03e-63	34	404	9	388
A0A8V0X1R9	A0A8V0X1R9_CHICK Serpin family I member 1	417	GlyColumba	A0A2I0MED6	A0A2I0MED6_COLLI Antithrombin-III (Fragment)	502	529.0	33.0	1.20e-55	34	404	126	500
A0A8V0X1R9	A0A8V0X1R9_CHICK Serpin family I member 1	417	GlyColumba	A0A2I0MP02	A0A2I0MP02_COLLI Serpin peptidase inhibitor, clade A (Alpha-1 antiproteinase, antitrypsin), member 10, transcript variant X2	439	456.0	30.9	3.49e-47	27	407	70	439
A0A8V0X4I2	A0A8V0X4I2_CHICK palmitoyl-CoA hydrolase	256	GlyColumba	A0A2I0LPZ4	A0A2I0LPZ4_COLLI Palmitoyl-protein thioesterase 1	274	111.0	26.1	2.17e-07	93	223	75	206
A0A8V0X4N3	A0A8V0X4N3_CHICK Plexin-B2	1845	GlyColumba	A0A2I0MDB7	A0A2I0MDB7_COLLI Semaphorin-6D (Fragment)	1141	161.0	22.1	2.49e-12	145	509	168	598
A0A8V0X957	A0A8V0X957_CHICK Protein Wnt	326	GlyColumba	A0A2I0M2L5	A0A2I0M2L5_COLLI Protein Wnt	354	1696.0	90.7	4.46e-191	1	326	1	354
A0A8V0XDJ1	A0A8V0XDJ1_CHICK Peroxidasin	1611	GlyColumba	A0A2I0MJN3	A0A2I0MJN3_COLLI Neuronal cell adhesion molecule	1273	395.0	28.9	1.59e-39	370	742	40	430
A0A8V0XDJ1	A0A8V0XDJ1_CHICK Peroxidasin	1611	GlyColumba	A0A2I0LTN4	A0A2I0LTN4_COLLI Leucine-rich repeat and fibronectin type-III domain-containing protein 5	736	383.0	32.9	3.93e-38	195	470	75	378
A0A8V0XDJ1	A0A8V0XDJ1_CHICK Peroxidasin	1611	GlyColumba	A0A2I0MC72	A0A2I0MC72_COLLI Receptor-type tyrosine-protein phosphatase F	1901	350.0	26.5	2.63e-34	376	799	30	454
A0A8V0XDJ1	A0A8V0XDJ1_CHICK Peroxidasin	1611	GlyColumba	A0A2I0LVG2	A0A2I0LVG2_COLLI Melanoma cell adhesion molecule (Fragment)	592	205.0	23.8	1.72e-17	375	734	138	510
A0A8V0XDJ1	A0A8V0XDJ1_CHICK Peroxidasin	1611	GlyColumba	A0A2I0MA33	A0A2I0MA33_COLLI Follistatin-like 4, transcript variant X2	841	201.0	26.6	4.99e-17	267	550	149	419
A0A8V0XGT8	A0A8V0XGT8_CHICK Sclerostin domain-containing protein 1	206	GlyColumba	A0A2I0MHJ6	A0A2I0MHJ6_COLLI Mucin-5AC (Fragment)	736	81.0	25.5	5.25e-04	75	165	628	709
A0A8V0XJ84	A0A8V0XJ84_CHICK Transforming growth factor beta-3 proprotein	535	GlyColumba	A0A2I0MTP6	A0A2I0MTP6_COLLI Collagen alpha-1(XII) chain	2482	83.0	29.7	7.99e-04	9	121	2218	2334
A0A8V0XJB7	A0A8V0XJB7_CHICK ABI family member 3 binding protein	1511	GlyColumba	A0A2I0MTT3	A0A2I0MTT3_COLLI Fibronectin type III domain containing 1	1661	882.0	24.7	5.06e-96	32	1511	6	1661
A0A8V0XJB7	A0A8V0XJB7_CHICK ABI family member 3 binding protein	1511	GlyColumba	A0A2I0MC72	A0A2I0MC72_COLLI Receptor-type tyrosine-protein phosphatase F	1901	118.0	29.5	1.97e-07	1278	1395	496	631
A0A8V0XJB7	A0A8V0XJB7_CHICK ABI family member 3 binding protein	1511	GlyColumba	A0A2I0LZN5	A0A2I0LZN5_COLLI Neuron navigator 3	2365	116.0	22.8	3.36e-07	718	1099	310	667
A0A8V0XJB7	A0A8V0XJB7_CHICK ABI family member 3 binding protein	1511	GlyColumba	A0A2I0MGH1	A0A2I0MGH1_COLLI von Willebrand factor D and EGF domain-containing protein-like	1919	102.0	25.0	1.41e-05	728	892	1438	1610
A0A8V0XJB7	A0A8V0XJB7_CHICK ABI family member 3 binding protein	1511	GlyColumba	A0A2I0MLD0	A0A2I0MLD0_COLLI Adhesion G-protein coupled receptor G2	1334	99.0	20.3	3.15e-05	173	557	294	664
A0A8V0XRN3	A0A8V0XRN3_CHICK Nephronectin	581	GlyColumba	A0A2I0MKA0	A0A2I0MKA0_COLLI Signal peptide, CUB domain, EGF-like 1	981	281.0	34.8	9.52e-27	56	289	125	357
A0A8V0XRN3	A0A8V0XRN3_CHICK Nephronectin	581	GlyColumba	A0A2I0MKZ6	A0A2I0MKZ6_COLLI Vitamin K-dependent protein S	619	205.0	33.3	6.19e-18	122	283	74	226
A0A8V0XRN3	A0A8V0XRN3_CHICK Nephronectin	581	GlyColumba	A0A2I0MSU1	A0A2I0MSU1_COLLI Growth arrest-specific 6	677	183.0	34.2	2.20e-15	122	278	119	263
A0A8V0XRN3	A0A8V0XRN3_CHICK Nephronectin	581	GlyColumba	A0A2I0LWB2	A0A2I0LWB2_COLLI Tenascin C, transcript variant X3	1503	134.0	25.1	1.06e-09	57	282	220	399
A0A8V0XRN3	A0A8V0XRN3_CHICK Nephronectin	581	GlyColumba	A0A2I0LS14	A0A2I0LS14_COLLI protein-tyrosine-phosphatase	764	129.0	30.2	4.02e-09	462	579	8	131
A0A8V0XWX3	A0A8V0XWX3_CHICK Laminin subunit beta-1	1733	GlyColumba	A0A2I0MCI7	A0A2I0MCI7_COLLI Laminin, gamma 1 (Formerly LAMB2) (Fragment)	1541	1537.0	28.0	6.48e-172	20	1649	19	1494
A0A8V0XWX3	A0A8V0XWX3_CHICK Laminin subunit beta-1	1733	GlyColumba	A0A2I0MC29	A0A2I0MC29_COLLI Laminin, gamma 2	1143	570.0	23.4	8.75e-60	287	1637	2	1130
A0A8V0XWX3	A0A8V0XWX3_CHICK Laminin subunit beta-1	1733	GlyColumba	A0A2I0M3B3	A0A2I0M3B3_COLLI Agrin	2090	324.0	27.6	2.93e-31	695	1115	543	960
A0A8V0XWX3	A0A8V0XWX3_CHICK Laminin subunit beta-1	1733	GlyColumba	A0A2I0LWB2	A0A2I0LWB2_COLLI Tenascin C, transcript variant X3	1503	251.0	26.3	8.55e-23	708	1113	133	563
A0A8V0XWX3	A0A8V0XWX3_CHICK Laminin subunit beta-1	1733	GlyColumba	A0A2I0MGH1	A0A2I0MGH1_COLLI von Willebrand factor D and EGF domain-containing protein-like	1919	172.0	24.2	1.24e-13	838	1111	1638	1880
A0A8V0XZ15	A0A8V0XZ15_CHICK Hyaluronan and proteoglycan link protein 1	354	GlyColumba	A0A2I0MDE8	A0A2I0MDE8_COLLI Hyaluronan and proteoglycan link protein 3	352	892.0	46.5	8.21e-98	4	351	7	350
A0A8V0XZ15	A0A8V0XZ15_CHICK Hyaluronan and proteoglycan link protein 1	354	GlyColumba	A0A2I0MSX2	A0A2I0MSX2_COLLI HERV-H LTR-associating 2, transcript variant X3	347	94.0	25.7	2.80e-05	45	157	215	313
A0A8V0Y192	A0A8V0Y192_CHICK Platelet-derived growth factor C	393	GlyColumba	A0A2I0MI18	A0A2I0MI18_COLLI Ovochymase 2	629	99.0	30.1	8.19e-06	102	213	312	417
A0A8V0YBA0	A0A8V0YBA0_CHICK Interleukin-6 receptor subunit beta	927	GlyColumba	A0A2I0LTU5	A0A2I0LTU5_COLLI Leukemia inhibitory factor receptor	1091	565.0	27.9	1.78e-59	43	683	241	877
A0A8V0YBA0	A0A8V0YBA0_CHICK Interleukin-6 receptor subunit beta	927	GlyColumba	A0A2I0MC72	A0A2I0MC72_COLLI Receptor-type tyrosine-protein phosphatase F	1901	186.0	24.5	1.58e-15	214	618	298	692
A0A8V0YBA0	A0A8V0YBA0_CHICK Interleukin-6 receptor subunit beta	927	GlyColumba	A0A2I0MJN3	A0A2I0MJN3_COLLI Neuronal cell adhesion molecule	1273	171.0	21.3	8.65e-14	77	799	560	1266
A0A8V0YBA0	A0A8V0YBA0_CHICK Interleukin-6 receptor subunit beta	927	GlyColumba	A0A2I0LWB2	A0A2I0LWB2_COLLI Tenascin C, transcript variant X3	1503	148.0	25.1	4.02e-11	239	623	927	1275
A0A8V0YBA0	A0A8V0YBA0_CHICK Interleukin-6 receptor subunit beta	927	GlyColumba	A0A2I0MTP6	A0A2I0MTP6_COLLI Collagen alpha-1(XII) chain	2482	148.0	26.1	4.02e-11	371	615	21	257
A0A8V0YFB1	A0A8V0YFB1_CHICK Neuronal pentraxin receptor	476	GlyColumba	A0A2I0MLD0	A0A2I0MLD0_COLLI Adhesion G-protein coupled receptor G2	1334	86.0	20.8	3.19e-04	289	426	66	207
A0A8V0YFJ8	A0A8V0YFJ8_CHICK Fibronectin	2393	GlyColumba	A0A2I0MTP6	A0A2I0MTP6_COLLI Collagen alpha-1(XII) chain	2482	960.0	23.6	7.23e-105	616	2018	180	1677
A0A8V0YFJ8	A0A8V0YFJ8_CHICK Fibronectin	2393	GlyColumba	A0A2I0LWB2	A0A2I0LWB2_COLLI Tenascin C, transcript variant X3	1503	768.0	26.3	1.33e-82	1270	1989	561	1267
A0A8V0YFJ8	A0A8V0YFJ8_CHICK Fibronectin	2393	GlyColumba	A0A2I0MC72	A0A2I0MC72_COLLI Receptor-type tyrosine-protein phosphatase F	1901	356.0	21.4	7.89e-35	614	1595	187	1153
A0A8V0YFJ8	A0A8V0YFJ8_CHICK Fibronectin	2393	GlyColumba	A0A2I0MJN3	A0A2I0MJN3_COLLI Neuronal cell adhesion molecule	1273	230.0	23.2	3.22e-20	1456	1887	631	1103
A0A8V0YFJ8	A0A8V0YFJ8_CHICK Fibronectin	2393	GlyColumba	A0A2I0LS76	A0A2I0LS76_COLLI Sortilin-related receptor	2109	164.0	21.3	1.45e-12	1553	1926	1546	1936
A0A8V0YMI5	A0A8V0YMI5_CHICK Alpha-galactosidase	405	GlyColumba	A0A2I0LS24	A0A2I0LS24_COLLI Alpha-galactosidase	349	1446.0	88.8	5.40e-162	112	405	56	349
A0A8V0YMM6	A0A8V0YMM6_CHICK Chordin	1188	GlyColumba	A0A2I0MPF2	A0A2I0MPF2_COLLI Thrombospondin 1	997	125.0	23.3	2.39e-08	937	1174	142	393
A0A8V0YMM6	A0A8V0YMM6_CHICK Chordin	1188	GlyColumba	A0A2I0MHJ6	A0A2I0MHJ6_COLLI Mucin-5AC (Fragment)	736	92.0	23.6	1.60e-04	904	1170	347	623
A0A8V0YVP9	A0A8V0YVP9_CHICK Growth arrest specific 6	695	GlyColumba	A0A2I0MSU1	A0A2I0MSU1_COLLI Growth arrest-specific 6	677	3074.0	87.7	0.00e+00	44	694	30	676
A0A8V0YVP9	A0A8V0YVP9_CHICK Growth arrest specific 6	695	GlyColumba	A0A2I0MKZ6	A0A2I0MKZ6_COLLI Vitamin K-dependent protein S	619	1549.0	47.6	1.06e-173	73	689	2	615
A0A8V0YVP9	A0A8V0YVP9_CHICK Growth arrest specific 6	695	GlyColumba	A0A2I0MKA0	A0A2I0MKA0_COLLI Signal peptide, CUB domain, EGF-like 1	981	296.0	40.7	2.08e-28	152	306	253	408
A0A8V0YVP9	A0A8V0YVP9_CHICK Growth arrest specific 6	695	GlyColumba	A0A2I0M4F3	A0A2I0M4F3_COLLI Coagulation factor IX	463	262.0	35.1	1.82e-24	29	214	4	164
A0A8V0YVP9	A0A8V0YVP9_CHICK Growth arrest specific 6	695	GlyColumba	A0A2I0MGH1	A0A2I0MGH1_COLLI von Willebrand factor D and EGF domain-containing protein-like	1919	145.0	38.9	6.71e-11	194	279	1161	1241
A0A8V0Z1X5	A0A8V0Z1X5_CHICK ADAM metallopeptidase with thrombospondin type 1 motif 17	1064	GlyColumba	A0A2I0M6Z2	A0A2I0M6Z2_COLLI Thrombospondin, type I, domain containing 4	623	211.0	29.2	2.28e-18	571	755	309	546
A0A8V0Z1X5	A0A8V0Z1X5_CHICK ADAM metallopeptidase with thrombospondin type 1 motif 17	1064	GlyColumba	A0A2I0MPF2	A0A2I0MPF2_COLLI Thrombospondin 1	997	173.0	37.6	5.82e-14	503	587	294	374
A0A8V0Z8M5	A0A8V0Z8M5_CHICK Adipocyte enhancer-binding protein 1	1214	GlyColumba	A0A2I0MN05	A0A2I0MN05_COLLI Carboxypeptidase Z	649	922.0	45.2	9.35e-101	657	1063	180	564
A0A8V0Z8M5	A0A8V0Z8M5_CHICK Adipocyte enhancer-binding protein 1	1214	GlyColumba	A0A2I0LND8	A0A2I0LND8_COLLI Carboxypeptidase D	952	801.0	40.8	1.00e-86	657	1096	71	456
A0A8V0Z8M5	A0A8V0Z8M5_CHICK Adipocyte enhancer-binding protein 1	1214	GlyColumba	A0A2I0LW90	A0A2I0LW90_COLLI Carboxypeptidase E	364	683.0	40.9	4.83e-73	721	1063	1	325
A0A8V0Z8M5	A0A8V0Z8M5_CHICK Adipocyte enhancer-binding protein 1	1214	GlyColumba	A0A2I0LIE3	A0A2I0LIE3_COLLI FZ domain-containing protein	1343	110.0	25.2	1.34e-06	145	409	503	784
A0A8V0Z8M5	A0A8V0Z8M5_CHICK Adipocyte enhancer-binding protein 1	1214	GlyColumba	A0A2I0MES8	A0A2I0MES8_COLLI SH3 and PX domains 2A (Fragment)	749	108.0	25.5	2.29e-06	227	450	37	269
A0A8V0Z9G8	A0A8V0Z9G8_CHICK Leucine rich repeats and immunoglobulin like domains 1	1094	GlyColumba	A0A2I0LTN4	A0A2I0LTN4_COLLI Leucine-rich repeat and fibronectin type-III domain-containing protein 5	736	288.0	27.7	2.77e-27	173	597	29	383
A0A8V0Z9G8	A0A8V0Z9G8_CHICK Leucine rich repeats and immunoglobulin like domains 1	1094	GlyColumba	A0A2I0MJN3	A0A2I0MJN3_COLLI Neuronal cell adhesion molecule	1273	250.0	25.5	7.05e-23	490	862	260	595
A0A8V0Z9G8	A0A8V0Z9G8_CHICK Leucine rich repeats and immunoglobulin like domains 1	1094	GlyColumba	A0A2I0MC72	A0A2I0MC72_COLLI Receptor-type tyrosine-protein phosphatase F	1901	233.0	28.1	6.60e-21	481	767	30	313
A0A8V0Z9G8	A0A8V0Z9G8_CHICK Leucine rich repeats and immunoglobulin like domains 1	1094	GlyColumba	A0A2I0MCK4	A0A2I0MCK4_COLLI LRRCT domain-containing protein (Fragment)	361	218.0	30.5	3.62e-19	285	490	19	235
A0A8V0Z9G8	A0A8V0Z9G8_CHICK Leucine rich repeats and immunoglobulin like domains 1	1094	GlyColumba	A0A2I0M2P9	A0A2I0M2P9_COLLI Tsukushi	352	200.0	26.5	4.43e-17	16	338	10	350
A0A8V0ZAP5	A0A8V0ZAP5_CHICK Hemicentin-1	5417	GlyColumba	A0A2I0MPF2	A0A2I0MPF2_COLLI Thrombospondin 1	997	488.0	35.4	8.82e-50	4532	4816	208	476
A0A8V0ZAP5	A0A8V0ZAP5_CHICK Hemicentin-1	5417	GlyColumba	A0A2I0MJN3	A0A2I0MJN3_COLLI Neuronal cell adhesion molecule	1273	459.0	27.2	2.03e-46	2634	3248	12	618
A0A8V0ZAP5	A0A8V0ZAP5_CHICK Hemicentin-1	5417	GlyColumba	A0A2I0MKA0	A0A2I0MKA0_COLLI Signal peptide, CUB domain, EGF-like 1	981	422.0	31.5	3.97e-42	5036	5318	58	372
A0A8V0ZAP5	A0A8V0ZAP5_CHICK Hemicentin-1	5417	GlyColumba	A0A2I0MC72	A0A2I0MC72_COLLI Receptor-type tyrosine-protein phosphatase F	1901	292.0	25.4	4.71e-27	2264	2752	14	479
A0A8V0ZAP5	A0A8V0ZAP5_CHICK Hemicentin-1	5417	GlyColumba	A0A2I0MKZ6	A0A2I0MKZ6_COLLI Vitamin K-dependent protein S	619	272.0	31.9	9.82e-25	5125	5403	66	315
A0A8V0ZEZ3	A0A8V0ZEZ3_CHICK Agrin	2152	GlyColumba	A0A2I0M3B3	A0A2I0M3B3_COLLI Agrin	2090	10155.0	90.7	0.00e+00	120	2152	109	2090
A0A8V0ZEZ3	A0A8V0ZEZ3_CHICK Agrin	2152	GlyColumba	A0A2I0LWJ2	A0A2I0LWJ2_COLLI Ovomucoid	470	445.0	30.1	3.39e-45	291	754	45	470
A0A8V0ZEZ3	A0A8V0ZEZ3_CHICK Agrin	2152	GlyColumba	A0A2I0MCI7	A0A2I0MCI7_COLLI Laminin, gamma 1 (Formerly LAMB2) (Fragment)	1541	309.0	28.2	2.00e-29	623	995	652	976
A0A8V0ZEZ3	A0A8V0ZEZ3_CHICK Agrin	2152	GlyColumba	A0A2I0MC29	A0A2I0MC29_COLLI Laminin, gamma 2	1143	209.0	35.5	7.88e-18	877	1008	48	168
A0A8V0ZEZ3	A0A8V0ZEZ3_CHICK Agrin	2152	GlyColumba	A0A2I0LWI9	A0A2I0LWI9_COLLI Ovomucoid	207	199.0	32.0	1.14e-16	373	550	52	207
A0A8V0ZMU3	A0A8V0ZMU3_CHICK Olfactomedin 3	478	GlyColumba	A0A2I0M933	A0A2I0M933_COLLI Multimerin 1	1189	93.0	22.9	4.94e-05	51	322	269	527
A0A8V0ZWX1	A0A8V0ZWX1_CHICK Amyloid beta like protein 2	697	GlyColumba	A0A2I0LTA5	A0A2I0LTA5_COLLI RAD50 homolog, double strand break repair protein	1312	90.0	21.8	1.61e-04	327	526	753	955
A0A8V0ZWX1	A0A8V0ZWX1_CHICK Amyloid beta like protein 2	697	GlyColumba	A0A2I0M5F7	A0A2I0M5F7_COLLI A-kinase anchor protein 2, transcript variant X1 (Fragment)	1033	85.0	20.6	6.10e-04	187	415	210	464
A0A8V0ZXI1	A0A8V0ZXI1_CHICK Sushi, nidogen and EGF like domains 1	1411	GlyColumba	A0A2I0LWB2	A0A2I0LWB2_COLLI Tenascin C, transcript variant X3	1503	551.0	25.0	1.14e-57	291	1337	107	950
A0A8V0ZXI1	A0A8V0ZXI1_CHICK Sushi, nidogen and EGF like domains 1	1411	GlyColumba	A0A2I0MGH1	A0A2I0MGH1_COLLI von Willebrand factor D and EGF domain-containing protein-like	1919	408.0	25.6	4.34e-41	276	943	1145	1882
A0A8V0ZXI1	A0A8V0ZXI1_CHICK Sushi, nidogen and EGF like domains 1	1411	GlyColumba	A0A2I0MKA0	A0A2I0MKA0_COLLI Signal peptide, CUB domain, EGF-like 1	981	312.0	25.4	5.88e-30	313	756	5	424
A0A8V0ZXI1	A0A8V0ZXI1_CHICK Sushi, nidogen and EGF like domains 1	1411	GlyColumba	A0A2I0MCI7	A0A2I0MCI7_COLLI Laminin, gamma 1 (Formerly LAMB2) (Fragment)	1541	228.0	21.6	3.23e-20	288	941	293	946
A0A8V0ZXI1	A0A8V0ZXI1_CHICK Sushi, nidogen and EGF like domains 1	1411	GlyColumba	A0A2I0M3B3	A0A2I0M3B3_COLLI Agrin	2090	217.0	23.7	6.10e-19	282	809	435	1050
A0A8V0ZY06	A0A8V0ZY06_CHICK PTTG1 interacting protein	188	GlyColumba	A0A2I0LUQ4	A0A2I0LUQ4_COLLI Pituitary tumor-transforming 1 interacting protein (Fragment)	153	713.0	91.5	2.49e-77	49	188	13	153
A0A8V1A3N1	A0A8V1A3N1_CHICK receptor protein-tyrosine kinase	1402	GlyColumba	A0A2I0MUF3	A0A2I0MUF3_COLLI Tyrosine-protein kinase receptor	2300	526.0	41.1	8.95e-55	1081	1349	1948	2226
A0A8V1A3N1	A0A8V1A3N1_CHICK receptor protein-tyrosine kinase	1402	GlyColumba	A0A2I0MF50	A0A2I0MF50_COLLI Proto-oncogene tyrosine-protein kinase receptor Ret	1107	517.0	36.2	9.90e-54	1081	1364	713	1014
A0A8V1A3N1	A0A8V1A3N1_CHICK receptor protein-tyrosine kinase	1402	GlyColumba	A0A2I0LSI4	A0A2I0LSI4_COLLI non-specific serine/threonine protein kinase (Fragment)	595	141.0	24.2	3.94e-10	1093	1343	9	255
A0A8V1A4R3	A0A8V1A4R3_CHICK Semaphorin 3F	802	GlyColumba	A0A2I0MDB7	A0A2I0MDB7_COLLI Semaphorin-6D (Fragment)	1141	679.0	30.4	9.29e-73	72	608	103	624
A0A8V1A5E6	A0A8V1A5E6_CHICK Olfactomedin like 2A	594	GlyColumba	A0A2I0M5F7	A0A2I0M5F7_COLLI A-kinase anchor protein 2, transcript variant X1 (Fragment)	1033	85.0	26.4	5.20e-04	249	358	884	984
A0A8V1A600	A0A8V1A600_CHICK Interleukin 6 receptor	406	GlyColumba	A0A2I0LGU9	A0A2I0LGU9_COLLI Fibronectin type-III domain-containing protein	237	174.0	42.7	1.70e-14	202	288	65	151
A0A8V1A9S3	A0A8V1A9S3_CHICK Semaphorin 3B	714	GlyColumba	A0A2I0MDB7	A0A2I0MDB7_COLLI Semaphorin-6D (Fragment)	1141	673.0	32.1	4.11e-72	60	543	111	599
A0A8V1ADR2	A0A8V1ADR2_CHICK Torsin family 4 member A	511	GlyColumba	A0A2I0LHZ2	A0A2I0LHZ2_COLLI Torsin-2A	281	276.0	27.3	3.18e-26	253	509	12	278
A0A8V1ADR2	A0A8V1ADR2_CHICK Torsin family 4 member A	511	GlyColumba	A0A2I0M3R8	A0A2I0M3R8_COLLI Torsin family 1, member B (Torsin B)	290	220.0	26.4	9.92e-20	253	510	10	277
A0A8V1ADR2	A0A8V1ADR2_CHICK Torsin family 4 member A	511	GlyColumba	A0A2I0M3T2	A0A2I0M3T2_COLLI Torsin-1A	296	220.0	26.8	9.92e-20	253	509	25	291
A0A8V1AMH6	A0A8V1AMH6_CHICK Serpin family F member 2	519	GlyColumba	A0A2I0M204	A0A2I0M204_COLLI Serpin peptidase inhibitor, clade F (Alpha-2 antiplasmin, pigment epithelium derived factor), member 2, transcript variant X1	526	1987.0	73.9	1.28e-224	4	519	5	526
A0A8V1AMH6	A0A8V1AMH6_CHICK Serpin family F member 2	519	GlyColumba	A0A1R7T3L5	A0A1R7T3L5_COLLI Ovalbumin-related protein Y	388	372.0	27.3	2.39e-37	146	492	11	388
A0A8V1AMH6	A0A8V1AMH6_CHICK Serpin family F member 2	519	GlyColumba	A0A2I0MP02	A0A2I0MP02_COLLI Serpin peptidase inhibitor, clade A (Alpha-1 antiproteinase, antitrypsin), member 10, transcript variant X2	439	354.0	27.3	2.92e-35	104	492	42	436
A0A8V1AMH6	A0A8V1AMH6_CHICK Serpin family F member 2	519	GlyColumba	A0A2I0MED6	A0A2I0MED6_COLLI Antithrombin-III (Fragment)	502	352.0	26.9	4.98e-35	106	492	88	500
A0A8V1AMH6	A0A8V1AMH6_CHICK Serpin family F member 2	519	GlyColumba	A0A2I0MW20	A0A2I0MW20_COLLI Ovalbumin-related protein X	388	345.0	27.4	3.23e-34	146	492	11	388
Q03696	NGCA_CHICK Neuronal-glial cell adhesion molecule	1266	GlyColumba	A0A2I0MJN3	A0A2I0MJN3_COLLI Neuronal cell adhesion molecule	1273	1957.0	36.6	9.41e-221	10	1259	19	1265
Q03696	NGCA_CHICK Neuronal-glial cell adhesion molecule	1266	GlyColumba	A0A2I0MC72	A0A2I0MC72_COLLI Receptor-type tyrosine-protein phosphatase F	1901	375.0	22.8	2.61e-37	324	1115	28	907
Q03696	NGCA_CHICK Neuronal-glial cell adhesion molecule	1266	GlyColumba	A0A2I0MA33	A0A2I0MA33_COLLI Follistatin-like 4, transcript variant X2	841	149.0	31.5	4.20e-11	237	404	245	419
Q03696	NGCA_CHICK Neuronal-glial cell adhesion molecule	1266	GlyColumba	A0A2I0M6V4	A0A2I0M6V4_COLLI Neuroplastin	358	126.0	24.8	1.95e-08	341	598	8	293
Q03696	NGCA_CHICK Neuronal-glial cell adhesion molecule	1266	GlyColumba	A0A2I0LTN4	A0A2I0LTN4_COLLI Leucine-rich repeat and fibronectin type-III domain-containing protein 5	736	118.0	28.7	1.65e-07	421	507	288	374
Q9DD78	TLR21_CHICK Toll-like receptor 2 type-1	793	GlyColumba	A0A2I0LTN4	A0A2I0LTN4_COLLI Leucine-rich repeat and fibronectin type-III domain-containing protein 5	736	161.0	27.3	1.07e-12	49	220	37	207
Q9DD78	TLR21_CHICK Toll-like receptor 2 type-1	793	GlyColumba	A0A2I0M2P9	A0A2I0M2P9_COLLI Tsukushi	352	120.0	22.5	6.07e-08	48	302	45	323
Q9DD78	TLR21_CHICK Toll-like receptor 2 type-1	793	GlyColumba	A0A2I0MCK4	A0A2I0MCK4_COLLI LRRCT domain-containing protein (Fragment)	361	108.0	32.1	1.49e-06	40	167	18	145
A0A8V0XWH7	A0A8V0XWH7_CHICK Thyroglobulin	2612	GlyColumba	A0A2I0MNY5	A0A2I0MNY5_COLLI SPARC related modular calcium binding 1	446	173.0	27.8	1.43e-13	862	1050	102	282
A0A8V0XWH7	A0A8V0XWH7_CHICK Thyroglobulin	2612	GlyColumba	A0A2I0MKA0	A0A2I0MKA0_COLLI Signal peptide, CUB domain, EGF-like 1	981	102.0	31.9	2.44e-05	1287	1353	613	680
A0A8V0XXK8	A0A8V0XXK8_CHICK Collagen alpha-1(XIV) chain	1861	GlyColumba	A0A2I0MTP6	A0A2I0MTP6_COLLI Collagen alpha-1(XII) chain	2482	4166.0	41.6	0.00e+00	32	1845	451	2482
A0A8V0XXK8	A0A8V0XXK8_CHICK Collagen alpha-1(XIV) chain	1861	GlyColumba	A0A2I0LWB2	A0A2I0LWB2_COLLI Tenascin C, transcript variant X3	1503	480.0	23.9	2.56e-49	319	1009	536	1187
A0A8V0XXK8	A0A8V0XXK8_CHICK Collagen alpha-1(XIV) chain	1861	GlyColumba	A0A2I0LKB3	A0A2I0LKB3_COLLI Collagen, type II, alpha 1	775	475.0	38.8	9.75e-49	1445	1765	39	335
A0A8V0XXK8	A0A8V0XXK8_CHICK Collagen alpha-1(XIV) chain	1861	GlyColumba	A0A2I0LIE3	A0A2I0LIE3_COLLI FZ domain-containing protein	1343	460.0	34.8	5.35e-47	1465	1759	562	944
A0A8V0XXK8	A0A8V0XXK8_CHICK Collagen alpha-1(XIV) chain	1861	GlyColumba	A0A2I0MC72	A0A2I0MC72_COLLI Receptor-type tyrosine-protein phosphatase F	1901	271.0	21.5	4.40e-25	302	1011	267	1006
A0A8V0YED5	A0A8V0YED5_CHICK Laminin subunit alpha-4	1788	GlyColumba	A0A2I0MCI7	A0A2I0MCI7_COLLI Laminin, gamma 1 (Formerly LAMB2) (Fragment)	1541	464.0	23.2	1.77e-47	24	785	591	1479
A0A8V0YED5	A0A8V0YED5_CHICK Laminin subunit alpha-4	1788	GlyColumba	A0A2I0MC29	A0A2I0MC29_COLLI Laminin, gamma 2	1143	330.0	22.3	6.10e-32	65	820	358	1056
A0A8V0YED5	A0A8V0YED5_CHICK Laminin subunit alpha-4	1788	GlyColumba	A0A2I0M3B3	A0A2I0M3B3_COLLI Agrin	2090	228.0	21.1	4.10e-20	111	1180	842	2077
A0A8V0YED5	A0A8V0YED5_CHICK Laminin subunit alpha-4	1788	GlyColumba	A0A2I0LWB2	A0A2I0LWB2_COLLI Tenascin C, transcript variant X3	1503	168.0	29.8	3.72e-13	69	275	302	471
A0A8V0YED5	A0A8V0YED5_CHICK Laminin subunit alpha-4	1788	GlyColumba	A0A2I0LTA5	A0A2I0LTA5_COLLI RAD50 homolog, double strand break repair protein	1312	121.0	18.2	1.05e-07	311	821	599	1068
A0A8V0YSB2	A0A8V0YSB2_CHICK Multiple epidermal growth factor-like domains protein 6	1421	GlyColumba	A0A2I0MKA0	A0A2I0MKA0_COLLI Signal peptide, CUB domain, EGF-like 1	981	608.0	27.5	2.81e-64	115	743	37	755
A0A8V0YSB2	A0A8V0YSB2_CHICK Multiple epidermal growth factor-like domains protein 6	1421	GlyColumba	A0A2I0LWB2	A0A2I0LWB2_COLLI Tenascin C, transcript variant X3	1503	532.0	30.5	1.83e-55	582	1142	141	564
A0A8V0YSB2	A0A8V0YSB2_CHICK Multiple epidermal growth factor-like domains protein 6	1421	GlyColumba	A0A2I0MCI7	A0A2I0MCI7_COLLI Laminin, gamma 1 (Formerly LAMB2) (Fragment)	1541	457.0	26.0	9.10e-47	385	1146	132	952
A0A8V0YSB2	A0A8V0YSB2_CHICK Multiple epidermal growth factor-like domains protein 6	1421	GlyColumba	A0A2I0MC29	A0A2I0MC29_COLLI Laminin, gamma 2	1143	330.0	27.2	4.85e-32	953	1421	20	588
A0A8V0YSB2	A0A8V0YSB2_CHICK Multiple epidermal growth factor-like domains protein 6	1421	GlyColumba	A0A2I0MGH1	A0A2I0MGH1_COLLI von Willebrand factor D and EGF domain-containing protein-like	1919	319.0	24.3	9.14e-31	119	971	1145	1886
A0A8V0ZWS1	A0A8V0ZWS1_CHICK Collagen type I alpha 1 chain	1375	GlyColumba	A0A2I0LKB3	A0A2I0LKB3_COLLI Collagen, type II, alpha 1	775	2521.0	48.2	4.07e-286	275	1375	19	775
A0A8V0ZWS1	A0A8V0ZWS1_CHICK Collagen type I alpha 1 chain	1375	GlyColumba	A0A2I0LIE3	A0A2I0LIE3_COLLI FZ domain-containing protein	1343	1378.0	38.7	1.41e-153	266	1103	370	1221
A0A8V0ZWS1	A0A8V0ZWS1_CHICK Collagen type I alpha 1 chain	1375	GlyColumba	A0A2I0MTP6	A0A2I0MTP6_COLLI Collagen alpha-1(XII) chain	2482	673.0	42.4	7.91e-72	545	959	2109	2442
A0A8V0ZWS1	A0A8V0ZWS1_CHICK Collagen type I alpha 1 chain	1375	GlyColumba	A0A2I0MST3	A0A2I0MST3_COLLI B-cell CLL/lymphoma 9 protein	1395	276.0	24.7	8.56e-26	98	1035	386	1391
A0A8V0ZWS1	A0A8V0ZWS1_CHICK Collagen type I alpha 1 chain	1375	GlyColumba	A0A2I0MGY6	A0A2I0MGY6_COLLI Ovocleidin-116	895	219.0	24.8	3.49e-19	93	789	170	884
A0A8V0Y2C0	A0A8V0Y2C0_CHICK Slit homolog 3 protein	1519	GlyColumba	A0A2I0M3B3	A0A2I0M3B3_COLLI Agrin	2090	285.0	28.7	8.56e-27	1108	1440	1371	1672
A0A8V0Y2C0	A0A8V0Y2C0_CHICK Slit homolog 3 protein	1519	GlyColumba	A0A2I0MGH1	A0A2I0MGH1_COLLI von Willebrand factor D and EGF domain-containing protein-like	1919	266.0	27.1	1.37e-24	915	1153	1620	1882
A0A8V0Y2C0	A0A8V0Y2C0_CHICK Slit homolog 3 protein	1519	GlyColumba	A0A2I0LWB2	A0A2I0LWB2_COLLI Tenascin C, transcript variant X3	1503	245.0	31.9	3.72e-22	918	1149	380	559
A0A8V0Y2C0	A0A8V0Y2C0_CHICK Slit homolog 3 protein	1519	GlyColumba	A0A2I0MKZ6	A0A2I0MKZ6_COLLI Vitamin K-dependent protein S	619	236.0	26.1	4.11e-21	952	1309	74	411
A0A8V0Y2C0	A0A8V0Y2C0_CHICK Slit homolog 3 protein	1519	GlyColumba	A0A2I0LTN4	A0A2I0LTN4_COLLI Leucine-rich repeat and fibronectin type-III domain-containing protein 5	736	226.0	25.8	5.94e-20	275	480	20	284
A0A8V0Y9I2	A0A8V0Y9I2_CHICK Torsin-3A	405	GlyColumba	A0A2I0M3R8	A0A2I0M3R8_COLLI Torsin family 1, member B (Torsin B)	290	673.0	47.6	2.33e-72	136	401	10	276
A0A8V0Y9I2	A0A8V0Y9I2_CHICK Torsin-3A	405	GlyColumba	A0A2I0M3T2	A0A2I0M3T2_COLLI Torsin-1A	296	658.0	45.4	1.28e-70	136	403	25	293
A0A8V0Y9I2	A0A8V0Y9I2_CHICK Torsin-3A	405	GlyColumba	A0A2I0LHZ2	A0A2I0LHZ2_COLLI Torsin-2A	281	590.0	42.8	9.81e-63	136	403	12	280
