GO Terms Level 1,GO Terms Description,GO Terms Level,GO Terms ID,Mapping,Background,All Mapping,All Background,Fold Enrichment,Fisher's exact test p value,-log10(p value),Related proteins
Cellular Component,cytosol,2,GO:0005829,89,1135,389,2784,0.56,2.260828259294974e-15,14.65,A0A8V1A9L3 A0A8V0ZWX9 A0A8V1A6A3 A0A8V1AEJ4 A0A8V0Z4R1 A0A8V0YVT3 A0A8V0YW12 A0A8V0Z6M9 A0A8V0ZEJ3 A0A8V0YB43 A0A8V1ACS0 A0A8V0ZZG2 A0A8V0ZG46 A0A8V1ABC8 A0A8V0X5U3 A0A8V1A4P2 A0A8V1A7R0 A0A1D5PNL3 A0A8V0Y9F8 A0A8V1A9R2 A0A8V1AB67 A0A8V0ZHK9 A0A8V0ZQS2 A0A8V0XCX4 A0A8V1A449 A0A8V0ZAP0 A0A8V0YM05 E1C3Z8 A0A3Q3AST7 E1BYF1 A0A8V0ZSX0 A0A3Q2TYT2 A0A8V0YRF2 A0A8V0ZG43 A0A8V1AK88 Q0PVE4 A0A8V0Y7Y9 A0A8V0XPN5 Q00649 A0A8V1ABC9 A0A8V0XM58 A0A8V0YRK4 E1BQI2 A0A1D5PBU5 A0A8V0YJV4 A0A8V0YY70 A0A8V0YLT1 A0A8V0YRG2 A0A8V0XMD4 A0A8V1A803 A0A8V0YBZ6 A0A1D5NVM6 A0A1D5PNB8 A0A8V0ZYM1 A0A8V0YGN8 A0A8V0XFL3 A0A8V0Z4J0 A0A8V0YC57 A0A8V0ZDK0 A0A8V1AHJ8 A0A8V0ZSG8 A0A8V0ZTA5 A0A8V0ZSX6 A0A1D5PC37 A0A1D5NWR5 A0A8V0ZY42 A0A1D5P655 A0A8V0XX41 A0A8V0XZQ1 A0A8V0YQC4 A0A8V0Z9Y8 A0A8V0YFD4 A0A8V0ZFG7 A0A8V0XGL8 A0A1D5PQV0 A0A8V0YGQ5 A0A1D5PNG3 A0A1D5P1F1 A0A8V1AJ90 A0A8V0XB58 A0A8V0YDG8 Q5ZJ58 A0A3Q2UEL1 A0A8V0ZH54 A0A8V0Y218 Q9I946 A0A8V0Z9Z7 A0A8V0XFB5 A0A8V0YWM3
Cellular Component,intracellular anatomical structure,2,GO:0005622,299,2485,389,2784,0.86,1.073793936249822e-14,13.97,Q5ZMG0 A0A8V0ZWX9 A0A8V1A9L3 A0A8V1A4K1 A0A8V1A6A3 A0A8V1AEJ4 A0A8V1AJT2 A0A8V0Z4R1 A0A8V0ZAP5 A0A1D5NTR5 A0A8V0YVT3 A0A8V0YDT5 R4GGQ4 A0A8V0ZF99 P07032 A0A1D5NYG2 A0A8V0YW12 A0A8V0Z6M9 A0A8V0ZEJ3 A0A8V0YIV5 A0A8V0YB43 A0A8V0ZY61 A0A8V1ACS0 A0A3Q2U2N5 A0A8V0ZG46 A0A8V0ZZG2 A0A8V0Z6L1 A0A8V1ALE0 A0A8V0YPH9 A0A8V1ABC8 A0A8V0X5U3 A0A1L1RX77 A0A8V0XPE8 A0A8V0YW57 A0A8V0X2C5 A0A8V0XXW6 A0A8V1A4P2 A0A8V1A7R0 A0A8V0Z0B9 A0A8V0ZA56 A0A8V0X783 A0A1L1RZ23 A0A8V0Y4Q2 A0A8V0Z6B9 A0A8V1A3N1 A0A8V0ZKV3 A0A1D5PNL3 A0A8V0ZT48 A0A8V0Z086 A0A3Q2U035 A0A8V0Y9F8 A0A8V0XJ84 A0A1D5NWP2 A0A8V0Z832 A0A8V0YYQ9 A0A8V0XXK8 A0A8V0Y2G8 F1NGB8 A0A3Q2TU24 A0A8V0YEQ1 A0A8V0ZJ97 A0A3Q2U8T7 A0A8V1AB05 A0A8V1A9R2 A0A8V1AB67 A0A8V0ZHK9 A0A8V0ZX23 P28687 A0A8V0YYB4 A0A8V0ZQS2 A0A8V1AG56 A0A1D5PCU0 E1C744 A0A8V1AFE7 A0A8V0XCX4 A0A8V1A449 A0A8V0ZAP0 A0A8V0XXM5 A0A8V0YM05 A0A8V0XDL7 A0A3Q3A4U3 A0A3Q2TVX1 A0A8V0XUK6 A0A8V0XRN3 A0A8V1ACU1 A0A8V1AM51 A0A3Q2U2N6 E1BS94 P02460 A0A8V0YFB8 A0A8V0Y8G8 A0A8V0YUF6 A0A8V0X637 E1C3Z8 A0A3Q3AST7 A0A3Q2TTB3 E1BYF1 A0A8V0ZP32 A0A8V0ZSX0 Q5ZHQ2 A0A3Q2TYT2 A0A8V0XK73 A0A1L1RSD2 A0A8V0YRF2 E1C2T4 A0A1D5NZN4 A0A8V0X1T3 A0A8V0YLZ5 A0A8V0ZRU9 A0A8V0ZXC9 A0A1D5PRH9 A0A8V0XLH4 A0A8V0ZG43 A0A8V1AK88 A0A8V0XA92 Q0PVE4 A0A1D5PJE0 A0A8V0ZW46 A0A8V0Y7Y9 A0A8V1AA32 A0A8V0ZE58 A0A1D5P0X0 A0A8V0YZJ3 A0A8V0XPN5 A0A8V0XIQ8 A0A8V0Z4U2 Q00649 A0A8V0Z7D4 A0A8V1ABC9 A0A8V0YF22 A0A8V0XM58 A0A8V0ZE30 A0A8V0YA97 A0A8V0YRK4 A0A8V0YSI0 E1BQI2 A0A8V0Y513 A0A8V0YR09 A0A1D5PBU5 Q05744 A0A8V1AFH0 A0A8V1AFR2 A0A1D5P201 A0A8V0Y413 A0A8V0YJV4 A0A8V1ACQ8 A0A8V0YY70 A0A8V1AJI2 A0A8V1AJV5 A0A8V0YLT1 A0A8V0XTW4 A0A8V0ZQP1 Q5ZKV5 Q76KB2 A0A8V0YRG2 A0A8V0XMD4 A0A8V0ZLV6 A0A8V1A653 Q5ZIB0 A0A8V0X4D8 A0A8V1A803 A0A8V0ZI29 A0A8V0YBZ6 A0A8V0Y795 A0A1D5NVM6 A0A1D5PNB8 A0A8V0YPQ6 A0A8V0ZYM1 A0A8V0YGN8 A0A8V0XMA2 A0A8V0YXG4 A0A8V0ZHL4 A0A8V0ZIF0 A0A8V0YG88 A0A1L1RP76 A0A8V0YPA6 A0A8V0XFL3 A0A8V0YC98 A0A8V0Y8L6 A0A8V0X643 A0A8V0Z4J0 A0A8V0YC57 A0A8V0ZDK0 A0A8V1AHJ8 A0A8V0ZSG8 A0A8V0ZKS6 A0A8V0ZTA5 A0A8V1AMI7 A0A8V0YLN5 A0A8V0ZBS5 A0A8V0ZSX6 A0A8V0XKU5 A0A8V0ZI47 A0A1D5PE57 A0A8V0ZAU8 Q8AWB4 A0A8V0ZMU3 A0A8V0ZWT8 A0A8V0ZYC3 A0A1D5PC37 A0A8V0ZBA3 A0A8V0Z438 A0A8V0Z1E9 A0A8V0YRN1 A0A8V0XWZ8 A0A8V0ZY91 A0A1D5NWR5 A0A8V0Y1A4 A0A8V0ZY42 A0A8V0YPB9 A0A8V0Z865 A0A1D5PLP1 A0A8V0ZKI8 O12971 A0A1D5P655 A0A8V0XX41 A0A8V0ZTG6 A0A8V0Y6W2 A0A8V0XK27 A0A8V0X370 A0A8V0YQC4 A0A8V0ZFH4 A0A8V0XQS7 A0A8V0Z9Y8 A0A8V0Z4M1 A0A8V0XZQ1 A0A8V0YIE9 A0A8V1AL54 A0A8V0YFD4 A0A8V0YNQ0 Q98938 A0A8V1A6Y8 A0A8V0XRC4 A0A8V0XCI3 A0A8V0XL09 A0A8V0ZW33 A0A8V1A2P5 A0A1D5NZT1 A0A8V0ZR84 A0A8V0ZFG7 A0A1D5PA74 A0A8V1A3Y6 A0A8V0XYR2 A0A8V0Z4P8 A0A8V1AEM5 A0A8V0YMR1 A0A8V0ZWH1 Q5ZHX2 A0A8V1A3H9 A0A8V0XGY8 A0A8V0XGL8 A0A8V0YLX0 A0A8V0YQ88 A0A8V0WZN3 A0A1D5PQV0 A0A8V1AAN6 A0A8V1AFC3 A0A8V0YGQ5 A0A8V0Y7C8 A0A8V0Y1N7 A0A8V0Z1C5 A0A8V0XT35 A0A8V0X852 A0A8V0YHH6 A0A8V0ZYN6 A0A1D5PNG3 A0A1D5P1F1 Q6JHU8 A0A8V1AJ90 A0A8V0XF68 A0A8V0YS46 A0A8V0WZJ4 A0A8V0XB58 A0A8V0ZZU1 A0A8V0XDM2 A0A8V0X6J5 A0A8V0YDG8 Q5ZJ58 A0A3Q2UEL1 A0A8V1A2F4 A0A8V0Z2J4 E1BQB4 A0A8V0ZBJ8 A0A8V0Y2E5 A0A8V0ZH54 A0A8V0Y218 A0A8V0XX49 Q9I946 A0A8V0YU83 A0A8V0XAF8 A0A8V1A3S8 A0A8V1A4I0 A0A8V0Z9Z7 A0A8V0YDD6 R4GH52 F1NSM7 A0A8V0XFB5 Q5ZHL0 A0A8V0YWM3
Cellular Component,cytoplasm,2,GO:0005737,283,2339,389,2784,0.87,9.188217144043225e-10,9.04,Q5ZMG0 A0A8V0ZWX9 A0A8V1A9L3 A0A8V1A4K1 A0A8V1A6A3 A0A8V1AEJ4 A0A8V1AJT2 A0A8V0Z4R1 A0A8V0ZAP5 A0A1D5NTR5 A0A8V0YVT3 A0A8V0YDT5 R4GGQ4 P07032 A0A1D5NYG2 A0A8V0YW12 A0A8V0Z6M9 A0A8V0ZEJ3 A0A8V0YIV5 A0A8V0YB43 A0A8V0ZY61 A0A8V1ACS0 A0A3Q2U2N5 A0A8V0ZG46 A0A8V0ZZG2 A0A8V0Z6L1 A0A8V1ALE0 A0A8V0YPH9 A0A8V1ABC8 A0A8V0X5U3 A0A1L1RX77 A0A8V0XPE8 A0A8V0X2C5 A0A8V1A4P2 A0A8V1A7R0 A0A8V0Z0B9 A0A8V0ZA56 A0A8V0X783 A0A1L1RZ23 A0A8V0Y4Q2 A0A8V0Z6B9 A0A8V1A3N1 A0A8V0ZKV3 A0A1D5PNL3 A0A8V0ZT48 A0A8V0Z086 A0A3Q2U035 A0A8V0Y9F8 A0A8V0XJ84 A0A1D5NWP2 A0A8V0Z832 A0A8V0YYQ9 A0A8V0XXK8 A0A8V0Y2G8 F1NGB8 A0A3Q2TU24 A0A8V0ZJ97 A0A3Q2U8T7 A0A8V1AB05 A0A8V1A9R2 A0A8V1AB67 A0A8V0ZHK9 A0A8V0ZX23 P28687 A0A8V0ZQS2 A0A8V1AG56 A0A1D5PCU0 E1C744 A0A8V1AFE7 A0A8V0XCX4 A0A8V1A449 A0A8V0ZAP0 A0A8V0XXM5 A0A8V0YM05 A0A8V0XDL7 A0A3Q3A4U3 A0A3Q2TVX1 A0A8V0XUK6 A0A8V0XRN3 A0A8V1ACU1 A0A8V1AM51 A0A3Q2U2N6 E1BS94 P02460 A0A8V0YFB8 A0A8V0Y8G8 A0A8V0YUF6 A0A8V0X637 E1C3Z8 A0A3Q3AST7 A0A3Q2TTB3 E1BYF1 A0A8V0ZP32 A0A8V0ZSX0 Q5ZHQ2 A0A3Q2TYT2 A0A8V0XK73 A0A1L1RSD2 A0A8V0YRF2 E1C2T4 A0A1D5NZN4 A0A8V0YLZ5 A0A8V0ZF99 A0A8V0ZRU9 A0A8V0ZXC9 A0A1D5PRH9 A0A8V0XLH4 A0A8V0ZG43 A0A8V1AK88 A0A8V0XA92 Q0PVE4 A0A1D5PJE0 A0A8V0ZW46 A0A8V0Y7Y9 A0A8V1AA32 A0A8V0ZE58 A0A1D5P0X0 A0A8V0YZJ3 A0A8V0XPN5 A0A8V0XIQ8 A0A8V0Z4U2 Q00649 A0A8V0Z7D4 A0A8V1ABC9 A0A8V0YF22 A0A8V0XM58 A0A8V0ZE30 A0A8V0YA97 A0A8V0YRK4 A0A8V0YSI0 E1BQI2 A0A8V0Y513 A0A8V0YR09 A0A1D5PBU5 Q05744 A0A8V1AFH0 A0A8V1AFR2 A0A1D5P201 A0A8V0Y413 A0A8V0YJV4 A0A8V1ACQ8 A0A8V0YY70 A0A8V1AJI2 A0A8V1AJV5 A0A8V0YLT1 A0A8V0XTW4 A0A8V0ZQP1 Q5ZKV5 Q76KB2 A0A8V0YRG2 A0A8V0XMD4 A0A8V0ZLV6 A0A8V1A653 Q5ZIB0 A0A8V0X4D8 A0A8V1A803 A0A8V0ZI29 A0A8V0YBZ6 A0A8V0Y795 A0A1D5NVM6 A0A1D5PNB8 A0A8V0YPQ6 A0A8V0ZYM1 A0A8V0YGN8 A0A8V0XMA2 A0A8V0YXG4 A0A8V0ZHL4 A0A8V0ZIF0 A0A8V0YG88 A0A8V0YPA6 A0A8V0XFL3 A0A8V0YC98 A0A8V0Y8L6 A0A8V0Z4J0 A0A8V0YC57 A0A8V0ZDK0 A0A8V1AHJ8 A0A8V0ZSG8 A0A8V0ZKS6 A0A8V0ZTA5 A0A8V1AMI7 A0A8V0YLN5 A0A8V0ZBS5 A0A8V0ZSX6 A0A8V0XKU5 A0A8V0ZI47 A0A1D5PE57 Q8AWB4 A0A8V0ZMU3 A0A1D5PC37 A0A8V0Z438 A0A8V0Z1E9 A0A8V0XWZ8 A0A8V0ZY91 A0A1D5NWR5 A0A8V0Y1A4 A0A8V0ZY42 A0A8V0YPB9 A0A8V0Z865 A0A1D5PLP1 A0A8V0ZKI8 O12971 A0A1D5P655 A0A8V0XX41 A0A8V0ZTG6 A0A8V0Y6W2 A0A8V0XK27 A0A8V0X370 A0A8V0YQC4 A0A8V0ZFH4 A0A8V0XQS7 A0A8V0Z9Y8 A0A8V0Z4M1 A0A8V0XZQ1 A0A8V0YIE9 A0A8V1AL54 A0A8V0YFD4 A0A8V0YNQ0 Q98938 A0A8V1A6Y8 A0A8V0XRC4 A0A8V0XCI3 A0A8V0XL09 A0A8V1A2P5 A0A1D5NZT1 A0A8V0ZR84 A0A8V0ZFG7 A0A1D5PA74 A0A8V1A3Y6 A0A8V0XYR2 A0A8V0Z4P8 A0A8V0YMR1 A0A8V1A3H9 A0A8V0ZWH1 A0A8V1AAN6 A0A8V0XGY8 A0A8V0XGL8 A0A8V0YLX0 A0A8V0YQ88 A0A8V0WZN3 A0A1D5PQV0 A0A8V1AFC3 A0A8V0YGQ5 A0A8V0Y7C8 A0A8V0Y1N7 A0A8V0Z1C5 A0A8V0XT35 A0A8V0X852 A0A8V0YHH6 A0A8V0ZYN6 A0A1D5PNG3 A0A1D5P1F1 Q6JHU8 A0A8V1AJ90 A0A8V0XF68 A0A8V0YS46 A0A8V0WZJ4 A0A8V0XB58 A0A8V0ZZU1 A0A8V0XDM2 A0A8V0X6J5 A0A8V0YDG8 Q5ZJ58 A0A3Q2UEL1 A0A8V1A2F4 A0A8V0Z2J4 E1BQB4 A0A8V0ZBJ8 A0A8V0Y2E5 A0A8V0ZH54 A0A8V0Y218 A0A8V0XX49 Q9I946 A0A8V0YU83 A0A8V0XAF8 A0A8V1A3S8 A0A8V0Z9Z7 A0A8V0YDD6 R4GH52 F1NSM7 A0A8V0XFB5 Q5ZHL0 A0A8V0YWM3
Cellular Component,nucleus,5,GO:0005634,78,921,389,2784,0.61,1.229790824013875e-09,8.91,A0A8V1A9L3 A0A8V1A6A3 A0A1D5NTR5 R4GGQ4 A0A1D5NYG2 A0A8V0YW12 A0A8V1ACS0 A0A8V0ZZG2 A0A8V1ABC8 A0A8V0X5U3 A0A8V0XXW6 A0A8V0YW57 A0A8V1A7R0 A0A1L1RZ23 A0A1D5PNL3 A0A3Q2U035 A0A8V0XJ84 A0A8V0YEQ1 A0A8V0ZJ97 A0A8V1A9R2 A0A8V0ZHK9 A0A8V0YYB4 E1C744 A0A8V0ZAP0 A0A8V0YM05 E1C3Z8 A0A3Q2TTB3 A0A8V0ZSX0 A0A8V0YRF2 A0A1D5NZN4 A0A8V0X1T3 A0A8V0ZG43 A0A8V1AK88 Q0PVE4 A0A8V0ZW46 A0A8V0XPN5 Q00649 A0A8V0Z7D4 A0A8V1ABC9 A0A8V0XM58 A0A8V0Y513 A0A1D5PBU5 A0A8V0YJV4 A0A8V0YRG2 A0A1D5NVM6 A0A1D5PNB8 A0A1L1RP76 A0A8V0XFL3 A0A8V0X643 A0A8V0Z4J0 A0A8V0ZSG8 A0A8V0ZKS6 A0A8V0ZWT8 A0A8V0Z438 A0A8V0ZY42 A0A1D5PLP1 A0A8V0XQS7 A0A8V0Z4M1 A0A8V0YFD4 Q98938 A0A8V0ZW33 A0A8V0Z4P8 A0A8V1AEM5 A0A8V0XGL8 A0A8V1AFC3 A0A1D5PNG3 A0A1D5P1F1 Q6JHU8 A0A8V1AJ90 A0A8V0XB58 A0A8V0XDM2 A0A8V0YDG8 Q5ZJ58 A0A8V0ZH54 A0A8V0Y218 A0A8V0Z9Z7 R4GH52 A0A8V0YWM3
Cellular Component,membrane-bounded organelle,3,GO:0043227,234,2018,389,2784,0.83,1.4376177312969111e-08,7.84,A0A8V1A9L3 A0A8V0ZWX9 A0A8V1A6A3 A0A8V1AEJ4 A0A8V1AJT2 A0A1D5NTR5 A0A8V0YVT3 A0A8V0YDT5 R4GGQ4 A0A1D5NYG2 A0A8V0YW12 A0A8V0YIV5 A0A8V0YB43 A0A8V0ZY61 A0A8V1ACS0 A0A3Q2U2N5 A0A8V0ZZG2 A0A8V1ABC8 A0A8V0X5U3 A0A1L1RX77 A0A8V0XPE8 A0A8V0YW57 A0A8V0X2C5 A0A8V0XXW6 A0A8V1A7R0 A0A8V0Z0B9 A0A8V0ZA56 A0A8V0X783 A0A8V0Y4Q2 A0A1L1RZ23 A0A8V1A3N1 A0A8V0ZKV3 A0A1D5PNL3 A0A8V0Z086 A0A3Q2U035 A0A8V0Y9F8 A0A8V0XJ84 A0A1D5NWP2 A0A8V0Z832 A0A8V0YYQ9 A0A8V0XXK8 F1NGB8 A0A3Q2TU24 A0A8V0YEQ1 A0A8V0ZJ97 A0A3Q2U8T7 A0A8V1AB05 A0A8V1A9R2 A0A8V1AB67 A0A8V0ZHK9 A0A8V0XLN9 A0A8V0ZX23 P28687 A0A8V0YYB4 A0A8V1AG56 A0A1D5PCU0 E1C744 A0A8V1AFE7 A0A8V0XCX4 A0A8V1A449 A0A8V0ZAP0 A0A8V0XXM5 A0A8V0YM05 A0A8V0XDL7 A0A3Q3A4U3 A0A8V0XUK6 A0A8V1ACU1 A0A3Q2U2N6 E1BS94 P02460 A0A8V0YFB8 A0A8V0YUF6 A0A8V0X637 E1C3Z8 A0A3Q3AST7 A0A3Q2TTB3 A0A8V0ZP32 A0A8V0ZSX0 A0A8V0XK73 A0A8V0ZF99 A0A3Q2TYT2 A0A8V0ZRU9 A0A1L1RSD2 A0A8V0YRF2 E1C2T4 A0A1D5NZN4 A0A8V0X1T3 A0A8V0YLZ5 A0A8V0ZXC9 A0A8V0ZG43 A0A8V1AK88 A0A8V0XA92 Q0PVE4 A0A1D5PJE0 A0A8V0ZW46 A0A8V0Y7Y9 A0A8V1AA32 A0A8V0ZE58 A0A8V0YZJ3 A0A8V0XPN5 A0A8V0XIQ8 Q00649 A0A8V0Z7D4 A0A8V1ABC9 A0A8V0YF22 A0A8V0XM58 A0A8V0YA97 A0A8V0YSI0 E1BQI2 A0A8V0Y513 A0A8V0YR09 A0A1D5PBU5 Q05744 A0A8V1AFH0 A0A8V1AFR2 A0A1D5P201 A0A8V0Y413 A0A8V0YJV4 A0A8V1ACQ8 A0A8V1AJI2 A0A8V0XTW4 Q5ZKV5 Q76KB2 A0A8V0YRG2 Q5ZIB0 A0A8V0X4D8 A0A8V1A803 A0A8V0ZI29 A0A8V0Y795 A0A1D5NVM6 A0A1D5PNB8 A0A8V0ZYM1 A0A8V0YGN8 A0A8V0XMA2 A0A8V0YXG4 A0A8V0ZHL4 A0A8V0ZIF0 A0A8V0YG88 A0A1L1RP76 A0A8V0YPA6 A0A8V0XFL3 A0A8V0YC98 A0A8V0Y8L6 A0A8V0X643 A0A8V0Z4J0 A0A8V0ZSG8 A0A8V0ZKS6 A0A8V0ZTA5 A0A8V1AMI7 A0A8V0YLN5 A0A8V0XKU5 A0A8V0ZI47 A0A1D5PE57 A0A8V0ZWT8 Q8AWB4 A0A8V0ZMU3 A0A1D5PC37 A0A8V0Z438 A0A8V0Z1E9 A0A8V0YRN1 A0A8V0XWZ8 A0A8V0ZY91 A0A1D5NWR5 A0A8V0Y1A4 A0A8V0ZY42 A0A8V0YPB9 A0A8V0Z865 A0A1D5PLP1 A0A8V0ZKI8 O12971 A0A1D5P655 A0A8V0ZTG6 A0A8V0Y6W2 A0A8V0XK27 A0A8V0ZFH4 A0A8V0YQC4 A0A8V0XQS7 A0A8V0YIE9 A0A8V0Z9Y8 A0A8V0Z4M1 A0A8V1AL54 A0A8V0YFD4 A0A8V0YNQ0 Q98938 A0A8V0XRC4 A0A8V0XCI3 A0A8V0ZW33 A0A8V1A2P5 A0A8V0ZR84 A0A1D5PA74 A0A8V0XYR2 A0A8V0Z4P8 A0A8V1AEM5 A0A8V0YMR1 A0A8V0ZWH1 A0A8V1A3H9 A0A8V1AAN6 A0A8V0XGY8 A0A8V0XGL8 A0A8V0YQ88 A0A8V0WZN3 A0A1D5PQV0 A0A8V1AFC3 A0A8V0Y7C8 A0A8V0YHH6 A0A8V0Z1C5 A0A8V0XT35 A0A8V0ZYN6 A0A1D5PNG3 A0A1D5P1F1 Q6JHU8 A0A8V1AJ90 A0A8V0XF68 A0A8V0YS46 A0A8V0WZJ4 A0A8V0XB58 A0A8V0ZZU1 A0A8V0XDM2 A0A8V0X6J5 A0A8V0YDG8 Q5ZJ58 A0A8V1A2F4 A0A8V0Z2J4 A0A8V0ZBJ8 A0A8V0ZH54 A0A8V0Y218 Q9I946 A0A8V0YU83 A0A8V0Z9Z7 A0A8V0YDD6 R4GH52 F1NSM7 Q5ZHL0 A0A8V0YWM3
Cellular Component,intracellular membrane-bounded organelle,4,GO:0043231,209,1848,389,2784,0.81,2.4075987565971582e-08,7.62,A0A8V1A9L3 A0A8V0ZWX9 A0A8V1A6A3 A0A8V1AEJ4 A0A8V1AJT2 A0A1D5NTR5 R4GGQ4 A0A1D5NYG2 A0A8V0YW12 A0A8V0YIV5 A0A8V0YB43 A0A8V0ZY61 A0A8V1ACS0 A0A3Q2U2N5 A0A8V0ZZG2 A0A8V1ABC8 A0A8V0X5U3 A0A1L1RX77 A0A8V0XPE8 A0A8V0YW57 A0A8V0X2C5 A0A8V0XXW6 A0A8V1A7R0 A0A8V0Z0B9 A0A8V0ZA56 A0A8V0X783 A0A1L1RZ23 A0A8V0Y4Q2 A0A8V1A3N1 A0A8V0ZKV3 A0A1D5PNL3 A0A8V0Z086 A0A3Q2U035 A0A8V0Y9F8 A0A8V0XJ84 A0A1D5NWP2 A0A8V0Z832 A0A8V0YYQ9 A0A8V0XXK8 F1NGB8 A0A3Q2TU24 A0A8V0YEQ1 A0A8V0ZJ97 A0A3Q2U8T7 A0A8V1A9R2 A0A8V0ZHK9 A0A8V0ZX23 P28687 A0A8V0YYB4 A0A8V1AG56 A0A1D5PCU0 E1C744 A0A8V1AFE7 A0A8V0XCX4 A0A8V0ZAP0 A0A8V0XXM5 A0A8V0YM05 A0A8V0XDL7 A0A8V0XUK6 A0A8V1ACU1 A0A3Q2U2N6 E1BS94 P02460 A0A8V0YFB8 A0A8V0YUF6 A0A8V0X637 E1C3Z8 A0A3Q2TTB3 A0A8V0ZP32 A0A8V0ZSX0 A0A8V0XK73 A0A8V0ZRU9 A0A8V0ZXC9 A0A1L1RSD2 A0A8V0YRF2 E1C2T4 A0A1D5NZN4 A0A8V0X1T3 A0A8V0YLZ5 A0A8V0ZG43 A0A8V1AK88 Q0PVE4 A0A8V0Y7Y9 A0A1D5PJE0 A0A8V0ZW46 A0A8V1AA32 A0A8V0ZE58 A0A8V0YZJ3 A0A8V0XPN5 A0A8V0XIQ8 Q00649 A0A8V0Z7D4 A0A8V1ABC9 A0A8V0YF22 A0A8V0XM58 A0A8V0YA97 A0A8V0YSI0 A0A8V0Y513 A0A8V0YR09 A0A1D5PBU5 Q05744 A0A8V1AFH0 A0A8V1AFR2 A0A1D5P201 A0A8V0Y413 A0A8V0YJV4 A0A8V1ACQ8 A0A8V1AJI2 A0A8V0XTW4 Q76KB2 A0A8V0YRG2 Q5ZIB0 A0A8V0X4D8 A0A8V1A803 A0A8V0ZI29 A0A8V0Y795 A0A1D5NVM6 A0A1D5PNB8 A0A8V0YGN8 A0A8V0XMA2 A0A8V0YXG4 A0A8V0ZHL4 A0A8V0ZIF0 A0A1L1RP76 A0A8V0XFL3 A0A8V0YC98 A0A8V0Y8L6 A0A8V0X643 A0A8V0Z4J0 A0A8V0ZSG8 A0A8V0ZKS6 A0A8V0ZTA5 A0A8V1AMI7 A0A8V0YLN5 A0A8V0ZWT8 A0A8V0ZI47 A0A1D5PE57 Q8AWB4 A0A8V0ZMU3 A0A1D5PC37 A0A8V0Z438 A0A8V0Z1E9 A0A8V0YRN1 A0A8V0XWZ8 A0A8V0ZY91 A0A1D5NWR5 A0A8V0ZY42 A0A8V0Z865 A0A1D5PLP1 O12971 A0A8V0ZTG6 A0A8V0Y6W2 A0A8V0XK27 A0A8V0ZFH4 A0A8V0YQC4 A0A8V0XQS7 A0A8V0YIE9 A0A8V0Z9Y8 A0A8V0Z4M1 A0A8V0YFD4 A0A8V0YNQ0 Q98938 A0A8V0XRC4 A0A8V0ZW33 A0A8V0ZR84 A0A1D5PA74 A0A8V0XYR2 A0A8V0Z4P8 A0A8V1AEM5 A0A8V1A3H9 A0A8V0ZWH1 A0A8V1AAN6 A0A8V0XGY8 A0A8V0XGL8 A0A8V0YQ88 A0A8V0WZN3 A0A1D5PQV0 A0A8V1AFC3 A0A8V0Y7C8 A0A8V0YHH6 A0A8V0Z1C5 A0A8V0XT35 A0A8V0ZYN6 A0A1D5PNG3 A0A1D5P1F1 Q6JHU8 A0A8V1AJ90 A0A8V0XF68 A0A8V0YS46 A0A8V0WZJ4 A0A8V0XB58 A0A8V0ZZU1 A0A8V0XDM2 A0A8V0X6J5 A0A8V0YDG8 Q5ZJ58 A0A8V1A2F4 A0A8V0Z2J4 A0A8V0ZBJ8 A0A8V0ZH54 A0A8V0Y218 Q9I946 A0A8V0YU83 A0A8V0Z9Z7 A0A8V0YDD6 R4GH52 F1NSM7 Q5ZHL0 A0A8V0YWM3
Cellular Component,organelle,2,GO:0043226,278,2262,389,2784,0.88,3.7748696644802583e-07,6.42,A0A8V1A9L3 A0A8V0ZWX9 A0A8V1A6A3 A0A8V1AEJ4 A0A8V1AJT2 A0A1D5NTR5 A0A8V0YVT3 A0A8V0YDT5 R4GGQ4 A0A1D5NYG2 A0A8V0YW12 A0A8V0Z6M9 A0A8V0ZEJ3 A0A8V0YIV5 A0A8V0YB43 A0A8V0ZY61 A0A8V1ACS0 A0A3Q2U2N5 A0A8V0ZZG2 A0A8V0Z6L1 A0A8V1ABC8 A0A8V0Y722 A0A8V0X5U3 A0A1L1RX77 A0A8V0XPE8 A0A8V0YW57 A0A8V0X2C5 A0A8V0XXW6 A0A8V1A4P2 A0A8V1A7R0 A0A8V0Z0B9 A0A8V0ZA56 A0A8V0X783 A0A8V0Y4Q2 A0A1L1RZ23 A0A8V0Z6B9 A0A8V1A3N1 A0A8V0ZKV3 A0A1D5PNL3 A0A8V0ZT48 A0A8V0Z086 A0A3Q2U035 A0A8V0Y9F8 A0A8V0XJ84 A0A1D5NWP2 A0A8V0Z832 A0A8V0YYQ9 A0A8V0XXK8 A0A8V0Y2G8 F1NGB8 A0A3Q2TU24 A0A8V0YEQ1 A0A8V0ZJ97 A0A3Q2U8T7 A0A8V1AB05 A0A8V1A9R2 A0A8V1AB67 A0A8V0ZHK9 A0A8V0XLN9 A0A8V0ZX23 P28687 A0A8V0YYB4 A0A8V0ZQS2 A0A8V1AG56 A0A1D5PCU0 E1C744 A0A8V1AFE7 A0A8V0XCX4 A0A8V1A449 A0A8V0ZAP0 A0A8V0XXM5 A0A8V0YM05 A0A8V0XDL7 A0A3Q3A4U3 A0A3Q2TVX1 A0A8V0XUK6 A0A8V0XRN3 A0A8V1ACU1 A0A8V1AM51 A0A3Q2U2N6 E1BS94 P02460 A0A8V0YFB8 A0A8V0Y8G8 A0A8V0YUF6 A0A8V0X637 E1C3Z8 A0A3Q3AST7 A0A3Q2TTB3 A0A8V0ZP32 A0A8V0ZSX0 A0A8V0XK73 A0A8V0ZF99 A0A3Q2TYT2 A0A8V0ZRU9 A0A1L1RSD2 A0A8V0YRF2 E1C2T4 A0A1D5NZN4 A0A8V0X1T3 A0A8V0YLZ5 A0A8V0ZXC9 A0A8V0XLH4 A0A8V0ZG43 A0A8V1AK88 A0A8V0XA92 Q0PVE4 A0A1D5PJE0 A0A8V0ZW46 A0A8V0Y7Y9 A0A8V1AA32 A0A8V0ZE58 A0A1D5P0X0 A0A8V0YZJ3 A0A8V0XPN5 A0A8V0XIQ8 A0A8V0Z4U2 Q00649 A0A8V0Z7D4 A0A8V1ABC9 A0A8V0YF22 A0A8V0XM58 A0A8V0ZE30 A0A8V0YA97 A0A8V0YRK4 A0A8V0YSI0 E1BQI2 A0A8V0Y513 A0A8V0YR09 A0A1D5PBU5 Q05744 A0A8V1AFH0 A0A8V1AFR2 A0A1D5P201 A0A8V0Y413 A0A8V0YJV4 A0A8V1ACQ8 A0A8V0YY70 A0A8V1AJI2 A0A8V1AJV5 A0A8V0XTW4 A0A8V0ZQP1 Q5ZKV5 Q76KB2 A0A8V0YRG2 A0A8V0ZLV6 A0A8V1A653 Q5ZIB0 A0A8V0X4D8 A0A8V1A803 A0A8V0ZI29 A0A8V0Y795 A0A1D5NVM6 A0A1D5PNB8 A0A8V0YPQ6 A0A8V0ZYM1 A0A8V0YGN8 A0A8V0XMA2 A0A8V0YXG4 A0A8V0ZHL4 A0A8V0ZIF0 A0A8V0YG88 A0A1L1RP76 A0A8V0YPA6 A0A8V0XFL3 A0A8V0YC98 A0A8V0Y8L6 A0A8V0X643 A0A8V0Z4J0 A0A8V0ZDK0 A0A8V1AHJ8 A0A8V0ZSG8 A0A8V0ZKS6 A0A8V0ZTA5 A0A8V1AMI7 A0A8V0YLN5 A0A8V0ZBS5 A0A8V0ZSX6 A0A8V0XKU5 A0A8V0ZI47 A0A1D5PE57 A0A8V0ZAU8 Q8AWB4 A0A8V0ZMU3 A0A8V0ZWT8 A0A8V0ZYC3 A0A1D5PC37 A0A8V0ZBA3 A0A8V0Z438 A0A8V0Z1E9 A0A8V0YRN1 A0A8V0XWZ8 A0A8V0ZY91 A0A1D5NWR5 A0A8V0Y1A4 A0A8V0ZY42 A0A8V0YPB9 A0A8V0Z865 A0A1D5PLP1 A0A8V0ZKI8 O12971 A0A1D5P655 A0A8V0ZTG6 A0A8V0Y6W2 A0A8V0XK27 A0A8V0X370 A0A8V0YQC4 A0A8V0ZFH4 A0A8V0XQS7 A0A8V0Z9Y8 A0A8V0Z4M1 A0A8V0XZQ1 A0A8V0YIE9 A0A8V1AL54 A0A8V0YFD4 A0A8V0YNQ0 Q98938 A0A8V1A6Y8 A0A8V0XRC4 A0A8V0XCI3 A0A8V0ZW33 A0A8V1A2P5 A0A1D5NZT1 A0A8V0ZR84 A0A1D5PA74 A0A8V1A3Y6 A0A8V0XYR2 A0A8V0Z4P8 A0A8V1AEM5 A0A8V0YMR1 A0A8V0ZWH1 Q5ZHX2 A0A8V1A3H9 A0A8V0XGY8 A0A8V0XGL8 A0A8V0YQ88 A0A8V1AAN6 A0A3Q2UGW3 A0A8V0WZN3 A0A1D5PQV0 A0A8V1AFC3 A0A8V0Y7C8 A0A8V0Y1N7 A0A8V0Z1C5 A0A8V0XT35 A0A8V0X852 A0A8V0YHH6 A0A8V0ZYN6 A0A1D5PNG3 A0A1D5P1F1 Q6JHU8 A0A8V1AJ90 A0A8V0XF68 A0A8V0YS46 A0A8V0WZJ4 A0A8V0XB58 A0A8V0ZZU1 A0A8V0XDM2 A0A8V0X6J5 A0A8V0YDG8 Q5ZJ58 A0A8V1A2F4 A0A8V0Z2J4 E1BQB4 A0A8V0ZBJ8 A0A8V0ZH54 A0A8V0Y218 Q9I946 A0A8V0YU83 A0A8V0XAF8 A0A8V1A3S8 A0A8V1A4I0 A0A8V0Z9Z7 A0A8V0YDD6 R4GH52 F1NSM7 Q5ZHL0 A0A8V0YWM3
Cellular Component,intracellular organelle,3,GO:0043229,273,2220,389,2784,0.88,1.1961425014856514e-06,5.92,A0A8V1A9L3 A0A8V0ZWX9 A0A8V1A6A3 A0A8V1AEJ4 A0A8V1AJT2 A0A1D5NTR5 A0A8V0YVT3 A0A8V0YDT5 R4GGQ4 A0A1D5NYG2 A0A8V0YW12 A0A8V0Z6M9 A0A8V0ZEJ3 A0A8V0YIV5 A0A8V0YB43 A0A8V0ZY61 A0A8V1ACS0 A0A3Q2U2N5 A0A8V0ZZG2 A0A8V0Z6L1 A0A8V1ABC8 A0A8V0X5U3 A0A1L1RX77 A0A8V0XPE8 A0A8V0YW57 A0A8V0X2C5 A0A8V0XXW6 A0A8V1A4P2 A0A8V1A7R0 A0A8V0Z0B9 A0A8V0ZA56 A0A8V0X783 A0A8V0Y4Q2 A0A1L1RZ23 A0A8V0Z6B9 A0A8V1A3N1 A0A8V0ZKV3 A0A1D5PNL3 A0A8V0ZT48 A0A8V0Z086 A0A3Q2U035 A0A8V0Y9F8 A0A8V0XJ84 A0A1D5NWP2 A0A8V0Z832 A0A8V0YYQ9 A0A8V0XXK8 A0A8V0Y2G8 F1NGB8 A0A3Q2TU24 A0A8V0YEQ1 A0A8V0ZJ97 A0A3Q2U8T7 A0A8V1AB05 A0A8V1A9R2 A0A8V1AB67 A0A8V0ZHK9 A0A8V0ZX23 P28687 A0A8V0YYB4 A0A8V0ZQS2 A0A8V1AG56 A0A1D5PCU0 E1C744 A0A8V1AFE7 A0A8V0XCX4 A0A8V1A449 A0A8V0ZAP0 A0A8V0XXM5 A0A8V0YM05 A0A8V0XDL7 A0A3Q2TVX1 A0A8V0XUK6 A0A8V0XRN3 A0A8V1ACU1 A0A8V1AM51 A0A3Q2U2N6 E1BS94 P02460 A0A8V0YFB8 A0A8V0Y8G8 A0A8V0YUF6 A0A8V0X637 E1C3Z8 A0A3Q3AST7 A0A3Q2TTB3 A0A8V0ZP32 A0A8V0ZSX0 A0A8V0XK73 A0A8V0ZF99 A0A3Q2TYT2 A0A8V0ZRU9 A0A1L1RSD2 A0A8V0YRF2 E1C2T4 A0A1D5NZN4 A0A8V0X1T3 A0A8V0YLZ5 A0A8V0ZXC9 A0A8V0XLH4 A0A8V0ZG43 A0A8V1AK88 A0A8V0XA92 Q0PVE4 A0A1D5PJE0 A0A8V0ZW46 A0A8V0Y7Y9 A0A8V1AA32 A0A8V0ZE58 A0A1D5P0X0 A0A8V0YZJ3 A0A8V0XPN5 A0A8V0XIQ8 A0A8V0Z4U2 Q00649 A0A8V0Z7D4 A0A8V1ABC9 A0A8V0YF22 A0A8V0XM58 A0A8V0ZE30 A0A8V0YA97 A0A8V0YRK4 A0A8V0YSI0 E1BQI2 A0A8V0Y513 A0A8V0YR09 A0A1D5PBU5 Q05744 A0A8V1AFH0 A0A8V1AFR2 A0A1D5P201 A0A8V0Y413 A0A8V0YJV4 A0A8V1ACQ8 A0A8V0YY70 A0A8V1AJI2 A0A8V1AJV5 A0A8V0XTW4 A0A8V0ZQP1 Q5ZKV5 Q76KB2 A0A8V0YRG2 A0A8V0ZLV6 A0A8V1A653 Q5ZIB0 A0A8V0X4D8 A0A8V1A803 A0A8V0ZI29 A0A8V0Y795 A0A1D5NVM6 A0A1D5PNB8 A0A8V0YPQ6 A0A8V0ZYM1 A0A8V0YGN8 A0A8V0XMA2 A0A8V0YXG4 A0A8V0ZHL4 A0A8V0ZIF0 A0A8V0YG88 A0A1L1RP76 A0A8V0YPA6 A0A8V0XFL3 A0A8V0YC98 A0A8V0Y8L6 A0A8V0X643 A0A8V0Z4J0 A0A8V0ZDK0 A0A8V0ZSG8 A0A8V0ZKS6 A0A8V0ZTA5 A0A8V1AMI7 A0A8V0YLN5 A0A8V0ZBS5 A0A8V0ZSX6 A0A8V0XKU5 A0A8V0ZI47 A0A1D5PE57 A0A8V0ZAU8 Q8AWB4 A0A8V0ZMU3 A0A8V0ZWT8 A0A8V0ZYC3 A0A1D5PC37 A0A8V0ZBA3 A0A8V0Z438 A0A8V0Z1E9 A0A8V0YRN1 A0A8V0XWZ8 A0A8V0ZY91 A0A1D5NWR5 A0A8V0Y1A4 A0A8V0ZY42 A0A8V0YPB9 A0A8V0Z865 A0A1D5PLP1 A0A8V0ZKI8 O12971 A0A1D5P655 A0A8V0ZTG6 A0A8V0Y6W2 A0A8V0XK27 A0A8V0X370 A0A8V0YQC4 A0A8V0ZFH4 A0A8V0XQS7 A0A8V0Z9Y8 A0A8V0Z4M1 A0A8V0XZQ1 A0A8V0YIE9 A0A8V1AL54 A0A8V0YFD4 A0A8V0YNQ0 Q98938 A0A8V1A6Y8 A0A8V0XRC4 A0A8V0XCI3 A0A8V0ZW33 A0A8V1A2P5 A0A1D5NZT1 A0A8V0ZR84 A0A1D5PA74 A0A8V1A3Y6 A0A8V0XYR2 A0A8V0Z4P8 A0A8V1AEM5 A0A8V0YMR1 A0A8V0ZWH1 Q5ZHX2 A0A8V1A3H9 A0A8V0XGY8 A0A8V0XGL8 A0A8V0YQ88 A0A8V1AAN6 A0A8V0WZN3 A0A1D5PQV0 A0A8V1AFC3 A0A8V0Y7C8 A0A8V0Y1N7 A0A8V0Z1C5 A0A8V0XT35 A0A8V0X852 A0A8V0YHH6 A0A8V0ZYN6 A0A1D5PNG3 A0A1D5P1F1 Q6JHU8 A0A8V1AJ90 A0A8V0XF68 A0A8V0YS46 A0A8V0WZJ4 A0A8V0XB58 A0A8V0ZZU1 A0A8V0XDM2 A0A8V0X6J5 A0A8V0YDG8 Q5ZJ58 A0A8V1A2F4 A0A8V0Z2J4 E1BQB4 A0A8V0ZBJ8 A0A8V0ZH54 A0A8V0Y218 Q9I946 A0A8V0YU83 A0A8V0XAF8 A0A8V1A3S8 A0A8V1A4I0 A0A8V0Z9Z7 A0A8V0YDD6 R4GH52 F1NSM7 Q5ZHL0 A0A8V0YWM3
Cellular Component,extracellular matrix,3,GO:0031012,46,174,389,2784,1.89,7.244213058015626e-06,5.14,A0A8V0YNQ0 P11602 A0A8V1AG56 Q98938 A0A8V0ZBR8 A0A8V0XRC4 Q90YI1 A0A1D5NTR5 A0A8V0YXG4 A0A8V0ZAP5 A0A8V0XRN3 C7G540 A0A1D5NYG2 A0A8V0Y290 A0A8V1AAN6 A0A8V0YIV5 P02460 A0A8V0Y0F3 A0A8V0ZHX5 A0A1D5NZ82 A0A1L1RX77 A0A8V0XPE8 A0A1D5PE57 Q6JHU8 A0A8V0ZRN1 A0A8V0ZA56 A0A8V0ZTP1 A0A8V1A9U7 A0A8V0YE20 A0A8V0ZE58 A0A8V0Y1A4 A0A3Q2TT95 A0A8V0Y9F8 A0A8V0ZGF6 A0A8V0YBD7 A0A8V0XJ84 A0A8V0Z4M1 A0A8V0YA97 A0A8V0XXK8 A0A8V0YDT4 A0A8V1AFR2 A0A8V0Y413 A0A8V0YDD6 F1NSM7 A0A8V1AN12 P33005
Cellular Component,nuclear lumen,5,GO:0031981,46,553,389,2784,0.6,7.881444656136284e-06,5.1,A0A8V0ZAP0 A0A8V1A6A3 A0A8V0ZW33 A0A8V0YM05 A0A1D5NVM6 A0A1D5NTR5 R4GGQ4 A0A1L1RP76 A0A8V0XFL3 A0A8V1AEM5 A0A8V0Z4J0 A0A8V0X643 A0A8V1ACS0 A0A8V0ZZG2 A0A8V0ZSG8 A0A8V0ZKS6 E1C3Z8 A0A8V1AFC3 A0A8V0X5U3 A0A8V0ZSX0 A0A8V0YW57 A0A8V0XXW6 A0A8V0YRF2 A0A1D5NZN4 A0A1D5PNG3 A0A8V1A7R0 A0A8V1AJ90 A0A1L1RZ23 A0A8V0ZG43 A0A8V1AK88 A0A8V0XB58 A0A8V0Z438 A0A1D5PNL3 A0A8V0XPN5 A0A8V0ZY42 A0A8V0ZH54 A0A8V1ABC9 A0A8V0Y513 A0A8V0YEQ1 A0A8V0ZJ97 A0A1D5PBU5 A0A8V0ZHK9 A0A8V0YJV4 A0A8V0Z9Z7 R4GH52 A0A8V0YFD4
Cellular Component,extracellular region,2,GO:0005576,146,783,389,2784,1.33,1.4836944353719753e-05,4.83,Q5ZMG0 P11602 A0A8V0ZWX9 A0A8V1A3D7 A0A8V1AJT2 Q90YI1 A0A1D5NTR5 A0A8V0YEZ4 A0A8V0ZAP5 A0A8V0XEJ0 C7G540 A0A1D5NYG2 A0A8V0YW12 A0A8V0YIV5 A0A8V0Z8V4 A0A1L1RX77 A0A8V0XPE8 A0A8V1ACD6 A0A8V1A3H7 A0A8V0ZA56 A0A8V0X783 A0A8V0Y4Q2 A0A8V0ZZD4 A0A8V0ZTP1 A0A8V0Z086 A0A8V0Y9F8 A0A8V0YY90 A0A8V0XJ84 A0A8V0XXK8 A0A3Q2TU24 A0A8V0YAR4 A0A8V0ZDZ5 A0A8V0Y070 A0A8V1AG56 A0A8V1AFE7 A0A8V0XXM5 A0A8V1A8R6 A0A8V0XUK6 A0A8V0XRN3 E1BS94 P02460 A0A8V0Y0F3 A0A8V0ZDU4 A0A8V0YUF6 A0A8V0X637 A0A8V0ZTX8 A0A1D5NZ82 A0A8V0ZP32 A0A8V0ZSX0 A0A8V0ZRU9 A0A8V0ZXC9 A0A8V1AKH4 A0A1L1RSD2 A0A1D5NZN4 A0A8V0Y5K2 A0A1D5P0D7 A0A8V1AA32 A0A8V0ZE58 A0A8V0YZJ3 A0A8V0YA97 A0A8V0YSI0 A0A8V0ZVP0 A0A8V1ADF6 A0A8V0YR09 A0A8V0ZZJ1 Q05744 A0A8V1AFH0 A0A8V1AFR2 A0A8V0Y413 A0A8V0YJV4 A0A8V0YMM6 A0A8V0YLT1 P33005 Q5ZKV5 A0A8V0YRG2 A0A8V1A653 A0A8V0Y0V1 A0A8V0X4D8 A0A8V0ZBR8 A0A8V1AFP7 A0A8V0YXG4 A0A8V0ZIF0 A0A8V0YPA6 A0A8V1AHJ8 A0A8V0ZHX5 A0A8V0ZQJ4 A0A8V0Z697 A0A8V0ZTA5 E1C733 A0A8V0YLN5 A0A8V0ZWT8 A0A8V0Z888 A0A1D5PE57 A0A8V0ZMU3 A0A8V0ZLV3 A0A8V0Z1E9 A0A8V0YRN1 A0A8V0XWZ8 A0A8V0Y1A4 A0A8V0ZY42 A0A8V0YPB9 A0A8V0ZGF6 A0A8V0YBD7 A0A8V0ZF83 A0A8V0ZKI8 O12971 A0A8V0YDT4 A0A1D5P655 A0A8V0XX41 A0A8V0ZTG6 A0A8V0Y6W2 A0A8V0Z4M1 P01875 A0A8V0YNQ0 Q98938 A0A8V0XRC4 A0A8V0XCI3 A0A1D5NW03 A0A8V1A2P5 A0A8V0ZCA3 A0A8V0Y290 A0A8V0XYR2 A0A8V0Y4G8 A0A8V1A3H9 A0A8V1AAN6 A0A8V0YLX0 A0A8V0YQ88 A0A8V1A8N2 A0A8V0Y7C8 Q6JHU8 A0A8V0ZRN1 A0A8V0ZZU1 A0A8V0XDM2 A0A8V1A9U7 A0A8V0YE20 Q5ZJ58 A0A3Q2TT95 A0A8V0ZBJ8 A0A8V0Y218 A0A8V0ZZH6 Q9I946 A0A8V0Y614 A0A8V0YDD6 A0A8V0ZKM2 F1NSM7 A0A8V1AN12
Cellular Component,protein-containing complex,1,GO:0032991,115,1097,389,2784,0.75,1.579192366552805e-05,4.8,A0A8V1A6A3 A0A8V0Z4R1 A0A8V0YVT3 R4GGQ4 A0A8V0XEJ0 A0A8V0ZEJ3 A0A8V1ACS0 A0A8V0Z8V4 A0A8V0ZZG2 A0A8V1ABC8 A0A8V0Y722 A0A8V0X5U3 A0A1L1RX77 A0A8V0XPE8 A0A8V0YW57 A0A8V0X2C5 A0A8V0XXW6 A0A8V1A7R0 A0A8V0Y4Q2 A0A8V0Z6B9 A0A8V0ZTP1 A0A1D5PNL3 A0A1D5NWP2 A0A8V0XXK8 A0A8V0YEQ1 A0A8V0ZJ97 A0A8V1AB67 P28687 A0A1D5PCU0 A0A8V1A449 A0A8V0ZAP0 A0A8V0YM05 A0A8V1A9A7 A0A3Q3A4U3 A0A8V1AM51 P02460 A0A8V0Y0F3 A0A8V0Y8G8 A0A3Q3AST7 A0A8V0ZRU9 A0A8V0YRF2 A0A8V0X1T3 A0A8V0XLH4 A0A8V0ZG43 Q0PVE4 A0A8V0ZW46 A0A8V1AA32 A0A1D5P0X0 A0A8V0XPN5 Q00649 A0A8V1ABC9 A0A8V0XM58 A0A8V0ZE30 A0A8V0YA97 A0A8V0Y513 A0A8V0YR09 A0A1D5PBU5 A0A8V1AFR2 A0A8V0Y413 A0A8V0YY70 A0A8V0XTW4 A0A8V0ZQP1 Q5ZIB0 A0A8V1A803 A0A1D5NVM6 A0A8V0YPQ6 A0A8V0YXG4 A0A8V0ZHL4 A0A8V0Z4J0 A0A8V1AHJ8 A0A8V0ZSG8 A0A8V0ZKS6 A0A8V0ZSX6 A0A1D5PE57 A0A8V0ZMU3 A0A8V0Z438 A0A8V0ZY91 A0A8V0ZY42 A0A8V0Z865 A0A8V0ZKI8 A0A1D5P655 A0A8V0ZES4 A0A8V0X370 A0A8V0XK27 A0A8V0XQS7 A0A8V0Z9Y8 P01875 A0A8V1AL54 A0A8V0YFD4 A0A8V0YNQ0 A0A8V1A6Y8 A0A1D5NZT1 A0A8V0ZFG7 A0A8V0Y290 Q5ZHX2 A0A8V0XGL8 A0A8V1A8N2 A0A8V0YGQ5 A0A8V0YHH6 A0A8V0Y1N7 A0A8V0X852 A0A1D5PNG3 Q6JHU8 A0A8V0XF68 A0A8V0XB58 A0A3Q2TT95 A0A8V0ZBJ8 A0A8V0ZH54 A0A8V0XX49 A0A8V0XAF8 A0A8V1A4I0 A0A8V0Z9Z7 A0A8V0YDD6 R4GH52 Q5ZHL0
Cellular Component,envelope,2,GO:0031975,17,278,389,2784,0.44,2.2882955140473744e-05,4.64,A0A8V0XF68 A0A8V1ACS0 A0A8V0XCX4 A0A8V1A803 A0A8V0ZW46 A0A8V0Z9Z7 A0A8V0ZTA5 A0A8V0ZSX0 A0A8V0Y513 A0A8V0Z1C5 A0A8V0Z7D4 A0A8V0Z865 R4GGQ4 A0A8V0XQS7 A0A8V1A7R0 A0A8V0Z4J0 A0A8V0YWM3
Cellular Component,organelle envelope,3,GO:0031967,17,278,389,2784,0.44,2.2882955140473744e-05,4.64,A0A8V0XF68 A0A8V1ACS0 A0A8V0XCX4 A0A8V1A803 A0A8V0ZW46 A0A8V0Z9Z7 A0A8V0ZTA5 A0A8V0ZSX0 A0A8V0Y513 A0A8V0Z1C5 A0A8V0Z7D4 A0A8V0Z865 R4GGQ4 A0A8V0XQS7 A0A8V1A7R0 A0A8V0Z4J0 A0A8V0YWM3
Cellular Component,mitochondrion,5,GO:0005739,29,375,389,2784,0.55,8.269129495835112e-05,4.08,A0A8V1A9L3 A0A8V0XCX4 A0A8V1A803 A0A8V0ZHL4 R4GGQ4 A0A8V1ACU1 A0A8V0Z4J0 A0A8V1ACS0 A0A8V0YQ88 A0A8V0ZTA5 A0A1D5PQV0 A0A3Q2TTB3 A0A8V0XPE8 A0A8V0ZSX0 A0A8V0YLN5 A0A8V0Z1C5 A0A8V1A7R0 A0A8V0XF68 A0A8V1AK88 A0A1D5NWR5 Q00649 A0A8V0Z865 A0A8V1ABC9 A0A8V0Z832 A0A8V0Y513 A0A8V0YJV4 A0A8V1AJI2 A0A8V0YQC4 A0A8V0YWM3
Cellular Component,membrane protein complex,2,GO:0098796,22,309,389,2784,0.51,0.00011530557816269787,3.94,A0A1D5PCU0 A0A8V1A803 A0A1D5NVM6 A0A8V1A9A7 A0A8V0YXG4 R4GGQ4 A0A8V0Y290 A0A8V0Y0F3 A0A8V0ZKS6 A0A8V1A8N2 A0A8V0ZMU3 A0A8V0XF68 Q0PVE4 A0A8V0ZY91 A0A3Q2TT95 A0A8V0ZBJ8 A0A8V0ZH54 A0A8V1ABC9 A0A8V0ZKI8 A0A8V0Z9Y8 Q5ZHL0 P28687
Cellular Component,intracellular organelle lumen,4,GO:0070013,106,996,389,2784,0.76,0.000130635772763561,3.88,A0A8V1A9L3 A0A8V1A6A3 A0A8V1AJT2 A0A1D5NTR5 R4GGQ4 A0A8V0YW12 A0A8V1ACS0 A0A8V0ZZG2 A0A8V0X5U3 A0A1L1RX77 A0A8V0XPE8 A0A8V0YW57 A0A8V0X2C5 A0A8V0XXW6 A0A8V1A7R0 A0A8V0ZA56 A0A8V0X783 A0A1L1RZ23 A0A8V0ZKV3 A0A1D5PNL3 A0A8V0Z086 A0A8V0Y9F8 A0A8V0XJ84 A0A8V0Z832 A0A8V0XXK8 A0A3Q2TU24 A0A8V0YEQ1 A0A8V0ZJ97 A0A8V0ZHK9 A0A8V1AG56 E1C744 A0A8V1AFE7 A0A8V0ZAP0 A0A8V0XXM5 A0A8V0YM05 A0A8V1ACU1 E1BS94 P02460 A0A8V0YUF6 A0A8V0X637 E1C3Z8 A0A3Q2TTB3 A0A8V0ZSX0 A0A8V0ZRU9 A0A1L1RSD2 A0A8V0YRF2 A0A1D5NZN4 A0A8V0ZG43 A0A8V1AK88 A0A8V0ZW46 A0A8V0ZE58 A0A8V0YZJ3 A0A8V0XPN5 Q00649 A0A8V1ABC9 A0A8V0YA97 A0A8V0YSI0 A0A8V0Y513 A0A8V0YR09 A0A1D5PBU5 Q05744 A0A8V1AFH0 A0A8V1AFR2 A0A8V0YJV4 A0A8V0X4D8 A0A1D5NVM6 A0A8V0YXG4 A0A8V0ZHL4 A0A8V0ZIF0 A0A1L1RP76 A0A8V0XFL3 A0A8V0X643 A0A8V0Z4J0 A0A8V0ZSG8 A0A8V0ZKS6 A0A8V0YLN5 A0A1D5PE57 A0A8V0Z438 A0A8V0Z1E9 A0A8V0ZY42 A0A8V0YPB9 A0A8V0Z865 A0A1D5P655 A0A8V0ZTG6 A0A8V0Y6W2 A0A8V0XQS7 A0A8V0Z4M1 A0A8V0YFD4 A0A8V0XRC4 A0A8V0ZW33 A0A8V0XYR2 A0A8V1AEM5 A0A8V1AAN6 A0A8V1AFC3 A0A1D5PNG3 Q6JHU8 A0A8V1AJ90 A0A8V0XB58 A0A8V0XDM2 A0A8V0ZH54 Q9I946 A0A8V0Z9Z7 A0A8V0YDD6 R4GH52 F1NSM7 A0A8V0YWM3
Cellular Component,membrane-enclosed lumen,2,GO:0031974,107,1001,389,2784,0.77,0.00016543712144031776,3.78,A0A8V1A9L3 A0A8V1A6A3 A0A8V1AJT2 A0A1D5NTR5 R4GGQ4 A0A8V0YW12 A0A8V1ACS0 A0A8V0ZZG2 A0A8V0X5U3 A0A1L1RX77 A0A8V0XPE8 A0A8V0YW57 A0A8V0X2C5 A0A8V0XXW6 A0A8V1A7R0 A0A8V0ZA56 A0A8V0X783 A0A1L1RZ23 A0A8V0ZKV3 A0A1D5PNL3 A0A8V0Z086 A0A8V0Y9F8 A0A8V0XJ84 A0A8V0Z832 A0A8V0XXK8 A0A3Q2TU24 A0A8V0YEQ1 A0A8V0ZJ97 A0A8V0ZHK9 A0A8V1AG56 E1C744 A0A8V1AFE7 A0A8V0ZAP0 A0A8V0XXM5 A0A8V0YM05 A0A8V1ACU1 E1BS94 P02460 A0A8V0YUF6 A0A8V0X637 E1C3Z8 A0A3Q2TTB3 A0A8V0ZSX0 A0A8V0ZRU9 A0A1L1RSD2 A0A8V0YRF2 A0A1D5NZN4 A0A8V0ZG43 A0A8V1AK88 A0A8V0XA92 A0A8V0ZW46 A0A8V0ZE58 A0A8V0YZJ3 A0A8V0XPN5 Q00649 A0A8V1ABC9 A0A8V0YA97 A0A8V0YSI0 A0A8V0Y513 A0A8V0YR09 A0A1D5PBU5 Q05744 A0A8V1AFH0 A0A8V1AFR2 A0A8V0YJV4 A0A8V0X4D8 A0A1D5NVM6 A0A8V0YXG4 A0A8V0ZHL4 A0A8V0ZIF0 A0A1L1RP76 A0A8V0XFL3 A0A8V0X643 A0A8V0Z4J0 A0A8V0ZSG8 A0A8V0ZKS6 A0A8V0YLN5 A0A1D5PE57 A0A8V0Z438 A0A8V0Z1E9 A0A8V0ZY42 A0A8V0YPB9 A0A8V0Z865 A0A1D5P655 A0A8V0ZTG6 A0A8V0Y6W2 A0A8V0XQS7 A0A8V0Z4M1 A0A8V0YFD4 A0A8V0XRC4 A0A8V0ZW33 A0A8V0XYR2 A0A8V1AEM5 A0A8V1AAN6 A0A8V1AFC3 A0A1D5PNG3 Q6JHU8 A0A8V1AJ90 A0A8V0XB58 A0A8V0XDM2 A0A8V0ZH54 Q9I946 A0A8V0Z9Z7 A0A8V0YDD6 R4GH52 F1NSM7 A0A8V0YWM3
Cellular Component,nucleoplasm,2,GO:0005654,39,455,389,2784,0.61,0.00020425992490902349,3.69,A0A8V0ZAP0 A0A8V1A6A3 A0A8V0ZW33 A0A8V0YM05 A0A1D5NVM6 A0A1D5NTR5 A0A1L1RP76 A0A8V0Z4J0 A0A8V0X643 A0A8V1ACS0 A0A8V0ZZG2 A0A8V0ZSG8 A0A8V0ZKS6 E1C3Z8 A0A8V0X5U3 A0A8V0ZSX0 A0A8V0YW57 A0A8V0XXW6 A0A8V0YRF2 A0A1D5NZN4 A0A1D5PNG3 A0A8V1A7R0 A0A8V1AJ90 A0A8V0ZG43 A0A8V1AK88 A0A8V0XB58 A0A8V0Z438 A0A1D5PNL3 A0A8V0XPN5 A0A8V0ZY42 A0A8V0ZH54 A0A8V1ABC9 A0A8V0YEQ1 A0A8V0ZJ97 A0A1D5PBU5 A0A8V0ZHK9 A0A8V0YJV4 A0A8V0Z9Z7 A0A8V0YFD4
Cellular Component,organelle lumen,3,GO:0043233,107,999,389,2784,0.77,0.00020523321657904396,3.69,A0A8V1A9L3 A0A8V1A6A3 A0A8V1AJT2 A0A1D5NTR5 R4GGQ4 A0A8V0YW12 A0A8V1ACS0 A0A8V0ZZG2 A0A8V0X5U3 A0A1L1RX77 A0A8V0XPE8 A0A8V0YW57 A0A8V0X2C5 A0A8V0XXW6 A0A8V1A7R0 A0A8V0ZA56 A0A8V0X783 A0A1L1RZ23 A0A8V0ZKV3 A0A1D5PNL3 A0A8V0Z086 A0A8V0Y9F8 A0A8V0XJ84 A0A8V0Z832 A0A8V0XXK8 A0A3Q2TU24 A0A8V0YEQ1 A0A8V0ZJ97 A0A8V0ZHK9 A0A8V1AG56 E1C744 A0A8V1AFE7 A0A8V0ZAP0 A0A8V0XXM5 A0A8V0YM05 A0A8V1ACU1 E1BS94 P02460 A0A8V0YUF6 A0A8V0X637 E1C3Z8 A0A3Q2TTB3 A0A8V0ZSX0 A0A8V0ZRU9 A0A1L1RSD2 A0A8V0YRF2 A0A1D5NZN4 A0A8V0ZG43 A0A8V1AK88 A0A8V0XA92 A0A8V0ZW46 A0A8V0ZE58 A0A8V0YZJ3 A0A8V0XPN5 Q00649 A0A8V1ABC9 A0A8V0YA97 A0A8V0YSI0 A0A8V0Y513 A0A8V0YR09 A0A1D5PBU5 Q05744 A0A8V1AFH0 A0A8V1AFR2 A0A8V0YJV4 A0A8V0X4D8 A0A1D5NVM6 A0A8V0YXG4 A0A8V0ZHL4 A0A8V0ZIF0 A0A1L1RP76 A0A8V0XFL3 A0A8V0X643 A0A8V0Z4J0 A0A8V0ZSG8 A0A8V0ZKS6 A0A8V0YLN5 A0A1D5PE57 A0A8V0Z438 A0A8V0Z1E9 A0A8V0ZY42 A0A8V0YPB9 A0A8V0Z865 A0A1D5P655 A0A8V0ZTG6 A0A8V0Y6W2 A0A8V0XQS7 A0A8V0Z4M1 A0A8V0YFD4 A0A8V0XRC4 A0A8V0ZW33 A0A8V0XYR2 A0A8V1AEM5 A0A8V1AAN6 A0A8V1AFC3 A0A1D5PNG3 Q6JHU8 A0A8V1AJ90 A0A8V0XB58 A0A8V0XDM2 A0A8V0ZH54 Q9I946 A0A8V0Z9Z7 A0A8V0YDD6 R4GH52 F1NSM7 A0A8V0YWM3
Cellular Component,extracellular space,2,GO:0005615,89,469,389,2784,1.36,0.0009757083086538635,3.01,Q5ZMG0 P11602 A0A8V0ZWX9 A0A8V1AJT2 Q90YI1 A0A8V0YEZ4 A0A8V0XEJ0 C7G540 A0A8V0Z8V4 A0A8V0XPE8 A0A8V1ACD6 A0A8V1A3H7 A0A8V0ZA56 A0A8V0X783 A0A8V0Y4Q2 A0A8V0ZTP1 A0A8V0Y9F8 A0A8V0YY90 A0A8V0XJ84 A0A3Q2TU24 A0A8V0YAR4 A0A8V1AG56 A0A8V1AFE7 A0A8V1A8R6 A0A8V0XUK6 E1BS94 P02460 A0A8V0Y0F3 A0A8V0ZDU4 A0A8V0YUF6 A0A8V0X637 A0A8V0ZP32 A0A8V0ZSX0 A0A8V0ZRU9 A0A8V1AKH4 A0A1L1RSD2 A0A1D5NZN4 A0A8V0Y5K2 A0A1D5P0D7 A0A8V1AA32 A0A8V0YZJ3 A0A8V0YSI0 A0A8V0YR09 Q05744 A0A8V1AFH0 A0A8V0Y413 A0A8V0YJV4 A0A8V0YMM6 A0A8V0YLT1 P33005 A0A8V1A653 A0A8V0Y0V1 A0A8V1AFP7 A0A8V0ZIF0 A0A8V0YPA6 A0A8V0ZHX5 A0A8V0Z697 A0A8V0ZTA5 E1C733 A0A8V0ZWT8 A0A1D5PE57 A0A8V0ZMU3 A0A8V0ZLV3 A0A8V0Z1E9 A0A8V0YRN1 A0A8V0XWZ8 A0A8V0YPB9 A0A8V0YDT4 A0A8V0ZTG6 A0A8V0Z4M1 P01875 A0A8V0YNQ0 Q98938 A0A8V1A2P5 A0A8V0Y290 A0A8V0XYR2 A0A8V0Y4G8 A0A8V1A3H9 A0A8V0YQ88 A0A8V1A8N2 A0A8V0Y7C8 A0A8V0ZZU1 A0A3Q2TT95 A0A8V0ZBJ8 A0A8V0Y218 Q9I946 A0A8V0Y614 A0A8V0YDD6 F1NSM7
Cellular Component,axoneme,2,GO:0005930,20,70,389,2784,2.04,0.0012517438671888939,2.9,A0A8V1A6Y8 A0A8V0YPQ6 A0A8V0YVT3 A0A8V1A3Y6 A0A8V1AM51 A0A8V0Y8G8 A0A8V0Z6L1 A0A8V0Y1N7 A0A8V0XKU5 A0A8V0XLH4 A0A8V0Z6B9 A0A8V0ZT48 E1BQB4 A0A8V0Z4U2 A0A8V0XM58 A0A8V0XAF8 A0A8V0ZHK9 A0A8V0X370 A0A8V0XK27 A0A8V0ZLV6
Cellular Component,ciliary plasm,5,GO:0097014,20,70,389,2784,2.04,0.0012517438671888939,2.9,A0A8V1A6Y8 A0A8V0YPQ6 A0A8V0YVT3 A0A8V1A3Y6 A0A8V1AM51 A0A8V0Y8G8 A0A8V0Z6L1 A0A8V0Y1N7 A0A8V0XKU5 A0A8V0XLH4 A0A8V0Z6B9 A0A8V0ZT48 E1BQB4 A0A8V0Z4U2 A0A8V0XM58 A0A8V0XAF8 A0A8V0ZHK9 A0A8V0X370 A0A8V0XK27 A0A8V0ZLV6
Cellular Component,nuclear envelope,4,GO:0005635,4,99,389,2784,0.29,0.001725930456308574,2.76,A0A8V0Z9Z7 A0A8V0XQS7 A0A8V0Z7D4 A0A8V0ZW46
Cellular Component,plasma membrane bounded cell projection cytoplasm,4,GO:0032838,24,92,389,2784,1.87,0.0018383076026682404,2.74,A0A8V0ZWX9 A0A8V1A6Y8 A0A8V0YPQ6 A0A8V0YVT3 A0A8V1A3Y6 A0A8V1AM51 A0A8V0Y8G8 A0A8V0Z6L1 A0A8V0Y1N7 A0A8V0XKU5 A0A8V0XLH4 A0A8V0Z6B9 A0A8V0XB58 A0A8V0Z438 A0A8V0ZT48 E1BQB4 A0A8V0Z4U2 A0A8V0XM58 A0A8V0XAF8 A0A8V0ZHK9 A0A8V0YJV4 A0A8V0X370 A0A8V0XK27 A0A8V0ZLV6
Cellular Component,collagen-containing extracellular matrix,4,GO:0062023,26,102,389,2784,1.82,0.0018835663880856384,2.73,A0A8V0YNQ0 A0A8V0ZBR8 A0A8V0ZAP5 A0A8V0YXG4 A0A8V0XRN3 A0A8V1AAN6 A0A8V0YIV5 P02460 A0A8V0ZHX5 A0A1D5PE57 Q6JHU8 A0A8V0ZA56 A0A8V0ZTP1 A0A8V1A9U7 A0A8V0YE20 A0A8V0Y1A4 A0A3Q2TT95 A0A8V0Y9F8 A0A8V0ZGF6 A0A8V0XJ84 A0A8V0XXK8 A0A8V0YDT4 A0A8V1AFR2 A0A8V0Y413 A0A8V0YDD6 A0A8V0Z4M1
Cellular Component,catalytic complex,2,GO:1902494,22,269,389,2784,0.59,0.0029722515252804307,2.53,A0A8V1A6Y8 A0A8V0YPQ6 A0A8V0Z4R1 A0A8V0ZHL4 A0A8V0ZFG7 A0A8V1AM51 Q5ZHX2 A0A8V0Y8G8 A0A8V0ZZG2 A0A8V0ZSG8 A0A8V0Y1N7 A0A8V0X1T3 A0A8V0Z6B9 A0A1D5PNL3 A0A8V0ZY42 Q00649 A0A8V0ZJ97 A0A8V0X370 A0A8V0XK27 R4GH52 P28687 A0A8V0YFD4
Cellular Component,axonemal dynein complex,4,GO:0005858,6,12,389,2784,3.58,0.0031435546715053017,2.5,A0A8V0Y8G8 A0A8V0Z6B9 A0A8V1A6Y8 A0A8V0YPQ6 A0A8V0X370 A0A8V0Y1N7
Cellular Component,myelin sheath,2,GO:0043209,7,125,389,2784,0.4,0.003490316647132944,2.46,A0A8V1ACS0 A0A8V1AHJ8 A0A8V0YJV4 A0A8V0ZTA5 A0A8V0ZSX0 A0A8V0YLT1 A0A8V0Z4J0
Cellular Component,mitochondrial protein-containing complex,2,GO:0098798,4,94,389,2784,0.3,0.0035533215355808096,2.45,A0A8V0XF68 R4GGQ4 A0A8V0Z865 A0A8V1A803
Cellular Component,interstitial matrix,5,GO:0005614,4,6,389,2784,4.77,0.004463779772543505,2.35,A0A3Q2TT95 A0A8V1AAN6 A0A8V0XXK8 A0A8V0YIV5
Cellular Component,postsynaptic density membrane,6,GO:0098839,4,6,389,2784,4.77,0.004463779772543505,2.35,A0A8V1AB05 Q00649 A0A8V0YDT5 A0A8V0ZI29
Cellular Component,inner dynein arm,5,GO:0036156,4,6,389,2784,4.77,0.004463779772543505,2.35,A0A8V1A6Y8 A0A8V0Y8G8 A0A8V0YPQ6 A0A8V0Z6B9
Cellular Component,basement membrane,5,GO:0005604,21,82,389,2784,1.83,0.005139324139513084,2.29,A0A8V0YNQ0 A0A8V0ZBR8 A0A8V0ZAP5 A0A8V0YXG4 A0A8V0XRN3 A0A8V1AAN6 P02460 A0A8V0ZHX5 Q6JHU8 A0A8V0ZTP1 A0A8V1A9U7 A0A8V0YE20 A0A8V0Y1A4 A0A3Q2TT95 A0A8V0Y9F8 A0A8V0ZGF6 A0A8V0YDT4 A0A8V1AFR2 A0A8V0Y413 A0A8V0YDD6 A0A8V0Z4M1
Cellular Component,mitochondrial envelope,4,GO:0005740,13,182,389,2784,0.51,0.005356147479850566,2.27,A0A8V0XF68 A0A8V1ACS0 A0A8V0XCX4 A0A8V1A803 A0A8V0ZTA5 A0A8V0ZSX0 A0A8V0Y513 A0A8V0Z1C5 A0A8V0Z865 R4GGQ4 A0A8V1A7R0 A0A8V0Z4J0 A0A8V0YWM3
Cellular Component,mitochondrial matrix,5,GO:0005759,8,129,389,2784,0.44,0.006186949684226657,2.21,A0A8V1A9L3 A0A8V1AK88 A0A8V0YJV4 A0A3Q2TTB3 Q00649 A0A8V0Z865 A0A8V1ACU1 A0A8V0Y513
Cellular Component,ribonucleoprotein complex,2,GO:1990904,14,189,389,2784,0.53,0.006251445018269059,2.2,A0A8V1ACS0 A0A8V0ZG43 A0A8V0ZJ97 A0A8V0XGL8 A0A8V1A6A3 A0A8V0Z438 A0A8V0XPN5 A0A8V0ZSX6 A0A8V0Z865 A0A8V0ZE30 A0A1D5PNG3 A0A8V0ZEJ3 A0A8V0Z4J0 A0A8V0YR09
Cellular Component,spindle,5,GO:0005819,4,83,389,2784,0.34,0.009907242034046498,2.0,A0A8V0ZBS5 A0A8V0Z9Z7 A0A1D5PBU5 A0A8V0X5U3
Cellular Component,intracellular non-membrane-bounded organelle,4,GO:0043232,89,789,389,2784,0.81,0.010756700323164108,1.97,A0A8V1A6A3 A0A8V1AEJ4 A0A1D5NTR5 A0A8V0YVT3 R4GGQ4 A0A1D5NYG2 A0A8V0Z6M9 A0A8V0ZEJ3 A0A8V1ACS0 A0A8V0Z6L1 A0A8V0X5U3 A0A8V1A4P2 A0A8V1A7R0 A0A1L1RZ23 A0A8V0Z6B9 A0A8V1A3N1 A0A1D5PNL3 A0A8V0ZT48 A0A8V0Y9F8 A0A8V0Y2G8 A0A8V0ZJ97 A0A8V0ZHK9 A0A8V0ZQS2 A0A8V0XCX4 A0A8V1A449 A0A8V0ZAP0 A0A3Q2TVX1 A0A8V0XRN3 A0A8V1ACU1 A0A8V1AM51 A0A8V0Y8G8 A0A3Q3AST7 A0A8V0ZSX0 A0A8V0XLH4 A0A1D5P0X0 A0A8V0XPN5 A0A8V0Z4U2 Q00649 A0A8V0XM58 A0A8V0ZE30 A0A8V0YRK4 A0A8V0Y513 A0A8V0YR09 A0A1D5PBU5 A0A8V0YY70 A0A8V1AJV5 A0A8V0XTW4 A0A8V0ZQP1 A0A8V0ZLV6 A0A8V1A653 A0A1D5NVM6 A0A8V0YPQ6 A0A8V0YXG4 A0A8V0YG88 A0A8V0XFL3 A0A8V0Z4J0 A0A8V0ZDK0 A0A8V0ZBS5 A0A8V0ZSX6 A0A8V0XKU5 A0A8V0ZAU8 A0A8V0ZYC3 A0A8V0ZBA3 A0A8V0Z438 A0A8V0Z865 A0A8V0X370 A0A8V0XK27 A0A8V0XZQ1 A0A8V0YQC4 A0A8V0YIE9 A0A8V1A6Y8 A0A8V0ZW33 A0A1D5NZT1 A0A8V1A3Y6 A0A8V0Z4P8 A0A8V1AEM5 Q5ZHX2 A0A8V0XGL8 A0A8V1AFC3 A0A8V0Y1N7 A0A8V0X852 A0A1D5PNG3 Q5ZJ58 E1BQB4 A0A8V0XAF8 A0A8V1A3S8 A0A8V1A4I0 A0A8V0Z9Z7 R4GH52
Cellular Component,non-membrane-bounded organelle,3,GO:0043228,89,789,389,2784,0.81,0.010756700323164108,1.97,A0A8V1A6A3 A0A8V1AEJ4 A0A1D5NTR5 A0A8V0YVT3 R4GGQ4 A0A1D5NYG2 A0A8V0Z6M9 A0A8V0ZEJ3 A0A8V1ACS0 A0A8V0Z6L1 A0A8V0X5U3 A0A8V1A4P2 A0A8V1A7R0 A0A1L1RZ23 A0A8V0Z6B9 A0A8V1A3N1 A0A1D5PNL3 A0A8V0ZT48 A0A8V0Y9F8 A0A8V0Y2G8 A0A8V0ZJ97 A0A8V0ZHK9 A0A8V0ZQS2 A0A8V0XCX4 A0A8V1A449 A0A8V0ZAP0 A0A3Q2TVX1 A0A8V0XRN3 A0A8V1ACU1 A0A8V1AM51 A0A8V0Y8G8 A0A3Q3AST7 A0A8V0ZSX0 A0A8V0XLH4 A0A1D5P0X0 A0A8V0XPN5 A0A8V0Z4U2 Q00649 A0A8V0XM58 A0A8V0ZE30 A0A8V0YRK4 A0A8V0Y513 A0A8V0YR09 A0A1D5PBU5 A0A8V0YY70 A0A8V1AJV5 A0A8V0XTW4 A0A8V0ZQP1 A0A8V0ZLV6 A0A8V1A653 A0A1D5NVM6 A0A8V0YPQ6 A0A8V0YXG4 A0A8V0YG88 A0A8V0XFL3 A0A8V0Z4J0 A0A8V0ZDK0 A0A8V0ZBS5 A0A8V0ZSX6 A0A8V0XKU5 A0A8V0ZAU8 A0A8V0ZYC3 A0A8V0ZBA3 A0A8V0Z438 A0A8V0Z865 A0A8V0X370 A0A8V0XK27 A0A8V0XZQ1 A0A8V0YQC4 A0A8V0YIE9 A0A8V1A6Y8 A0A8V0ZW33 A0A1D5NZT1 A0A8V1A3Y6 A0A8V0Z4P8 A0A8V1AEM5 Q5ZHX2 A0A8V0XGL8 A0A8V1AFC3 A0A8V0Y1N7 A0A8V0X852 A0A1D5PNG3 Q5ZJ58 E1BQB4 A0A8V0XAF8 A0A8V1A3S8 A0A8V1A4I0 A0A8V0Z9Z7 R4GH52
Cellular Component,mitochondrial membrane,4,GO:0031966,13,171,389,2784,0.54,0.01183660297028459,1.93,A0A8V0XF68 A0A8V1ACS0 A0A8V0XCX4 A0A8V1A803 A0A8V0ZTA5 A0A8V0ZSX0 A0A8V0Y513 A0A8V0Z1C5 A0A8V0Z865 R4GGQ4 A0A8V1A7R0 A0A8V0Z4J0 A0A8V0YWM3
Cellular Component,late endosome,8,GO:0005770,2,60,389,2784,0.24,0.012902870885392208,1.89,A0A8V0ZRU9 A0A8V0ZY91
Cellular Component,inner mitochondrial membrane protein complex,3,GO:0098800,3,71,389,2784,0.3,0.013881236873464375,1.86,A0A8V0XF68 R4GGQ4 A0A8V1A803
Cellular Component,postsynaptic specialization membrane,5,GO:0099634,4,8,389,2784,3.58,0.016522364361908074,1.78,A0A8V1AB05 Q00649 A0A8V0YDT5 A0A8V0ZI29
Cellular Component,collagen trimer,2,GO:0005581,6,16,389,2784,2.68,0.016656131278147787,1.78,A0A8V1AFR2 A0A1L1RX77 A0A1D5PE57 A0A8V0YA97 A0A8V0XXK8 P02460
Cellular Component,organelle inner membrane,4,GO:0019866,9,127,389,2784,0.51,0.01831246433010522,1.74,A0A8V0XF68 A0A8V1A803 A0A8V0ZSX0 A0A8V0Y513 A0A8V0Z865 A0A8V0Z1C5 R4GGQ4 A0A8V1A7R0 A0A8V0YWM3
Cellular Component,protein complex involved in cell-matrix adhesion,3,GO:0098637,2,2,389,2784,7.16,0.019480445727575367,1.71,A0A8V0Y290 A0A8V0Y0F3
Cellular Component,mitotic spindle astral microtubule,9,GO:0061673,2,2,389,2784,7.16,0.019480445727575367,1.71,A0A1D5PBU5 A0A8V0X5U3
Cellular Component,egg coat,4,GO:0035805,2,2,389,2784,7.16,0.019480445727575367,1.71,Q90YI1 C7G540
Cellular Component,Wnt-Frizzled-LRP5/6 complex,4,GO:1990851,2,2,389,2784,7.16,0.019480445727575367,1.71,A0A8V0ZKI8 A0A8V1A9A7
Cellular Component,cortical microtubule,8,GO:0055028,2,2,389,2784,7.16,0.019480445727575367,1.71,A0A1D5PBU5 A0A8V0X5U3
Cellular Component,integrin alpha4-beta1 complex,4,GO:0034668,2,2,389,2784,7.16,0.019480445727575367,1.71,A0A8V0Y290 A0A8V0Y0F3
Cellular Component,EMILIN complex,4,GO:1990971,2,2,389,2784,7.16,0.019480445727575367,1.71,A0A8V0Y290 A0A8V0Y0F3
Cellular Component,chromosome,5,GO:0005694,8,117,389,2784,0.49,0.020168002501024802,1.7,A0A1D5PBU5 A0A8V0ZW33 Q5ZJ58 A0A8V0Z9Z7 A0A8V1AFC3 R4GH52 A0A8V1A7R0 A0A8V0YRK4
Cellular Component,microfibril,5,GO:0001527,3,5,389,2784,4.29,0.02176954309397706,1.66,A0A8V0XPE8 A0A8V0ZRN1 A0A1D5NZ82
Cellular Component,BBSome,2,GO:0034464,3,5,389,2784,4.29,0.02176954309397706,1.66,A0A8V0XM58 A0A8V0YY70 A0A3Q3AST7
Cellular Component,endoplasmic reticulum lumen,5,GO:0005788,34,170,389,2784,1.43,0.02251497773448019,1.65,A0A8V1AG56 E1C744 A0A8V0X4D8 A0A8V0XXM5 A0A8V0XRC4 A0A8V1AJT2 A0A8V0ZHL4 A0A8V0XYR2 A0A8V1AAN6 E1BS94 P02460 A0A8V0YUF6 A0A8V0XPE8 A0A8V0X2C5 A0A8V0YLN5 A0A8V0ZRU9 A0A1D5NZN4 A0A1D5PE57 Q6JHU8 A0A8V0ZW46 A0A8V0ZKV3 A0A8V0ZE58 A0A8V0Y9F8 A0A8V0Z832 A0A8V0YA97 A0A8V0YSI0 A0A8V0XXK8 Q9I946 A0A3Q2TU24 A0A8V1AFR2 A0A8V0ZTG6 A0A8V0YDD6 A0A8V0XQS7 F1NSM7
Cellular Component,synaptic vesicle membrane,7,GO:0030672,6,17,389,2784,2.53,0.022785384378495355,1.64,A0A8V0ZZU1 A0A8V0ZI29 A0A8V1AB05 A0A8V1AB67 A0A8V0YDT5 A0A3Q2TYT2
Cellular Component,exocytic vesicle membrane,6,GO:0099501,6,17,389,2784,2.53,0.022785384378495355,1.64,A0A8V0ZZU1 A0A8V0ZI29 A0A8V1AB05 A0A8V1AB67 A0A8V0YDT5 A0A3Q2TYT2
Cellular Component,secretory granule,8,GO:0030141,37,364,389,2784,0.73,0.023230368203952856,1.63,A0A8V1AFE7 A0A8V0XXM5 A0A8V0XCI3 A0A8V1A2P5 A0A8V0YPA6 A0A8V0YW12 A0A8V0XYR2 A0A8V0YMR1 E1BS94 A0A8V0YB43 A0A3Q2U2N5 A0A8V0X637 A0A8V0ZP32 A0A8V0YLN5 A0A1L1RSD2 A0A1D5NZN4 A0A8V0ZZU1 A0A8V0XDM2 A0A8V1AA32 A0A8V0Z1E9 A0A8V0YZJ3 A0A8V0ZY91 A0A8V0ZY42 A0A8V0Z086 A0A8V0YPB9 A0A8V0XJ84 A0A8V0YSI0 A0A8V0YR09 A0A3Q2TU24 Q05744 A0A8V1AFH0 A0A1D5P655 A0A8V1AB67 A0A8V0YDD6 F1NSM7 A0A8V0Z9Y8 A0A8V0Z4M1
Cellular Component,vesicle,4,GO:0031982,82,716,389,2784,0.82,0.024340552997369105,1.61,A0A8V0YVT3 A0A8V0YDT5 A0A8V0YW12 A0A8V0YB43 A0A8V1ACS0 A0A3Q2U2N5 A0A8V0ZZG2 A0A8V1ABC8 A0A8V0X783 A0A8V0Z086 A0A8V0XJ84 A0A3Q2TU24 A0A8V1AB05 A0A8V1A9R2 A0A8V1AB67 A0A8V1AG56 A0A8V1AFE7 A0A8V1A449 A0A8V0XXM5 A0A3Q3A4U3 A0A3Q2U2N6 E1BS94 A0A8V0X637 A0A8V0ZP32 A0A8V0ZSX0 A0A8V0ZF99 A0A8V0ZRU9 A0A3Q2TYT2 A0A1L1RSD2 A0A1D5NZN4 A0A8V0XA92 A0A8V1AA32 A0A8V0YZJ3 A0A8V0Z7D4 A0A8V0YF22 A0A8V0YSI0 E1BQI2 A0A8V0YR09 Q05744 A0A8V1AFH0 A0A8V1AFR2 A0A8V0XTW4 Q5ZKV5 A0A8V0X4D8 A0A8V0ZI29 A0A1D5NVM6 A0A8V0ZYM1 A0A8V0YGN8 A0A8V0ZIF0 A0A8V0YG88 A0A8V0YPA6 A0A8V0Z4J0 A0A8V0ZKS6 A0A8V0ZTA5 A0A8V0YLN5 A0A1D5PC37 A0A8V0Z1E9 A0A8V0ZY91 A0A8V0Y1A4 A0A8V0ZY42 A0A8V0YPB9 A0A8V0ZKI8 A0A1D5P655 A0A8V0Z9Y8 A0A8V0Z4M1 A0A8V1AL54 Q98938 A0A8V0XCI3 A0A8V1A2P5 A0A8V0XYR2 A0A8V0YMR1 A0A8V0XGL8 A0A8V0YQ88 A0A1D5P1F1 A0A8V0XB58 A0A8V0ZZU1 A0A8V0XDM2 A0A8V0Z2J4 A0A8V0ZH54 A0A8V0YDD6 F1NSM7 Q5ZHL0
Cellular Component,dynein complex,3,GO:0030286,9,30,389,2784,2.15,0.02826831939211401,1.55,Q5ZHX2 A0A8V0Y8G8 A0A8V0Z6B9 A0A8V1A6Y8 A0A8V0YPQ6 A0A8V0X370 A0A8V0XK27 A0A8V0Y1N7 A0A8V1AM51
Cellular Component,cytoplasmic vesicle,6,GO:0031410,77,672,389,2784,0.82,0.030032065902812724,1.52,A0A8V0YVT3 A0A8V0YDT5 A0A8V0YW12 A0A8V0YB43 A0A8V1ACS0 A0A3Q2U2N5 A0A8V0ZZG2 A0A8V1ABC8 A0A8V0X783 A0A8V0Z086 A0A8V0XJ84 A0A3Q2TU24 A0A8V1AB05 A0A8V1A9R2 A0A8V1AB67 A0A8V1AG56 A0A8V1AFE7 A0A8V0XXM5 A0A3Q2U2N6 E1BS94 A0A8V0X637 A0A8V0ZP32 A0A8V0ZSX0 A0A8V0ZF99 A0A8V0ZRU9 A0A3Q2TYT2 A0A1L1RSD2 A0A1D5NZN4 A0A8V0XA92 A0A8V1AA32 A0A8V0YZJ3 A0A8V0Z7D4 A0A8V0YF22 A0A8V0YSI0 E1BQI2 A0A8V0YR09 Q05744 A0A8V1AFH0 A0A8V1AFR2 A0A8V0XTW4 Q5ZKV5 A0A8V0X4D8 A0A8V0ZI29 A0A1D5NVM6 A0A8V0ZYM1 A0A8V0YGN8 A0A8V0YG88 A0A8V0YPA6 A0A8V0Z4J0 A0A8V0ZTA5 A0A8V0YLN5 A0A1D5PC37 A0A8V0Z1E9 A0A8V0ZY91 A0A8V0Y1A4 A0A8V0ZY42 A0A8V0YPB9 A0A8V0ZKI8 A0A1D5P655 A0A8V0Z9Y8 A0A8V0Z4M1 A0A8V1AL54 Q98938 A0A8V0XCI3 A0A8V1A2P5 A0A8V0XYR2 A0A8V0YMR1 A0A8V0XGL8 A0A1D5P1F1 A0A8V0XB58 A0A8V0ZZU1 A0A8V0XDM2 A0A8V0Z2J4 A0A8V0ZH54 A0A8V0YDD6 F1NSM7 Q5ZHL0
Cellular Component,mitochondrial inner membrane,5,GO:0005743,9,123,389,2784,0.52,0.032163671918933184,1.49,A0A8V0XF68 A0A8V1A803 A0A8V0ZSX0 A0A8V0Y513 A0A8V0Z865 A0A8V0Z1C5 R4GGQ4 A0A8V1A7R0 A0A8V0YWM3
Cellular Component,myofibril,6,GO:0030016,6,93,389,2784,0.46,0.03236441562190373,1.49,A0A8V0XGL8 A0A3Q2TVX1 Q00649 A0A8V0XZQ1 A0A8V1A4P2 A0A8V1A653
Cellular Component,recycling endosome,8,GO:0055037,2,51,389,2784,0.28,0.03882913555654166,1.41,A0A8V0YB43 E1BQI2
Cellular Component,cytoplasmic side of plasma membrane,4,GO:0009898,3,62,389,2784,0.35,0.039214085583511915,1.41,A0A8V0YGN8 A0A8V1A9R2 A0A8V0YW12
Cellular Component,intracellular vesicle,5,GO:0097708,78,675,389,2784,0.83,0.0410937877887753,1.39,A0A8V0YVT3 A0A8V0YDT5 A0A8V0YW12 A0A8V0YB43 A0A8V1ACS0 A0A3Q2U2N5 A0A8V0ZZG2 A0A8V1ABC8 A0A8V0X783 A0A8V0Z086 A0A8V0XJ84 A0A3Q2TU24 A0A8V1AB05 A0A8V1A9R2 A0A8V1AB67 A0A8V1AG56 A0A8V1AFE7 A0A8V0XXM5 A0A3Q2U2N6 E1BS94 A0A8V0X637 A0A8V0ZP32 A0A8V0ZSX0 A0A8V0ZF99 A0A8V0ZRU9 A0A3Q2TYT2 A0A1L1RSD2 A0A1D5NZN4 A0A8V0XA92 A0A8V1AA32 A0A8V0YZJ3 A0A8V0Z7D4 A0A8V0YF22 A0A8V0YSI0 E1BQI2 A0A8V0YR09 Q05744 A0A8V1AFH0 A0A8V1AFR2 A0A8V0XTW4 Q5ZKV5 A0A8V0X4D8 A0A8V0ZI29 A0A1D5NVM6 A0A8V0ZYM1 A0A8V0YGN8 A0A8V0YG88 A0A8V0YPA6 A0A8V0Z4J0 A0A8V0ZKS6 A0A8V0ZTA5 A0A8V0YLN5 A0A1D5PC37 A0A8V0Z1E9 A0A8V0ZY91 A0A8V0Y1A4 A0A8V0ZY42 A0A8V0YPB9 A0A8V0ZKI8 A0A1D5P655 A0A8V0Z9Y8 A0A8V0Z4M1 A0A8V1AL54 Q98938 A0A8V0XCI3 A0A8V1A2P5 A0A8V0XYR2 A0A8V0YMR1 A0A8V0XGL8 A0A1D5P1F1 A0A8V0XB58 A0A8V0ZZU1 A0A8V0XDM2 A0A8V0Z2J4 A0A8V0ZH54 A0A8V0YDD6 F1NSM7 Q5ZHL0
Cellular Component,presynaptic active zone,2,GO:0048786,5,15,389,2784,2.39,0.04703104963768221,1.33,A0A8V0XB58 A0A8V1AB67 A0A1D5NTR5 A0A3Q2TYT2 A0A1D5NYG2
Cellular Component,cytoplasmic side of membrane,3,GO:0098562,5,78,389,2784,0.46,0.04750615164134822,1.32,A0A8V1ACS0 A0A8V1A9R2 A0A8V0XPN5 A0A8V0YGN8 A0A8V0YW12
Cellular Component,secretory vesicle,7,GO:0099503,43,397,389,2784,0.78,0.05088328259520075,1.29,A0A8V1AFE7 A0A8V0ZI29 A0A8V0XXM5 A0A8V0XCI3 A0A8V1A2P5 A0A8V0YDT5 A0A8V0YPA6 A0A8V0YW12 A0A8V0XYR2 A0A8V0YMR1 E1BS94 A0A8V0YB43 A0A3Q2U2N5 A0A8V0X637 A0A8V0ZTA5 A0A8V0ZP32 A0A8V0YLN5 A0A3Q2TYT2 A0A1L1RSD2 A0A1D5NZN4 A0A1D5P1F1 A0A8V0ZZU1 A0A8V0XDM2 A0A8V1AA32 A0A8V0Z1E9 A0A8V0YZJ3 A0A8V0ZY91 A0A8V0ZY42 A0A8V0Z086 A0A8V0YPB9 A0A8V0XJ84 A0A8V0YSI0 A0A8V0YR09 A0A3Q2TU24 Q05744 A0A8V1AFH0 A0A8V1AB05 A0A8V1AB67 A0A1D5P655 A0A8V0YDD6 F1NSM7 A0A8V0Z9Y8 A0A8V0Z4M1
Cellular Component,midbody,2,GO:0030496,4,68,389,2784,0.42,0.051100814107606016,1.29,A0A8V0Z9Z7 A0A8V0XGL8 A0A8V0XTW4 E1BQI2
Cellular Component,"condensed chromosome, centromeric region",4,GO:0000779,2,3,389,2784,4.77,0.0530215438709825,1.28,A0A8V0Z9Z7 A0A1D5PBU5
Cellular Component,anchoring collagen complex,3,GO:0030934,2,3,389,2784,4.77,0.0530215438709825,1.28,A0A8V0XXK8 A0A8V1AFR2
Cellular Component,cortical microtubule cytoskeleton,7,GO:0030981,2,3,389,2784,4.77,0.0530215438709825,1.28,A0A1D5PBU5 A0A8V0X5U3
Cellular Component,extrinsic component of Golgi membrane,4,GO:0090498,2,3,389,2784,4.77,0.0530215438709825,1.28,A0A8V1AEJ4 A0A8V0ZAP0
Cellular Component,external encapsulating structure,2,GO:0030312,2,3,389,2784,4.77,0.0530215438709825,1.28,Q90YI1 C7G540
Cellular Component,gap junction,5,GO:0005921,2,3,389,2784,4.77,0.0530215438709825,1.28,A0A8V0XCI3 A0A8V0YBZ6
Cellular Component,Wnt signalosome,2,GO:1990909,2,3,389,2784,4.77,0.0530215438709825,1.28,A0A8V0ZKI8 A0A8V1A9A7
Cellular Component,ribonucleoprotein granule,3,GO:0035770,3,57,389,2784,0.38,0.05389612955102302,1.27,A0A8V0ZE30 A0A8V0ZEJ3 A0A8V0YR09
Cellular Component,sarcomere,2,GO:0030017,6,86,389,2784,0.5,0.057948992055653126,1.24,A0A8V0XGL8 A0A3Q2TVX1 Q00649 A0A8V0XZQ1 A0A8V1A4P2 A0A8V1A653
Cellular Component,cell-cell junction,4,GO:0005911,12,141,389,2784,0.61,0.06065698201941694,1.22,Q0PVE4 A0A8V0XB58 A0A1D5PZV7 A0A8V0XGL8 A0A8V0YBZ6 A0A8V0XCI3 A0A8V0Z2J4 A0A8V0YJV4 A0A8V0ZHK9 A0A8V0Y4R7 A0A8V0XX41 A0A1D5NTR5
Cellular Component,photoreceptor connecting cilium,3,GO:0032391,5,16,389,2784,2.24,0.06083783071015986,1.22,A0A8V0YEQ1 A0A8V0ZHK9 A0A8V0YY70 A0A8V0YVT3 A0A8V0Z6M9
Cellular Component,lysosomal lumen,6,GO:0043202,14,64,389,2784,1.57,0.0692873839418165,1.16,A0A8V0X783 Q05744 A0A8V0X637 A0A8V1AFH0 A0A8V0Z1E9 A0A8V0XRC4 A0A8V0XXM5 A0A8V0YZJ3 A0A1L1RX77 A0A8V0YLN5 A0A8V0YXG4 A0A8V0Z086 A0A8V0ZIF0 A0A1L1RSD2
Cellular Component,cytoplasmic ribonucleoprotein granule,4,GO:0036464,3,55,389,2784,0.39,0.07528262000437178,1.12,A0A8V0ZE30 A0A8V0ZEJ3 A0A8V0YR09
Cellular Component,chromosomal region,2,GO:0098687,2,43,389,2784,0.33,0.07799073255614318,1.11,A0A8V0Z9Z7 A0A1D5PBU5
Cellular Component,proteasome complex,3,GO:0000502,2,44,389,2784,0.33,0.07807247986625716,1.11,Q00649 A0A8V0ZY42
Cellular Component,ficolin-1-rich granule,9,GO:0101002,8,101,389,2784,0.57,0.07923940897047221,1.1,A0A8V1AFE7 Q05744 A0A8V1AFH0 A0A8V0XCI3 A0A8V0YZJ3 A0A8V0ZY42 A0A8V0YLN5 A0A1L1RSD2
Cellular Component,contractile fiber,5,GO:0043292,8,101,389,2784,0.57,0.07923940897047221,1.1,A0A8V0XGL8 A0A3Q2TVX1 Q00649 A0A8V0YXG4 A0A8V0XRN3 A0A8V0XZQ1 A0A8V1A4P2 A0A8V1A653
Cellular Component,endopeptidase complex,4,GO:1905369,2,45,389,2784,0.32,0.07926171869804897,1.1,Q00649 A0A8V0ZY42
Cellular Component,photoreceptor cell cilium,5,GO:0097733,7,26,389,2784,1.93,0.07968210892601518,1.1,A0A8V0YEQ1 A0A8V0ZHK9 A0A8V0YY70 A0A8V0YVT3 A0A8V1ABC9 A0A8V0XM58 A0A8V0Z6M9
Cellular Component,9+0 non-motile cilium,6,GO:0097731,7,26,389,2784,1.93,0.07968210892601518,1.1,A0A8V0YEQ1 A0A8V0ZHK9 A0A8V0YY70 A0A8V0YVT3 A0A8V1ABC9 A0A8V0XM58 A0A8V0Z6M9
Cellular Component,complex of collagen trimers,3,GO:0098644,3,8,389,2784,2.68,0.08836982401475821,1.05,A0A1D5PE57 A0A8V1AFR2 P02460
Cellular Component,non-motile cilium,5,GO:0097730,11,48,389,2784,1.64,0.08928075576476528,1.05,A0A8V0XAF8 A0A8V0YEQ1 A0A8V0ZHK9 A0A8V0YY70 A0A8V0Z4U2 A0A8V0YVT3 A0A8V0XK27 A0A1D5NZT1 A0A8V1ABC9 A0A8V0XM58 A0A8V0Z6M9
Cellular Component,nuclear body,2,GO:0016604,7,92,389,2784,0.54,0.09066026603175675,1.04,A0A8V0YEQ1 A0A8V0ZG43 A0A1D5PBU5 A0A8V1A6A3 A0A8V0Z438 A0A1D5NTR5 A0A8V1AJ90
Cellular Component,presynaptic active zone cytoplasmic component,5,GO:0098831,2,4,389,2784,3.58,0.09633189390074476,1.02,A0A1D5NTR5 A0A1D5NYG2
Cellular Component,"immunoglobulin complex, circulating",3,GO:0042571,2,4,389,2784,3.58,0.09633189390074476,1.02,P01875 A0A8V0XEJ0
Cellular Component,immunoglobulin complex,2,GO:0019814,2,4,389,2784,3.58,0.09633189390074476,1.02,P01875 A0A8V0XEJ0
Cellular Component,axonemal central apparatus,2,GO:1990716,2,4,389,2784,3.58,0.09633189390074476,1.02,A0A8V0ZLV6 A0A8V0ZT48
Cellular Component,presynaptic cytoskeleton,6,GO:0099569,2,4,389,2784,3.58,0.09633189390074476,1.02,A0A1D5NTR5 A0A1D5NYG2
Cellular Component,cytoskeleton of presynaptic active zone,7,GO:0048788,2,4,389,2784,3.58,0.09633189390074476,1.02,A0A1D5NTR5 A0A1D5NYG2
Cellular Component,cytoplasmic vesicle lumen,5,GO:0060205,19,193,389,2784,0.7,0.10551256699111655,0.98,A0A8V1AFE7 A0A8V0XXM5 A0A8V0YW12 E1BS94 A0A8V0YLN5 A0A1L1RSD2 A0A8V0XDM2 A0A8V0YZJ3 A0A8V0ZY42 A0A8V0Z086 A0A8V0YPB9 A0A8V0XJ84 A0A8V0YSI0 A0A8V0YR09 A0A3Q2TU24 Q05744 A0A1D5P655 A0A8V0YDD6 A0A8V0Z4M1
Cellular Component,dendritic spine,3,GO:0043197,2,40,389,2784,0.36,0.11044968691885274,0.96,A0A1D5NTR5 A0A1D5P655
Cellular Component,neuron spine,5,GO:0044309,2,41,389,2784,0.35,0.11070081513038146,0.96,A0A1D5NTR5 A0A1D5P655
Cellular Component,axon cytoplasm,6,GO:1904115,3,9,389,2784,2.39,0.11929839544297616,0.92,A0A8V0Z438 A0A8V0YVT3 A0A8V0XB58
Cellular Component,Golgi medial cisterna,5,GO:0005797,4,14,389,2784,2.04,0.11985195780841525,0.92,A0A8V0YB43 A0A8V0Y7C8 A0A8V1AEJ4 O12971
Cellular Component,kinesin complex,3,GO:0005871,4,14,389,2784,2.04,0.11985195780841525,0.92,A0A8V0XTW4 A0A8V1A449 A0A1D5PBU5 A0A8V0YVT3
Cellular Component,nucleolus,5,GO:0005730,13,139,389,2784,0.67,0.13086323784538423,0.88,A0A1L1RZ23 A0A8V0ZJ97 A0A1D5PBU5 A0A8V0ZAP0 A0A8V1A6A3 A0A8V0Z438 A0A1D5PNL3 R4GH52 R4GGQ4 A0A8V0XFL3 A0A1D5PNG3 A0A8V1AEM5 A0A8V0Y513
Cellular Component,vesicle lumen,4,GO:0031983,20,196,389,2784,0.73,0.13401803107088328,0.87,A0A8V1AFE7 A0A8V0XXM5 A0A8V0YW12 E1BS94 A0A8V0YLN5 A0A1L1RSD2 A0A8V0XA92 A0A8V0XDM2 A0A8V0YZJ3 A0A8V0ZY42 A0A8V0Z086 A0A8V0YPB9 A0A8V0XJ84 A0A8V0YSI0 A0A8V0YR09 A0A3Q2TU24 Q05744 A0A1D5P655 A0A8V0YDD6 A0A8V0Z4M1
Cellular Component,cytoplasmic region,3,GO:0099568,41,239,389,2784,1.23,0.14324582751263967,0.84,A0A8V0ZWX9 A0A8V1A6Y8 A0A8V0YPQ6 A0A8V0ZAP5 A0A1D5NTR5 A0A8V0YVT3 A0A1D5NYG2 A0A8V1A3Y6 A0A8V1AM51 A0A8V0Y8G8 A0A8V0ZZG2 A0A8V0Z6L1 A0A8V0X5U3 A0A8V0XK73 A0A8V0Y1N7 A0A8V0X852 A0A8V0XKU5 A0A1D5PC37 A0A8V0XLH4 A0A8V0Z6B9 Q0PVE4 A0A8V0XB58 A0A8V0ZZU1 A0A8V0Z438 Q5ZJ58 A0A1D5P0X0 A0A8V0ZT48 E1BQB4 A0A8V0Z4U2 A0A1D5NWP2 A0A8V0XM58 A0A8V0YA97 A0A8V0XAF8 A0A1D5PBU5 A0A8V0ZHK9 A0A8V0YJV4 A0A8V0X370 A0A8V0XK27 A0A8V0ZQP1 A0A8V0ZLV6 A0A8V0ZQS2
Cellular Component,peptidase complex,3,GO:1905368,3,49,389,2784,0.44,0.14332121197250178,0.84,P28687 Q00649 A0A8V0ZY42
Cellular Component,AMPA glutamate receptor complex,6,GO:0032281,2,5,389,2784,2.86,0.14604012777195227,0.84,A0A3Q2TT95 A0A8V0ZMU3
Cellular Component,host intracellular organelle,5,GO:0033647,2,5,389,2784,2.86,0.14604012777195227,0.84,A0A8V0ZYM1 A0A8V0XAE5
Cellular Component,host intracellular membrane-bounded organelle,6,GO:0033648,2,5,389,2784,2.86,0.14604012777195227,0.84,A0A8V0ZYM1 A0A8V0XAE5
Cellular Component,actin cytoskeleton,6,GO:0015629,12,129,389,2784,0.67,0.15107960006323404,0.82,A0A8V1A449 A0A8V1A3S8 A0A8V1A3N1 A0A1D5P0X0 A0A8V0XZQ1 A0A8V1AJV5 A0A8V0YQC4 A0A8V0YG88 A0A8V0X852 A0A8V0ZQP1 A0A8V1A4P2 A0A8V0ZQS2
Cellular Component,ribosome,5,GO:0005840,5,66,389,2784,0.54,0.1512604865405936,0.82,A0A8V1ACS0 A0A8V0XPN5 A0A8V0ZSX6 A0A8V0Z865 A0A8V0Z4J0
Cellular Component,secretory granule lumen,6,GO:0034774,19,185,389,2784,0.74,0.15323581407680512,0.81,A0A8V1AFE7 A0A8V0XXM5 A0A8V0YW12 E1BS94 A0A8V0YLN5 A0A1L1RSD2 A0A8V0XDM2 A0A8V0YZJ3 A0A8V0ZY42 A0A8V0Z086 A0A8V0YPB9 A0A8V0XJ84 A0A8V0YSI0 A0A8V0YR09 A0A3Q2TU24 Q05744 A0A1D5P655 A0A8V0YDD6 A0A8V0Z4M1
Cellular Component,extrinsic component of cytoplasmic side of plasma membrane,4,GO:0031234,2,37,389,2784,0.39,0.15549491514179253,0.81,A0A8V0YW12 A0A8V1A9R2
Cellular Component,microvillus,5,GO:0005902,9,40,389,2784,1.61,0.16235325321997252,0.79,A0A3Q2TU24 A0A8V0YJV4 A0A1D5P0X0 Q5ZJ58 A0A8V0ZSX0 A0A8V1AJV5 A0A8V0YLT1 A0A8V0YG88 A0A8V0X852
Cellular Component,cytosolic ribosome,6,GO:0022626,4,55,389,2784,0.52,0.17177870234675136,0.77,A0A8V1ACS0 A0A8V0ZSX6 A0A8V0Z4J0 A0A8V0XPN5
Cellular Component,ribosomal subunit,3,GO:0044391,4,57,389,2784,0.5,0.1736913923503263,0.76,A0A8V1ACS0 A0A8V0Z865 A0A8V0Z4J0 A0A8V0XPN5
Cellular Component,trans-Golgi network,4,GO:0005802,6,75,389,2784,0.57,0.17449238401791678,0.76,A0A8V0YB43 A0A8V0X4D8 A0A3Q2U2N5 A0A8V0YGN8 A0A8V0XTW4 A0A8V0ZX23
Cellular Component,Golgi lumen,5,GO:0005796,9,42,389,2784,1.53,0.17518715816622027,0.76,A0A8V1AG56 A0A3Q2TU24 A0A8V0X4D8 A0A8V0XRC4 A0A8V0ZTG6 A0A1L1RX77 A0A8V0Y6W2 A0A8V0YXG4 A0A8V0ZA56
Cellular Component,Golgi cisterna,4,GO:0031985,9,42,389,2784,1.53,0.17518715816622027,0.76,A0A8V0YB43 A0A8V0YS46 A0A8V0X4D8 A0A8V0ZAP0 O12971 A0A8V1AEJ4 A0A8V0YGN8 A0A8V0Y6W2 A0A8V0Y7C8
Cellular Component,synapse,3,GO:0045202,28,252,389,2784,0.8,0.18292036288397012,0.74,A0A8V0YNQ0 A0A8V0XCX4 A0A8V0ZI29 A0A1D5NTR5 A0A8V0YDT5 A0A1D5NYG2 A0A3Q2UGW3 A0A8V1ABC8 A0A8V0ZTA5 A0A8V0ZP32 A0A3Q2TYT2 A0A1D5P1F1 A0A1D5PC37 Q0PVE4 A0A8V0XB58 A0A8V0ZZU1 A0A8V0ZTP1 A0A8V0Y9F8 Q00649 A0A8V0YBD7 A0A8V0ZKI8 A0A8V1A3S8 A0A1D5P655 A0A8V1AB05 A0A8V1AB67 A0A8V0Y413 A0A8V0Z9Y8 A0A8V0YRG2
Cellular Component,endocytic vesicle membrane,5,GO:0030666,7,31,389,2784,1.62,0.186924860050111,0.73,A0A8V1ACS0 A0A8V1AG56 A0A8V0XB58 A0A8V1A2P5 A0A8V0Z9Y8 Q5ZHL0 A0A8V0Z4J0
Cellular Component,excitatory synapse,4,GO:0060076,3,11,389,2784,1.95,0.1903703262695473,0.72,A0A3Q2UGW3 A0A1D5P655 A0A8V0ZI29
Cellular Component,side of membrane,2,GO:0098552,16,158,389,2784,0.72,0.19255862553077294,0.72,A0A8V1ACS0 A0A8V0ZWX9 A0A8V0XA92 A0A8V0XDM2 A0A8V0ZB91 A0A8V0XXM5 A0A8V1A9R2 A0A8V0YW12 A0A8V1A2P5 A0A8V0XPN5 A0A8V0YGN8 A0A8V0XUK6 A0A8V0ZRU9 A0A8V0XEJ0 P33005 P01875
Cellular Component,ficolin-1-rich granule lumen,5,GO:1904813,7,82,389,2784,0.61,0.1941661699013133,0.71,A0A8V1AFE7 Q05744 A0A8V1AFH0 A0A8V0YZJ3 A0A8V0ZY42 A0A8V0YLN5 A0A1L1RSD2
Cellular Component,endoplasmic reticulum,5,GO:0005783,78,494,389,2784,1.13,0.19835659082708126,0.7,A0A8V1AJT2 A0A1D5NTR5 A0A8V0YIV5 A0A8V0YB43 A0A8V1ACS0 A0A3Q2U2N5 A0A8V0XPE8 A0A8V0X2C5 A0A8V0ZA56 A0A8V0Y4Q2 A0A8V0ZKV3 A0A8V0Y9F8 A0A1D5NWP2 A0A8V0Z832 A0A8V0XXK8 F1NGB8 A0A3Q2TU24 A0A3Q2U8T7 A0A8V0ZX23 P28687 A0A8V1AG56 E1C744 A0A8V0XXM5 A0A8V0XDL7 A0A8V0XUK6 E1BS94 P02460 A0A8V0YFB8 A0A8V0YUF6 E1C3Z8 A0A8V0XK73 A0A8V0ZRU9 A0A8V0ZXC9 A0A1D5NZN4 A0A8V0YLZ5 A0A8V0ZW46 A0A8V0ZE58 A0A8V0XPN5 A0A8V1ABC9 A0A8V0YF22 A0A8V0YA97 A0A8V0YSI0 A0A8V1AFR2 A0A8V0Y413 Q5ZIB0 A0A8V0X4D8 A0A8V0XMA2 A0A8V0ZHL4 A0A8V0Y8L6 A0A8V0Z4J0 A0A8V0ZTA5 A0A8V1AMI7 A0A8V0YLN5 A0A1D5PE57 Q8AWB4 A0A8V0ZY91 O12971 A0A8V0ZTG6 A0A8V0Y6W2 A0A8V0XQS7 A0A8V0YNQ0 A0A8V0XRC4 A0A8V0XYR2 A0A8V1AAN6 A0A8V0XGY8 A0A1D5PQV0 A0A8V0Y7C8 Q6JHU8 A0A8V0YS46 A0A8V0XB58 A0A8V0XDM2 A0A8V0ZBJ8 A0A8V0Y218 Q9I946 A0A8V0YU83 A0A8V0YDD6 R4GH52 F1NSM7
Cellular Component,anchoring junction,3,GO:0070161,10,105,389,2784,0.68,0.19887745649139843,0.7,A0A8V1A9L3 A0A8V0ZDK0 A0A8V0ZI29 A0A8V1AB05 A0A8V0XCI3 A0A8V0Y413 A0A8V0Y4R7 A0A8V0YVT3 A0A1D5PT01 A0A8V0YDT5
Cellular Component,mitotic spindle pole,3,GO:0097431,2,6,389,2784,2.39,0.19952253844950307,0.7,A0A1D5PBU5 A0A8V0X5U3
Cellular Component,ionotropic glutamate receptor complex,5,GO:0008328,2,6,389,2784,2.39,0.19952253844950307,0.7,A0A3Q2TT95 A0A8V0ZMU3
Cellular Component,neurotransmitter receptor complex,4,GO:0098878,2,6,389,2784,2.39,0.19952253844950307,0.7,A0A3Q2TT95 A0A8V0ZMU3
Cellular Component,intraciliary transport particle A,2,GO:0030991,2,6,389,2784,2.39,0.19952253844950307,0.7,A0A8V0XAF8 A0A8V0YEQ1
Cellular Component,protein-carbohydrate complex,2,GO:0032992,2,6,389,2784,2.39,0.19952253844950307,0.7,A0A8V0Z8V4 A0A3Q3A4U3
Cellular Component,outer dynein arm,5,GO:0036157,2,6,389,2784,2.39,0.19952253844950307,0.7,A0A8V0X370 A0A8V0Y1N7
Cellular Component,Slit-Robo signaling complex,3,GO:0071666,2,6,389,2784,2.39,0.19952253844950307,0.7,A0A8V0Z8V4 A0A3Q3A4U3
Cellular Component,outer acrosomal membrane,6,GO:0002081,2,6,389,2784,2.39,0.19952253844950307,0.7,A0A8V1AA32 E1BS94
Cellular Component,secretory granule membrane,5,GO:0030667,10,108,389,2784,0.66,0.200821593393501,0.7,A0A8V0YB43 A0A3Q2U2N5 A0A8V0ZZU1 A0A8V1AA32 A0A8V0Z1E9 A0A8V1AB67 A0A8V0XCI3 A0A8V1A2P5 A0A8V0ZY91 E1BS94
Cellular Component,Golgi membrane,5,GO:0000139,34,200,389,2784,1.22,0.20398747150472746,0.69,A0A8V0X4D8 A0A8V0ZAP0 A0A8V1AEJ4 A0A8V0YGN8 A0A8V0ZR84 A0A1D5PA74 A0A8V0Y8L6 A0A8V0ZWH1 A0A8V0ZY61 A0A8V0WZN3 E1C3Z8 A0A8V0Y7C8 A0A8V0XT35 E1C2T4 A0A8V0ZYN6 A0A8V0Z0B9 A0A8V0YS46 A0A8V0WZJ4 A0A8V0XDM2 A0A1D5PJE0 A0A8V0Y7Y9 A0A8V0X6J5 A0A8V1A2F4 A0A8V0XIQ8 A0A8V0ZBJ8 A0A8V0YYQ9 Q9I946 A0A3Q2TU24 O12971 A0A8V1ACQ8 A0A8V0Y6W2 A0A8V0XTW4 A0A8V0ZX23 Q76KB2
Cellular Component,microtubule associated complex,2,GO:0005875,13,66,389,2784,1.41,0.20528010128436447,0.69,Q5ZHX2 A0A8V0Y8G8 A0A8V0Z6B9 A0A8V1A449 A0A1D5PBU5 A0A8V1A6Y8 A0A8V0YPQ6 A0A8V0X370 A0A8V0XK27 A0A8V0YVT3 A0A8V0Y1N7 A0A8V0XTW4 A0A8V1AM51
Cellular Component,microtubule cytoskeleton,6,GO:0015630,35,305,389,2784,0.82,0.21997843069581177,0.66,A0A8V0XCX4 A0A8V1A449 A0A8V1A6Y8 A0A8V1AEJ4 A0A1D5NVM6 A0A8V0YPQ6 A0A8V0YVT3 A0A1D5NZT1 A0A8V1AM51 A0A8V0Z4P8 A0A8V0Z6M9 Q5ZHX2 A0A8V0Y8G8 A0A3Q3AST7 A0A8V0X5U3 A0A8V0ZSX0 A0A8V0ZBS5 A0A8V0Y1N7 A0A8V0ZYC3 A0A1L1RZ23 A0A8V0Z6B9 E1BQB4 A0A8V0XM58 A0A8V0YRK4 A0A8V0Y2G8 A0A8V0XAF8 A0A1D5PBU5 A0A8V1A4I0 A0A8V0ZHK9 A0A8V0Z9Z7 A0A8V0YY70 A0A8V0X370 A0A8V0XK27 A0A8V0YIE9 A0A8V0XTW4
Cellular Component,endomembrane system,2,GO:0012505,156,1197,389,2784,0.93,0.2246870196338548,0.65,A0A8V1AEJ4 A0A8V1AJT2 A0A1D5NTR5 A0A8V0YVT3 A0A8V0YDT5 A0A8V0YW12 A0A8V0YIV5 A0A8V0YB43 A0A8V0ZY61 A0A8V1ACS0 A0A3Q2U2N5 A0A8V1ABC8 A0A1L1RX77 A0A8V0XPE8 A0A8V0X2C5 A0A8V0Z0B9 A0A8V0ZA56 A0A8V0X783 A0A8V0Y4Q2 A0A8V0ZKV3 A0A8V0Z086 A0A8V0Y9F8 A0A8V0XJ84 A0A1D5NWP2 A0A8V0Z832 A0A8V0YYQ9 A0A8V0XXK8 F1NGB8 A0A3Q2TU24 A0A3Q2U8T7 A0A8V1AB05 A0A8V1A9R2 A0A8V1AB67 A0A8V0ZX23 P28687 A0A8V1AG56 E1C744 A0A8V1AFE7 A0A8V0ZAP0 A0A8V0XXM5 A0A8V0XDL7 A0A8V0XUK6 E1BS94 P02460 A0A8V0YFB8 A0A8V0YUF6 A0A8V0X637 E1C3Z8 A0A8V0XK73 A0A8V0ZP32 A0A8V0ZF99 A0A8V0ZRU9 A0A3Q2TYT2 A0A8V0ZXC9 A0A1L1RSD2 E1C2T4 A0A1D5NZN4 A0A8V0YLZ5 A0A1D5PRH9 A0A8V0Y7Y9 A0A1D5PJE0 A0A8V0ZW46 A0A8V1AA32 A0A8V0ZE58 A0A8V0YZJ3 A0A8V0XPN5 A0A8V0XIQ8 A0A8V0Z7D4 A0A8V1ABC9 A0A8V0YF22 A0A8V0YA97 A0A8V0YSI0 E1BQI2 A0A8V0YR09 Q05744 A0A8V1AFH0 A0A8V1AFR2 A0A1D5P201 A0A8V0Y413 A0A8V1ACQ8 A0A8V1AJV5 A0A8V0XTW4 Q76KB2 Q5ZIB0 A0A8V0X4D8 A0A8V0YBZ6 A0A8V0ZI29 A0A1D5NVM6 A0A8V0YGN8 A0A8V0XMA2 A0A8V0YXG4 A0A8V0ZHL4 A0A8V0YG88 A0A8V0YPA6 A0A8V0Y8L6 A0A8V0Z4J0 A0A8V0ZKS6 A0A8V0ZTA5 A0A8V1AMI7 A0A8V0YLN5 A0A1D5PE57 Q8AWB4 A0A8V0ZMU3 A0A8V0Z1E9 A0A8V0XWZ8 A0A8V0ZY91 A0A8V0ZY42 A0A8V0YPB9 A0A8V0ZKI8 O12971 A0A1D5P655 A0A8V0ZTG6 A0A8V0Y6W2 A0A8V0XK27 A0A8V0ZFH4 A0A8V0XQS7 A0A8V0YIE9 A0A8V0Z9Y8 A0A8V0Z4M1 A0A8V0YNQ0 Q98938 A0A8V0XRC4 A0A8V0XCI3 A0A8V1A2P5 A0A8V0ZR84 A0A1D5PA74 A0A8V0XYR2 A0A8V0YMR1 A0A8V1AAN6 A0A8V0ZWH1 A0A8V0XGY8 A0A8V0WZN3 A0A1D5PQV0 A0A8V0Y7C8 A0A8V0XT35 A0A8V0ZYN6 A0A1D5P1F1 Q6JHU8 A0A8V0YS46 A0A8V0WZJ4 A0A8V0XB58 A0A8V0ZZU1 A0A8V0XDM2 A0A8V0X6J5 A0A8V0Z2J4 A0A8V1A2F4 A0A8V0ZBJ8 A0A8V0ZH54 A0A8V0Y218 Q9I946 A0A8V0YU83 A0A8V0Z9Z7 A0A8V0YDD6 R4GH52 F1NSM7 Q5ZHL0
Cellular Component,postsynaptic membrane,5,GO:0045211,8,37,389,2784,1.55,0.22667281051406865,0.64,A0A8V0XB58 A0A8V0ZI29 A0A8V1AB05 A0A1D5NTR5 Q00649 A0A8V0YDT5 A0A8V0YBD7 A0A1D5NYG2
Cellular Component,nuclear outer membrane-endoplasmic reticulum membrane network,3,GO:0042175,20,187,389,2784,0.77,0.22871660764006324,0.64,Q5ZIB0 A0A8V0X4D8 A0A8V0XDL7 A0A8V0XMA2 A0A8V0Y8L6 A0A8V0Z4J0 A0A8V0YFB8 A0A8V0YB43 A0A8V1ACS0 A0A8V1AMI7 A0A8V0ZXC9 A0A8V0YLZ5 Q8AWB4 A0A8V0XDM2 A0A8V0XPN5 A0A8V0ZBJ8 A0A1D5NWP2 F1NGB8 A0A8V0Y6W2 P28687
Cellular Component,extrinsic component of organelle membrane,3,GO:0031312,3,12,389,2784,1.79,0.22912714272906076,0.64,A0A8V1AEJ4 A0A8V0XCX4 A0A8V0ZAP0
Cellular Component,chromatin,3,GO:0000785,4,54,389,2784,0.53,0.2311445277019875,0.64,A0A8V0ZW33 A0A8V1A7R0 A0A8V0YRK4 A0A8V1AFC3
Cellular Component,organelle membrane,3,GO:0031090,89,708,389,2784,0.9,0.2330217501535409,0.63,A0A8V1AEJ4 A0A8V0YDT5 R4GGQ4 A0A8V0YB43 A0A8V0ZY61 A0A8V1ACS0 A0A3Q2U2N5 A0A8V1ABC8 A0A8V1A7R0 A0A8V0Z0B9 A0A1D5NWP2 A0A8V0YYQ9 A0A3Q2TU24 A0A8V1AB05 A0A8V1AB67 A0A8V0XLN9 A0A8V0ZX23 A0A8V1AG56 A0A1D5PCU0 A0A8V0XCX4 A0A8V0ZAP0 A0A3Q2U2N6 E1BS94 A0A8V0X637 E1C3Z8 A0A3Q3AST7 A0A8V0ZSX0 A0A8V0ZRU9 A0A3Q2TYT2 E1C2T4 A0A8V0XA92 A0A8V0Y7Y9 A0A1D5PJE0 A0A8V1AA32 A0A8V0XPN5 A0A8V0XIQ8 A0A8V0Z7D4 A0A8V1ABC9 A0A8V0YSI0 E1BQI2 A0A8V0Y513 A0A8V1AFR2 A0A8V1ACQ8 A0A8V0XTW4 Q76KB2 A0A8V0X4D8 A0A8V1A803 A0A8V0ZI29 A0A1D5NVM6 A0A8V0ZYM1 A0A8V0YGN8 A0A8V0YG88 A0A8V0Y8L6 A0A8V0Z4J0 A0A8V0ZTA5 A0A8V0XKU5 A0A1D5PC37 A0A8V0Z1E9 A0A8V0ZY91 A0A8V0Z865 A0A8V0ZKI8 O12971 A0A8V0Y6W2 A0A8V0Z9Y8 A0A8V1AL54 A0A8V0XCI3 A0A8V1A2P5 A0A8V0ZR84 A0A1D5PA74 A0A8V0ZWH1 A0A8V0WZN3 A0A8V0Y7C8 A0A8V0Z1C5 A0A8V0XT35 A0A8V0ZYN6 A0A1D5P1F1 A0A8V0XF68 A0A8V0YS46 A0A8V0WZJ4 A0A8V0XB58 A0A8V0ZZU1 A0A8V0XDM2 A0A8V0X6J5 A0A8V1A2F4 A0A8V0ZBJ8 A0A8V0ZH54 Q9I946 Q5ZHL0 A0A8V0YWM3
Cellular Component,perinuclear region of cytoplasm,2,GO:0048471,26,231,389,2784,0.81,0.23500882466714013,0.63,A0A8V0YNQ0 A0A8V0XCX4 A0A8V0YG88 A0A8V0YB43 A0A8V0ZWH1 A0A8V0ZY61 A0A8V0XGY8 A0A8V0XGL8 A0A8V0XPE8 A0A8V0ZSX0 A0A8V0ZRU9 A0A3Q2TYT2 A0A8V0YRF2 A0A1D5PC37 A0A1D5PRH9 A0A8V0Y4Q2 A0A8V0XB58 A0A8V0Z438 A0A1D5PNL3 A0A8V1ABC9 A0A1D5P655 A0A8V0YJV4 A0A8V0Z9Z7 A0A8V0Y6W2 A0A8V1AJV5 A0A8V0YWM3
Cellular Component,lysosomal membrane,7,GO:0005765,7,78,389,2784,0.64,0.2458855007339012,0.61,A0A3Q2U2N5 A0A8V0X637 A0A8V0Z1E9 A0A8V0ZRU9 A0A8V0Z9Y8 Q5ZHL0 A0A1D5P1F1
Cellular Component,lytic vacuole membrane,6,GO:0098852,7,78,389,2784,0.64,0.2458855007339012,0.61,A0A3Q2U2N5 A0A8V0X637 A0A8V0Z1E9 A0A8V0ZRU9 A0A8V0Z9Y8 Q5ZHL0 A0A1D5P1F1
Cellular Component,cell junction,2,GO:0030054,23,206,389,2784,0.8,0.2514347272230664,0.6,A0A8V1A9L3 A0A1D5PZV7 A0A8V0YBZ6 A0A8V0ZI29 A0A8V0XCI3 A0A8V0Y4R7 A0A8V0ZAP5 A0A1D5NTR5 A0A8V0YVT3 A0A8V0YDT5 A0A8V0ZDK0 A0A8V0XGL8 A0A8V0XXW6 Q0PVE4 A0A8V0XB58 A0A8V0Z2J4 A0A1D5P655 A0A8V1AB05 A0A8V0Y413 A0A8V0ZHK9 A0A8V0YJV4 A0A8V0XX41 A0A1D5PT01
Cellular Component,polymeric cytoskeletal fiber,5,GO:0099513,14,135,389,2784,0.74,0.25230208181688063,0.6,A0A8V0XCX4 A0A1D5PBU5 A0A8V1A449 A0A8V0XGL8 A0A8V0ZHK9 A0A8V1AEJ4 A0A1D5P0X0 A0A8V0X5U3 A0A8V0ZSX0 A0A8V0XK27 A0A8V0YG88 A0A1D5PNG3 A0A8V0Z6M9 A0A8V0ZQS2
Cellular Component,cytoskeleton,5,GO:0005856,61,495,389,2784,0.88,0.25352536018231353,0.6,A0A8V0XCX4 A0A8V1A449 A0A8V1A6Y8 A0A8V1AEJ4 A0A1D5NVM6 A0A8V0YPQ6 A0A3Q2TVX1 A0A1D5NTR5 A0A8V0YVT3 A0A1D5NZT1 A0A8V0YG88 A0A1D5NYG2 A0A8V1A3Y6 A0A8V0Z4P8 A0A8V0Z6M9 A0A8V1AM51 Q5ZHX2 A0A8V0Y8G8 A0A8V0Z6L1 A0A8V0XGL8 A0A3Q3AST7 A0A8V0X5U3 A0A8V0ZSX0 A0A8V0ZBS5 A0A8V0Y1N7 A0A8V1A4P2 A0A8V0X852 A0A8V0XKU5 A0A1D5PNG3 A0A8V0ZAU8 A0A8V0ZYC3 A0A1L1RZ23 A0A8V0XLH4 A0A8V0Z6B9 A0A8V0ZBA3 A0A8V1A3N1 A0A1D5P0X0 A0A8V0ZT48 E1BQB4 A0A8V0Z4U2 Q00649 A0A8V0XM58 A0A8V0YRK4 A0A8V0Y2G8 A0A8V0XAF8 A0A1D5PBU5 A0A8V1A3S8 A0A8V1A4I0 A0A8V0ZHK9 A0A8V0Z9Z7 A0A8V0YY70 A0A8V0X370 A0A8V0XK27 A0A8V1AJV5 A0A8V0YQC4 A0A8V0XTW4 A0A8V0XZQ1 A0A8V0ZQP1 A0A8V0YIE9 A0A8V0ZLV6 A0A8V0ZQS2
Cellular Component,microvillus membrane,5,GO:0031528,2,7,389,2784,2.04,0.2547607431732352,0.59,Q5ZJ58 A0A8V1AJV5
Cellular Component,fibrillar collagen trimer,3,GO:0005583,2,7,389,2784,2.04,0.2547607431732352,0.59,A0A1D5PE57 P02460
Cellular Component,banded collagen fibril,4,GO:0098643,2,7,389,2784,2.04,0.2547607431732352,0.59,A0A1D5PE57 P02460
Cellular Component,host cell,3,GO:0043657,2,7,389,2784,2.04,0.2547607431732352,0.59,A0A8V0ZYM1 A0A8V0XAE5
Cellular Component,host intracellular region,4,GO:0043656,2,7,389,2784,2.04,0.2547607431732352,0.59,A0A8V0ZYM1 A0A8V0XAE5
Cellular Component,host cellular component,2,GO:0018995,2,7,389,2784,2.04,0.2547607431732352,0.59,A0A8V0ZYM1 A0A8V0XAE5
Cellular Component,host cell part,3,GO:0033643,2,7,389,2784,2.04,0.2547607431732352,0.59,A0A8V0ZYM1 A0A8V0XAE5
Cellular Component,host intracellular part,4,GO:0033646,2,7,389,2784,2.04,0.2547607431732352,0.59,A0A8V0ZYM1 A0A8V0XAE5
Cellular Component,preribosome,3,GO:0030684,2,7,389,2784,2.04,0.2547607431732352,0.59,A0A1D5PNG3 A0A8V1A6A3
Cellular Component,ruffle,4,GO:0001726,5,59,389,2784,0.61,0.25855476954939394,0.59,A0A8V0XCX4 A0A1D5P655 A0A8V1AJV5 A0A8V0XAN3 A0A8V0X852
Cellular Component,cilium,4,GO:0005929,36,217,389,2784,1.19,0.26148260167543025,0.58,A0A8V1A6Y8 A0A8V0YPQ6 A0A8V0YVT3 A0A1D5NZT1 A0A8V1A3Y6 A0A8V1AM51 A0A8V0Z6M9 A0A8V0YB43 A0A8V1AHJ8 A0A8V0Y8G8 A0A8V0Z6L1 A0A8V0Y722 A0A3Q3AST7 A0A8V0Y1N7 A0A8V0XKU5 A0A1L1RZ23 A0A8V0XLH4 A0A8V0Z6B9 A0A8V0ZT48 E1BQB4 A0A8V0Z4U2 A0A8V1ABC9 A0A8V0XM58 A0A8V0Y2G8 A0A8V0XAF8 A0A8V0YEQ1 A0A1D5PBU5 A0A8V1A4I0 A0A8V0ZHK9 A0A8V0Z9Z7 A0A8V0YY70 A0A8V0X370 A0A8V0XK27 A0A8V1AJV5 A0A8V0YIE9 A0A8V0ZLV6
Cellular Component,apical junction complex,5,GO:0043296,3,42,389,2784,0.51,0.26291408916305525,0.58,Q0PVE4 A0A1D5PZV7 A0A8V0XX41
Cellular Component,centrosome,3,GO:0005813,15,141,389,2784,0.76,0.2641457731517859,0.58,A0A8V0XAF8 A0A1D5PBU5 A0A8V1A4I0 A0A8V0ZHK9 A0A1D5NVM6 A0A8V0YY70 A0A3Q3AST7 A0A8V0X5U3 A0A8V0YVT3 A0A1D5NZT1 A0A8V0Y1N7 A0A8V0XTW4 A0A8V0XM58 A0A8V0YRK4 A0A8V0Y2G8
Cellular Component,ciliary transition zone,2,GO:0035869,6,28,389,2784,1.53,0.26807851525998216,0.57,A0A8V0YEQ1 A0A8V0ZHK9 A0A8V0YY70 A0A3Q3AST7 A0A8V0YVT3 A0A8V0Z6M9
Cellular Component,rough endoplasmic reticulum,6,GO:0005791,9,45,389,2784,1.43,0.27406567063489656,0.56,A0A8V1ACS0 A0A8V0ZW46 A0A8V0ZTA5 A0A8V0XPN5 A0A8V0YLN5 A0A8V0ZRU9 A0A8V0XQS7 A0A8V0Y218 A0A8V0XYR2
Cellular Component,motile cilium,5,GO:0031514,16,89,389,2784,1.29,0.2757679805849399,0.56,A0A1L1RZ23 A0A8V0XLH4 A0A8V1AHJ8 A0A8V0YEQ1 A0A1D5PBU5 A0A8V0Z6L1 A0A8V0Z4U2 A0A8V0X370 A0A8V0XK27 A0A8V0YVT3 A0A8V1AJV5 A0A8V0YIE9 A0A8V0XKU5 A0A8V1A3Y6 A0A8V1AM51 A0A8V0Y2G8
Cellular Component,synaptic vesicle,9,GO:0008021,9,46,389,2784,1.4,0.2810879973576813,0.55,A0A8V0ZZU1 A0A8V0ZI29 A0A8V1AB05 A0A8V1AB67 A0A8V0ZTA5 A0A8V0YDT5 A0A3Q2TYT2 A0A8V0Z9Y8 A0A1D5P1F1
Cellular Component,intraciliary transport particle B,2,GO:0030992,4,18,389,2784,1.59,0.30259377287227834,0.52,A0A1D5NZT1 A0A8V0Y722 A0A8V1A4I0 A0A8V0YEQ1
Cellular Component,mitotic spindle,6,GO:0072686,2,32,389,2784,0.45,0.30341314137911035,0.52,A0A1D5PBU5 A0A8V0X5U3
Cellular Component,adherens junction,5,GO:0005912,10,101,389,2784,0.71,0.3046070716313121,0.52,A0A8V1A9L3 A0A8V0ZDK0 A0A8V0ZI29 A0A8V1AB05 A0A8V0XCI3 A0A8V0Y413 A0A8V0Y4R7 A0A8V0YVT3 A0A1D5PT01 A0A8V0YDT5
Cellular Component,large ribosomal subunit,4,GO:0015934,2,33,389,2784,0.43,0.30742697662737395,0.51,A0A8V1ACS0 A0A8V0Z865
Cellular Component,cell trailing edge,2,GO:0031254,2,8,389,2784,1.79,0.31022438289136484,0.51,A0A8V0YB43 Q5ZJ58
Cellular Component,sperm midpiece,2,GO:0097225,2,8,389,2784,1.79,0.31022438289136484,0.51,A0A8V0YIE9 A0A8V1AJV5
Cellular Component,endoplasmic reticulum tubular network,4,GO:0071782,2,8,389,2784,1.79,0.31022438289136484,0.51,A0A8V0YB43 A0A1D5NWP2
Cellular Component,periciliary membrane compartment,4,GO:1990075,2,8,389,2784,1.79,0.31022438289136484,0.51,A0A8V0ZZU1 A0A8V0Z9Y8
Cellular Component,transferase complex,3,GO:1990234,7,75,389,2784,0.67,0.3103136169157585,0.51,A0A8V0ZZG2 A0A8V0ZSG8 A0A1D5PNL3 A0A8V0Z4R1 A0A8V0ZFG7 A0A8V0X1T3 A0A8V0YFD4
Cellular Component,microtubule organizing center,2,GO:0005815,20,178,389,2784,0.8,0.3151030081794883,0.5,A0A1D5NVM6 A0A8V0YVT3 A0A1D5NZT1 A0A8V0Z4P8 A0A3Q3AST7 A0A8V0X5U3 A0A8V0ZBS5 A0A8V0Y1N7 A0A8V0ZYC3 A0A1L1RZ23 E1BQB4 A0A8V0XM58 A0A8V0YRK4 A0A8V0Y2G8 A0A8V0XAF8 A0A1D5PBU5 A0A8V1A4I0 A0A8V0ZHK9 A0A8V0YY70 A0A8V0XTW4
Cellular Component,endoplasmic reticulum subcompartment,3,GO:0098827,20,178,389,2784,0.8,0.3151030081794883,0.5,Q5ZIB0 A0A8V0X4D8 A0A8V0XDL7 A0A8V0XMA2 A0A8V0Y8L6 A0A8V0Z4J0 A0A8V0YFB8 A0A8V0YB43 A0A8V1ACS0 A0A8V1AMI7 A0A8V0ZXC9 A0A8V0YLZ5 Q8AWB4 A0A8V0XDM2 A0A8V0XPN5 A0A8V0ZBJ8 A0A1D5NWP2 F1NGB8 A0A8V0Y6W2 P28687
Cellular Component,somatodendritic compartment,2,GO:0036477,33,279,389,2784,0.85,0.3165499902957252,0.5,A0A8V1AG56 A0A8V0ZWX9 A0A8V0X4D8 A0A8V0ZI29 A0A3Q3A4U3 A0A1D5NTR5 A0A8V0YVT3 A0A8V0YEZ4 A0A1D5NYG2 A0A8V0YB43 A0A8V0ZKS6 A0A3Q2UGW3 A0A8V0ZTA5 A0A8V0X5U3 A0A8V0XPE8 A0A8V0ZP32 A0A1D5P1F1 A0A1D5PC37 A0A8V0XB58 A0A8V0Z438 A0A1D5P0X0 Q00649 A0A8V0XJ84 A0A8V0Z7D4 A0A8V1ABC9 A0A1D5NWP2 A0A8V0YRK4 A0A8V0ZKI8 A0A8V1A3S8 A0A1D5P655 A0A8V0YY70 A0A8V0ZES4 A0A8V0YRG2
Cellular Component,cell surface,2,GO:0009986,37,230,389,2784,1.15,0.3219284943314553,0.49,A0A8V0YNQ0 P11602 A0A8V0ZWX9 A0A8V0X4D8 A0A8V1AG56 A0A8V0ZBR8 A0A8V0XXM5 A0A8V0XRC4 A0A8V1A2P5 A0A8V0Y4R7 A0A3Q3A4U3 P33005 A0A8V0XUK6 A0A8V0XEJ0 A0A8V0Y4G8 A0A8V0YQ88 A0A8V0ZKS6 A0A3Q2UGW3 A0A8V0Z697 A0A8V0ZTA5 A0A8V0YLN5 A0A8V0ZRU9 A0A8V0Y5K2 A0A8V0ZA56 A0A8V0XA92 A0A8V0XDM2 A0A8V0Y9F8 A0A8V0XJ84 A0A8V0YF22 Q9I946 A0A8V0YR09 A0A8V0ZKI8 A0A3Q2TU24 A0A8V0ZB91 A0A8V1AFH0 A0A8V0Z4M1 P01875
Cellular Component,supramolecular fiber,4,GO:0099512,27,233,389,2784,0.83,0.32320105961501416,0.49,A0A8V0XCX4 A0A8V1A449 A0A8V1AEJ4 A0A3Q2TVX1 A0A8V0YXG4 A0A8V0XRN3 A0A8V0YG88 A0A8V0Z6M9 P02460 A0A8V0XGL8 A0A8V0ZQS2 A0A1D5NZ82 A0A8V0X5U3 A0A1L1RX77 A0A8V0XPE8 A0A8V0ZSX0 A0A8V1A4P2 A0A1D5PE57 A0A1D5PNG3 A0A8V0ZRN1 A0A1D5P0X0 Q00649 A0A1D5PBU5 A0A8V0ZHK9 A0A8V0XK27 A0A8V0XZQ1 A0A8V1A653
Cellular Component,supramolecular polymer,3,GO:0099081,27,233,389,2784,0.83,0.32320105961501416,0.49,A0A8V0XCX4 A0A8V1A449 A0A8V1AEJ4 A0A3Q2TVX1 A0A8V0YXG4 A0A8V0XRN3 A0A8V0YG88 A0A8V0Z6M9 P02460 A0A8V0XGL8 A0A8V0ZQS2 A0A1D5NZ82 A0A8V0X5U3 A0A1L1RX77 A0A8V0XPE8 A0A8V0ZSX0 A0A8V1A4P2 A0A1D5PE57 A0A1D5PNG3 A0A8V0ZRN1 A0A1D5P0X0 Q00649 A0A1D5PBU5 A0A8V0ZHK9 A0A8V0XK27 A0A8V0XZQ1 A0A8V1A653
Cellular Component,cell cortex,3,GO:0005938,17,154,389,2784,0.79,0.33833413541883695,0.47,A0A8V0ZZG2 A0A8V0ZZU1 A0A1D5PBU5 Q0PVE4 A0A8V0ZQS2 Q5ZJ58 A0A1D5P0X0 A0A8V0X5U3 A0A8V0XK73 A0A1D5NTR5 A0A8V0ZAP5 A0A1D5NWP2 A0A8V0X852 A0A1D5NYG2 A0A8V0YA97 A0A8V0ZQP1 A0A1D5PC37
Cellular Component,synaptic membrane,4,GO:0097060,11,59,389,2784,1.33,0.33955942873871253,0.47,A0A8V0XB58 A0A8V0ZI29 A0A8V1AB05 A0A8V0ZP32 A0A1D5NTR5 Q00649 A0A8V0YDT5 A0A8V0YBD7 A0A1D5NYG2 A0A1D5P1F1 A0A1D5PC37
Cellular Component,distal axon,2,GO:0150034,13,122,389,2784,0.76,0.3492009032894967,0.46,Q0PVE4 A0A8V0XCX4 A0A8V0ZI29 A0A8V0ZKS6 A0A1D5P655 A0A8V1AB67 A0A1D5P0X0 A0A8V0ZTA5 A0A3Q3A4U3 A0A1D5NTR5 A0A1D5NWP2 A0A8V0Z9Y8 A0A1D5PC37
Cellular Component,Golgi-associated vesicle membrane,5,GO:0030660,3,38,389,2784,0.57,0.351894348517373,0.45,A0A8V0X4D8 A0A8V0XDM2 A0A8V0ZYM1
Cellular Component,intraciliary transport particle,2,GO:0030990,5,23,389,2784,1.56,0.35724455518193254,0.45,A0A8V0XAF8 A0A8V0YEQ1 A0A8V1A4I0 A0A8V0Y722 A0A1D5NZT1
Cellular Component,dendritic tree,5,GO:0097447,19,167,389,2784,0.81,0.35820187576106766,0.45,A0A8V1AG56 A0A8V0ZWX9 A0A3Q3A4U3 A0A1D5NTR5 A0A8V0ZKS6 A0A3Q2UGW3 A0A8V0X5U3 A0A8V0XPE8 A0A8V0XB58 A0A8V0Z438 Q00649 A0A1D5NWP2 A0A8V1ABC9 A0A8V0YRK4 A0A8V1A3S8 A0A1D5P655 A0A8V0YY70 A0A8V0ZES4 A0A8V0YRG2
Cellular Component,dendrite,5,GO:0030425,19,167,389,2784,0.81,0.35820187576106766,0.45,A0A8V1AG56 A0A8V0ZWX9 A0A3Q3A4U3 A0A1D5NTR5 A0A8V0ZKS6 A0A3Q2UGW3 A0A8V0X5U3 A0A8V0XPE8 A0A8V0XB58 A0A8V0Z438 Q00649 A0A1D5NWP2 A0A8V1ABC9 A0A8V0YRK4 A0A8V1A3S8 A0A1D5P655 A0A8V0YY70 A0A8V0ZES4 A0A8V0YRG2
Cellular Component,coated vesicle membrane,5,GO:0030662,6,63,389,2784,0.68,0.3619086452101182,0.44,A0A8V1AG56 A0A8V0X4D8 A0A8V0XDM2 A0A8V1AB67 A0A8V1A2P5 A0A8V0Z9Y8
Cellular Component,Golgi-associated vesicle,7,GO:0005798,6,64,389,2784,0.67,0.36219316033595683,0.44,A0A8V0X4D8 A0A8V0XDM2 A0A8V1AFR2 A0A8V0ZYM1 A0A8V0ZRU9 A0A8V0YSI0
Cellular Component,filopodium tip,2,GO:0032433,2,9,389,2784,1.59,0.36477466501915845,0.44,A0A1D5P655 A0A8V0X852
Cellular Component,endolysosome membrane,6,GO:0036020,2,9,389,2784,1.59,0.36477466501915845,0.44,A0A8V0ZRU9 A0A8V0Z9Y8
Cellular Component,extrinsic component of external side of plasma membrane,4,GO:0031232,2,9,389,2784,1.59,0.36477466501915845,0.44,A0A8V0XXM5 A0A8V0ZRU9
Cellular Component,astral microtubule,8,GO:0000235,2,9,389,2784,1.59,0.36477466501915845,0.44,A0A1D5PBU5 A0A8V0X5U3
Cellular Component,cell periphery,2,GO:0071944,151,1023,389,2784,1.06,0.3647790614358116,0.44,P11602 A0A8V0ZWX9 Q90YI1 A0A1D5NTR5 A0A8V0YVT3 A0A8V0YDT5 A0A8V0ZAP5 A0A8V0XEJ0 C7G540 A0A1D5NYG2 A0A8V0YW12 A0A8V0ZEJ3 A0A8V0YB43 A0A8V1ACS0 A0A8V0Z8V4 A0A3Q2U2N5 A0A8V0ZZG2 A0A8V1ALE0 A0A8V1ABC8 A0A8V0X5U3 A0A8V0YHL6 A0A8V1A7R0 A0A8V0ZA56 F1NEZ4 A0A8V1A3N1 A0A8V0Z5R3 A0A8V0Y9F8 A0A8V0XJ84 A0A1D5NWP2 A0A8V0XAN3 A0A8V0Z249 A0A8V0Y478 A0A8V0ZB91 A0A8V0YAR4 A0A8V1AB05 A0A8V1A9R2 A0A8V1AB67 A0A8V0ZDZ5 A0A8V0ZHK9 A0A8V0XLN9 A0A8V0YYB4 A0A8V0ZQS2 A0A8V1AG56 A0A1D5PCU0 A0A8V0XCX4 A0A8V0XXM5 A0A8V1A9A7 A0A3Q3A4U3 A0A8V0XUK6 A0A3Q2U2N6 E1BS94 A0A8V0YFB8 A0A8V0Y0F3 A0A8V0ZDU4 A0A8V0X637 A0A3Q3AST7 A0A8V0XK73 A0A8V0ZP32 A0A8V0ZSX0 A0A8V0ZRU9 A0A1D5P7Y2 A0A8V0YLZ5 A0A1D5PRH9 Q0PVE4 A0A8V0XA92 A0A8V1AA32 A0A1D5P0X0 Q00649 A0A8V0Y103 A0A8V0Z7D4 A0A8V1ABC9 A0A8V0YF22 A0A8V0YA97 A0A8V0YSI0 E1BQI2 A0A1D5PBU5 A0A8V0X5K9 A0A8V0YMM6 A0A1D5PT01 A0A8V1AJV5 A0A8V0YLT1 A0A8V0ZQP1 P33005 Q5ZKV5 A0A8V0YRG2 Q76KB2 A0A8V0Y0V1 A0A8V0X4D8 A0A8V0ZBR8 A0A8V0ZI29 A0A8V0ZYM1 A0A8V0YGN8 A0A8V0YXG4 A0A1D5PIZ5 A0A8V0YG88 A0A8V0XFL3 A0A8V0Z4J0 A0A8V1AHJ8 A0A8V0ZKS6 A0A8V0XKU5 A0A8V0Z888 A0A8V0Y969 A0A8V0ZMU3 A0A1D5PC37 A0A8V0ZBA3 A0A8V0XZV7 A0A8V0Z1E9 A0A8V0XWZ8 A0A8V0ZY91 A0A8V0YBD7 A0A8V0ZKI8 A0A8V0ZES4 A0A8V0XX41 A0A8V0Z9Y8 A0A8V0Z4M1 P01875 A0A8V1AL54 Q98938 A0A8V0XCI3 A0A1D5NW03 A0A8V0Y999 A0A8V1A2P5 A0A8V0Y4R7 A0A8V0XUJ8 A0A8V0Y290 A0A8V0Y4G8 A0A8V0ZIZ5 A0A8V0XGL8 A0A8V0YQ88 A0A8V1A8N2 A0A3Q2UGW3 A0A8V0WZN3 A0A8V0YHH6 A0A8V0X852 A0A1D5P1F1 Q6JHU8 A0A8V0XB58 A0A8V0ZZU1 A0A8V0XDM2 A0A8V0Z2J4 Q5ZJ58 A0A3Q2TT95 A0A8V0Y2E5 A0A8V0Y218 Q9I946 A0A8V0YU83 A0A8V0YDD6 A0A8V1AM47 A0A8V0XFB5 Q5ZHL0 A0A8V0ZPH9
Cellular Component,endoplasmic reticulum membrane,4,GO:0005789,20,176,389,2784,0.81,0.36829381832069463,0.43,Q5ZIB0 A0A8V0X4D8 A0A8V0XDL7 A0A8V0XMA2 A0A8V0Y8L6 A0A8V0Z4J0 A0A8V0YFB8 A0A8V0YB43 A0A8V1ACS0 A0A8V1AMI7 A0A8V0ZXC9 A0A8V0YLZ5 Q8AWB4 A0A8V0XDM2 A0A8V0XPN5 A0A8V0ZBJ8 A0A1D5NWP2 F1NGB8 A0A8V0Y6W2 P28687
Cellular Component,vacuolar membrane,5,GO:0005774,10,96,389,2784,0.75,0.36945547506514587,0.43,A0A1D5PCU0 A0A3Q2U2N5 A0A8V0Y7Y9 A0A8V0X637 A0A8V0Z1E9 A0A8V0ZRU9 A0A8V0Z9Y8 Q5ZHL0 A0A1D5P1F1 A0A3Q2U2N6
Cellular Component,supramolecular complex,2,GO:0099080,28,237,389,2784,0.85,0.37760829947876656,0.42,A0A8V0XCX4 A0A8V1A449 A0A8V1AEJ4 A0A3Q2TVX1 A0A8V0YXG4 A0A8V0XRN3 A0A8V0YG88 A0A8V0Z6M9 P02460 A0A8V0XGL8 A0A8V0ZQS2 A0A1D5NZ82 A0A8V0X5U3 A0A1L1RX77 A0A8V0XPE8 A0A8V0ZSX0 A0A8V1A4P2 A0A1D5PE57 A0A1D5PNG3 A0A8V0ZRN1 A0A1D5P0X0 Q00649 A0A1D5PBU5 A0A8V1AFR2 A0A8V0ZHK9 A0A8V0XK27 A0A8V0XZQ1 A0A8V1A653
Cellular Component,cytoplasmic microtubule,7,GO:0005881,5,25,389,2784,1.43,0.38121139109778623,0.42,A0A8V0XCX4 A0A1D5PBU5 A0A8V0ZHK9 A0A8V1AEJ4 A0A8V0X5U3
Cellular Component,transport vesicle membrane,5,GO:0030658,8,44,389,2784,1.3,0.3833884625961883,0.42,A0A8V0X4D8 A0A8V0ZZU1 A0A8V0XDM2 A0A8V0ZI29 A0A8V1AB05 A0A8V1AB67 A0A8V0YDT5 A0A3Q2TYT2
Cellular Component,extrinsic component of plasma membrane,3,GO:0019897,7,71,389,2784,0.71,0.3869797397580884,0.41,A0A8V1ALE0 A0A8V0XXM5 A0A8V1A9R2 A0A8V0X5U3 A0A8V0ZRU9 A0A8V1ABC9 A0A8V0YW12
Cellular Component,neuron projection,4,GO:0043005,49,393,389,2784,0.89,0.3880817084394625,0.41,A0A8V1AG56 A0A8V0ZWX9 A0A8V0XCX4 A0A8V0ZI29 A0A8V1AEJ4 A0A1D5PNB8 A0A3Q3A4U3 A0A8V0YGN8 A0A1D5NTR5 A0A8V0YVT3 A0A8V0YDT5 A0A1D5NYG2 A0A8V0Z6M9 A0A8V0YB43 A0A8V0XGL8 A0A8V0ZKS6 A0A3Q2UGW3 A0A8V0ZTA5 A0A8V0X5U3 A0A8V0XPE8 A0A3Q2TYT2 A0A1D5NZN4 A0A1D5P1F1 A0A1D5PC37 Q0PVE4 A0A8V0XB58 A0A8V0Z438 A0A1D5P0X0 A0A8V0Z4U2 Q00649 A0A1D5PDV9 A0A1D5NWP2 A0A8V1ABC9 A0A8V0XM58 A0A8V0YRK4 A0A8V1ADF6 A0A8V0YEQ1 A0A8V1A3S8 A0A1D5P655 A0A8V1AB05 A0A8V1AB67 A0A8V0ZHK9 A0A8V0YY70 A0A8V0ZES4 A0A1D5PT01 A0A8V1AJV5 A0A8V0YLT1 A0A8V0Z9Y8 A0A8V0YRG2
Cellular Component,phagocytic vesicle,8,GO:0045335,4,46,389,2784,0.62,0.39254623297207814,0.41,Q5ZHL0 A0A8V0XGL8 A0A8V0ZZU1 A0A1D5PC37
Cellular Component,endolysosome,8,GO:0036019,3,13,389,2784,1.65,0.40985742542815673,0.39,A0A8V1AFH0 A0A8V0ZRU9 A0A8V0Z9Y8
Cellular Component,clathrin-coated endocytic vesicle membrane,6,GO:0030669,3,13,389,2784,1.65,0.40985742542815673,0.39,A0A8V1AG56 A0A8V1A2P5 A0A8V0Z9Y8
Cellular Component,fibrillar center,2,GO:0001650,5,27,389,2784,1.33,0.41410295107271156,0.38,A0A8V1A6A3 A0A1D5PNL3 R4GGQ4 A0A8V0XFL3 A0A8V1AEM5
Cellular Component,organelle envelope lumen,5,GO:0031970,2,29,389,2784,0.49,0.41747588283475234,0.38,R4GGQ4 A0A8V0YWM3
Cellular Component,plasma membrane,3,GO:0005886,143,971,389,2784,1.05,0.42205404996356566,0.37,P11602 A0A8V0ZWX9 A0A1D5NTR5 A0A8V0YVT3 A0A8V0YDT5 A0A8V0XEJ0 A0A1D5NYG2 A0A8V0YW12 A0A8V0ZEJ3 A0A8V0YB43 A0A8V1ACS0 A0A8V0Z8V4 A0A3Q2U2N5 A0A8V0ZZG2 A0A8V1ALE0 A0A8V1ABC8 A0A8V0X5U3 A0A8V0YHL6 A0A8V1A7R0 A0A8V0ZA56 F1NEZ4 A0A8V1A3N1 A0A8V0Z5R3 A0A8V0Y9F8 A0A8V0XJ84 A0A1D5NWP2 A0A8V0XAN3 A0A8V0Z249 A0A8V0Y478 A0A8V0ZB91 A0A8V0YAR4 A0A8V1AB05 A0A8V1A9R2 A0A8V1AB67 A0A8V0ZDZ5 A0A8V0ZHK9 A0A8V0XLN9 A0A8V0YYB4 A0A8V1AG56 A0A1D5PCU0 A0A8V0XCX4 A0A8V0XXM5 A0A8V1A9A7 A0A3Q3A4U3 A0A8V0XUK6 A0A3Q2U2N6 E1BS94 A0A8V0YFB8 A0A8V0Y0F3 A0A8V0ZDU4 A0A8V0X637 A0A3Q3AST7 A0A8V0ZP32 A0A8V0ZSX0 A0A8V0ZRU9 A0A1D5P7Y2 A0A8V0YLZ5 A0A1D5PRH9 Q0PVE4 A0A8V0XA92 A0A8V1AA32 A0A1D5P0X0 Q00649 A0A8V0Y103 A0A8V0Z7D4 A0A8V1ABC9 A0A8V0YF22 A0A8V0YSI0 E1BQI2 A0A8V0X5K9 A0A8V0YMM6 A0A1D5PT01 A0A8V1AJV5 A0A8V0YLT1 P33005 Q5ZKV5 A0A8V0YRG2 Q76KB2 A0A8V0Y0V1 A0A8V0X4D8 A0A8V0ZBR8 A0A8V0ZI29 A0A8V0ZYM1 A0A8V0YGN8 A0A8V0YXG4 A0A1D5PIZ5 A0A8V0YG88 A0A8V0XFL3 A0A8V0Z4J0 A0A8V1AHJ8 A0A8V0ZKS6 A0A8V0XKU5 A0A8V0Z888 A0A8V0Y969 A0A8V0ZMU3 A0A1D5PC37 A0A8V0ZBA3 A0A8V0XZV7 A0A8V0Z1E9 A0A8V0XWZ8 A0A8V0ZY91 A0A8V0YBD7 A0A8V0ZKI8 A0A8V0ZES4 A0A8V0XX41 A0A8V0Z9Y8 A0A8V0Z4M1 P01875 A0A8V1AL54 Q98938 A0A8V0XCI3 A0A1D5NW03 A0A8V0Y999 A0A8V1A2P5 A0A8V0Y4R7 A0A8V0XUJ8 A0A8V0Y290 A0A8V0Y4G8 A0A8V0ZIZ5 A0A8V0XGL8 A0A8V0YQ88 A0A8V1A8N2 A0A3Q2UGW3 A0A8V0WZN3 A0A8V0YHH6 A0A8V0X852 A0A1D5P1F1 Q6JHU8 A0A8V0XB58 A0A8V0ZZU1 A0A8V0XDM2 A0A8V0Z2J4 Q5ZJ58 A0A3Q2TT95 A0A8V0Y2E5 A0A8V0Y218 Q9I946 A0A8V0YU83 A0A8V0YDD6 A0A8V1AM47 A0A8V0XFB5 Q5ZHL0 A0A8V0ZPH9
Cellular Component,proton-transporting two-sector ATPase complex,3,GO:0016469,2,30,389,2784,0.48,0.42231821773578054,0.37,Q5ZHL0 A0A1D5PCU0
Cellular Component,lytic vacuole,6,GO:0000323,28,232,389,2784,0.86,0.4292795069178072,0.37,A0A8V0ZWX9 A0A8V0XXM5 A0A8V0XRC4 A0A8V0YXG4 A0A8V0ZIF0 A0A8V0YW12 A0A8V0YC98 A0A3Q2U2N6 E1BS94 A0A3Q2U2N5 A0A8V0X637 A0A1L1RX77 A0A8V0X2C5 A0A8V0YLN5 A0A8V0ZRU9 A0A1L1RSD2 A0A1D5P1F1 A0A8V0X783 A0A8V0Z1E9 A0A8V0YZJ3 A0A8V0ZY91 A0A8V0Z086 A0A8V0YR09 Q05744 A0A8V1AFH0 A0A8V0YJV4 A0A8V0Z9Y8 Q5ZHL0
Cellular Component,lysosome,7,GO:0005764,28,232,389,2784,0.86,0.4292795069178072,0.37,A0A8V0ZWX9 A0A8V0XXM5 A0A8V0XRC4 A0A8V0YXG4 A0A8V0ZIF0 A0A8V0YW12 A0A8V0YC98 A0A3Q2U2N6 E1BS94 A0A3Q2U2N5 A0A8V0X637 A0A1L1RX77 A0A8V0X2C5 A0A8V0YLN5 A0A8V0ZRU9 A0A1L1RSD2 A0A1D5P1F1 A0A8V0X783 A0A8V0Z1E9 A0A8V0YZJ3 A0A8V0ZY91 A0A8V0Z086 A0A8V0YR09 Q05744 A0A8V1AFH0 A0A8V0YJV4 A0A8V0Z9Y8 Q5ZHL0
Cellular Component,specific granule lumen,7,GO:0035580,6,31,389,2784,1.39,0.42945431216932334,0.37,A0A8V1AFE7 A0A8V0XDM2 A0A1D5P655 Q05744 A0A8V0YW12 A0A8V0YR09
Cellular Component,endosome,7,GO:0005768,28,233,389,2784,0.86,0.4295475147452299,0.37,A0A8V0X4D8 Q98938 A0A8V0ZI29 A0A8V0XXM5 A0A1D5NVM6 A0A8V0YGN8 A0A8V0YVT3 A0A8V0YG88 A0A8V0Z4J0 A0A8V0YB43 A0A8V1ACS0 A0A8V0X637 A0A8V1ABC8 A0A8V0ZF99 A0A8V0ZRU9 A0A8V0X783 A0A8V0ZZU1 A0A8V0ZY91 A0A8V0ZH54 A0A8V0YF22 E1BQI2 A0A8V0ZKI8 A0A8V1AFH0 A0A8V1AB67 A0A8V1A9R2 A0A8V0XTW4 A0A8V0Z9Y8 Q5ZHL0
Cellular Component,cell leading edge,2,GO:0031252,15,133,389,2784,0.81,0.4414149202850445,0.36,A0A8V0ZDK0 A0A8V0XCX4 A0A8V0XGL8 A0A8V0ZI29 A0A1D5P655 A0A8V1AB05 A0A8V0ZBA3 A0A8V1A3S8 A0A1D5P0X0 A0A3Q3A4U3 A0A8V0YDT5 A0A8V1AJV5 A0A8V0XAN3 A0A8V0X852 A0A8V0YG88
Cellular Component,cell body,2,GO:0044297,30,246,389,2784,0.87,0.44172492461238644,0.35,A0A8V0ZWX9 A0A8V0X4D8 A0A8V0ZI29 A0A3Q3A4U3 A0A1D5NTR5 A0A8V0YVT3 A0A8V0YEZ4 A0A1D5NYG2 A0A8V0YB43 A0A8V0XGL8 A0A8V0ZKS6 A0A8V0ZTA5 A0A8V0X5U3 A0A8V0XPE8 A0A8V0ZP32 A0A1D5P1F1 A0A1D5PC37 A0A8V0XB58 A0A8V1AA32 A0A1D5P0X0 Q00649 A0A8V0XJ84 A0A8V0Z7D4 A0A8V1ABC9 A0A1D5NWP2 A0A8V0ZKI8 A0A8V1A3S8 A0A1D5P655 A0A8V0ZES4 A0A8V0YRG2
Cellular Component,exocytic vesicle,8,GO:0070382,10,58,389,2784,1.23,0.44479817038708713,0.35,A0A8V0YB43 A0A8V0ZZU1 A0A8V0ZI29 A0A8V1AB05 A0A8V1AB67 A0A8V0ZTA5 A0A8V0YDT5 A0A3Q2TYT2 A0A8V0Z9Y8 A0A1D5P1F1
Cellular Component,ciliary tip,2,GO:0097542,6,33,389,2784,1.3,0.4497288678555783,0.35,A0A8V0XAF8 A0A8V0YEQ1 A0A8V1A4I0 A0A8V0YVT3 A0A8V0XK27 A0A1D5NZT1
Cellular Component,Golgi apparatus,5,GO:0005794,66,436,389,2784,1.08,0.4520845194613396,0.34,A0A8V1AG56 A0A8V0X4D8 A0A8V0ZAP0 A0A8V0XRC4 A0A8V1AEJ4 A0A1D5NVM6 A0A8V0YGN8 A0A1D5NTR5 A0A8V0YXG4 A0A8V0ZR84 A0A1D5PA74 A0A8V0Y8L6 A0A8V0YB43 A0A8V0ZWH1 A0A8V0ZY61 A0A3Q2U2N5 A0A8V0ZKS6 A0A8V0WZN3 E1C3Z8 A0A1D5PQV0 A0A8V0ZTA5 A0A1L1RX77 A0A8V0ZP32 A0A8V0Y7C8 A0A8V0YLN5 A0A8V0ZRU9 A0A8V0XT35 E1C2T4 A0A8V0ZYN6 A0A1D5NZN4 A0A8V0ZMU3 Q6JHU8 A0A8V0Z0B9 A0A8V0ZA56 A0A8V0Y4Q2 A0A8V0YS46 A0A8V0WZJ4 A0A8V0XDM2 A0A1D5PJE0 A0A8V0Y7Y9 A0A8V0X6J5 A0A8V0Z2J4 A0A8V1A2F4 A0A8V0XWZ8 A0A8V0YZJ3 A0A8V0ZKV3 A0A8V0XIQ8 A0A8V0ZBJ8 A0A8V0Y218 A0A8V0YF22 A0A8V0YYQ9 Q9I946 F1NGB8 A0A3Q2TU24 O12971 A0A3Q2U8T7 A0A1D5P201 A0A8V1ACQ8 A0A8V0ZTG6 A0A8V0Y6W2 A0A8V0XK27 A0A8V0ZFH4 A0A8V0YIE9 A0A8V0XTW4 A0A8V0ZX23 Q76KB2
Cellular Component,receptor complex,2,GO:0043235,10,59,389,2784,1.21,0.45217034286770397,0.34,A0A8V0ZKI8 A0A8V0Y0F3 A0A8V0ZKS6 A0A8V0ZMU3 A0A8V1A9A7 A0A3Q2TT95 A0A8V0YHH6 A0A8V0Y290 A0A8V0YA97 A0A8V1AL54
Cellular Component,lamellipodium,4,GO:0030027,6,60,389,2784,0.72,0.45422320724253984,0.34,A0A8V0ZBA3 A0A8V1A3S8 A0A1D5P655 A0A1D5P0X0 A0A8V0YG88 A0A8V0X852
Cellular Component,other organism part,2,GO:0044217,3,15,389,2784,1.43,0.45472774302621544,0.34,A0A8V0ZYM1 A0A8V1AA32 A0A8V0XAE5
Cellular Component,apical plasma membrane,4,GO:0016324,11,100,389,2784,0.79,0.4631391845646138,0.33,A0A1D5PRH9 A0A1D5PCU0 A0A8V0XFL3 Q0PVE4 A0A8V0XA92 A0A8V0XDM2 A0A1D5P0X0 A0A8V1A2P5 A0A8V0YDD6 A0A8V1AJV5 Q5ZHL0
Cellular Component,nuclear periphery,2,GO:0034399,3,36,389,2784,0.6,0.4676885728820701,0.33,A0A1D5PNG3 A0A8V0Z9Z7 A0A8V0X5U3
Cellular Component,actin filament,6,GO:0005884,3,36,389,2784,0.6,0.4676885728820701,0.33,A0A1D5P0X0 A0A8V0YG88 A0A8V0ZQS2
Cellular Component,peroxisome,6,GO:0005777,3,37,389,2784,0.58,0.47090739112481583,0.33,A0A8V0Y795 A0A8V1AK88 A0A8V0XGL8
Cellular Component,microbody,5,GO:0042579,3,37,389,2784,0.58,0.47090739112481583,0.33,A0A8V0Y795 A0A8V1AK88 A0A8V0XGL8
Cellular Component,cell projection,2,GO:0042995,85,650,389,2784,0.94,0.47763757220997827,0.32,A0A8V0ZWX9 A0A8V1AEJ4 A0A1D5NTR5 A0A8V0YVT3 A0A8V0YDT5 A0A1D5NYG2 A0A8V0Z6M9 A0A8V0YB43 A0A8V0Z6L1 A0A8V0Y722 A0A8V0X5U3 A0A8V0XPE8 A0A1L1RZ23 A0A8V0Z6B9 A0A8V0ZT48 A0A8V0XAN3 A0A1D5NWP2 A0A8V0Y2G8 A0A3Q2TU24 A0A8V0YEQ1 A0A8V1AB05 A0A8V1AB67 A0A8V0ZHK9 A0A8V1AG56 A0A8V0XCX4 A0A3Q3A4U3 A0A8V1AM51 A0A8V0Y8G8 A0A3Q3AST7 A0A8V0ZSX0 A0A3Q2TYT2 A0A1D5NZN4 A0A8V0XLH4 Q0PVE4 A0A1D5P0X0 A0A8V0Z4U2 Q00649 A0A1D5PDV9 A0A8V0Z7D4 A0A8V1ABC9 A0A8V0XM58 A0A8V0YRK4 A0A8V1ADF6 A0A1D5PBU5 A0A8V0YJV4 A0A8V0YY70 A0A1D5PT01 A0A8V1AJV5 A0A8V0YLT1 A0A8V0YRG2 A0A8V0ZLV6 A0A8V0ZI29 A0A1D5PNB8 A0A8V0YPQ6 A0A8V0YGN8 A0A8V0YG88 A0A8V1AHJ8 A0A8V0ZKS6 A0A8V0ZTA5 A0A8V0XKU5 A0A1D5PC37 A0A8V0ZBA3 A0A8V0Z438 A0A1D5P655 A0A8V0ZES4 A0A8V0X370 A0A8V0XK27 A0A8V0YIE9 A0A8V0Z9Y8 A0A8V1A6Y8 A0A1D5NZT1 A0A8V1A3Y6 A0A8V0XGL8 A0A3Q2UGW3 A0A8V0Y1N7 A0A8V0X852 A0A1D5P1F1 A0A8V0XB58 A0A8V0XDM2 Q5ZJ58 E1BQB4 A0A8V0XAF8 A0A8V1A3S8 A0A8V1A4I0 A0A8V0Z9Z7
Cellular Component,neuron to neuron synapse,4,GO:0098984,7,67,389,2784,0.75,0.47866038828899554,0.32,A0A8V1A3S8 A0A8V0ZI29 A0A8V1AB05 A0A3Q2UGW3 A0A8V1ABC8 Q00649 A0A8V0YDT5
Cellular Component,growth cone,3,GO:0030426,7,68,389,2784,0.74,0.4790661750824546,0.32,A0A8V0ZKS6 A0A8V0ZI29 A0A1D5P655 A0A1D5P0X0 A0A3Q3A4U3 A0A1D5NTR5 A0A1D5NWP2
Cellular Component,site of polarized growth,2,GO:0030427,7,69,389,2784,0.73,0.48053464309194394,0.32,A0A8V0ZKS6 A0A8V0ZI29 A0A1D5P655 A0A1D5P0X0 A0A3Q3A4U3 A0A1D5NTR5 A0A1D5NWP2
Cellular Component,endoplasmic reticulum-Golgi intermediate compartment membrane,5,GO:0033116,3,16,389,2784,1.34,0.48072327501973866,0.32,A0A8V0YSI0 A0A8V0XDM2 A0A8V1AFR2
Cellular Component,clathrin-coated endocytic vesicle,8,GO:0045334,3,16,389,2784,1.34,0.48072327501973866,0.32,A0A8V1AG56 A0A8V1A2P5 A0A8V0Z9Y8
Cellular Component,Golgi cisterna membrane,4,GO:0032580,3,16,389,2784,1.34,0.48072327501973866,0.32,A0A8V0YGN8 A0A8V0Y6W2 A0A8V0ZAP0
Cellular Component,basal part of cell,2,GO:0045178,7,39,389,2784,1.28,0.4827108090973291,0.32,A0A8V0YB43 A0A8V0ZBR8 A0A8V0ZI29 A0A8V1AB05 A0A1D5P0X0 A0A8V0YDT5 A0A8V0XYR2
Cellular Component,plasma membrane protein complex,3,GO:0098797,14,123,389,2784,0.81,0.505193801262666,0.3,A0A8V0ZKI8 A0A8V0Y0F3 Q0PVE4 A0A8V0Y290 A0A8V0ZKS6 A0A8V1A8N2 A0A8V1A9A7 A0A8V0ZY91 A0A3Q2TT95 A0A8V0YXG4 A0A8V1ABC9 A0A8V0Z9Y8 Q5ZHL0 A0A8V0ZMU3
Cellular Component,nuclear chromosome,6,GO:0000228,4,42,389,2784,0.68,0.5060733893127973,0.3,A0A8V0ZW33 A0A8V1A7R0 R4GH52 A0A8V1AFC3
Cellular Component,sarcolemma,4,GO:0042383,4,44,389,2784,0.65,0.5089105609229678,0.29,A0A8V0XB58 A0A8V0Y218 A0A8V0ZY91 A0A8V0XJ84
Cellular Component,neuron projection cytoplasm,5,GO:0120111,4,20,389,2784,1.43,0.5108607249664706,0.29,A0A8V0Z438 A0A8V0YVT3 A0A8V0XB58 A0A8V0ZWX9
Cellular Component,plasma membrane bounded cell projection,3,GO:0120025,85,648,389,2784,0.94,0.5177842212014985,0.29,A0A8V0ZWX9 A0A8V1AEJ4 A0A1D5NTR5 A0A8V0YVT3 A0A8V0YDT5 A0A1D5NYG2 A0A8V0Z6M9 A0A8V0YB43 A0A8V0Z6L1 A0A8V0Y722 A0A8V0X5U3 A0A8V0XPE8 A0A1L1RZ23 A0A8V0Z6B9 A0A8V0ZT48 A0A8V0XAN3 A0A1D5NWP2 A0A8V0Y2G8 A0A3Q2TU24 A0A8V0YEQ1 A0A8V1AB05 A0A8V1AB67 A0A8V0ZHK9 A0A8V1AG56 A0A8V0XCX4 A0A3Q3A4U3 A0A8V1AM51 A0A8V0Y8G8 A0A3Q3AST7 A0A8V0ZSX0 A0A3Q2TYT2 A0A1D5NZN4 A0A8V0XLH4 Q0PVE4 A0A1D5P0X0 A0A8V0Z4U2 Q00649 A0A1D5PDV9 A0A8V0Z7D4 A0A8V1ABC9 A0A8V0XM58 A0A8V0YRK4 A0A8V1ADF6 A0A1D5PBU5 A0A8V0YJV4 A0A8V0YY70 A0A1D5PT01 A0A8V1AJV5 A0A8V0YLT1 A0A8V0YRG2 A0A8V0ZLV6 A0A8V0ZI29 A0A1D5PNB8 A0A8V0YPQ6 A0A8V0YGN8 A0A8V0YG88 A0A8V1AHJ8 A0A8V0ZKS6 A0A8V0ZTA5 A0A8V0XKU5 A0A1D5PC37 A0A8V0ZBA3 A0A8V0Z438 A0A1D5P655 A0A8V0ZES4 A0A8V0X370 A0A8V0XK27 A0A8V0YIE9 A0A8V0Z9Y8 A0A8V1A6Y8 A0A1D5NZT1 A0A8V1A3Y6 A0A8V0XGL8 A0A3Q2UGW3 A0A8V0Y1N7 A0A8V0X852 A0A1D5P1F1 A0A8V0XB58 A0A8V0XDM2 Q5ZJ58 E1BQB4 A0A8V0XAF8 A0A8V1A3S8 A0A8V1A4I0 A0A8V0Z9Z7
Cellular Component,cytoplasmic vesicle membrane,5,GO:0030659,25,204,389,2784,0.88,0.5292851884846138,0.28,A0A8V1AG56 A0A8V0X4D8 A0A8V0ZI29 A0A8V0XCI3 A0A8V1A2P5 A0A8V0YDT5 A0A8V0Z4J0 E1BS94 A0A8V0YB43 A0A8V1ACS0 A0A3Q2U2N5 A0A3Q2TYT2 A0A1D5PC37 A0A8V0XB58 A0A8V0ZZU1 A0A8V0XDM2 A0A8V1AA32 A0A8V0Z1E9 A0A8V0ZY91 A0A8V0Z7D4 A0A8V1AB05 A0A8V1AB67 A0A8V0Z9Y8 Q5ZHL0 A0A8V1AL54
Cellular Component,presynaptic membrane,5,GO:0042734,4,22,389,2784,1.3,0.5358627095002607,0.27,A0A1D5NTR5 A0A1D5P1F1 A0A1D5PC37 A0A1D5NYG2
Cellular Component,coated vesicle,7,GO:0030135,10,91,389,2784,0.79,0.5375075572049155,0.27,A0A8V1AG56 A0A8V0X4D8 A0A8V0XDM2 A0A8V1AFR2 A0A8V1AB67 A0A8V1A2P5 A0A8V0ZRU9 A0A8V0Z9Y8 A0A8V0YSI0 A0A8V0XYR2
Cellular Component,vesicle membrane,4,GO:0012506,27,217,389,2784,0.89,0.5419644657418154,0.27,A0A8V1AG56 A0A8V0X4D8 A0A8V0ZI29 A0A8V0XCI3 A0A8V1A2P5 A0A8V0YGN8 A0A8V0YDT5 A0A8V0Z4J0 E1BS94 A0A8V0YB43 A0A8V1ACS0 A0A3Q2U2N5 A0A3Q2TYT2 A0A1D5PC37 A0A8V0XA92 A0A8V0XB58 A0A8V0ZZU1 A0A8V0XDM2 A0A8V1AA32 A0A8V0Z1E9 A0A8V0ZY91 A0A8V0Z7D4 A0A8V1AB05 A0A8V1AB67 A0A8V0Z9Y8 Q5ZHL0 A0A8V1AL54
Cellular Component,apical part of cell,2,GO:0045177,18,151,389,2784,0.85,0.5459610729952612,0.26,A0A1D5PRH9 A0A1D5PCU0 A0A8V0XFL3 Q0PVE4 A0A8V0XA92 A0A8V0XDM2 A0A1D5P655 A0A1D5P0X0 A0A8V1A2P5 A0A8V0ZTA5 A0A8V0XK73 A0A8V0XK27 A0A8V0YDD6 A0A8V0YLT1 A0A8V1AJV5 A0A8V1ABC9 A0A8V0YG88 Q5ZHL0
Cellular Component,axon,5,GO:0030424,28,226,389,2784,0.89,0.5480768116163446,0.26,A0A8V0XCX4 A0A8V0ZI29 A0A3Q3A4U3 A0A1D5NTR5 A0A8V0YVT3 A0A8V0YDT5 A0A8V0YB43 A0A8V0XGL8 A0A8V0ZKS6 A0A8V0ZTA5 A0A1D5P1F1 A0A1D5PC37 Q0PVE4 A0A8V0XB58 A0A8V0Z438 A0A1D5P0X0 Q00649 A0A1D5NWP2 A0A8V1ABC9 A0A8V1ADF6 A0A8V1A3S8 A0A1D5P655 A0A8V1AB05 A0A8V1AB67 A0A1D5PT01 A0A8V0YLT1 A0A8V0Z9Y8 A0A8V0YRG2
Cellular Component,extrinsic component of membrane,2,GO:0019898,12,103,389,2784,0.83,0.5641153222373474,0.25,A0A8V0XCX4 A0A8V0XDM2 A0A8V0ZAP0 A0A8V1ALE0 A0A8V0XXM5 A0A8V1A9R2 A0A8V1AEJ4 A0A8V0X5U3 A0A8V0ZRU9 A0A8V1ABC9 A0A8V0YW12 A0A1D5PC37
Cellular Component,sperm flagellum,7,GO:0036126,6,56,389,2784,0.77,0.5641318026125015,0.25,A0A1L1RZ23 A0A8V1AHJ8 A0A1D5PBU5 A0A8V1AJV5 A0A8V0YIE9 A0A8V0Y2G8
Cellular Component,ruffle membrane,3,GO:0032587,2,24,389,2784,0.6,0.5645064573205194,0.25,A0A8V0XCX4 A0A8V0XAN3
Cellular Component,azurophil granule membrane,6,GO:0035577,2,24,389,2784,0.6,0.5645064573205194,0.25,A0A8V0Z1E9 A0A3Q2U2N5
Cellular Component,lipid droplet,5,GO:0005811,2,24,389,2784,0.6,0.5645064573205194,0.25,A0A8V0Y9F8 A0A8V0ZDK0
Cellular Component,nuclear matrix,2,GO:0016363,2,24,389,2784,0.6,0.5645064573205194,0.25,A0A8V0Z9Z7 A0A8V0X5U3
Cellular Component,main axon,2,GO:0044304,2,25,389,2784,0.57,0.5649133468276,0.25,A0A8V0XB58 A0A3Q3A4U3
Cellular Component,actin filament bundle,2,GO:0032432,2,25,389,2784,0.57,0.5649133468276,0.25,A0A8V0X852 A0A8V1A3N1
Cellular Component,vacuolar lumen,5,GO:0005775,17,106,389,2784,1.15,0.5668138302692034,0.25,A0A8V0X783 Q05744 A0A8V0X637 A0A8V1AFH0 A0A8V0Z1E9 A0A8V0XRC4 A0A8V0XXM5 A0A8V0YZJ3 A0A1L1RX77 A0A8V0YLN5 A0A8V0YXG4 A0A8V0Z086 A0A8V0ZIF0 A0A1L1RSD2 A0A8V0YW12 E1BS94 A0A8V0YR09
Cellular Component,tertiary granule,9,GO:0070820,6,59,389,2784,0.73,0.5673621703526104,0.25,A0A8V1AFE7 A0A8V0XDM2 A0A1D5P655 Q05744 A0A8V1AFH0 A0A8V0XCI3
Cellular Component,small ribosomal subunit,4,GO:0015935,2,26,389,2784,0.55,0.5678081584602839,0.25,A0A8V0XPN5 A0A8V0Z4J0
Cellular Component,intermediate filament cytoskeleton,6,GO:0045111,2,27,389,2784,0.53,0.5729575959460556,0.24,A0A1D5PNG3 A0A8V0XGL8
Cellular Component,Golgi stack,4,GO:0005795,10,61,389,2784,1.17,0.5747327931801094,0.24,A0A8V0YB43 A0A8V0YS46 A0A8V0X4D8 A0A8V0ZAP0 A0A1D5PJE0 O12971 A0A8V1AEJ4 A0A8V0YGN8 A0A8V0Y6W2 A0A8V0Y7C8
Cellular Component,asymmetric synapse,5,GO:0032279,7,65,389,2784,0.77,0.5868199173920134,0.23,A0A8V1A3S8 A0A8V0ZI29 A0A8V1AB05 A0A3Q2UGW3 A0A8V1ABC8 Q00649 A0A8V0YDT5
Cellular Component,postsynaptic density,4,GO:0014069,7,65,389,2784,0.77,0.5868199173920134,0.23,A0A8V1A3S8 A0A8V0ZI29 A0A8V1AB05 A0A3Q2UGW3 A0A8V1ABC8 Q00649 A0A8V0YDT5
Cellular Component,postsynapse,2,GO:0098794,14,117,389,2784,0.86,0.5878200451705488,0.23,Q0PVE4 A0A8V0XB58 A0A8V1A3S8 A0A8V0ZI29 A0A1D5P655 A0A8V1AB05 A0A3Q2UGW3 A0A8V1ABC8 A0A1D5NTR5 Q00649 A0A8V0YDT5 A0A8V0YBD7 A0A1D5NYG2 A0A8V0YRG2
Cellular Component,tertiary granule lumen,5,GO:1904724,5,30,389,2784,1.19,0.5995115470571789,0.22,A0A8V1AFE7 A0A8V0XDM2 A0A1D5P655 Q05744 A0A8V1AFH0
Cellular Component,basolateral plasma membrane,4,GO:0016323,9,80,389,2784,0.81,0.6227400734629248,0.21,A0A8V0XDM2 A0A8V0ZI29 A0A8V1AB05 A0A1D5P0X0 A0A8V0ZES4 A0A8V0ZY91 A0A8V0YDT5 A0A8V0YLT1 A0A8V0Z249
Cellular Component,bounding membrane of organelle,4,GO:0098588,77,524,389,2784,1.05,0.6244548328597996,0.2,A0A8V1AEJ4 A0A8V0YDT5 A0A8V0YB43 A0A8V0ZY61 A0A8V1ACS0 A0A3Q2U2N5 A0A8V1ABC8 A0A8V0Z0B9 A0A1D5NWP2 A0A8V0YYQ9 A0A3Q2TU24 A0A8V1AB05 A0A8V1AB67 A0A8V0ZX23 A0A8V1AG56 A0A1D5PCU0 A0A8V0XCX4 A0A8V0ZAP0 A0A3Q2U2N6 E1BS94 A0A8V0X637 E1C3Z8 A0A3Q3AST7 A0A8V0ZSX0 A0A8V0ZRU9 A0A3Q2TYT2 E1C2T4 A0A8V0Y7Y9 A0A1D5PJE0 A0A8V1AA32 A0A8V0XPN5 A0A8V0XIQ8 A0A8V1ABC9 A0A8V0YSI0 E1BQI2 A0A8V1AFR2 A0A8V1ACQ8 A0A8V0XTW4 Q76KB2 A0A8V0X4D8 A0A8V0ZI29 A0A1D5NVM6 A0A8V0ZYM1 A0A8V0YGN8 A0A8V0YG88 A0A8V0Y8L6 A0A8V0Z4J0 A0A8V0ZTA5 A0A8V0XKU5 A0A8V0Z1E9 A0A8V0ZY91 A0A8V0ZKI8 O12971 A0A8V0Y6W2 A0A8V0Z9Y8 A0A8V0XCI3 A0A8V1A2P5 A0A8V0ZR84 A0A1D5PA74 A0A8V0ZWH1 A0A8V0WZN3 A0A8V0Y7C8 A0A8V0XT35 A0A8V0ZYN6 A0A1D5P1F1 A0A8V0YS46 A0A8V0WZJ4 A0A8V0XB58 A0A8V0ZZU1 A0A8V0XDM2 A0A8V0X6J5 A0A8V1A2F4 A0A8V0ZBJ8 A0A8V0ZH54 Q9I946 Q5ZHL0 A0A8V0YWM3
Cellular Component,organelle subcompartment,2,GO:0031984,50,382,389,2784,0.94,0.6340772958408047,0.2,Q5ZIB0 A0A8V0X4D8 A0A8V0ZAP0 A0A8V1AEJ4 A0A8V0XDL7 A0A8V0YGN8 A0A8V0XMA2 A0A8V0ZR84 A0A1D5PA74 A0A8V0Y8L6 A0A8V0Z4J0 A0A8V0YFB8 A0A8V0YB43 A0A8V0ZWH1 A0A8V0ZY61 A0A3Q2U2N5 A0A8V1ACS0 A0A8V0WZN3 E1C3Z8 A0A8V1AMI7 A0A8V0Y7C8 A0A8V0ZXC9 A0A8V0XT35 E1C2T4 A0A8V0ZYN6 A0A8V0YLZ5 Q8AWB4 A0A8V0Z0B9 A0A8V0YS46 A0A8V0WZJ4 A0A8V0XDM2 A0A1D5PJE0 A0A8V0Y7Y9 A0A8V0X6J5 A0A8V1A2F4 A0A8V0XPN5 A0A8V0XIQ8 A0A8V0ZBJ8 A0A1D5NWP2 A0A8V0YYQ9 Q9I946 F1NGB8 A0A3Q2TU24 O12971 A0A8V1ACQ8 A0A8V0Y6W2 A0A8V0XTW4 A0A8V0ZX23 P28687 Q76KB2
Cellular Component,azurophil granule,9,GO:0042582,10,85,389,2784,0.84,0.6358722116993534,0.2,A0A3Q2U2N5 A0A8V0XXM5 A0A8V0Z1E9 A0A8V0YZJ3 A0A8V0YLN5 A0A8V0Z086 A0A1L1RSD2 A0A8V0YW12 E1BS94 A0A8V0YR09
Cellular Component,primary lysosome,8,GO:0005766,10,85,389,2784,0.84,0.6358722116993534,0.2,A0A3Q2U2N5 A0A8V0XXM5 A0A8V0Z1E9 A0A8V0YZJ3 A0A8V0YLN5 A0A8V0Z086 A0A1L1RSD2 A0A8V0YW12 E1BS94 A0A8V0YR09
Cellular Component,dendrite cytoplasm,6,GO:0032839,2,10,389,2784,1.43,0.6390067823267817,0.19,A0A8V0Z438 A0A8V0ZWX9
Cellular Component,integrin complex,3,GO:0008305,2,10,389,2784,1.43,0.6390067823267817,0.19,A0A8V0Y290 A0A8V0Y0F3
Cellular Component,protein complex involved in cell adhesion,2,GO:0098636,2,10,389,2784,1.43,0.6390067823267817,0.19,A0A8V0Y290 A0A8V0Y0F3
Cellular Component,acrosomal membrane,6,GO:0002080,2,10,389,2784,1.43,0.6390067823267817,0.19,A0A8V1AA32 E1BS94
Cellular Component,pseudopodium,4,GO:0031143,2,10,389,2784,1.43,0.6390067823267817,0.19,A0A8V0ZSX0 A0A8V0Z7D4
Cellular Component,vacuole,5,GO:0005773,34,266,389,2784,0.91,0.6418401028901677,0.19,A0A1D5PCU0 A0A8V0ZWX9 A0A8V0XXM5 A0A8V0XRC4 A0A8V0YXG4 A0A8V0ZIF0 A0A8V0YW12 A0A8V0YC98 A0A3Q2U2N6 E1BS94 A0A8V1A3H9 A0A3Q2U2N5 A0A8V0X637 A0A1L1RX77 A0A8V0X2C5 A0A8V0YLN5 A0A8V0ZRU9 A0A1L1RSD2 A0A8V0ZI47 A0A1D5P1F1 A0A8V0X783 A0A8V0Y7Y9 A0A8V1AA32 A0A8V1A3N1 A0A8V0Z1E9 A0A8V0YZJ3 A0A8V0ZY91 A0A8V0Z086 A0A8V0YR09 Q05744 A0A8V1AFH0 A0A8V0YJV4 A0A8V0Z9Y8 Q5ZHL0
Cellular Component,leading edge membrane,2,GO:0031256,4,40,389,2784,0.72,0.6457636779825202,0.19,A0A8V0XAN3 A0A8V0ZBA3 A0A8V0XCX4 A0A3Q3A4U3
Cellular Component,early endosome,8,GO:0005769,11,93,389,2784,0.85,0.6488116850412992,0.19,A0A8V0YB43 A0A8V0ZKI8 A0A8V0X4D8 A0A8V0ZZU1 A0A8V1AFH0 A0A8V0ZY91 A0A8V0YGN8 A0A8V0YVT3 A0A8V0ZRU9 A0A8V0YG88 Q5ZHL0
Cellular Component,endocytic vesicle,7,GO:0030139,11,94,389,2784,0.84,0.6494459141356166,0.19,A0A8V1ACS0 A0A8V1AG56 A0A8V0XB58 A0A8V0ZZU1 Q98938 A0A8V0XGL8 A0A8V1A2P5 A0A8V0Z9Y8 Q5ZHL0 A0A8V0Z4J0 A0A1D5PC37
Cellular Component,endoplasmic reticulum-Golgi intermediate compartment,5,GO:0005793,7,43,389,2784,1.17,0.6564035111193889,0.18,A0A8V0XDM2 A0A8V0ZW46 A0A8V1AFR2 A0A8V0ZAP0 A0A8V0YHH6 A0A8V0YDD6 A0A8V0YSI0
Cellular Component,intercellular bridge,2,GO:0045171,2,11,389,2784,1.3,0.6584488828000828,0.18,A0A8V1AHJ8 Q5ZJ58
Cellular Component,terminal bouton,3,GO:0043195,5,47,389,2784,0.76,0.67153042372558,0.17,Q0PVE4 A0A1D5P655 A0A8V1AB67 A0A8V0Z9Y8 A0A1D5PC37
Cellular Component,I band,2,GO:0031674,5,48,389,2784,0.75,0.6732263984836497,0.17,A0A8V0XGL8 A0A3Q2TVX1 Q00649 A0A8V0XZQ1 A0A8V1A4P2
Cellular Component,dendrite terminus,2,GO:0044292,2,12,389,2784,1.19,0.679533391005216,0.17,A0A8V0YY70 A0A1D5P655
Cellular Component,aster,3,GO:0005818,2,12,389,2784,1.19,0.679533391005216,0.17,A0A1D5PBU5 A0A8V0X5U3
Cellular Component,blood microparticle,2,GO:0072562,2,12,389,2784,1.19,0.679533391005216,0.17,P01875 A0A8V0XEJ0
Cellular Component,cytoplasmic side of rough endoplasmic reticulum membrane,5,GO:0098556,2,12,389,2784,1.19,0.679533391005216,0.17,A0A8V1ACS0 A0A8V0XPN5
Cellular Component,ciliary basal body,3,GO:0036064,8,52,389,2784,1.1,0.6893218214186078,0.16,A0A8V0XAF8 A0A1L1RZ23 A0A8V0ZHK9 A0A8V0YY70 A0A3Q3AST7 E1BQB4 A0A1D5NZT1 A0A8V0XM58
Cellular Component,extracellular exosome,6,GO:0070062,6,54,389,2784,0.8,0.6923051636802857,0.16,A0A8V1AG56 A0A8V0ZZU1 A0A8V0YQ88 A0A8V1A2P5 A0A8V0YDD6 A0A8V0ZIF0
Cellular Component,rhabdomere,4,GO:0016028,2,13,389,2784,1.1,0.7014219232219465,0.15,Q5ZJ58 A0A8V1ABC9
Cellular Component,brush border membrane,5,GO:0031526,2,13,389,2784,1.1,0.7014219232219465,0.15,A0A8V1AJV5 A0A8V0XDM2
Cellular Component,extracellular organelle,3,GO:0043230,7,60,389,2784,0.83,0.7093353390276297,0.15,A0A8V1AG56 A0A8V0ZZU1 A0A8V0YQ88 A0A8V1A2P5 A0A8V0YDD6 A0A8V0ZIF0 Q5ZKV5
Cellular Component,specific granule,9,GO:0042581,7,60,389,2784,0.83,0.7093353390276297,0.15,A0A8V1AFE7 A0A3Q2U2N5 A0A8V0XDM2 A0A1D5P655 Q05744 A0A8V0YW12 A0A8V0YR09
Cellular Component,axon terminus,3,GO:0043679,7,63,389,2784,0.8,0.7120712377997636,0.15,Q0PVE4 A0A8V0XCX4 A0A1D5P655 A0A8V1AB67 A0A8V0ZTA5 A0A8V0Z9Y8 A0A1D5PC37
Cellular Component,sarcoplasmic reticulum,6,GO:0016529,3,17,389,2784,1.26,0.7215770334558038,0.14,A0A8V0Y413 A0A8V0XB58 A0A1D5NWP2
Cellular Component,postsynaptic specialization,3,GO:0099572,8,69,389,2784,0.83,0.7247485759007337,0.14,Q0PVE4 A0A8V1A3S8 A0A8V0ZI29 A0A8V1AB05 A0A3Q2UGW3 A0A8V1ABC8 Q00649 A0A8V0YDT5
Cellular Component,neuron projection terminus,2,GO:0044306,8,70,389,2784,0.82,0.7260520615877073,0.14,Q0PVE4 A0A8V0XCX4 A0A1D5P655 A0A8V1AB67 A0A1D5NZN4 A0A8V0ZTA5 A0A8V0Z9Y8 A0A1D5PC37
Cellular Component,microtubule,6,GO:0005874,9,76,389,2784,0.85,0.7370816910202975,0.13,A0A8V0XCX4 A0A1D5PBU5 A0A8V1A449 A0A8V0ZHK9 A0A8V1AEJ4 A0A8V0X5U3 A0A8V0ZSX0 A0A8V0XK27 A0A8V0Z6M9
Cellular Component,ciliary membrane,5,GO:0060170,3,19,389,2784,1.13,0.7410163646970271,0.13,A0A8V0XKU5 A0A3Q3AST7 A0A8V1ABC9
Cellular Component,condensed chromosome,6,GO:0000793,3,19,389,2784,1.13,0.7410163646970271,0.13,A0A8V0Z9Z7 A0A1D5PBU5 R4GH52
Cellular Component,early endosome membrane,6,GO:0031901,3,20,389,2784,1.07,0.752516341271463,0.12,A0A8V0YGN8 A0A8V0ZZU1 A0A8V0ZKI8
Cellular Component,caveola,5,GO:0005901,2,21,389,2784,0.68,0.7574409437383153,0.12,A0A8V0ZKI8 A0A8V0Z7D4
Cellular Component,kinetochore,3,GO:0000776,2,21,389,2784,0.68,0.7574409437383153,0.12,A0A8V0Z9Z7 A0A1D5PBU5
Cellular Component,ESCRT complex,2,GO:0036452,2,21,389,2784,0.68,0.7574409437383153,0.12,A0A1D5NVM6 A0A8V0ZH54
Cellular Component,apical cortex,5,GO:0045179,2,21,389,2784,0.68,0.7574409437383153,0.12,Q0PVE4 A0A8V0XK73
Cellular Component,bicellular tight junction,6,GO:0005923,2,21,389,2784,0.68,0.7574409437383153,0.12,Q0PVE4 A0A1D5PZV7
Cellular Component,mitochondrial intermembrane space,6,GO:0005758,2,22,389,2784,0.65,0.7583788923547234,0.12,R4GGQ4 A0A8V0YWM3
Cellular Component,cytosolic small ribosomal subunit,5,GO:0022627,2,23,389,2784,0.62,0.7609683147969852,0.12,A0A8V0XPN5 A0A8V0Z4J0
Cellular Component,"chromosome, centromeric region",3,GO:0000775,2,23,389,2784,0.62,0.7609683147969852,0.12,A0A8V0Z9Z7 A0A1D5PBU5
Cellular Component,Golgi apparatus subcompartment,3,GO:0098791,36,246,389,2784,1.05,0.7725238834784158,0.11,A0A8V0X4D8 A0A8V0ZAP0 A0A8V1AEJ4 A0A8V0YGN8 A0A8V0ZR84 A0A1D5PA74 A0A8V0Y8L6 A0A8V0YB43 A0A8V0ZWH1 A0A8V0ZY61 A0A3Q2U2N5 A0A8V0WZN3 E1C3Z8 A0A8V0Y7C8 A0A8V0XT35 E1C2T4 A0A8V0ZYN6 A0A8V0Z0B9 A0A8V0YS46 A0A8V0WZJ4 A0A8V0XDM2 A0A1D5PJE0 A0A8V0Y7Y9 A0A8V0X6J5 A0A8V1A2F4 A0A8V0XIQ8 A0A8V0ZBJ8 A0A8V0YYQ9 Q9I946 A0A3Q2TU24 O12971 A0A8V1ACQ8 A0A8V0Y6W2 A0A8V0XTW4 A0A8V0ZX23 Q76KB2
Cellular Component,basal plasma membrane,4,GO:0009925,4,26,389,2784,1.1,0.7766812759989365,0.11,A0A8V1AB05 A0A8V0YDT5 A0A1D5P0X0 A0A8V0ZI29
Cellular Component,ubiquitin ligase complex,3,GO:0000151,4,26,389,2784,1.1,0.7766812759989365,0.11,A0A8V0ZFG7 A0A8V0ZZG2 A0A1D5PNL3 A0A8V0YFD4
Cellular Component,transport vesicle,7,GO:0030133,14,112,389,2784,0.89,0.7806759986361624,0.11,A0A8V0YB43 A0A8V0X4D8 A0A8V0ZZU1 A0A8V0XDM2 A0A8V0ZI29 A0A8V1AB05 A0A8V1AB67 A0A8V0Z2J4 A0A8V0ZTA5 A0A8V0YDT5 A0A3Q2TYT2 A0A8V0Z9Y8 A0A1D5P1F1 A0A8V0XYR2
Cellular Component,polysome,3,GO:0005844,4,27,389,2784,1.06,0.783928203409545,0.11,A0A8V0ZG43 A0A8V0ZSX6 A0A8V0XGL8 A0A8V0XPN5
Cellular Component,transporter complex,2,GO:1990351,4,27,389,2784,1.06,0.783928203409545,0.11,A0A3Q2TT95 A0A8V0ZMU3 R4GGQ4 A0A8V0ZY91
Cellular Component,COPII-coated ER to Golgi transport vesicle,8,GO:0030134,4,27,389,2784,1.06,0.783928203409545,0.11,A0A8V0YSI0 A0A8V0ZRU9 A0A8V0XDM2 A0A8V1AFR2
Cellular Component,intercalated disc,6,GO:0014704,3,29,389,2784,0.74,0.7886720249845873,0.1,A0A8V0XCI3 A0A8V0XGL8 A0A8V0XB58
Cellular Component,lateral plasma membrane,2,GO:0016328,3,30,389,2784,0.72,0.790235669082372,0.1,A0A8V0YB43 A0A1D5P0X0 A0A8V0YG88
Cellular Component,tight junction,5,GO:0070160,3,30,389,2784,0.72,0.790235669082372,0.1,Q0PVE4 A0A1D5PZV7 A0A8V0XX41
Cellular Component,plasma membrane raft,4,GO:0044853,3,30,389,2784,0.72,0.790235669082372,0.1,A0A8V0ZKI8 A0A1D5P0X0 A0A8V0Z7D4
Cellular Component,acrosomal vesicle,9,GO:0001669,5,34,389,2784,1.05,0.8057121189366372,0.09,A0A8V1AA32 A0A8V0XXM5 A0A8V1AB67 A0A8V0YPA6 E1BS94
Cellular Component,spindle pole,2,GO:0000922,4,35,389,2784,0.82,0.809597876557499,0.09,A0A8V0ZBS5 A0A8V0Z9Z7 A0A1D5PBU5 A0A8V0X5U3
Cellular Component,plasma membrane signaling receptor complex,3,GO:0098802,4,35,389,2784,0.82,0.809597876557499,0.09,A0A3Q2TT95 A0A8V0Y0F3 A0A8V0ZMU3 A0A8V0Y290
Cellular Component,cell-cell contact zone,5,GO:0044291,4,37,389,2784,0.77,0.8107867744615909,0.09,A0A8V0XCI3 A0A8V0XGL8 A0A8V0XB58 A0A8V0Z2J4
Cellular Component,centriole,5,GO:0005814,6,39,389,2784,1.1,0.8150768602589056,0.09,A0A1L1RZ23 A0A1D5PBU5 A0A8V0YVT3 A0A8V0ZBS5 A0A8V0YRK4 A0A8V0Z4P8
Cellular Component,Z disc,2,GO:0030018,5,45,389,2784,0.8,0.8275204755975587,0.08,A0A8V0XGL8 A0A3Q2TVX1 Q00649 A0A8V0XZQ1 A0A8V1A4P2
Cellular Component,neuronal cell body,3,GO:0043025,28,213,389,2784,0.94,0.8369280844264448,0.08,A0A8V0ZWX9 A0A8V0X4D8 A0A8V0ZI29 A0A3Q3A4U3 A0A1D5NTR5 A0A8V0YVT3 A0A8V0YEZ4 A0A1D5NYG2 A0A8V0YB43 A0A8V0ZKS6 A0A8V0ZTA5 A0A8V0X5U3 A0A8V0XPE8 A0A8V0ZP32 A0A1D5P1F1 A0A1D5PC37 A0A8V0XB58 A0A1D5P0X0 Q00649 A0A8V0XJ84 A0A8V0Z7D4 A0A8V1ABC9 A0A1D5NWP2 A0A8V0ZKI8 A0A8V1A3S8 A0A1D5P655 A0A8V0ZES4 A0A8V0YRG2
Cellular Component,clathrin-coated vesicle,8,GO:0030136,6,50,389,2784,0.86,0.8379083723197007,0.08,A0A8V1AG56 A0A8V0X4D8 A0A8V1AB67 A0A8V1A2P5 A0A8V0Z9Y8 A0A8V0XYR2
Cellular Component,filopodium,5,GO:0030175,6,51,389,2784,0.84,0.8383718916362903,0.08,A0A8V1A3S8 A0A1D5P655 A0A1D5NTR5 A0A8V1AJV5 A0A8V0YG88 A0A8V0X852
Cellular Component,platelet alpha granule,9,GO:0031091,6,51,389,2784,0.84,0.8383718916362903,0.08,A0A3Q2TU24 A0A8V1A2P5 A0A8V0YDD6 A0A8V0XJ84 A0A8V0Z4M1 A0A8V0YSI0
Cellular Component,azurophil granule lumen,6,GO:0035578,8,56,389,2784,1.02,0.847580146561881,0.07,A0A8V0XXM5 A0A8V0YZJ3 A0A8V0YLN5 A0A8V0Z086 A0A1L1RSD2 A0A8V0YW12 E1BS94 A0A8V0YR09
Cellular Component,cluster of actin-based cell projections,2,GO:0098862,7,59,389,2784,0.85,0.8489763036823025,0.07,A0A8V0XA92 A0A8V0XDM2 A0A1D5P0X0 A0A8V0Z4U2 A0A8V1AJV5 A0A8V0YG88 A0A8V0X852
Cellular Component,9+2 motile cilium,6,GO:0097729,9,61,389,2784,1.06,0.851610471902242,0.07,A0A1L1RZ23 A0A8V1AHJ8 A0A1D5PBU5 A0A8V0Z4U2 A0A8V0X370 A0A8V1AJV5 A0A8V0YIE9 A0A8V1AM51 A0A8V0Y2G8
Cellular Component,plasma membrane region,3,GO:0098590,39,290,389,2784,0.96,0.8580597167110928,0.07,A0A1D5PCU0 A0A8V0XCX4 A0A8V0ZI29 A0A8V1A2P5 A0A3Q3A4U3 A0A1D5NTR5 A0A8V0YDT5 A0A1D5NYG2 A0A8V0XFL3 A0A8V0ZKS6 A0A3Q3AST7 A0A8V0ZP32 A0A8V0XKU5 A0A1D5P1F1 A0A1D5PC37 A0A1D5PRH9 Q0PVE4 A0A8V0XA92 A0A8V0XB58 A0A8V0ZZU1 A0A8V0XDM2 A0A8V0ZBA3 Q5ZJ58 A0A1D5P0X0 A0A8V0ZY91 Q00649 A0A8V0YBD7 A0A8V0XAN3 A0A8V0Z7D4 A0A8V1ABC9 A0A8V0Z249 A0A8V0ZKI8 A0A8V1AB05 A0A8V0ZES4 A0A8V0YDD6 A0A8V1AJV5 A0A8V0YLT1 A0A8V0Z9Y8 Q5ZHL0
Cellular Component,external side of plasma membrane,3,GO:0009897,11,77,389,2784,1.02,0.8684841223756885,0.06,A0A8V0ZWX9 A0A8V0XA92 A0A8V0XDM2 A0A8V0ZB91 A0A8V0XXM5 A0A8V1A2P5 A0A8V0XUK6 A0A8V0ZRU9 A0A8V0XEJ0 P33005 P01875
Cellular Component,membrane microdomain,3,GO:0098857,13,100,389,2784,0.93,0.8836162488417905,0.05,A0A8V0ZKI8 A0A1D5PRH9 A0A8V0X4D8 A0A8V0XCX4 Q05744 A0A8V0X637 A0A8V0X5K9 A0A1D5P0X0 A0A8V0ZY91 A0A8V1AJV5 A0A8V0Z7D4 A0A8V1ABC9 A0A8V0XAE5
Cellular Component,membrane raft,4,GO:0045121,13,100,389,2784,0.93,0.8836162488417905,0.05,A0A8V0ZKI8 A0A1D5PRH9 A0A8V0X4D8 A0A8V0XCX4 Q05744 A0A8V0X637 A0A8V0X5K9 A0A1D5P0X0 A0A8V0ZY91 A0A8V1AJV5 A0A8V0Z7D4 A0A8V1ABC9 A0A8V0XAE5
Cellular Component,endosome membrane,5,GO:0010008,15,105,389,2784,1.02,0.8862000882795635,0.05,A0A8V0YB43 A0A8V0ZKI8 A0A8V1ACS0 A0A8V0ZZU1 A0A8V1ABC8 A0A1D5NVM6 A0A8V0YGN8 A0A8V0ZRU9 A0A8V0XTW4 A0A8V0ZH54 A0A8V0Z9Y8 Q5ZHL0 A0A8V0YG88 A0A8V0Z4J0 E1BQI2
Cellular Component,membrane,2,GO:0016020,212,1512,389,2784,1.0,0.9562730715051261,0.02,P11602 A0A8V0ZWX9 A0A8V1AEJ4 Q90YI1 A0A1D5NTR5 A0A8V0YVT3 A0A8V0YDT5 R4GGQ4 A0A8V0XEJ0 C7G540 A0A1D5NYG2 A0A8V0YW12 A0A8V0ZEJ3 A0A8V0YB43 A0A8V0ZY61 A0A8V0Z8V4 A0A3Q2U2N5 A0A8V0ZZG2 A0A8V1ACS0 A0A8V1ALE0 A0A8V1ABC8 A0A8V0X5U3 A0A8V0YHL6 A0A8V1A7R0 A0A8V0Z0B9 A0A8V0ZA56 F1NEZ4 A0A8V1A3N1 A0A8V0ZKV3 A0A8V0Z5R3 A0A8V0Y9F8 A0A8V0XJ84 A0A1D5NWP2 A0A8V0XAN3 A0A8V0YYQ9 A0A8V0X8D5 A0A8V0Z249 A0A8V0XAE5 F1NGB8 A0A3Q2TU24 A0A8V0Y478 A0A8V0ZB91 A0A8V0YAR4 A0A8V1AB05 A0A8V1A9R2 A0A8V1AB67 A0A8V0ZDZ5 A0A8V0ZHK9 A0A8V0XLN9 A0A8V0ZX23 P28687 A0A8V0YYB4 A0A8V1AG56 A0A1D5PCU0 A0A8V1AFE7 A0A8V0XCX4 A0A8V0ZAP0 A0A8V0XBI2 A0A8V0XXM5 A0A8V0XDL7 A0A8V1A9A7 A0A3Q3A4U3 A0A8V0XUK6 A0A3Q2U2N6 E1BS94 A0A8V0YFB8 A0A8V0Y0F3 A0A8V0ZDU4 A0A8V0X637 E1C3Z8 A0A3Q3AST7 A0A8V0ZP32 A0A8V0ZSX0 A0A8V0ZRU9 A0A3Q2TYT2 A0A8V0ZXC9 A0A1L1RSD2 E1C2T4 A0A1D5P7Y2 A0A8V0YLZ5 A0A1D5PRH9 Q0PVE4 A0A8V0XA92 A0A8V0Y7Y9 A0A1D5PJE0 A0A8V1AA32 A0A1D5P0X0 A0A8V0XPN5 A0A8V0XIQ8 Q00649 A0A8V0Y103 A0A8V0Z7D4 A0A8V1ABC9 A0A8V0YF22 A0A1D5PDV9 A0A8V0XM58 A0A8V0YSI0 F1P4D6 E1BQI2 A0A8V0Y513 Q05744 A0A8V1AFH0 A0A8V1AFR2 A0A8V1ACQ8 A0A8V0X5K9 A0A8V0YMM6 A0A8V0YY70 A0A1D5PT01 A0A8V1AJV5 A0A8V0YLT1 A0A8V0XTW4 P33005 Q5ZKV5 A0A8V0YRG2 Q76KB2 A0A8V0Y0V1 Q5ZIB0 A0A8V0X4D8 A0A8V1A803 A0A8V0ZBR8 A0A8V0ZI29 A0A1D5NVM6 A0A8V0ZYM1 A0A8V0YGN8 A0A8V0XMA2 A0A8V0YXG4 A0A1D5PIZ5 A0A8V0YG88 A0A8V0XE95 A0A8V0XFL3 A0A8V0Y8L6 A0A8V0ZQE9 A0A8V0Z4J0 A0A8V0YC57 A0A8V1AHJ8 A0A8V0ZKS6 A0A8V0ZTA5 A0A8V1AMI7 A0A8V0XKU5 A0A8V0Z888 Q8AWB4 A0A8V0Y969 A0A8V0ZMU3 A0A1D5PC37 A0A8V0ZBA3 A0A8V0XZV7 A0A8V0Z1E9 A0A8V0XWZ8 A0A8V0ZY91 A0A8V0YBD7 A0A8V0Z865 A0A8V0ZKI8 O12971 A0A8V0X9N1 A0A8V0ZES4 A0A8V0XX41 A0A8V0Y6W2 A0A8V0Z9Y8 A0A8V0Z4M1 P01875 A0A8V1AL54 A0A8V0YNQ0 Q98938 A0A8V0XCI3 A0A1D5NW03 A0A8V0Y999 A0A8V1A2P5 A0A8V0Y4R7 A0A8V0ZR84 A0A1D5PA74 A0A8V0XUJ8 A0A8V0Y290 A0A8V0Y4G8 A0A8V0ZIZ5 A0A8V0ZWH1 A0A8V0XGL8 A0A8V0ZNH3 A0A8V1A8N2 A0A8V0YQ88 A0A3Q2UGW3 A0A8V0WZN3 A0A8V0Y7C8 A0A8V0YHH6 A0A8V0Z1C5 A0A8V0XT35 A0A8V0X852 A0A8V0ZYN6 A0A1D5P1F1 Q6JHU8 A0A8V0XF68 A0A8V0YS46 A0A8V0WZJ4 A0A8V0XB58 A0A8V0ZZU1 A0A8V0XDM2 A0A8V0X6J5 A0A8V0Z2J4 Q5ZJ58 A0A8V1A2F4 A0A3Q2TT95 A0A8V0ZBJ8 A0A8V0Y2E5 A0A8V0ZH54 A0A8V0Y218 Q9I946 A0A8V0YU83 A0A8V0YDD6 A0A8V1AM47 A0A8V0XFB5 Q5ZHL0 A0A8V0ZPH9 A0A8V0YWM3
Cellular Component,brush border,3,GO:0005903,6,48,389,2784,0.89,1.0,-0.0,A0A8V0XA92 A0A8V0XDM2 A0A1D5P0X0 A0A8V1AJV5 A0A8V0YG88 A0A8V0X852
Cellular Component,mitochondrial nucleoid,3,GO:0042645,2,17,389,2784,0.84,1.0,-0.0,A0A8V1ACU1 A0A8V0Y513
Cellular Component,melanosome,8,GO:0042470,2,16,389,2784,0.89,1.0,-0.0,A0A8V0ZSX0 Q05744
Cellular Component,intermediate filament,6,GO:0005882,2,20,389,2784,0.72,1.0,-0.0,A0A1D5PNG3 A0A8V0XGL8
Cellular Component,cis-Golgi network,5,GO:0005801,2,15,389,2784,0.95,1.0,-0.0,A0A8V0Y7C8 A0A8V0WZJ4
Cellular Component,spindle microtubule,7,GO:0005876,2,17,389,2784,0.84,1.0,-0.0,A0A1D5PBU5 A0A8V0X5U3
Cellular Component,extracellular vesicle,5,GO:1903561,7,56,389,2784,0.89,1.0,-0.0,A0A8V1AG56 A0A8V0ZZU1 A0A8V0YQ88 A0A8V1A2P5 A0A8V0YDD6 A0A8V0ZIF0 Q5ZKV5
Cellular Component,proton-transporting V-type ATPase complex,4,GO:0033176,2,17,389,2784,0.84,1.0,-0.0,Q5ZHL0 A0A1D5PCU0
Cellular Component,stereocilium bundle,3,GO:0032421,2,16,389,2784,0.89,1.0,-0.0,A0A8V0Z4U2 A0A8V1AJV5
Cellular Component,cell cortex region,4,GO:0099738,5,36,389,2784,0.99,1.0,-0.0,Q0PVE4 A0A8V0X5U3 A0A8V0XK73 A0A1D5NTR5 A0A1D5NYG2
Cellular Component,transmembrane transporter complex,3,GO:1902495,3,26,389,2784,0.83,1.0,-0.0,A0A3Q2TT95 A0A8V0ZMU3 A0A8V0ZY91
Cellular Component,photoreceptor outer segment,2,GO:0001750,2,14,389,2784,1.02,1.0,-0.0,A0A8V0XM58 A0A8V1ABC9
Cellular Component,nucleoid,2,GO:0009295,2,17,389,2784,0.84,1.0,-0.0,A0A8V1ACU1 A0A8V0Y513
Cellular Component,T-tubule,2,GO:0030315,2,19,389,2784,0.75,1.0,-0.0,A0A8V0XB58 A0A8V0XJ84
Cellular Component,monoatomic ion channel complex,4,GO:0034702,3,22,389,2784,0.98,1.0,-0.0,A0A3Q2TT95 A0A8V0ZMU3 A0A8V0ZY91
Cellular Component,clathrin-coated vesicle membrane,6,GO:0030665,5,35,389,2784,1.02,1.0,-0.0,A0A8V1AG56 A0A8V0X4D8 A0A8V1AB67 A0A8V1A2P5 A0A8V0Z9Y8
Cellular Component,pigment granule,7,GO:0048770,2,16,389,2784,0.89,1.0,-0.0,A0A8V0ZSX0 Q05744
Cellular Component,cortical cytoskeleton,6,GO:0030863,6,45,389,2784,0.95,1.0,-0.0,A0A1D5PBU5 A0A1D5P0X0 A0A8V0X5U3 A0A1D5NTR5 A0A1D5NYG2 A0A8V0ZQS2
Cellular Component,rough endoplasmic reticulum membrane,5,GO:0030867,2,16,389,2784,0.89,1.0,-0.0,A0A8V1ACS0 A0A8V0XPN5
Cellular Component,cell-substrate junction,4,GO:0030055,7,54,389,2784,0.93,1.0,-0.0,A0A8V1A9L3 A0A8V0ZDK0 A0A8V0ZI29 A0A8V1AB05 A0A8V0Y413 A0A1D5PT01 A0A8V0YDT5
Cellular Component,outer membrane,3,GO:0019867,6,49,389,2784,0.88,1.0,-0.0,A0A8V1ACS0 A0A8V0XCX4 A0A8V0ZTA5 A0A8V0ZSX0 A0A8V0Z4J0 A0A8V0YWM3
Cellular Component,platelet alpha granule lumen,7,GO:0031093,5,39,389,2784,0.92,1.0,-0.0,A0A3Q2TU24 A0A8V0YDD6 A0A8V0XJ84 A0A8V0Z4M1 A0A8V0YSI0
Cellular Component,sarcoplasm,3,GO:0016528,3,22,389,2784,0.98,1.0,-0.0,A0A8V0Y413 A0A8V0XB58 A0A1D5NWP2
Cellular Component,vacuolar proton-transporting V-type ATPase complex,5,GO:0016471,2,16,389,2784,0.89,1.0,-0.0,Q5ZHL0 A0A1D5PCU0
Cellular Component,cytoplasmic side of endoplasmic reticulum membrane,4,GO:0098554,2,14,389,2784,1.02,1.0,-0.0,A0A8V1ACS0 A0A8V0XPN5
Cellular Component,myosin complex,2,GO:0016459,2,14,389,2784,1.02,1.0,-0.0,A0A1D5P0X0 A0A8V0ZQP1
Cellular Component,axonal growth cone,4,GO:0044295,3,22,389,2784,0.98,1.0,-0.0,A0A1D5P655 A0A8V0ZKS6 A0A3Q3A4U3
Cellular Component,cell projection membrane,4,GO:0031253,12,85,389,2784,1.01,1.0,-0.0,A0A8V0XCX4 A0A8V0XDM2 A0A8V0ZKS6 A0A8V0ZBA3 Q5ZJ58 A0A3Q3AST7 A0A3Q3A4U3 A0A8V1AJV5 A0A8V0XAN3 A0A8V0Z7D4 A0A8V1ABC9 A0A8V0XKU5
Cellular Component,presynapse,2,GO:0098793,16,119,389,2784,0.96,1.0,-0.0,Q0PVE4 A0A8V0XB58 A0A8V0XCX4 A0A8V0ZI29 A0A8V0ZZU1 A0A8V1AB05 A0A8V1AB67 A0A1D5P655 A0A8V0ZTA5 A0A1D5NTR5 A0A8V0YDT5 A0A3Q2TYT2 A0A1D5NYG2 A0A1D5P1F1 A0A1D5PC37 A0A8V0Z9Y8
Cellular Component,neuromuscular junction,4,GO:0031594,6,43,389,2784,1.0,1.0,-0.0,A0A8V0YNQ0 Q0PVE4 A0A8V0XB58 A0A8V0Y413 A0A1D5NTR5 A0A1D5NYG2
Cellular Component,recycling endosome membrane,6,GO:0055038,2,20,389,2784,0.72,1.0,-0.0,A0A8V0YB43 E1BQI2
Cellular Component,actin-based cell projection,4,GO:0098858,12,86,389,2784,1.0,1.0,-0.0,A0A3Q2TU24 A0A8V1A3S8 A0A1D5P655 A0A8V0YJV4 A0A1D5P0X0 Q5ZJ58 A0A8V0ZSX0 A0A1D5NTR5 A0A8V1AJV5 A0A8V0YLT1 A0A8V0YG88 A0A8V0X852
Cellular Component,organelle outer membrane,4,GO:0031968,6,49,389,2784,0.88,1.0,-0.0,A0A8V1ACS0 A0A8V0XCX4 A0A8V0ZTA5 A0A8V0ZSX0 A0A8V0Z4J0 A0A8V0YWM3
Cellular Component,mitochondrial outer membrane,5,GO:0005741,6,43,389,2784,1.0,1.0,-0.0,A0A8V1ACS0 A0A8V0XCX4 A0A8V0ZTA5 A0A8V0ZSX0 A0A8V0Z4J0 A0A8V0YWM3
Cellular Component,focal adhesion,5,GO:0005925,6,42,389,2784,1.02,1.0,-0.0,A0A8V1A9L3 A0A8V0ZDK0 A0A8V0ZI29 A0A8V1AB05 A0A1D5PT01 A0A8V0YDT5
Cellular Component,cation channel complex,5,GO:0034703,3,22,389,2784,0.98,1.0,-0.0,A0A3Q2TT95 A0A8V0ZMU3 A0A8V0ZY91
Molecular Function,hexosyltransferase activity,4,GO:0016758,27,74,329,2477,2.75,2.4467444147900004e-07,6.61,Q5ZIB0 A0A8V0XDL7 A0A8V0ZR84 A0A1D5PA74 A0A8V0Y8L6 A0A8V0ZWH1 A0A8V0ZY61 A0A8V0ZXC9 A0A8V0XT35 E1C2T4 A0A8V0ZYN6 Q8AWB4 A0A8V0Z0B9 A0A8V0YS46 A0A8V0WZJ4 A0A8V0Z6S1 A0A1D5PJE0 A0A8V0ZW46 A0A8V1A2F4 A0A8V0ZBJ8 A0A8V0Y2E5 A0A8V0YYQ9 F1NGB8 O12971 A0A8V0ZFH4 A0A8V0Y6W2 A0A8V0XQS7
Molecular Function,UDP-glycosyltransferase activity,4,GO:0008194,24,65,329,2477,2.78,9.181474875323608e-07,6.04,A0A8V0ZR84 A0A1D5PA74 A0A8V0Y8L6 A0A8V0ZWH1 A0A8V0ZY61 A0A8V0ZXC9 A0A8V0XT35 E1C2T4 A0A8V0ZYN6 A0A8V0Z0B9 A0A8V0YS46 A0A8V0WZJ4 A0A8V0Z6S1 A0A1D5PJE0 A0A8V0ZW46 A0A8V1A2F4 A0A8V0ZBJ8 A0A8V0Y2E5 A0A8V0YYQ9 F1NGB8 O12971 A0A8V0ZFH4 A0A8V0Y6W2 A0A8V0XQS7
Molecular Function,oxidoreductase activity,2,GO:0016491,7,197,329,2477,0.27,2.995874185981968e-06,5.52,A0A8V0YJV4 A0A8V0ZQE9 A0A8V0ZHL4 A0A8V0Z832 Q6JHU8 A0A8V0XMD4 A0A8V0YWM3
Molecular Function,glycosyltransferase activity,3,GO:0016757,29,97,329,2477,2.25,1.0399521624976293e-05,4.98,Q5ZIB0 A0A8V0XDL7 A0A8V0XMA2 A0A8V0ZR84 A0A1D5PA74 A0A8V0Y8L6 A0A8V0ZWH1 A0A8V0ZY61 A0A8V0ZXC9 A0A8V0XT35 E1C2T4 A0A8V0ZYN6 Q8AWB4 A0A8V0Z0B9 A0A8V0YS46 A0A8V0WZJ4 A0A8V0Z6S1 A0A1D5PJE0 A0A8V0ZW46 A0A8V1A2F4 A0A8V0ZBJ8 A0A8V0Y2E5 A0A8V0YYQ9 F1NGB8 O12971 A0A8V1ACQ8 A0A8V0ZFH4 A0A8V0Y6W2 A0A8V0XQS7
Molecular Function,heterocyclic compound binding,3,GO:1901363,40,504,329,2477,0.6,4.777126493453275e-05,4.32,A0A8V1AG56 A0A8V0ZWX9 A0A8V1A6A3 A0A8V0YM05 A0A1D5PNB8 A0A8V0Z4R1 A0A8V0YGN8 A0A8V0YG88 A0A8V0XFL3 A0A8V0YC57 A0A8V0YB43 A0A8V0XGL8 A0A8V0ZTA5 A0A1D5PQV0 A0A8V1AFC3 E1BYF1 A0A8V0ZSX0 A0A8V0YW57 A0A8V0XXW6 A0A8V0ZSX6 A0A3Q2TYT2 A0A8V0YGQ5 A0A8V0ZBS5 A0A1D5PNG3 A0A8V1A7R0 A0A1D5P1F1 A0A8V0X783 A0A8V0ZG43 A0A8V0ZZU1 A0A8V0XDM2 A0A8V0Z438 A0A8V0Z865 A0A8V0Z832 A0A8V0Y513 E1BQI2 A0A1D5P655 A0A8V1AB67 A0A8V1A9R2 A0A8V0XMD4 A0A8V0YWM3
Molecular Function,RNA binding,4,GO:0003723,9,196,329,2477,0.35,6.239812052025531e-05,4.2,A0A8V0XGL8 A0A1D5P655 A0A8V1A6A3 A0A8V0Z438 A0A1D5PQV0 A0A8V0XXW6 A0A8V0ZSX6 A0A8V0Z865 A0A1D5PNG3
Molecular Function,organic cyclic compound binding,2,GO:0097159,43,518,329,2477,0.62,0.00010801266998261622,3.97,A0A8V1AG56 A0A8V0ZWX9 A0A8V1A6A3 A0A8V0YM05 A0A1D5PNB8 A0A8V0Z4R1 A0A8V0YGN8 A0A8V0YG88 A0A8V0XFL3 A0A8V0Z4P8 A0A8V0YC57 A0A8V0YB43 A0A8V1AHJ8 A0A8V0XGL8 A0A8V0ZTA5 A0A1D5PQV0 A0A8V1AFC3 E1BYF1 A0A8V0ZSX0 A0A8V0YW57 A0A8V0XXW6 A0A8V0ZSX6 A0A3Q2TYT2 A0A8V0YGQ5 A0A8V0ZBS5 A0A8V1A3H7 A0A1D5PNG3 A0A8V1A7R0 A0A1D5P1F1 A0A8V0X783 A0A8V0ZG43 A0A8V0ZZU1 A0A8V0XDM2 A0A8V0Z438 A0A8V0Z865 A0A8V0Z832 A0A8V0Y513 E1BQI2 A0A1D5P655 A0A8V1AB67 A0A8V1A9R2 A0A8V0XMD4 A0A8V0YWM3
Molecular Function,acetylgalactosaminyltransferase activity,5,GO:0008376,10,21,329,2477,3.59,0.00013589756719992207,3.87,A0A8V0ZWH1 A0A8V0ZY61 A0A8V0Z6S1 A0A1D5PJE0 A0A8V1A2F4 A0A8V0Y6W2 A0A8V0ZXC9 A0A8V0XT35 A0A1D5PA74 E1C2T4
Molecular Function,cytoskeletal motor activity,1,GO:0003774,14,37,329,2477,2.85,0.0001382409256494129,3.86,A0A8V0Y8G8 A0A8V0Z6B9 A0A8V1A449 A0A1D5PBU5 A0A8V1A6Y8 A0A1D5P0X0 A0A8V0X370 A0A8V0XK27 A0A8V0YVT3 A0A8V1AM51 A0A8V0XTW4 A0A8V0Y1N7 A0A8V0YG88 A0A8V0Z4P8
Molecular Function,microtubule motor activity,2,GO:0003777,11,26,329,2477,3.19,0.00023156520256122724,3.64,A0A8V0Y8G8 A0A8V0Z6B9 A0A8V1A449 A0A1D5PBU5 A0A8V1A6Y8 A0A8V0X370 A0A8V0XK27 A0A8V0YVT3 A0A8V1AM51 A0A8V0XTW4 A0A8V0Z4P8
Molecular Function,polypeptide N-acetylgalactosaminyltransferase activity,3,GO:0004653,7,12,329,2477,4.39,0.0002987901505158804,3.52,A0A8V0ZWH1 A0A8V0ZY61 A0A8V0Z6S1 A0A1D5PJE0 A0A8V1A2F4 A0A8V0Y6W2 A0A8V0XT35
Molecular Function,heparan sulfate N-acetylglucosaminyltransferase activity,6,GO:0042328,4,4,329,2477,7.53,0.0003063257806055089,3.51,F1NGB8 A0A8V0Y8L6 A0A8V0YS46 A0A8V0ZBJ8
Molecular Function,minus-end-directed microtubule motor activity,3,GO:0008569,6,9,329,2477,5.02,0.00031058014785620105,3.51,A0A8V0Y8G8 A0A8V0Z6B9 A0A8V1A6Y8 A0A8V0X370 A0A8V0XK27 A0A8V1AM51
Molecular Function,nucleic acid binding,3,GO:0003676,17,263,329,2477,0.49,0.00033767808844322654,3.47,A0A8V1AG56 A0A1D5P1F1 A0A8V0XGL8 A0A1D5P655 A0A8V1A6A3 A0A8V0Z438 A0A8V0YM05 A0A1D5PQV0 A0A8V1AFC3 A0A8V0XXW6 A0A8V0YW57 A0A8V0ZSX6 A0A8V0Z865 A0A8V0XFL3 A0A1D5PNG3 A0A8V1A7R0 A0A8V0YWM3
Molecular Function,extracellular matrix structural constituent,2,GO:0005201,13,37,329,2477,2.65,0.0005608176391730395,3.25,A0A8V0Y0F3 A0A1D5PE57 A0A8V0Y290 A0A8V0ZBR8 A0A8V0YDT4 A0A8V1A9U7 A0A8V0XRC4 A0A8V1AFR2 A0A8V0YDD6 A0A8V0ZGF6 F1NSM7 P33005 A0A8V0XXK8
Molecular Function,dynein light intermediate chain binding,3,GO:0051959,7,13,329,2477,4.05,0.0005741933803522468,3.24,Q5ZHX2 A0A8V0Y8G8 A0A8V0Z6B9 A0A8V1A6Y8 A0A8V0X370 A0A8V0XK27 A0A8V1AM51
Molecular Function,glucuronosyltransferase activity,5,GO:0015020,6,10,329,2477,4.52,0.0006900674721391856,3.16,A0A8V0WZJ4 A0A8V0ZFH4 A0A8V0ZBJ8 A0A1D5PA74 A0A8V0Y8L6 A0A8V0YYQ9
Molecular Function,acetylglucosaminyltransferase activity,5,GO:0008375,10,25,329,2477,3.01,0.0007682143062942255,3.11,F1NGB8 A0A8V0Y8L6 A0A8V0YS46 O12971 A0A8V0ZBJ8 A0A8V0ZR84 A0A8V0ZXC9 A0A8V0ZYN6 A0A8V0YYQ9 A0A8V0Z0B9
Molecular Function,dynein light chain binding,3,GO:0045503,7,15,329,2477,3.51,0.0016951861432652825,2.77,A0A8V0Y8G8 A0A8V0Z6B9 A0A8V1A6Y8 A0A8V0X370 A0A8V0XK27 A0A8V0Y1N7 A0A8V1AM51
Molecular Function,manganese ion binding,6,GO:0030145,8,19,329,2477,3.17,0.0017778618380185904,2.75,A0A8V0ZY61 A0A3Q2TTB3 A0A8V0ZFH4 A0A8V0Y6W2 A0A8V0ZR84 A0A8V0ZXC9 A0A8V0ZYN6 A0A8V0YYQ9
Molecular Function,protein phosphatase inhibitor activity,5,GO:0004864,3,3,329,2477,7.53,0.0023246931939238167,2.63,A0A8V0YNQ0 A0A8V1AJI2 A0A8V0X643
Molecular Function,nucleoside-triphosphatase regulator activity,3,GO:0060589,2,75,329,2477,0.2,0.0028416999577713766,2.55,A0A8V1AB67 A0A8V0YBZ6
Molecular Function,dynein intermediate chain binding,3,GO:0045505,7,17,329,2477,3.1,0.004037659422055671,2.39,Q5ZHX2 A0A8V0Y8G8 A0A8V0Z6B9 A0A8V1A6Y8 A0A8V0X370 A0A8V0XK27 A0A8V1AM51
Molecular Function,proteoglycan binding,3,GO:0043394,9,26,329,2477,2.61,0.004521305326819514,2.34,A0A8V0YNQ0 A0A8V0Z8V4 A0A8V0ZI29 A0A8V1AFH0 A0A8V1AB05 A0A8V0YMM6 A0A8V0YDT5 P33005 A0A8V1AAN6
Molecular Function,actin binding,4,GO:0003779,5,106,329,2477,0.36,0.005080895645121988,2.29,A0A1D5P655 A0A1D5P0X0 Q00649 A0A8V0YG88 A0A8V0X852
Molecular Function,ribonucleotide binding,3,GO:0032553,13,190,329,2477,0.52,0.005156572217661755,2.29,A0A8V0YB43 A0A8V0ZG43 E1BQI2 A0A8V0YC57 A0A8V0ZZU1 A0A8V1AB67 A0A8V0ZTA5 A0A8V0Z4R1 A0A8V0YGN8 A0A3Q2TYT2 A0A8V0YG88 A0A1D5P1F1 A0A8V0Y513
Molecular Function,enzyme binding,3,GO:0019899,56,569,329,2477,0.74,0.005955641868698848,2.23,Q5ZMG0 A0A8V0YNQ0 Q5ZIB0 A0A8V0X4D8 A0A8V0YBZ6 A0A8V0ZI29 A0A8V1A6A3 A0A8V1A4K1 A0A8V0XRC4 A0A8V0YM05 A0A8V0YGN8 A0A8V0YVT3 A0A1D5PA74 A0A1L1RP76 A0A8V0Y8L6 A0A8V0ZEJ3 A0A8V0X643 A0A8V1A3H9 A0A8V1AHJ8 A0A8V0ZZG2 A0A8V0XGL8 A0A8V0ZSG8 A0A8V0ZTA5 A0A8V1AMI7 A0A8V0YW57 A0A8V0YRF2 A0A1D5PE57 A0A8V1A7R0 A0A1D5P1F1 A0A8V1AAH7 A0A1D5PC37 Q0PVE4 A0A8V0XB58 A0A8V0Y7Y9 Q5ZKV5 A0A8V1A3N1 A0A1D5PNL3 A0A8V0ZY91 Q00649 A0A8V0XAN3 A0A1D5NWP2 A0A8V1ABC9 A0A8V1ADF6 F1NGB8 A0A3Q2TU24 A0A1D5PBU5 A0A1D5P655 A0A8V1A3S8 A0A8V1A9R2 A0A8V1AB67 A0A8V1AJI2 A0A8V0YDD6 A0A8V1AJV5 A0A8V0ZPH9 A0A8V1A653 A0A8V0YWM3
Molecular Function,enzyme activator activity,3,GO:0008047,8,138,329,2477,0.44,0.006233974085949872,2.21,A0A8V0WZJ4 A0A8V0YBZ6 A0A8V0YDT4 A0A8V1AB67 E1C733 A0A8V0Z086 A0A8V0YDD6 A0A8V0X1T3
Molecular Function,glycosaminoglycan binding,3,GO:0005539,21,89,329,2477,1.78,0.006300585753649304,2.2,A0A8V0YNQ0 P11602 A0A8V0ZI29 A0A8V0XRC4 A0A3Q3A4U3 P33005 A0A8V0YDT5 A0A8V0YIV5 A0A8V0Z8V4 A0A1L1RX77 A0A8V0ZXC9 A0A8V0Y5K2 A0A8V0ZA56 A0A8V0Z2J4 A0A8V0ZE58 A0A8V0Y1A4 A0A8V1AB05 A0A8V0Y413 A0A8V0YMM6 A0A8V0YDD6 A0A8V0Z4M1
Molecular Function,purine ribonucleotide binding,4,GO:0032555,13,186,329,2477,0.53,0.006781398331488375,2.17,A0A8V0YB43 A0A8V0ZG43 E1BQI2 A0A8V0YC57 A0A8V0ZZU1 A0A8V1AB67 A0A8V0ZTA5 A0A8V0Z4R1 A0A8V0YGN8 A0A3Q2TYT2 A0A8V0YG88 A0A1D5P1F1 A0A8V0Y513
Molecular Function,phosphatase inhibitor activity,4,GO:0019212,3,4,329,2477,5.65,0.008379795433874267,2.08,A0A8V0YNQ0 A0A8V1AJI2 A0A8V0X643
Molecular Function,SAM domain binding,4,GO:0032093,3,4,329,2477,5.65,0.008379795433874267,2.08,A0A8V1AB05 A0A8V0YDT5 A0A8V0ZI29
Molecular Function,cyclic-nucleotide phosphodiesterase activity,6,GO:0004112,3,4,329,2477,5.65,0.008379795433874267,2.08,A0A8V0ZSX0 A0A8V1A9L3 A0A8V0YC57
Molecular Function,mRNA binding,5,GO:0003729,3,76,329,2477,0.3,0.009718943866599198,2.01,A0A8V0Z438 A0A1D5PQV0 A0A8V0XXW6
Molecular Function,heparin binding,3,GO:0008201,17,70,329,2477,1.83,0.01102873953312783,1.96,A0A8V0YNQ0 P11602 A0A8V0Z8V4 A0A8V0ZI29 A0A8V1AB05 A0A8V0Y413 A0A8V0Z2J4 A0A8V0ZE58 A0A8V0YMM6 A0A8V0Y1A4 A0A3Q3A4U3 A0A8V0Y5K2 A0A8V0YDD6 A0A8V0YDT5 A0A8V0Z4M1 P33005 A0A8V0ZA56
Molecular Function,purine ribonucleoside triphosphate binding,4,GO:0035639,11,160,329,2477,0.52,0.01115961560082374,1.95,A0A8V0YB43 A0A8V0ZG43 E1BQI2 A0A8V1AB67 A0A8V0ZTA5 A0A8V0Z4R1 A0A8V0YGN8 A0A3Q2TYT2 A0A8V0YG88 A0A1D5P1F1 A0A8V0Y513
Molecular Function,"hydrolase activity, hydrolyzing O-glycosyl compounds",4,GO:0004553,12,44,329,2477,2.05,0.01151053344404486,1.94,A0A8V0ZLV3 A0A8V0Z1E9 A0A8V0YZJ3 A0A8V0XIQ8 A0A8V0X2C5 A0A8V0Y7C8 A0A8V0Z086 A0A8V0ZIF0 A0A1L1RSD2 A0A8V0ZI47 A0A8V0YC98 E1BS94
Molecular Function,growth factor binding,3,GO:0019838,14,54,329,2477,1.95,0.01266296643049536,1.9,A0A8V0YNQ0 A0A3Q2TU24 A0A1D5PE57 A0A8V0X4D8 A0A8V0XUJ8 A0A8V0YQ88 A0A8V0Z2J4 A0A8V0ZA56 A0A8V0Y5K2 A0A8V0XPE8 A0A8V0XJ84 A0A8V0Z4M1 A0A8V0YMR1 P02460
Molecular Function,adenyl ribonucleotide binding,5,GO:0032559,6,107,329,2477,0.42,0.012994274012619482,1.89,A0A8V0ZTA5 A0A8V0Z4R1 A0A8V0Y513 A0A8V0YG88 A0A1D5P1F1 A0A8V0YC57
Molecular Function,hydrolase activity,2,GO:0016787,93,563,329,2477,1.24,0.013259011623832088,1.88,A0A8V1A9L3 P11602 A0A8V0ZWX9 A0A8V0YVT3 A0A8V0YDT5 P07032 A0A8V0Z6M9 A0A8V0YB43 A0A3Q2U2N5 A0A8V0ZG46 A0A8V0YW57 A0A8V0X2C5 A0A8V0ZA56 A0A8V0Z6B9 A0A8V0Z086 A0A8V0Y9F8 A0A8V0Z832 A0A8V0ZJ97 A0A8V1AB05 A0A8V1AB67 A0A8V0Y070 P28687 A0A8V0ZQS2 A0A8V0XCX4 A0A8V1A449 A0A8V0XBI2 A0A8V0XXM5 A0A8V1AM51 A0A3Q2U2N6 E1BS94 A0A8V0YFB8 A0A8V0Y8G8 A0A8V0X637 A0A8V0ZP32 A0A8V0ZSX0 A0A8V0ZRU9 A0A3Q2TYT2 A0A1L1RSD2 A0A8V0XA92 A0A1D5P0X0 A0A8V0YZJ3 A0A8V0XIQ8 A0A8V0YF22 A0A8V0ZE30 E1BQI2 A0A8V0Y513 A0A1D5PBU5 Q05744 A0A8V1AFH0 A0A1D5P201 A0A8V0YLT1 A0A8V0XTW4 A0A8V0ZQP1 A0A8V0X4D8 A0A8V0ZI29 A0A1D5PNB8 A0A8V0YGN8 A0A8V0ZIF0 A0A8V0YG88 A0A8V0X7F0 A0A8V0XE95 A0A8V0YC98 A0A8V0X643 A0A8V0YC57 A0A8V0ZDK0 A0A8V1A8E4 A0A8V0ZSG8 A0A8V0YLN5 A0A8V0ZI47 A0A8V0ZLV3 A0A8V0Z1E9 A0A8V0XWZ8 A0A8V0Y1A4 A0A8V0ZF83 A0A8V0ZTG6 A0A8V0X370 A0A8V0XK27 A0A8V1A6Y8 A0A8V0XL09 A0A8V0Z4P8 Q5ZHX2 A0A8V0ZNH3 A0A3Q2UGW3 A0A8V0Y7C8 A0A8V0Y1N7 A0A8V0XF68 A0A8V0YS46 A0A8V0ZZU1 A0A8V0X6J5 A0A8V0YDG8 A0A8V0YU83 A0A8V1AN12 Q5ZHL0
Molecular Function,enzyme regulator activity,2,GO:0030234,21,251,329,2477,0.63,0.014013278705266717,1.85,A0A8V0YNQ0 A0A8V0X4D8 A0A8V0YBZ6 A0A8V0YPA6 A0A8V0ZC57 A0A8V0X643 E1C733 A0A1L1RX77 A0A8V0X852 A0A8V0YRF2 A0A8V0X1T3 A0A8V0WZJ4 A0A8V0Z086 Q00649 A0A8V0ZKI8 A0A8V0YDT4 A0A8V1AB67 A0A8V1AJI2 A0A8V0Y614 A0A8V0YDD6 A0A8V1A653
Molecular Function,nucleotide binding,4,GO:0000166,19,233,329,2477,0.61,0.014608155699861763,1.84,A0A1D5PNB8 A0A8V0Z4R1 A0A8V0YGN8 A0A8V0YG88 A0A8V0YC57 A0A8V0YB43 A0A8V0ZTA5 A0A8V0ZSX0 A0A8V0YGQ5 A0A3Q2TYT2 A0A1D5P1F1 A0A8V0ZG43 A0A8V0ZZU1 A0A8V0Z832 E1BQI2 A0A8V0Y513 A0A8V1AB67 A0A8V0XMD4 A0A8V0YWM3
Molecular Function,nucleoside phosphate binding,3,GO:1901265,19,234,329,2477,0.61,0.014697092129955583,1.83,A0A1D5PNB8 A0A8V0Z4R1 A0A8V0YGN8 A0A8V0YG88 A0A8V0YC57 A0A8V0YB43 A0A8V0ZTA5 A0A8V0ZSX0 A0A8V0YGQ5 A0A3Q2TYT2 A0A1D5P1F1 A0A8V0ZG43 A0A8V0ZZU1 A0A8V0Z832 E1BQI2 A0A8V0Y513 A0A8V1AB67 A0A8V0XMD4 A0A8V0YWM3
Molecular Function,signaling receptor binding,3,GO:0005102,69,402,329,2477,1.29,0.015775074400792205,1.8,Q5ZMG0 P11602 A0A8V0Y0V1 A0A8V0X4D8 A0A8V0YNQ0 A0A8V1AG56 Q98938 A0A8V0ZI29 A0A8V1AFP7 A0A8V1A2P5 A0A1D5NTR5 A0A8V0YXG4 A0A8V0YDT5 A0A8V0XRN3 A0A8V0XEJ0 A0A8V0XUK6 A0A8V0XWF0 A0A8V0YW12 A0A8V0Y290 A0A8V0YEZ4 A0A8V0XYR2 A0A8V0ZEJ3 P01875 P02460 A0A8V1A3H9 A0A8V0Y0F3 A0A8V0Z8V4 A0A8V0ZZG2 A0A8V0YUF6 A0A8V0ZKS6 A0A3Q2UGW3 A0A8V1ABC8 A0A8V0ZTA5 E1C733 A0A8V1AFC3 A0A8V0ZRU9 A0A8V1ACD6 A0A1L1RSD2 A0A1D5PE57 A0A8V1A3H7 A0A8V1A7R0 A0A1D5P0D7 A0A8V0Y4Q2 A0A8V0Y7Y9 A0A8V0ZTP1 A0A8V0YRN1 A0A8V0ZE58 A0A8V1A2F4 A0A8V0Y9F8 A0A8V0YY90 A0A8V0XJ84 A0A8V1ABC9 A0A8V0ZE30 A0A8V1ADF6 Q9I946 A0A8V0YR09 A0A8V0ZKI8 A0A3Q2TU24 A0A8V0ZB91 A0A8V0YDT4 A0A8V1A9R2 A0A8V0Y413 A0A8V0ZDZ5 A0A8V0ZHK9 A0A8V0YDD6 A0A8V1AJV5 A0A8V0Z9Y8 A0A8V0Z4M1 A0A8V0YRG2
Molecular Function,small molecule binding,2,GO:0036094,29,319,329,2477,0.68,0.016927082187247415,1.77,A0A8V0ZWX9 A0A8V0XRC4 A0A1D5PNB8 A0A8V0Z4R1 A0A8V0YGN8 A0A8V0YG88 A0A8V0Z4P8 E1BS94 A0A8V0YC57 A0A8V0YB43 A0A8V0ZTA5 E1BYF1 A0A8V0ZSX0 A0A8V0YGQ5 A0A8V0ZBS5 A0A3Q2TYT2 A0A8V1A3H7 A0A1D5P1F1 A0A8V0X783 A0A8V0ZG43 A0A8V0ZZU1 A0A8V0XDM2 A0A8V0Z1E9 A0A8V0Z832 A0A8V0Y513 E1BQI2 A0A8V1AB67 A0A8V0XMD4 A0A8V0YWM3
Molecular Function,triglyceride lipase activity,5,GO:0004806,2,2,329,2477,7.53,0.01759515490811504,1.75,A0A8V0Y9F8 P11602
Molecular Function,transmembrane-ephrin receptor activity,7,GO:0005005,2,2,329,2477,7.53,0.01759515490811504,1.75,A0A8V0ZPH9 A0A8V0YRG2
Molecular Function,ephrin receptor activity,6,GO:0005003,2,2,329,2477,7.53,0.01759515490811504,1.75,A0A8V0ZPH9 A0A8V0YRG2
Molecular Function,exonuclease activity,5,GO:0004527,2,2,329,2477,7.53,0.01759515490811504,1.75,A0A8V0ZE30 A0A8V0XWZ8
Molecular Function,mannosyltransferase activity,5,GO:0000030,2,2,329,2477,7.53,0.01759515490811504,1.75,Q5ZIB0 A0A8V0XDL7
Molecular Function,integrin binding involved in cell-matrix adhesion,4,GO:0098640,2,2,329,2477,7.53,0.01759515490811504,1.75,A0A8V0Y290 A0A8V0Y0F3
Molecular Function,"beta-1,3-galactosyl-O-glycosyl-glycoprotein beta-1,3-N-acetylglucosaminyltransferase activity",4,GO:0047223,2,2,329,2477,7.53,0.01759515490811504,1.75,A0A8V0ZYN6 A0A8V0ZR84
Molecular Function,glucuronosyl-N-acetylglucosaminyl-proteoglycan 4-alpha-N-acetylglucosaminyltransferase activity,6,GO:0050508,2,2,329,2477,7.53,0.01759515490811504,1.75,A0A8V0Y8L6 A0A8V0ZBJ8
Molecular Function,N-acetylglucosaminyl-proteoglycan 4-beta-glucuronosyltransferase activity,6,GO:0050509,2,2,329,2477,7.53,0.01759515490811504,1.75,A0A8V0Y8L6 A0A8V0ZBJ8
Molecular Function,glucuronyl-galactosyl-proteoglycan 4-alpha-N-acetylglucosaminyltransferase activity,6,GO:0001888,2,2,329,2477,7.53,0.01759515490811504,1.75,F1NGB8 A0A8V0ZXC9
Molecular Function,transferase activity,2,GO:0016740,67,393,329,2477,1.28,0.018763918586645948,1.73,Q5ZIB0 A0A8V1A4K1 A0A8V0XDL7 A0A8V0Z4R1 A0A8V0ZYM1 A0A8V0XMA2 A0A8V0ZR84 A0A8V0ZFG7 A0A1D5PA74 A0A1L1RP76 A0A8V0YW12 A0A8V0Y8L6 A0A8V0ZWH1 A0A8V0ZY61 A0A8V1AHJ8 A0A8V0ZZG2 A0A8V0ZG46 A0A8V0ZSG8 A0A8V0YPH9 A0A8V0WZN3 E1C733 A0A3Q2TTB3 E1BYF1 A0A8V0XPE8 A0A8V0XK73 A0A8V0ZSX6 A0A8V0Z1C5 A0A8V0XT35 A0A8V0ZXC9 A0A8V0YRF2 A0A8V0ZYN6 E1C2T4 Q8AWB4 A0A1D5P1F1 A0A8V1AJ90 A0A8V0Z0B9 A0A8V0YS46 A0A8V0WZJ4 A0A8V0XB58 A0A8V0Z6S1 A0A1D5PJE0 A0A8V1A3N1 A0A8V0ZW46 A0A8V1AK88 A0A8V0Z2J4 Q5ZJ58 A0A1D5PNL3 A0A8V1A2F4 A0A8V0ZBJ8 A0A8V0Y2E5 A0A8V1ABC9 A0A8V0YRG2 A0A8V0YRK4 A0A8V0YYQ9 F1NGB8 A0A3Q2TU24 O12971 A0A8V1A9R2 A0A8V1ACQ8 A0A8V0ZFH4 A0A8V0Y6W2 A0A1D5PT01 A0A8V0XQS7 A0A8V0ZX23 A0A8V0ZPH9 Q76KB2 A0A8V0YFD4
Molecular Function,neurotrophin binding,4,GO:0043121,3,5,329,2477,4.52,0.01889358800093637,1.72,A0A8V0X4D8 A0A8V0YMR1 A0A8V0ZA56
Molecular Function,ubiquitin protein ligase binding,5,GO:0031625,4,82,329,2477,0.37,0.019566577284082474,1.71,Q5ZKV5 A0A8V0YM05 A0A1D5PNL3 A0A8V0Y7Y9
Molecular Function,cytoskeletal protein binding,3,GO:0008092,23,265,329,2477,0.65,0.021063650563056736,1.68,A0A8V1A9L3 A0A8V0YPQ6 A0A1D5NTR5 A0A8V0YVT3 A0A8V0YG88 A0A1D5NYG2 A0A8V0Z4P8 A0A8V0YB43 Q5ZHX2 A0A8V0YPH9 A0A8V0X5U3 A0A3Q2TYT2 A0A8V0X852 A0A8V0ZAU8 A0A8V0XB58 A0A8V0Y7Y9 A0A1D5P0X0 Q00649 A0A1D5NWP2 A0A1D5PBU5 A0A1D5P655 A0A8V1AB67 A0A8V1AJV5
Molecular Function,ubiquitin-like protein transferase activity,3,GO:0019787,10,37,329,2477,2.03,0.023784102856025734,1.62,A0A8V0ZZG2 A0A8V1A4K1 A0A8V0ZSG8 A0A8V0YPH9 A0A1D5PNL3 A0A8V0ZFG7 A0A1L1RP76 A0A8V0YRF2 A0A8V1AJ90 A0A8V0YFD4
Molecular Function,ubiquitin protein ligase activity,5,GO:0061630,6,18,329,2477,2.51,0.024031372985536096,1.62,A0A8V0ZZG2 A0A8V0YPH9 A0A1D5PNL3 A0A1L1RP76 A0A8V0YRF2 A0A8V1AJ90
Molecular Function,ubiquitin-like protein ligase activity,4,GO:0061659,6,18,329,2477,2.51,0.024031372985536096,1.62,A0A8V0ZZG2 A0A8V0YPH9 A0A1D5PNL3 A0A1L1RP76 A0A8V0YRF2 A0A8V1AJ90
Molecular Function,purine nucleotide binding,5,GO:0017076,15,190,329,2477,0.59,0.025352125348316774,1.6,A0A8V0YB43 A0A8V0ZG43 E1BQI2 A0A8V0YC57 A0A8V0ZZU1 A0A8V1AB67 A0A1D5PNB8 A0A8V0ZTA5 A0A8V0Z4R1 A0A8V0YGN8 A0A8V0YGQ5 A0A3Q2TYT2 A0A8V0YG88 A0A1D5P1F1 A0A8V0Y513
Molecular Function,"hydrolase activity, acting on glycosyl bonds",3,GO:0016798,12,47,329,2477,1.92,0.02628758866596613,1.58,A0A8V0ZLV3 A0A8V0Z1E9 A0A8V0YZJ3 A0A8V0XIQ8 A0A8V0X2C5 A0A8V0Y7C8 A0A8V0Z086 A0A8V0ZIF0 A0A1L1RSD2 A0A8V0ZI47 A0A8V0YC98 E1BS94
Molecular Function,GTPase binding,4,GO:0051020,10,139,329,2477,0.54,0.028273192306328437,1.55,A0A3Q2TU24 Q0PVE4 A0A8V0XB58 A0A8V0YBZ6 A0A1D5P655 A0A8V1A9R2 A0A8V0YVT3 A0A8V1AAH7 A0A8V1ADF6 A0A1D5PC37
Molecular Function,phosphatidylinositol phosphate phosphatase activity,6,GO:0052866,3,6,329,2477,3.76,0.03410569617841352,1.47,A0A8V0X6J5 A0A8V0XCX4 A0A8V0ZQS2
Molecular Function,syndecan binding,4,GO:0045545,3,6,329,2477,3.76,0.03410569617841352,1.47,P33005 A0A8V0YMM6 A0A8V1AAN6
Molecular Function,ubiquitin-like protein conjugating enzyme activity,4,GO:0061650,3,6,329,2477,3.76,0.03410569617841352,1.47,A0A8V0ZZG2 A0A1D5PNL3 A0A8V0YFD4
Molecular Function,galactosidase activity,5,GO:0015925,3,6,329,2477,3.76,0.03410569617841352,1.47,A0A8V0YC98 A0A8V0YZJ3 A0A8V0ZI47
Molecular Function,ubiquitin conjugating enzyme activity,5,GO:0061631,3,6,329,2477,3.76,0.03410569617841352,1.47,A0A8V0ZZG2 A0A1D5PNL3 A0A8V0YFD4
Molecular Function,collagen binding,3,GO:0005518,10,40,329,2477,1.88,0.035125997488758776,1.45,A0A3Q2TU24 A0A8V0ZBR8 A0A8V1AFH0 A0A8V0Y413 A0A8V0YMM6 A0A8V0Y070 A0A1L1RX77 A0A1D5PT01 A0A8V0YDD6 A0A8V0XXK8
Molecular Function,ATP binding,5,GO:0005524,5,86,329,2477,0.44,0.03516758661453733,1.45,A0A8V0ZTA5 A0A8V0Z4R1 A0A8V0YG88 A0A1D5P1F1 A0A8V0Y513
Molecular Function,ubiquitin-like protein ligase binding,4,GO:0044389,5,88,329,2477,0.43,0.03581189997431756,1.45,A0A8V0ZZG2 A0A8V0Y7Y9 A0A8V0YM05 A0A1D5PNL3 Q5ZKV5
Molecular Function,heparan sulfate proteoglycan binding,3,GO:0043395,5,15,329,2477,2.51,0.03874809968490873,1.41,A0A8V0Z8V4 A0A8V0ZI29 A0A8V1AB05 A0A8V0YDT5 P33005
Molecular Function,"catalytic activity, acting on a protein",2,GO:0140096,67,406,329,2477,1.24,0.045213656715752684,1.34,A0A8V0X4D8 A0A8V1A4K1 A0A8V0ZI29 A0A8V0XBI2 A0A8V0XL09 A0A8V0ZHL4 A0A8V0YDT5 A0A8V0ZR84 A0A8V0ZFG7 A0A1L1RP76 A0A8V0YW12 A0A8V0XE95 A0A8V0X643 A0A8V0ZWH1 A0A8V0ZDK0 A0A8V0ZY61 A0A8V0ZZG2 A0A8V1A8E4 A0A8V0ZNH3 A0A8V0ZSG8 A0A8V0YPH9 E1C733 A0A8V0XK73 A0A8V0XPE8 A0A8V0ZP32 A0A8V0ZSX6 A0A8V0ZRU9 A0A8V0XT35 A0A8V0YRF2 A0A8V0ZYN6 A0A8V0XA12 Q8AWB4 Q6JHU8 A0A8V1AJ90 A0A8V0Z0B9 A0A8V0ZA56 A0A8V0XF68 A0A8V0Z6S1 A0A8V0XA92 A0A8V0XB58 A0A1D5PJE0 A0A8V1A3N1 A0A8V1AN12 A0A8V0X6J5 A0A8V0YDG8 A0A8V1A2F4 A0A1D5PNL3 A0A8V0Z2J4 A0A8V0Y1A4 A0A8V1ABC9 A0A8V0YF22 A0A8V0ZF83 A0A8V0YRK4 A0A8V0ZPH9 A0A8V0Y513 Q05744 A0A8V1AFH0 A0A8V1AB05 A0A8V1A9R2 A0A8V0Y070 A0A8V0ZTG6 A0A8V0Y6W2 A0A1D5PT01 A0A8V0ZX23 P28687 A0A8V0YRG2 A0A8V0YFD4
Molecular Function,cell-matrix adhesion mediator activity,5,GO:0098634,2,3,329,2477,5.02,0.048136078336547816,1.32,A0A8V0Y290 A0A8V0Y0F3
Molecular Function,inositol-polyphosphate 5-phosphatase activity,8,GO:0004445,2,3,329,2477,5.02,0.048136078336547816,1.32,A0A8V0XCX4 A0A8V0ZQS2
Molecular Function,structural molecule activity conferring elasticity,2,GO:0097493,2,3,329,2477,5.02,0.048136078336547816,1.32,A0A8V0Y290 A0A8V0Y0F3
Molecular Function,extracellular matrix constituent conferring elasticity,3,GO:0030023,2,3,329,2477,5.02,0.048136078336547816,1.32,A0A8V0Y290 A0A8V0Y0F3
Molecular Function,arrestin family protein binding,3,GO:1990763,2,3,329,2477,5.02,0.048136078336547816,1.32,Q5ZKV5 A0A8V0ZZG2
Molecular Function,phosphatidylinositol phosphate 5-phosphatase activity,7,GO:0034595,2,3,329,2477,5.02,0.048136078336547816,1.32,A0A8V0XCX4 A0A8V0ZQS2
Molecular Function,inositol trisphosphate phosphatase activity,7,GO:0046030,2,3,329,2477,5.02,0.048136078336547816,1.32,A0A8V0XCX4 A0A8V0ZQS2
Molecular Function,glutamate binding,3,GO:0016595,2,3,329,2477,5.02,0.048136078336547816,1.32,A0A8V0ZBS5 A0A8V0Y513
Molecular Function,CCR chemokine receptor binding,6,GO:0048020,2,3,329,2477,5.02,0.048136078336547816,1.32,A0A8V1A7R0 E1C733
Molecular Function,protein self-association,3,GO:0043621,6,21,329,2477,2.15,0.04983814248840497,1.3,A0A8V1ABC8 A0A1D5PNB8 A0A8V0ZTG6 A0A8V1AJV5 A0A8V0ZRU9 A0A1D5PC37
Molecular Function,glucosyltransferase activity,5,GO:0046527,3,7,329,2477,3.23,0.05391344933956715,1.27,A0A8V0XQS7 A0A8V0XDL7 A0A8V0ZW46
Molecular Function,chemokine receptor binding,5,GO:0042379,3,7,329,2477,3.23,0.05391344933956715,1.27,A0A8V1A7R0 A0A8V0ZZG2 E1C733
Molecular Function,adenyl nucleotide binding,6,GO:0030554,8,111,329,2477,0.54,0.06147383806564781,1.21,A0A1D5PNB8 A0A8V0ZTA5 A0A8V0Z4R1 A0A8V0YGQ5 A0A8V0Y513 A0A8V0YG88 A0A1D5P1F1 A0A8V0YC57
Molecular Function,carboxylic ester hydrolase activity,4,GO:0052689,8,32,329,2477,1.88,0.06266942945380749,1.2,P11602 A0A3Q2UGW3 A0A8V0YDG8 A0A8V0XWZ8 A0A8V0Y9F8 A0A8V0YLT1 A0A8V0Z832 A0A8V0X643
Molecular Function,ubiquitin-protein transferase activity,4,GO:0004842,8,32,329,2477,1.88,0.06266942945380749,1.2,A0A8V0ZZG2 A0A8V0YPH9 A0A1D5PNL3 A0A8V0ZFG7 A0A1L1RP76 A0A8V0YRF2 A0A8V1AJ90 A0A8V0YFD4
Molecular Function,protein phosphatase regulator activity,4,GO:0019888,4,12,329,2477,2.51,0.06334759302720742,1.2,A0A8V0YNQ0 A0A8V1AJI2 A0A8V0WZJ4 A0A8V0X643
Molecular Function,small GTPase binding,5,GO:0031267,9,117,329,2477,0.58,0.06990660392944198,1.16,A0A3Q2TU24 Q0PVE4 A0A8V0XB58 A0A8V0YBZ6 A0A1D5P655 A0A8V1A9R2 A0A8V0YVT3 A0A8V1AAH7 A0A8V1ADF6
Molecular Function,calcium-dependent cysteine-type endopeptidase activity,6,GO:0004198,3,8,329,2477,2.82,0.0779842800635788,1.11,A0A8V0XBI2 A0A8V0XE95 A0A8V0XL09
Molecular Function,platelet-derived growth factor binding,4,GO:0048407,3,8,329,2477,2.82,0.0779842800635788,1.11,A0A1D5PE57 A0A3Q2TU24 P02460
Molecular Function,transmembrane receptor protein phosphatase activity,4,GO:0019198,3,8,329,2477,2.82,0.0779842800635788,1.11,A0A8V1AB05 A0A8V0YDT5 A0A8V0ZI29
Molecular Function,neuropilin binding,4,GO:0038191,3,8,329,2477,2.82,0.0779842800635788,1.11,A0A8V0Z4M1 A0A8V1ACD6 A0A8V0ZB91
Molecular Function,transmembrane receptor protein tyrosine phosphatase activity,5,GO:0005001,3,8,329,2477,2.82,0.0779842800635788,1.11,A0A8V1AB05 A0A8V0YDT5 A0A8V0ZI29
Molecular Function,cell adhesion mediator activity,4,GO:0098631,4,13,329,2477,2.32,0.08226836067253286,1.08,A0A8V0Y290 A0A8V0XCI3 A0A1D5NW03 A0A8V0Y0F3
Molecular Function,cargo receptor activity,1,GO:0038024,4,13,329,2477,2.32,0.08226836067253286,1.08,A0A8V0ZKI8 A0A1D5PIZ5 A0A8V0XDM2 A0A8V0Z888
Molecular Function,integrin binding,3,GO:0005178,13,62,329,2477,1.58,0.08551731501107884,1.07,A0A8V0Y0F3 A0A8V0ZB91 A0A8V0Y290 A0A8V0YDT4 A0A8V0ZTP1 A0A8V0Y413 A0A8V0ZE58 A0A8V1A2P5 A0A8V0YDD6 A0A8V0YXG4 A0A8V0XRN3 A0A8V1ABC9 A0A1D5PE57
Molecular Function,cell adhesion molecule binding,3,GO:0050839,21,112,329,2477,1.41,0.08712123287109613,1.06,A0A8V0ZI29 A0A1D5NW03 A0A8V1A2P5 A0A1D5NTR5 A0A8V0YXG4 A0A8V0YDT5 A0A8V0XRN3 A0A1D5NYG2 A0A8V0Y290 A0A8V0Y0F3 A0A8V0ZKS6 A0A3Q2UGW3 A0A1D5PE57 A0A8V0ZTP1 A0A8V0ZE58 A0A8V1ABC9 A0A8V0ZB91 A0A8V0YDT4 A0A8V0Y413 A0A8V0XX41 A0A8V0YDD6
Molecular Function,peptidyl-proline dioxygenase activity,3,GO:0031543,2,4,329,2477,3.76,0.08789236123924701,1.06,A0A8V0ZHL4 Q6JHU8
Molecular Function,chloride ion binding,4,GO:0031404,2,4,329,2477,3.76,0.08789236123924701,1.06,A0A3Q2UGW3 A0A8V0ZLV3
Molecular Function,filamin binding,4,GO:0031005,2,4,329,2477,3.76,0.08789236123924701,1.06,A0A1D5NTR5 A0A1D5NYG2
Molecular Function,plus-end-directed microtubule motor activity,3,GO:0008574,2,4,329,2477,3.76,0.08789236123924701,1.06,A0A8V0YVT3 A0A1D5PBU5
Molecular Function,axon guidance receptor activity,4,GO:0008046,2,4,329,2477,3.76,0.08789236123924701,1.06,A0A8V0YRG2 A0A3Q3A4U3
Molecular Function,sodium channel inhibitor activity,6,GO:0019871,2,4,329,2477,3.76,0.08789236123924701,1.06,A0A8V0ZRU9 A0A8V0XB58
Molecular Function,procollagen-proline dioxygenase activity,4,GO:0019798,2,4,329,2477,3.76,0.08789236123924701,1.06,A0A8V0ZHL4 Q6JHU8
Molecular Function,histone kinase activity,4,GO:0035173,2,4,329,2477,3.76,0.08789236123924701,1.06,A0A8V1A9R2 A0A8V1ABC9
Molecular Function,nerve growth factor binding,5,GO:0048406,2,4,329,2477,3.76,0.08789236123924701,1.06,A0A8V0X4D8 A0A8V0ZA56
Molecular Function,chondroitin sulfate proteoglycan binding,3,GO:0035373,2,4,329,2477,3.76,0.08789236123924701,1.06,A0A8V0YNQ0 A0A8V0ZI29
Molecular Function,glucuronosyl-N-acetylgalactosaminyl-proteoglycan 4-beta-N-acetylgalactosaminyltransferase activity,6,GO:0047238,2,4,329,2477,3.76,0.08789236123924701,1.06,A0A1D5PA74 E1C2T4
Molecular Function,beta-galactosidase activity,6,GO:0004565,2,4,329,2477,3.76,0.08789236123924701,1.06,A0A8V0YZJ3 A0A8V0ZI47
Molecular Function,calcium-dependent protein serine/threonine kinase activity,5,GO:0009931,2,4,329,2477,3.76,0.08789236123924701,1.06,A0A8V0XB58 A0A8V1ABC9
Molecular Function,calcium-dependent protein kinase activity,4,GO:0010857,2,4,329,2477,3.76,0.08789236123924701,1.06,A0A8V0XB58 A0A8V1ABC9
Molecular Function,immunoglobulin receptor binding,4,GO:0034987,2,4,329,2477,3.76,0.08789236123924701,1.06,P01875 A0A8V0XEJ0
Molecular Function,arylsulfatase activity,5,GO:0004065,2,4,329,2477,3.76,0.08789236123924701,1.06,A0A8V0XXM5 A0A8V0YLN5
Molecular Function,complement binding,3,GO:0001848,4,14,329,2477,2.15,0.10362103055518244,0.98,A0A8V1A8R6 A0A8V1AKH4 A0A8V1AA32 A0A8V1A8N2
Molecular Function,platelet-derived growth factor receptor binding,5,GO:0005161,3,9,329,2477,2.51,0.10584105891755514,0.98,A0A8V0Z4M1 A0A3Q2TU24 Q9I946
Molecular Function,protein phosphatase 2A binding,6,GO:0051721,3,9,329,2477,2.51,0.10584105891755514,0.98,A0A1D5P1F1 A0A8V0XGL8 A0A8V0X643
Molecular Function,GTP-dependent protein binding,3,GO:0030742,3,9,329,2477,2.51,0.10584105891755514,0.98,A0A8V1AB67 A0A8V0ZZU1 A0A3Q2TYT2
Molecular Function,myosin V binding,5,GO:0031489,3,9,329,2477,2.51,0.10584105891755514,0.98,A0A8V0YB43 A0A8V1AB67 A0A3Q2TYT2
Molecular Function,ribonucleoprotein complex binding,3,GO:0043021,2,43,329,2477,0.35,0.11153534590882391,0.95,A0A1D5PNG3 A0A8V0ZZG2
Molecular Function,"hydrolase activity, acting on ester bonds",3,GO:0016788,24,134,329,2477,1.35,0.1153922790364285,0.94,A0A8V1A9L3 P11602 A0A8V0XCX4 A0A8V0ZI29 A0A8V0XXM5 A0A8V0YDT5 A0A8V0X7F0 A0A8V0X643 A0A8V0YC57 A0A8V0ZG46 A0A8V0X637 A0A3Q2UGW3 A0A8V0ZSX0 A0A8V0YLN5 A0A8V0X6J5 A0A8V0YDG8 A0A8V0XWZ8 A0A8V0Y9F8 A0A8V0Z832 A0A8V0ZE30 A0A8V1AB05 A0A1D5P201 A0A8V0YLT1 A0A8V0ZQS2
Molecular Function,protein binding,2,GO:0005515,199,1596,329,2477,0.94,0.12199496258956516,0.91,Q5ZMG0 P11602 A0A8V1A9L3 A0A8V1A4K1 A0A8V1A6A3 A0A8V0Z4R1 A0A1D5NTR5 A0A8V0YVT3 A0A8V0YDT5 A0A8V0YEZ4 A0A8V0XEJ0 A0A1D5NYG2 A0A8V0YW12 A0A8V0Z6M9 A0A8V0ZEJ3 A0A8V0YB43 A0A8V0Z8V4 A0A8V0ZZG2 A0A8V0ZG46 A0A8V0YPH9 A0A8V1ABC8 A0A8V0X5U3 A0A1L1RX77 A0A8V0XPE8 A0A8V0YW57 A0A8V0XXW6 A0A8V1ACD6 A0A8V1A3H7 A0A8V1A7R0 A0A8V0ZA56 A0A8V0Y4Q2 A0A8V0Z6B9 A0A8V1A3N1 A0A8V0ZTP1 A0A1D5PNL3 A0A8V0Y9F8 A0A8V0YY90 A0A8V0XJ84 A0A1D5NWP2 A0A8V0XAN3 A0A8V0XXK8 A0A8V0XAE5 F1NGB8 A0A3Q2TU24 A0A8V0ZB91 A0A8V1AB05 A0A8V1A9R2 A0A8V1AB67 A0A8V0ZDZ5 A0A8V0ZHK9 A0A8V0ZX23 A0A8V0ZQS2 A0A8V1AG56 A0A8V0XCX4 A0A8V1A449 A0A8V0YM05 A0A8V1A9A7 A0A3Q3A4U3 A0A8V1A8R6 A0A8V0XUK6 A0A8V0XRN3 A0A8V1ACU1 A0A8V1AM51 P02460 A0A8V0Y0F3 A0A8V0Y8G8 A0A8V0YUF6 E1BYF1 A0A8V0ZRU9 A0A3Q2TYT2 A0A8V1AKH4 A0A1L1RSD2 A0A8V0YRF2 A0A1D5NZN4 A0A8V0Y5K2 A0A8V1AAH7 A0A1D5P0D7 A0A8V0ZG43 Q0PVE4 A0A8V0Y7Y9 A0A8V0ZW46 A0A8V1AA32 A0A8V0ZE58 A0A1D5P0X0 A0A8V0YZJ3 A0A8V1A535 Q00649 A0A1D5PDV9 A0A8V1ABC9 A0A8V0XM58 A0A8V0ZE30 A0A8V0YRK4 A0A8V1ADF6 A0A8V0YR09 A0A1D5PBU5 A0A8V1AFH0 A0A8V1AFR2 A0A8V0Y413 A0A8V0YY70 A0A8V0YMM6 A0A8V1AJI2 A0A1D5PT01 A0A8V1AJV5 P33005 Q5ZKV5 A0A8V0YRG2 A0A8V0XMD4 A0A8V1A653 A0A8V0Y0V1 Q5ZIB0 A0A8V0X4D8 A0A1D5PZV7 A0A8V0YBZ6 A0A8V0ZI29 A0A1D5NVM6 A0A1D5PNB8 A0A8V0YPQ6 A0A8V1AFP7 A0A8V0YGN8 A0A8V0YXG4 A0A8V0ZHL4 A0A8V0YG88 A0A1L1RP76 A0A8V0Y8L6 A0A8V0YC98 A0A8V0X643 A0A8V1AHJ8 A0A8V0ZSG8 A0A8V0ZKS6 A0A8V0ZHX5 A0A8V0ZTA5 E1C733 A0A8V1AMI7 A0A8V0ZSX6 A0A8V0ZI47 A0A1D5PE57 A0A8V0ZAU8 A0A1D5PC37 A0A8V0Z438 A0A8V0YRN1 A0A8V0XWZ8 A0A8V0ZY91 A0A8V0ZY42 A0A1D5PLP1 A0A8V0ZKI8 A0A1D5P655 A0A8V0YDT4 A0A8V0XX41 A0A8V0ZTG6 A0A8V0X370 A0A8V0XK27 A0A8V0YQC4 A0A8V0XQS7 A0A8V0Z9Y8 A0A8V0Z4M1 P01875 A0A8V0YNQ0 Q98938 A0A8V1A6Y8 A0A8V0XRC4 A0A8V0XCI3 A0A1D5NW03 A0A8V0ZW33 A0A8V1A2P5 A0A8V0XWF0 A0A1D5PA74 A0A8V0XUJ8 A0A8V0Y290 A0A8V0XYR2 A0A8V0Z4P8 A0A8V0YMR1 A0A8V1A3H9 Q5ZHX2 A0A8V1AAN6 A0A8V0XGY8 A0A8V0XGL8 A0A8V0YQ88 A0A8V1A8N2 A0A3Q2UGW3 A0A8V1AFC3 A0A8V0YGQ5 A0A8V0YHH6 A0A8V0Y1N7 A0A8V0X852 A0A1D5P1F1 A0A8V0XB58 A0A8V0ZZU1 A0A8V0Z2J4 Q5ZJ58 A0A8V1A2F4 A0A8V0ZBJ8 A0A8V0ZH54 Q9I946 A0A8V1A3S8 A0A8V0Z9Z7 A0A8V0YDD6 F1NSM7 A0A8V0ZPH9 A0A8V0YWM3
Molecular Function,phosphatase regulator activity,3,GO:0019208,4,15,329,2477,2.01,0.12721118723508262,0.9,A0A8V0YNQ0 A0A8V1AJI2 A0A8V0WZJ4 A0A8V0X643
Molecular Function,protein tyrosine phosphatase activity,4,GO:0004725,4,15,329,2477,2.01,0.12721118723508262,0.9,A0A8V1AB05 A0A8V0X6J5 A0A8V0YDT5 A0A8V0ZI29
Molecular Function,fibronectin binding,3,GO:0001968,6,25,329,2477,1.81,0.13136841060347335,0.88,A0A8V1AFH0 A0A8V0YDT4 A0A8V0Y413 A0A1D5NZN4 A0A8V0Z4M1 A0A8V1AAN6
Molecular Function,selenium binding,2,GO:0008430,2,5,329,2477,3.01,0.13389154339796994,0.87,A0A8V0YPB9 A0A8V1AEM5
Molecular Function,UDP-glucose:glycoprotein glucosyltransferase activity,6,GO:0003980,2,5,329,2477,3.01,0.13389154339796994,0.87,A0A8V0XQS7 A0A8V0ZW46
Molecular Function,receptor serine/threonine kinase binding,4,GO:0033612,2,5,329,2477,3.01,0.13389154339796994,0.87,A0A8V0ZTA5 A0A8V0ZKS6
Molecular Function,UDP-glucosyltransferase activity,5,GO:0035251,2,5,329,2477,3.01,0.13389154339796994,0.87,A0A8V0XQS7 A0A8V0ZW46
Molecular Function,low-density lipoprotein particle binding,5,GO:0030169,2,5,329,2477,3.01,0.13389154339796994,0.87,A0A8V0XRC4 A0A8V0ZRU9
Molecular Function,cyclic nucleotide binding,5,GO:0030551,2,5,329,2477,3.01,0.13389154339796994,0.87,A0A8V0ZSX0 A0A8V0YC57
Molecular Function,microtubule plus-end binding,6,GO:0051010,2,5,329,2477,3.01,0.13389154339796994,0.87,A0A1D5NWP2 A0A8V0X5U3
Molecular Function,Wnt receptor activity,4,GO:0042813,2,5,329,2477,3.01,0.13389154339796994,0.87,A0A8V0ZKI8 A0A8V1A9A7
Molecular Function,chondroitin sulfate binding,3,GO:0035374,2,5,329,2477,3.01,0.13389154339796994,0.87,A0A8V0YNQ0 A0A8V1AB05
Molecular Function,phosphatidylinositol bisphosphate phosphatase activity,7,GO:0034593,2,5,329,2477,3.01,0.13389154339796994,0.87,A0A8V0X6J5 A0A8V0XCX4
Molecular Function,deacetylase activity,3,GO:0019213,2,5,329,2477,3.01,0.13389154339796994,0.87,A0A8V0YS46 A0A8V0ZSG8
Molecular Function,transmembrane signaling receptor activity,3,GO:0004888,19,102,329,2477,1.4,0.13403382345814385,0.87,A0A8V0Y0V1 A0A8V0ZI29 A0A8V1A9A7 A0A3Q3A4U3 A0A8V0YDT5 A0A8V0XUK6 A0A8V0XUJ8 A0A8V0ZKS6 A0A8V0XPE8 A0A1D5P1F1 A0A8V1A3N1 A0A8V0Z2J4 A0A1D5PDV9 A0A8V0ZKI8 A0A8V1AB05 A0A8V0ZPH9 A0A8V0YRG2 A0A8V1AL54 A0A3Q2U3T5
Molecular Function,mannosidase activity,5,GO:0015923,3,10,329,2477,2.26,0.1369259734075333,0.86,A0A8V0XIQ8 A0A8V0Z1E9 A0A8V0Y7C8
Molecular Function,catalytic activity,1,GO:0003824,170,1183,329,2477,1.08,0.1384045533997341,0.86,Q5ZMG0 P11602 A0A8V0ZWX9 A0A8V1A9L3 A0A8V1A4K1 A0A8V0Z4R1 A0A8V0YVT3 A0A8V0YDT5 P07032 A0A8V0YW12 A0A8V0Z6M9 A0A8V0YB43 A0A8V0ZY61 A0A3Q2U2N5 A0A8V0ZG46 A0A8V0ZZG2 A0A8V0YPH9 A0A8V0XPE8 A0A8V0YW57 A0A8V0X2C5 A0A8V1A4P2 A0A8V0Z0B9 A0A8V0ZA56 A0A8V0Z6B9 A0A8V1A3N1 A0A1D5PNL3 A0A8V0Z086 A0A8V0Y9F8 A0A8V0Z832 A0A8V0YYQ9 F1NGB8 A0A3Q2TU24 A0A8V0ZJ97 A0A8V1AB05 A0A8V1A9R2 A0A8V1AB67 A0A8V0Y070 A0A8V0ZX23 P28687 A0A8V0ZQS2 A0A8V0XCX4 A0A8V1A449 A0A8V0XBI2 A0A8V0XXM5 A0A8V0XDL7 A0A8V1AM51 A0A3Q2U2N6 E1BS94 A0A8V0YFB8 A0A8V0Y8G8 A0A8V0X637 E1C3Z8 A0A3Q2TTB3 E1BYF1 A0A8V0ZP32 A0A8V0ZSX0 A0A8V0XK73 A0A3Q2TYT2 A0A8V0ZRU9 A0A1L1RSD2 A0A8V0YRF2 E1C2T4 A0A8V0ZXC9 A0A8V0XA12 A0A8V0Z6S1 A0A8V0XA92 A0A8V1AK88 A0A1D5PJE0 A0A8V0ZW46 A0A1D5P0X0 A0A8V0YZJ3 A0A8V0XIQ8 A0A8V1ABC9 A0A8V0YF22 A0A8V0ZE30 A0A8V0YRK4 E1BQI2 A0A8V0Y513 A0A1D5PBU5 Q05744 A0A8V1AFH0 A0A1D5P201 A0A8V0YJV4 A0A8V1ACQ8 A0A1D5PT01 A0A8V0YLT1 A0A8V0XTW4 A0A8V0ZQP1 A0A8V0YRG2 Q76KB2 A0A8V0XMD4 Q5ZIB0 A0A8V0X4D8 A0A8V0ZI29 A0A1D5PNB8 A0A8V0ZYM1 A0A8V0YGN8 A0A8V0XMA2 A0A8V0ZHL4 A0A8V0ZIF0 A0A8V0YG88 A0A1L1RP76 A0A8V0X7F0 A0A8V0XE95 A0A8V0YC98 A0A8V0Y8L6 A0A8V0ZQE9 A0A8V0X643 A0A8V0YC57 A0A8V0ZDK0 A0A8V1AHJ8 A0A8V1A8E4 A0A8V0ZSG8 E1C733 A0A8V0YLN5 A0A8V0ZSX6 A0A8V0ZI47 Q8AWB4 A0A8V0ZLV3 A0A8V0Z1E9 A0A8V0XWZ8 A0A8V0Y1A4 A0A8V0ZF83 O12971 A0A8V0ZTG6 A0A8V0Y6W2 A0A8V0XK27 A0A8V0X370 A0A8V0YQC4 A0A8V0ZFH4 A0A8V0XQS7 A0A8V0YFD4 A0A8V1A6Y8 A0A8V0XL09 A0A8V0ZR84 A0A8V0ZFG7 A0A1D5PA74 A0A8V0Z4P8 A0A8V0ZWH1 Q5ZHX2 A0A8V0ZNH3 A0A3Q2UGW3 A0A8V0WZN3 A0A1D5PQV0 A0A8V0Y7C8 A0A8V0Y1N7 A0A8V0Z1C5 A0A8V0XT35 A0A8V0ZYN6 A0A1D5P1F1 Q6JHU8 A0A8V1AJ90 A0A8V0XF68 A0A8V0YS46 A0A8V0WZJ4 A0A8V0XB58 A0A8V0ZZU1 A0A8V0X6J5 A0A8V0YDG8 Q5ZJ58 A0A3Q2UEL1 A0A8V1A2F4 A0A8V0Z2J4 A0A8V0ZBJ8 A0A8V0Y2E5 A0A8V0YU83 A0A8V1AN12 Q5ZHL0 A0A8V0ZPH9 A0A8V0YWM3
Molecular Function,sulfur compound binding,2,GO:1901681,19,104,329,2477,1.38,0.13855913679891724,0.86,A0A8V0YNQ0 P11602 A0A8V0ZI29 A0A3Q3A4U3 P33005 A0A8V0YDT5 A0A8V1AHJ8 A0A8V0Z8V4 A0A8V0ZBS5 A0A8V0Y5K2 A0A8V0ZA56 A0A8V0Z2J4 A0A8V0ZE58 A0A8V0Y1A4 A0A8V1AB05 A0A8V0Y413 A0A8V0YMM6 A0A8V0YDD6 A0A8V0Z4M1
Molecular Function,transcription coregulator activity,2,GO:0003712,3,51,329,2477,0.44,0.1436356897769891,0.84,A0A1D5PLP1 A0A8V1AFC3 A0A8V0ZSG8
Molecular Function,cytokine activity,5,GO:0005125,6,26,329,2477,1.74,0.14445490939140876,0.84,A0A8V1AG56 E1C733 A0A8V0XJ84 A0A8V0Z4M1 A0A8V0XYR2 A0A1D5P0D7
Molecular Function,structural constituent of ribosome,2,GO:0003735,3,53,329,2477,0.43,0.14765829995513802,0.83,A0A8V1ACS0 A0A8V0Z865 A0A8V0XPN5
Molecular Function,guanyl ribonucleotide binding,5,GO:0032561,7,88,329,2477,0.6,0.15114315918544863,0.82,A0A8V0YB43 A0A8V0ZG43 A0A8V0ZZU1 A0A8V1AB67 A0A8V0YGN8 A0A3Q2TYT2 E1BQI2
Molecular Function,GTPase activity,7,GO:0003924,7,88,329,2477,0.6,0.15114315918544863,0.82,A0A8V0YB43 A0A8V0ZZU1 A0A8V1AB67 A0A8V0YGN8 A0A3Q2TYT2 A0A8V0Z6M9 E1BQI2
Molecular Function,guanyl nucleotide binding,6,GO:0019001,7,88,329,2477,0.6,0.15114315918544863,0.82,A0A8V0YB43 A0A8V0ZG43 A0A8V0ZZU1 A0A8V1AB67 A0A8V0YGN8 A0A3Q2TYT2 E1BQI2
Molecular Function,receptor ligand activity,4,GO:0048018,14,72,329,2477,1.46,0.1553765993991058,0.81,A0A8V0YNQ0 A0A8V1AG56 A0A3Q2TU24 Q98938 A0A8V1AFP7 E1C733 A0A8V0YEZ4 A0A8V0YY90 A0A8V0XJ84 A0A8V1ACD6 A0A8V0Z4M1 A0A8V0XYR2 A0A8V1ADF6 A0A1D5P0D7
Molecular Function,molecular function regulator activity,1,GO:0098772,40,366,329,2477,0.82,0.15697419593116502,0.8,A0A8V0YNQ0 A0A8V1AG56 A0A8V0X4D8 A0A8V0YBZ6 Q98938 A0A8V1AFP7 A0A8V0YEZ4 A0A8V0YPA6 A0A8V0ZC57 A0A8V0XYR2 A0A8V0X643 E1C733 A0A1L1RX77 A0A8V0ZRU9 A0A8V1ACD6 A0A8V0X852 A0A8V0YRF2 A0A8V0X1T3 A0A1D5P7Y2 A0A8V1AAH7 A0A1D5P0D7 A0A8V0WZJ4 A0A8V0XB58 A0A8V0Z086 Q00649 A0A8V0YY90 A0A8V0XJ84 A0A1D5NWP2 A0A8V1ADF6 A0A8V0ZKI8 A0A3Q2TU24 A0A8V0YDT4 A0A8V1A9R2 A0A8V1AB67 A0A8V1AJI2 A0A8V0Y614 A0A8V0YDD6 A0A8V1AJV5 A0A8V0Z4M1 A0A8V1A653
Molecular Function,electron transfer activity,3,GO:0009055,2,40,329,2477,0.38,0.1572005442607231,0.8,A0A8V0YJV4 A0A8V0YWM3
Molecular Function,serine hydrolase activity,3,GO:0017171,11,56,329,2477,1.48,0.16222971917084184,0.79,A0A8V0X4D8 A0A8V1A8E4 A0A8V0ZNH3 Q05744 A0A8V1AFH0 A0A8V0YDG8 A0A8V0Y070 A0A8V0ZTG6 A0A8V0ZP32 A0A8V0ZRU9 A0A8V0ZA56
Molecular Function,serine-type peptidase activity,4,GO:0008236,11,56,329,2477,1.48,0.16222971917084184,0.79,A0A8V0X4D8 A0A8V1A8E4 A0A8V0ZNH3 Q05744 A0A8V1AFH0 A0A8V0YDG8 A0A8V0Y070 A0A8V0ZTG6 A0A8V0ZP32 A0A8V0ZRU9 A0A8V0ZA56
Molecular Function,ATP hydrolysis activity,7,GO:0016887,21,119,329,2477,1.33,0.1649426908934871,0.78,A0A8V1A449 A0A8V1A6Y8 A0A8V0YVT3 A0A8V0YG88 A0A8V1AM51 A0A3Q2U2N6 A0A8V0YFB8 Q5ZHX2 A0A8V0Y8G8 A0A3Q2U2N5 A0A8V0YW57 A0A8V0Z6B9 A0A1D5P0X0 A0A8V0YU83 A0A8V0ZJ97 A0A1D5PBU5 A0A8V0X370 A0A8V0XK27 A0A8V0XTW4 A0A8V0ZQP1 Q5ZHL0
Molecular Function,tubulin binding,4,GO:0015631,8,96,329,2477,0.63,0.16793349635828422,0.77,A0A8V1A9L3 A0A1D5PBU5 A0A8V0Y7Y9 A0A8V0YPQ6 A0A8V0X5U3 A0A8V0YVT3 A0A1D5NWP2 A0A8V0Z4P8
Molecular Function,apolipoprotein binding,3,GO:0034185,3,11,329,2477,2.05,0.17064749850059588,0.77,A0A8V0ZKI8 P11602 A0A8V0ZRU9
Molecular Function,transforming growth factor beta binding,4,GO:0050431,3,11,329,2477,2.05,0.17064749850059588,0.77,A0A8V0XPE8 A0A8V0XJ84 A0A8V0YQ88
Molecular Function,coreceptor activity,3,GO:0015026,3,11,329,2477,2.05,0.17064749850059588,0.77,A0A8V0ZKI8 A0A8V0YHH6 A0A8V1A9A7
Molecular Function,transition metal ion binding,5,GO:0046914,21,121,329,2477,1.31,0.1710307509608621,0.77,A0A8V0ZWX9 A0A1D5PNB8 A0A8V0ZR84 R4GGQ4 A0A8V0ZY61 A0A8V1AHJ8 A0A8V0X637 A0A8V0YPH9 A0A1D5PQV0 A0A3Q2TTB3 A0A8V0ZXC9 A0A8V0ZYN6 A0A8V0XA92 A0A8V0XWZ8 A0A8V0YYQ9 A0A8V0ZDZ5 A0A8V0ZFH4 A0A8V0Y6W2 A0A8V0YDD6 A0A8V0YLT1 A0A8V1A653
Molecular Function,actin filament binding,3,GO:0051015,4,58,329,2477,0.52,0.17267865268978144,0.76,A0A1D5P655 A0A1D5P0X0 A0A8V0YG88 A0A8V0X852
Molecular Function,GTP binding,5,GO:0005525,6,79,329,2477,0.57,0.1752882284732799,0.76,A0A8V0YB43 A0A8V0ZG43 A0A8V1AB67 A0A8V0YGN8 A0A3Q2TYT2 E1BQI2
Molecular Function,serine-type endopeptidase activity,5,GO:0004252,9,45,329,2477,1.51,0.18274745073798077,0.74,A0A8V0X4D8 A0A8V0ZNH3 Q05744 A0A8V1AFH0 A0A8V0YDG8 A0A8V0Y070 A0A8V0ZTG6 A0A8V0ZRU9 A0A8V0ZA56
Molecular Function,aspartic-type endopeptidase activity,5,GO:0004190,2,6,329,2477,2.51,0.18378446700756515,0.74,Q05744 A0A8V0YF22
Molecular Function,aspartic-type peptidase activity,4,GO:0070001,2,6,329,2477,2.51,0.18378446700756515,0.74,Q05744 A0A8V0YF22
Molecular Function,inositol phosphate phosphatase activity,6,GO:0052745,2,6,329,2477,2.51,0.18378446700756515,0.74,A0A8V0XCX4 A0A8V0ZQS2
Molecular Function,P-type calcium transporter activity,4,GO:0005388,2,6,329,2477,2.51,0.18378446700756515,0.74,A0A3Q2U2N6 A0A8V0YFB8
Molecular Function,GDP-dissociation inhibitor binding,3,GO:0051021,2,6,329,2477,2.51,0.18378446700756515,0.74,A0A8V0YB43 A0A8V1AB67
Molecular Function,Notch binding,4,GO:0005112,2,6,329,2477,2.51,0.18378446700756515,0.74,A0A8V0ZZG2 A0A8V1A2F4
Molecular Function,low-density lipoprotein particle receptor activity,3,GO:0005041,2,6,329,2477,2.51,0.18378446700756515,0.74,A0A8V0ZKI8 A0A1D5PIZ5
Molecular Function,ubiquitin conjugating enzyme binding,5,GO:0031624,2,6,329,2477,2.51,0.18378446700756515,0.74,A0A1D5PNL3 A0A8V1A4K1
Molecular Function,signaling receptor regulator activity,2,GO:0030545,15,82,329,2477,1.38,0.1842287776631435,0.73,A0A8V0YNQ0 A0A8V1AG56 A0A3Q2TU24 Q98938 A0A8V1AFP7 E1C733 A0A8V0YEZ4 A0A8V0YY90 A0A8V0ZRU9 A0A8V0XJ84 A0A8V1ACD6 A0A8V0Z4M1 A0A8V0XYR2 A0A8V1ADF6 A0A1D5P0D7
Molecular Function,transmembrane receptor protein kinase activity,4,GO:0019199,5,21,329,2477,1.79,0.1852319269982223,0.73,A0A8V1A3N1 A0A8V0Z2J4 A0A8V0XPE8 A0A8V0ZPH9 A0A8V0YRG2
Molecular Function,phosphoric diester hydrolase activity,5,GO:0008081,5,21,329,2477,1.79,0.1852319269982223,0.73,A0A8V1A9L3 A0A8V0X637 A0A8V0XWZ8 A0A8V0ZSX0 A0A8V0YC57
Molecular Function,purine ribonucleoside binding,5,GO:0032550,7,87,329,2477,0.61,0.19588736611339255,0.71,A0A8V0YB43 A0A8V0ZG43 A0A8V0ZZU1 A0A8V1AB67 A0A8V0YGN8 A0A3Q2TYT2 E1BQI2
Molecular Function,ribonucleoside binding,4,GO:0032549,7,87,329,2477,0.61,0.19588736611339255,0.71,A0A8V0YB43 A0A8V0ZG43 A0A8V0ZZU1 A0A8V1AB67 A0A8V0YGN8 A0A3Q2TYT2 E1BQI2
Molecular Function,"oxidoreductase activity, acting on the CH-OH group of donors, NAD or NADP as acceptor",4,GO:0016616,3,48,329,2477,0.47,0.19606220618961306,0.71,A0A8V0Z832 A0A8V0YJV4 A0A8V0XMD4
Molecular Function,"oxidoreductase activity, acting on CH-OH group of donors",3,GO:0016614,3,49,329,2477,0.46,0.19824626618644967,0.7,A0A8V0Z832 A0A8V0YJV4 A0A8V0XMD4
Molecular Function,phosphatase binding,4,GO:0019902,12,65,329,2477,1.39,0.19827844515996995,0.7,A0A1D5P1F1 A0A8V0XGL8 A0A8V0XRC4 A0A8V1A9R2 A0A8V1AJI2 A0A8V0ZY91 A0A8V1AJV5 A0A8V0XAN3 A0A1L1RP76 A0A8V1A7R0 A0A8V0X643 A0A1D5PC37
Molecular Function,hexosaminidase activity,5,GO:0015929,3,12,329,2477,1.88,0.20641413365863684,0.69,A0A8V0Z086 A0A8V0YC98 A0A8V0ZIF0
Molecular Function,transcription regulator activity,1,GO:0140110,8,92,329,2477,0.65,0.21251423382319695,0.67,A0A8V1AG56 A0A8V0ZSG8 A0A8V0YM05 A0A8V1AFC3 A0A8V0XFL3 A0A1D5PLP1 A0A8V1A7R0 A0A8V1AJ90
Molecular Function,DNA binding,4,GO:0003677,8,93,329,2477,0.65,0.2126457173935428,0.67,A0A8V1AG56 A0A1D5P1F1 A0A8V0YM05 A0A8V1AFC3 A0A8V0YW57 A0A8V0XFL3 A0A8V1A7R0 A0A8V0YWM3
Molecular Function,binding,1,GO:0005488,252,1963,329,2477,0.97,0.21450785567844055,0.67,Q5ZMG0 P11602 A0A8V0ZWX9 A0A8V1A9L3 A0A8V1A4K1 A0A8V1A6A3 A0A8V0Z4R1 A0A1D5NTR5 A0A8V0YVT3 A0A8V0YDT5 R4GGQ4 A0A8V0XEJ0 A0A8V0YEZ4 A0A1D5NYG2 A0A8V0YW12 A0A8V0Z6M9 A0A8V0ZEJ3 A0A8V0YIV5 A0A8V0YB43 A0A8V0ZY61 A0A8V0Z8V4 A0A8V0ZZG2 A0A8V0ZG46 A0A8V0YPH9 A0A8V1ABC8 A0A8V0X5U3 A0A1L1RX77 A0A8V0XPE8 A0A8V0YW57 A0A8V0XXW6 A0A8V1ACD6 A0A8V1A4P2 A0A8V1A3H7 A0A8V1A7R0 A0A8V0ZA56 A0A8V0X783 A0A8V0Y4Q2 A0A8V0Z6B9 A0A8V1A3N1 A0A8V0ZTP1 A0A1D5PNL3 A0A8V0Y9F8 A0A8V0YY90 A0A8V0XJ84 A0A1D5NWP2 A0A8V0XAN3 A0A8V0Z832 A0A8V0YYQ9 A0A8V0XXK8 A0A8V0Y2G8 A0A8V0XAE5 F1NGB8 A0A3Q2TU24 A0A8V0ZB91 A0A8V1AB05 A0A8V1A9R2 A0A8V1AB67 A0A8V0ZDZ5 A0A8V0ZHK9 A0A8V0Y070 A0A8V0ZX23 A0A8V0ZQS2 A0A8V1AG56 A0A8V0XCX4 A0A8V1A449 A0A8V0XXM5 A0A8V0YM05 A0A8V1A9A7 A0A3Q3A4U3 A0A8V1A8R6 A0A8V0XUK6 A0A8V0XRN3 A0A8V1ACU1 A0A1D5PT25 A0A8V1AM51 E1BS94 P02460 A0A8V0Y0F3 A0A8V0Y8G8 A0A8V0YUF6 A0A8V0X637 A0A3Q2TTB3 E1BYF1 A0A8V0ZSX0 A0A8V0ZRU9 A0A3Q2TYT2 A0A8V0ZXC9 A0A1L1RSD2 A0A8V0YRF2 A0A1D5NZN4 A0A8V0Y5K2 A0A8V0XA12 A0A8V1AKH4 A0A8V1AAH7 A0A1D5P0D7 A0A8V0ZG43 Q0PVE4 A0A8V0XA92 A0A8V0Y7Y9 A0A8V0ZW46 A0A8V1AA32 A0A8V0ZE58 A0A1D5P0X0 A0A8V0YZJ3 A0A8V1A535 Q00649 A0A8V0Y103 A0A8V0Z7D4 A0A8V1ABC9 A0A8V0YF22 A0A1D5PDV9 A0A8V0XM58 A0A8V0ZE30 A0A8V0YRK4 A0A8V1ADF6 E1BQI2 A0A8V0Y513 A0A8V0YR09 A0A1D5PBU5 Q05744 A0A8V1AFH0 A0A8V1AFR2 A0A8V0Y413 A0A8V0YY70 A0A8V0YMM6 A0A8V1AJI2 A0A1D5PT01 A0A8V1AJV5 A0A8V0YLT1 P33005 Q5ZKV5 A0A8V0YRG2 A0A8V0XMD4 A0A8V1A653 A0A8V0Y0V1 Q5ZIB0 A0A8V0X4D8 A0A1D5PZV7 A0A8V0YBZ6 A0A8V0ZBR8 A0A8V0ZI29 A0A1D5NVM6 A0A1D5PNB8 A0A8V0YPQ6 A0A8V1AFP7 A0A8V0YGN8 A0A8V0YXG4 A0A8V0ZHL4 A0A8V0YG88 A0A1L1RP76 A0A8V0XFL3 A0A8V0YC98 A0A8V0Y8L6 A0A8V0X643 A0A8V0YC57 A0A8V1AHJ8 A0A8V0ZSG8 A0A8V0ZKS6 A0A8V0ZHX5 A0A8V0ZTA5 E1C733 A0A8V1AMI7 A0A8V0ZBS5 A0A8V0ZSX6 A0A8V0Z888 A0A1D5PE57 A0A8V0ZAU8 A0A8V0ZI47 A0A1D5PC37 A0A8V0ZBA3 A0A8V0ZLV3 A0A8V0Z438 A0A8V0Z1E9 A0A8V0YRN1 A0A8V0XWZ8 A0A8V0ZY91 A0A8V0Y1A4 A0A8V0ZY42 A0A8V0YPB9 A0A8V0YBD7 A0A8V0Z865 A0A1D5PLP1 A0A8V0ZKI8 A0A1D5P655 A0A8V0YDT4 A0A8V0XX41 A0A8V0ZTG6 A0A8V0Y6W2 A0A8V0XK27 A0A8V0X370 A0A8V0YQC4 A0A8V0ZFH4 A0A8V0XQS7 A0A8V0Z9Y8 A0A8V0Z4M1 P01875 A0A8V0YNQ0 Q98938 A0A8V1A6Y8 A0A8V0XRC4 A0A8V0XCI3 A0A1D5NW03 A0A8V0ZW33 A0A8V1A2P5 A0A8V0XWF0 A0A8V0ZR84 A0A1D5PA74 A0A8V0XUJ8 A0A8V0Y290 A0A8V0XYR2 A0A8V0Z4P8 A0A8V1AEM5 A0A8V0YMR1 Q5ZHX2 A0A8V1A3H9 A0A8V1AAN6 A0A8V0XGY8 A0A8V0XGL8 A0A8V0YQ88 A0A8V1A8N2 A0A3Q2UGW3 A0A1D5PQV0 A0A8V1AFC3 A0A8V0YGQ5 A0A8V0YHH6 A0A8V0Y1N7 A0A8V0X852 A0A8V0ZYN6 A0A1D5PNG3 A0A1D5P1F1 Q6JHU8 A0A8V0XB58 A0A8V0ZZU1 A0A8V0XDM2 A0A8V1A9U7 A0A8V0YDG8 A0A8V0Z2J4 Q5ZJ58 A0A8V1A2F4 E1BQB4 A0A8V0ZBJ8 A0A8V0ZH54 Q9I946 A0A8V0XAF8 A0A8V1A3S8 A0A8V0Z9Z7 A0A8V0Y614 A0A8V0YDD6 F1NSM7 A0A8V0XFB5 A0A8V0ZPH9 A0A8V0YWM3
Molecular Function,transporter activity,1,GO:0005215,19,186,329,2477,0.77,0.2178980226887061,0.66,A0A8V0ZAP0 R4GGQ4 A0A3Q2U2N6 A0A8V0YFB8 A0A3Q2U2N5 A0A8V1A3H7 A0A8V0YLZ5 A0A8V0ZY91 A0A8V0Z5R3 A0A1D5NWP2 A0A8V0YU83 A0A8V0Z249 A0A8V0ZKI8 F1P4D6 A0A8V0ZES4 A0A8V0XLN9 A0A8V1AM47 A0A8V0Z9Y8 Q5ZHL0
Molecular Function,kinase binding,4,GO:0019900,19,189,329,2477,0.76,0.21897595805823936,0.66,A0A8V0YNQ0 A0A8V0ZI29 A0A8V0YGN8 A0A8V0ZEJ3 A0A8V0X643 A0A8V1A3H9 A0A8V1AHJ8 A0A8V0XGL8 A0A8V0ZSG8 A0A8V0ZTA5 A0A8V1AMI7 A0A8V0YW57 A0A8V1A7R0 Q0PVE4 A0A8V0ZY91 Q00649 A0A1D5PBU5 A0A8V1A3S8 A0A8V0ZPH9
Molecular Function,identical protein binding,3,GO:0042802,62,533,329,2477,0.88,0.2209703403343021,0.66,A0A8V0Y0V1 A0A1D5PZV7 A0A8V0ZI29 A0A8V0ZW33 A0A1D5PNB8 A0A8V0Z4R1 A0A3Q3A4U3 A0A1D5NTR5 A0A8V0ZHL4 A0A8V0YDT5 A0A8V0XUK6 A0A1D5NYG2 A0A8V0Y290 A0A8V0YC98 A0A8V0Y8L6 P02460 A0A8V1AHJ8 A0A8V0Y0F3 A0A8V0XGY8 A0A8V0ZG46 A0A8V0XGL8 A0A8V0ZHX5 A0A3Q2UGW3 A0A8V1ABC8 E1BYF1 A0A1L1RX77 A0A8V0YW57 A0A8V0XXW6 A0A8V0YGQ5 A0A8V0YHH6 A0A8V0X852 A0A8V0YRF2 A0A8V0ZI47 A0A8V1A7R0 A0A1D5PC37 A0A1D5P0D7 A0A8V0Y4Q2 A0A8V0ZG43 A0A8V0XB58 A0A8V0YZJ3 A0A8V0ZY91 A0A8V0ZBJ8 Q00649 A0A8V0XJ84 A0A8V0ZH54 A0A1D5NWP2 Q9I946 A0A8V0XAE5 A0A8V0ZKI8 A0A3Q2TU24 A0A8V0YDT4 A0A8V1AB05 A0A8V1AFR2 A0A8V0ZDZ5 A0A8V0Z9Z7 A0A8V0YDD6 A0A8V0YQC4 A0A8V0ZX23 A0A8V0Z4M1 Q5ZKV5 A0A8V0YRG2 A0A8V0XMD4
Molecular Function,endopeptidase activity,4,GO:0004175,17,99,329,2477,1.29,0.2292386104148429,0.64,A0A8V0X4D8 A0A8V1AN12 A0A8V0ZNH3 Q05744 A0A8V1AFH0 A0A8V0XBI2 A0A8V0YDG8 A0A8V0XL09 A0A8V0ZA56 A0A8V0Y070 A0A8V0Y1A4 A0A8V0ZTG6 A0A8V0ZRU9 A0A8V0YF22 A0A8V0XE95 A0A8V0ZF83 A0A8V0Y513
Molecular Function,molecular transducer activity,1,GO:0060089,22,130,329,2477,1.27,0.23071695421386773,0.64,A0A8V0Y0V1 A0A8V0ZI29 A0A8V0YM05 A0A8V1A9A7 A0A3Q3A4U3 A0A8V0YDT5 A0A8V0XUK6 A0A8V0XUJ8 A0A8V0ZKS6 A0A8V0XPE8 A0A8V0YHH6 A0A1D5P1F1 A0A8V0XDM2 A0A8V1A3N1 A0A8V0Z2J4 A0A1D5PDV9 A0A8V0ZKI8 A0A8V1AB05 A0A8V0ZPH9 A0A8V0YRG2 A0A8V1AL54 A0A3Q2U3T5
Molecular Function,protein domain specific binding,3,GO:0019904,21,203,329,2477,0.78,0.23467970697471913,0.63,A0A8V1AG56 A0A8V0XCX4 A0A8V0ZI29 A0A3Q3A4U3 A0A8V0YDT5 A0A8V0YB43 A0A8V0ZZG2 A0A8V0XGL8 A0A8V0ZKS6 A0A8V1ABC8 A0A8V0X5U3 A0A8V0YGQ5 A0A1L1RSD2 A0A1D5PDV9 A0A8V1A3S8 A0A8V1AB05 A0A8V0YDD6 A0A8V1AJV5 A0A8V0Z9Y8 A0A8V0YRG2 A0A8V0ZQS2
Molecular Function,sulfuric ester hydrolase activity,4,GO:0008484,2,7,329,2477,2.15,0.2357328740749724,0.63,A0A8V0XXM5 A0A8V0YLN5
Molecular Function,neurexin family protein binding,4,GO:0042043,2,7,329,2477,2.15,0.2357328740749724,0.63,A0A3Q2UGW3 A0A8V0Y9F8
Molecular Function,RNA nuclease activity,4,GO:0004540,2,7,329,2477,2.15,0.2357328740749724,0.63,A0A8V0ZE30 A0A8V0X7F0
Molecular Function,ubiquitin-like protein conjugating enzyme binding,4,GO:0044390,2,7,329,2477,2.15,0.2357328740749724,0.63,A0A1D5PNL3 A0A8V1A4K1
Molecular Function,heparan sulfate sulfotransferase activity,5,GO:0034483,2,7,329,2477,2.15,0.2357328740749724,0.63,A0A8V0YS46 Q76KB2
Molecular Function,peptidase activity,3,GO:0008233,23,139,329,2477,1.25,0.2467818527087101,0.61,A0A8V0X4D8 A0A8V0XBI2 A0A8V0XL09 A0A8V0XE95 A0A8V0ZDK0 A0A8V1A8E4 A0A8V0ZNH3 A0A8V0ZP32 A0A8V0ZRU9 A0A8V0ZA56 A0A8V0XF68 A0A8V0XA92 A0A8V0YDG8 A0A8V0Y1A4 A0A8V0YF22 A0A8V0ZF83 A0A8V0Y513 Q05744 A0A8V1AFH0 A0A8V0Y070 A0A8V0ZTG6 A0A8V1AN12 P28687
Molecular Function,protein dimerization activity,3,GO:0046983,37,332,329,2477,0.84,0.2582257187610521,0.59,A0A8V1A449 A0A8V0ZI29 A0A8V0ZW33 A0A8V0YM05 A0A3Q3A4U3 A0A1D5NTR5 A0A8V0YDT5 A0A1D5NYG2 A0A8V0Y8L6 A0A8V0YC98 A0A8V1AHJ8 A0A8V0XGY8 A0A3Q2UGW3 E1C733 A0A1L1RX77 A0A8V0YW57 A0A8V0X852 A0A8V0ZI47 A0A8V1A7R0 A0A1D5P0D7 A0A8V0Y4Q2 A0A8V0XB58 A0A8V0YZJ3 A0A8V0ZY91 A0A8V0ZBJ8 Q00649 A0A8V0XJ84 A0A8V0ZH54 Q9I946 A0A8V0ZKI8 A0A3Q2TU24 A0A8V1AB05 A0A8V0Z9Z7 A0A8V0YQC4 A0A8V0ZX23 A0A8V0Z4M1 A0A8V0XMD4
Molecular Function,protein serine/threonine kinase activity,4,GO:0004674,5,63,329,2477,0.6,0.2596465193692392,0.59,A0A8V0XB58 A0A8V0XPE8 A0A8V0ZSX6 A0A8V1ABC9 A0A8V0YRK4
Molecular Function,nucleoside binding,3,GO:0001882,8,90,329,2477,0.67,0.26729822266403497,0.57,A0A8V0YB43 A0A8V0ZWX9 A0A8V0ZG43 A0A8V0ZZU1 A0A8V1AB67 A0A8V0YGN8 A0A3Q2TYT2 E1BQI2
Molecular Function,signaling receptor activity,2,GO:0038023,21,128,329,2477,1.24,0.284689719897032,0.55,A0A8V0Y0V1 A0A8V0ZI29 A0A8V1A9A7 A0A3Q3A4U3 A0A8V0YDT5 A0A8V0XUK6 A0A8V0XUJ8 A0A8V0ZKS6 A0A8V0XPE8 A0A8V0YHH6 A0A1D5P1F1 A0A8V0XDM2 A0A8V1A3N1 A0A8V0Z2J4 A0A1D5PDV9 A0A8V0ZKI8 A0A8V1AB05 A0A8V0ZPH9 A0A8V0YRG2 A0A8V1AL54 A0A3Q2U3T5
Molecular Function,hormone activity,5,GO:0005179,4,18,329,2477,1.67,0.2851383106701457,0.54,A0A8V0YEZ4 A0A8V0YY90 A0A8V1AFP7 A0A8V0XYR2
Molecular Function,transmembrane receptor protein tyrosine kinase activity,5,GO:0004714,4,18,329,2477,1.67,0.2851383106701457,0.54,A0A8V0ZPH9 A0A8V0YRG2 A0A8V0Z2J4 A0A8V1A3N1
Molecular Function,lipoprotein particle receptor activity,2,GO:0030228,2,8,329,2477,1.88,0.2883157387448305,0.54,A0A8V0ZKI8 A0A1D5PIZ5
Molecular Function,nuclear estrogen receptor binding,7,GO:0030331,2,8,329,2477,1.88,0.2883157387448305,0.54,A0A8V0ZE30 A0A8V1AFC3
Molecular Function,phosphatidylinositol kinase activity,5,GO:0052742,2,8,329,2477,1.88,0.2883157387448305,0.54,Q5ZJ58 A0A8V0ZYM1
Molecular Function,xylosyltransferase activity,5,GO:0042285,2,8,329,2477,1.88,0.2883157387448305,0.54,A0A8V0ZFH4 A0A8V0YYQ9
Molecular Function,2-oxoglutarate-dependent dioxygenase activity,4,GO:0016706,2,8,329,2477,1.88,0.2883157387448305,0.54,A0A8V0ZHL4 Q6JHU8
Molecular Function,exopeptidase activity,4,GO:0008238,2,32,329,2477,0.47,0.30351378506627047,0.52,A0A8V0ZP32 A0A8V0XA92
Molecular Function,phosphoric ester hydrolase activity,4,GO:0042578,13,76,329,2477,1.29,0.3042191554749139,0.52,A0A8V1A9L3 A0A8V0XCX4 A0A8V0ZG46 A0A8V0ZI29 A0A8V0X637 A0A8V1AB05 A0A1D5P201 A0A8V0X6J5 A0A8V0XWZ8 A0A8V0ZSX0 A0A8V0YDT5 A0A8V0ZQS2 A0A8V0YC57
Molecular Function,ion channel regulator activity,4,GO:0099106,4,19,329,2477,1.59,0.3049535022765439,0.52,A0A1D5P7Y2 A0A8V0ZRU9 A0A8V0XB58 A0A1D5NWP2
Molecular Function,acyltransferase activity,3,GO:0016746,2,34,329,2477,0.44,0.30582274353050404,0.51,A0A8V0Z1C5 A0A8V0XK73
Molecular Function,cytokine receptor binding,4,GO:0005126,10,57,329,2477,1.32,0.3240792535552467,0.49,Q5ZMG0 A0A8V0ZZG2 A0A8V1A9R2 A0A8V0ZDZ5 A0A8V1ABC8 E1C733 A0A8V0XJ84 A0A8V0Z4M1 A0A8V1A7R0 A0A1D5P0D7
Molecular Function,phosphatidylinositol bisphosphate binding,6,GO:1902936,7,37,329,2477,1.42,0.324805262168896,0.49,A0A8V0ZBA3 A0A8V1ABC8 A0A8V0ZY91 A0A8V0YG88 A0A8V0XFB5 A0A8V0X852 A0A1D5PC37
Molecular Function,"transferase activity, transferring alkyl or aryl (other than methyl) groups",3,GO:0016765,4,20,329,2477,1.51,0.32704355658463846,0.49,A0A8V1AHJ8 A0A8V1AK88 A0A8V0Z4R1 E1BYF1
Molecular Function,kinase inhibitor activity,4,GO:0019210,4,20,329,2477,1.51,0.32704355658463846,0.49,A0A1L1RX77 Q00649 A0A8V0ZKI8 A0A8V0ZC57
Molecular Function,sulfotransferase activity,4,GO:0008146,4,20,329,2477,1.51,0.32704355658463846,0.49,A0A8V0YS46 Q76KB2 A0A8V0WZN3 A0A8V0ZX23
Molecular Function,purine nucleoside binding,4,GO:0001883,8,88,329,2477,0.68,0.33519192112491425,0.47,A0A8V0YB43 A0A8V0ZWX9 A0A8V0ZG43 A0A8V0ZZU1 A0A8V1AB67 A0A8V0YGN8 A0A3Q2TYT2 E1BQI2
Molecular Function,alpha-mannosidase activity,6,GO:0004559,2,9,329,2477,1.67,0.34045136155476086,0.47,A0A8V0XIQ8 A0A8V0Y7C8
Molecular Function,calcium channel regulator activity,5,GO:0005246,2,9,329,2477,1.67,0.34045136155476086,0.47,A0A1D5P7Y2 A0A1D5NWP2
Molecular Function,microfilament motor activity,2,GO:0000146,2,9,329,2477,1.67,0.34045136155476086,0.47,A0A1D5P0X0 A0A8V0YG88
Molecular Function,cell-cell adhesion mediator activity,5,GO:0098632,2,9,329,2477,1.67,0.34045136155476086,0.47,A0A8V0XCI3 A0A1D5NW03
Molecular Function,protein-lipid complex binding,3,GO:0071814,2,9,329,2477,1.67,0.34045136155476086,0.47,A0A8V0XRC4 A0A8V0ZRU9
Molecular Function,lipoprotein particle binding,4,GO:0071813,2,9,329,2477,1.67,0.34045136155476086,0.47,A0A8V0XRC4 A0A8V0ZRU9
Molecular Function,extracellular matrix binding,2,GO:0050840,7,39,329,2477,1.35,0.34614482157881504,0.46,A0A8V1AFH0 A0A8V1A9U7 A0A8V0Y413 A0A8V0ZE58 A0A1L1RX77 A0A8V0YBD7 A0A8V0Z4M1
Molecular Function,protein tyrosine kinase activity,4,GO:0004713,7,39,329,2477,1.35,0.34614482157881504,0.46,A0A8V1A3N1 A0A8V1A9R2 A0A8V0Z2J4 A0A1D5PT01 A0A8V0YW12 A0A8V0ZPH9 A0A8V0YRG2
Molecular Function,protein kinase binding,5,GO:0019901,18,168,329,2477,0.81,0.3475550972417321,0.46,A0A8V0YNQ0 A0A8V1AHJ8 Q0PVE4 A0A8V0XGL8 A0A1D5PBU5 A0A8V0ZSG8 A0A8V0ZI29 A0A8V1A3S8 A0A8V0ZTA5 A0A8V0ZY91 A0A8V1AMI7 A0A8V0YW57 Q00649 A0A8V0ZPH9 A0A8V1A7R0 A0A8V0ZEJ3 A0A8V0X643 A0A8V1A3H9
Molecular Function,metal ion transmembrane transporter activity,5,GO:0046873,8,45,329,2477,1.34,0.37306630748611286,0.43,A0A8V0ZES4 A0A8V0ZY91 A0A8V0XLN9 A0A8V1AM47 A0A1D5NWP2 A0A8V0YLZ5 A0A3Q2U2N6 A0A8V0YFB8
Molecular Function,channel regulator activity,3,GO:0016247,5,27,329,2477,1.39,0.392328740246242,0.41,A0A8V0XB58 A0A8V0ZRU9 A0A8V1AJV5 A0A1D5NWP2 A0A1D5P7Y2
Molecular Function,isomerase activity,2,GO:0016853,4,49,329,2477,0.61,0.3945015220122712,0.4,Q5ZMG0 A0A8V0XA12 E1C3Z8 A0A8V1A4P2
Molecular Function,ligase activity,2,GO:0016874,4,50,329,2477,0.6,0.3969738250565179,0.4,A0A8V0ZZG2 A0A3Q2UEL1 A0A8V0YQC4 A0A8V0Y513
Molecular Function,unfolded protein binding,3,GO:0051082,4,50,329,2477,0.6,0.3969738250565179,0.4,A0A8V0YGQ5 Q00649 A0A8V0XQS7 A0A8V0ZW46
Molecular Function,anion binding,3,GO:0043168,54,452,329,2477,0.9,0.3991271735473768,0.4,A0A8V0YNQ0 P11602 A0A8V1AG56 A0A8V0ZI29 A0A8V0XRC4 A0A8V0Z4R1 A0A8V0YGN8 A0A3Q3A4U3 A0A8V0YDT5 A0A8V0YG88 A0A8V0XFL3 A0A1D5PT25 A0A8V0YC57 A0A8V0YB43 A0A8V1AHJ8 A0A8V0Z8V4 A0A3Q2UGW3 A0A8V1ABC8 A0A8V0ZTA5 E1BYF1 A0A8V0X5U3 A0A8V0YGQ5 A0A8V0ZBS5 A0A3Q2TYT2 A0A8V0X852 A0A8V0Y5K2 A0A1D5P1F1 A0A1D5PC37 A0A8V0ZA56 A0A8V0Y4Q2 A0A8V0ZG43 A0A8V0ZZU1 A0A8V0ZLV3 A0A8V0XDM2 A0A8V0ZBA3 A0A8V0Z2J4 A0A8V0ZE58 A0A8V0ZY91 A0A8V0Y1A4 A0A8V0Z4M1 A0A8V0Z7D4 A0A8V0XAN3 A0A8V0Y513 A0A8V0XAF8 E1BQI2 A0A8V1AB05 A0A8V1AB67 A0A8V0Y413 A0A8V0YMM6 A0A8V0YDD6 A0A8V0XFB5 P33005 A0A8V0XMD4 A0A8V0YWM3
Molecular Function,protein phosphatase binding,5,GO:0019903,9,51,329,2477,1.33,0.4008499616550492,0.4,A0A1D5P1F1 A0A8V0XGL8 A0A8V0XRC4 A0A8V1A9R2 A0A8V1AJI2 A0A8V0ZY91 A0A1L1RP76 A0A8V1A7R0 A0A8V0X643
Molecular Function,G protein-coupled receptor activity,4,GO:0004930,5,28,329,2477,1.34,0.4081169783603791,0.39,A0A1D5PDV9 A0A8V0XUJ8 A0A1D5P1F1 A0A8V1AL54 A0A3Q2U3T5
Molecular Function,low-density lipoprotein particle receptor binding,5,GO:0050750,3,14,329,2477,1.61,0.4170764169351231,0.38,A0A8V0YXG4 A0A8V0ZRU9 A0A8V0Z9Y8
Molecular Function,"catalytic activity, acting on a glycoprotein",3,GO:0140103,3,14,329,2477,1.61,0.4170764169351231,0.38,A0A8V0ZYN6 A0A8V0ZR84 A0A8V0Z0B9
Molecular Function,transcription coactivator activity,3,GO:0003713,2,30,329,2477,0.5,0.41743447674126033,0.38,A0A1D5PLP1 A0A8V1AFC3
Molecular Function,"phosphatidylinositol-4,5-bisphosphate binding",4,GO:0005546,6,32,329,2477,1.41,0.42628764386332485,0.37,A0A8V1ABC8 A0A8V0ZY91 A0A8V0YG88 A0A8V0XFB5 A0A8V0X852 A0A1D5PC37
Molecular Function,disordered domain specific binding,4,GO:0097718,3,15,329,2477,1.51,0.4376728856191208,0.36,A0A8V0YDD6 A0A8V0X5U3 A0A8V0Z9Y8
Molecular Function,nuclease activity,4,GO:0004518,3,15,329,2477,1.51,0.4376728856191208,0.36,A0A8V0ZE30 A0A8V0XWZ8 A0A8V0X7F0
Molecular Function,myosin binding,4,GO:0017022,6,34,329,2477,1.33,0.44306345172603867,0.35,A0A8V0YB43 A0A8V1AB67 A0A8V0YPH9 Q00649 A0A8V1AJV5 A0A3Q2TYT2
Molecular Function,endopeptidase regulator activity,4,GO:0061135,6,63,329,2477,0.72,0.45512616427425145,0.34,A0A8V0X4D8 A0A8V0Y614 A0A8V0X852 A0A8V0YRF2 A0A8V0YPA6 A0A8V1A653
Molecular Function,P-type ion transporter activity,4,GO:0015662,3,16,329,2477,1.41,0.4607168882479313,0.34,Q5ZHL0 A0A3Q2U2N6 A0A8V0YFB8
Molecular Function,amino acid binding,5,GO:0016597,3,16,329,2477,1.41,0.4607168882479313,0.34,A0A8V0ZBS5 A0A8V0Z4R1 A0A8V0Y513
Molecular Function,protein heterodimerization activity,4,GO:0046982,11,105,329,2477,0.79,0.46331937151360647,0.33,A0A8V1AHJ8 A0A3Q2TU24 A0A8V0XGY8 A0A8V0Y8L6 A0A8V0ZW33 A0A8V0YM05 A0A8V0ZBJ8 A0A1D5NTR5 A0A8V0XJ84 A0A1D5NYG2 A0A8V0Z4M1
Molecular Function,transmembrane transporter binding,3,GO:0044325,3,37,329,2477,0.61,0.46778334627045803,0.33,A0A8V0XB58 A0A8V0ZY91 A0A8V0Z9Y8
Molecular Function,"DNA-binding transcription factor activity, RNA polymerase II-specific",3,GO:0000981,3,38,329,2477,0.59,0.46919890570871037,0.33,A0A8V0XFL3 A0A8V0YM05 A0A8V1A7R0
Molecular Function,lyase activity,2,GO:0016829,3,38,329,2477,0.59,0.46919890570871037,0.33,A0A8V0YLT1 A0A1D5PQV0 E1BYF1
Molecular Function,magnesium ion binding,5,GO:0000287,3,38,329,2477,0.59,0.46919890570871037,0.33,A0A1D5P1F1 A0A8V1A4P2 E1BQI2
Molecular Function,peptidase regulator activity,3,GO:0061134,8,79,329,2477,0.76,0.5008724346085791,0.3,A0A8V0X4D8 A0A8V0YDT4 A0A8V0Y614 A0A8V0YDD6 A0A8V0X852 A0A8V0YRF2 A0A8V0YPA6 A0A8V1A653
Molecular Function,protein kinase regulator activity,4,GO:0019887,4,45,329,2477,0.67,0.5075049839887606,0.29,A0A1L1RX77 Q00649 A0A8V0ZC57 A0A8V0X1T3
Molecular Function,metalloendopeptidase activity,5,GO:0004222,4,21,329,2477,1.43,0.5116678668598293,0.29,A0A8V0Y1A4 A0A8V0ZF83 A0A8V0Y070 A0A8V1AN12
Molecular Function,growth factor activity,5,GO:0008083,4,21,329,2477,1.43,0.5116678668598293,0.29,A0A8V0YNQ0 A0A3Q2TU24 A0A8V0Z4M1 A0A8V1ADF6
Molecular Function,RNA polymerase II cis-regulatory region sequence-specific DNA binding,7,GO:0000978,4,21,329,2477,1.43,0.5116678668598293,0.29,A0A8V0XFL3 A0A8V0YM05 A0A8V1A7R0 A0A8V1AFC3
Molecular Function,cis-regulatory region sequence-specific DNA binding,6,GO:0000987,4,21,329,2477,1.43,0.5116678668598293,0.29,A0A8V0XFL3 A0A8V0YM05 A0A8V1A7R0 A0A8V1AFC3
Molecular Function,phosphatase activity,5,GO:0016791,9,56,329,2477,1.21,0.5483768812975103,0.26,A0A8V1A9L3 A0A8V0XCX4 A0A8V0ZG46 A0A8V0ZI29 A0A8V1AB05 A0A1D5P201 A0A8V0X6J5 A0A8V0YDT5 A0A8V0ZQS2
Molecular Function,"transferase activity, transferring sulphur-containing groups",3,GO:0016782,4,24,329,2477,1.25,0.5491381765934764,0.26,A0A8V0YS46 Q76KB2 A0A8V0WZN3 A0A8V0ZX23
Molecular Function,amide binding,2,GO:0033218,11,101,329,2477,0.82,0.55082529769963,0.26,A0A8V1AHJ8 A0A8V0X4D8 A0A8V0XA92 A0A8V0XDM2 Q05744 A0A8V0YRG2 A0A8V0YDG8 A0A8V0Z9Y8 A0A8V0YF22 A0A8V0XA12 A0A8V0YR09
Molecular Function,metal ion binding,4,GO:0046872,38,263,329,2477,1.09,0.5641536047958862,0.25,A0A8V0ZWX9 Q98938 A0A8V0XXM5 A0A8V0XCI3 A0A1D5PNB8 A0A8V0ZR84 R4GGQ4 A0A8V0ZY61 A0A8V1AHJ8 A0A8V0Z8V4 A0A8V0XGY8 A0A8V0X637 A0A8V0YPH9 A0A1D5PQV0 A0A3Q2TTB3 A0A8V0ZXC9 A0A8V1A4P2 A0A8V0X852 A0A8V0ZYN6 A0A1D5P1F1 A0A8V0XA92 A0A8V0ZLV3 A0A8V1A9U7 A0A8V0XWZ8 A0A8V0Y103 A0A1D5NWP2 A0A8V0YYQ9 A0A8V0Y2G8 A0A8V0Y513 E1BQI2 A0A8V0YDT4 A0A8V0Y413 A0A8V0ZDZ5 A0A8V0ZFH4 A0A8V0Y6W2 A0A8V0YDD6 A0A8V0YLT1 A0A8V1A653
Molecular Function,active monoatomic ion transmembrane transporter activity,4,GO:0022853,4,25,329,2477,1.2,0.5649198254283857,0.25,Q5ZHL0 A0A3Q2U2N5 A0A3Q2U2N6 A0A8V0YFB8
Molecular Function,ATPase-coupled monoatomic cation transmembrane transporter activity,3,GO:0019829,4,25,329,2477,1.2,0.5649198254283857,0.25,Q5ZHL0 A0A3Q2U2N5 A0A3Q2U2N6 A0A8V0YFB8
Molecular Function,modified amino acid binding,2,GO:0072341,4,25,329,2477,1.2,0.5649198254283857,0.25,A0A8V1AHJ8 A0A8V0XDM2 A0A8V0X852 A0A8V0Y513
Molecular Function,ATPase-coupled ion transmembrane transporter activity,3,GO:0042625,4,25,329,2477,1.2,0.5649198254283857,0.25,Q5ZHL0 A0A3Q2U2N5 A0A3Q2U2N6 A0A8V0YFB8
Molecular Function,endopeptidase inhibitor activity,5,GO:0004866,6,59,329,2477,0.77,0.564925771460576,0.25,A0A8V0X4D8 A0A8V0Y614 A0A8V0X852 A0A8V0YRF2 A0A8V0YPA6 A0A8V1A653
Molecular Function,peptidase inhibitor activity,4,GO:0030414,6,60,329,2477,0.75,0.5649311612678827,0.25,A0A8V0X4D8 A0A8V0Y614 A0A8V0X852 A0A8V0YRF2 A0A8V0YPA6 A0A8V1A653
Molecular Function,NAD binding,7,GO:0051287,2,26,329,2477,0.58,0.5657891726168123,0.25,A0A8V0XMD4 A0A1D5PNB8
Molecular Function,SH3 domain binding,4,GO:0017124,2,27,329,2477,0.56,0.5677595166927445,0.25,A0A8V0XCX4 A0A8V0ZQS2
Molecular Function,"acyltransferase activity, transferring groups other than amino-acyl groups",4,GO:0016747,2,27,329,2477,0.56,0.5677595166927445,0.25,A0A8V0Z1C5 A0A8V0XK73
Molecular Function,monosaccharide binding,3,GO:0048029,2,27,329,2477,0.56,0.5677595166927445,0.25,A0A8V0Z1E9 E1BS94
Molecular Function,hormone binding,2,GO:0042562,2,27,329,2477,0.56,0.5677595166927445,0.25,A0A8V0XUJ8 A0A8V0Y614
Molecular Function,single-stranded RNA binding,5,GO:0003727,2,28,329,2477,0.54,0.5718266655674094,0.24,A0A8V0Z438 A0A8V0XXW6
Molecular Function,cysteine-type endopeptidase activity,5,GO:0004197,5,29,329,2477,1.3,0.5777878183029276,0.24,Q05744 A0A8V1AFH0 A0A8V0XBI2 A0A8V0XL09 A0A8V0XE95
Molecular Function,scaffold protein binding,3,GO:0097110,5,30,329,2477,1.25,0.5854363985987573,0.23,A0A8V0XGL8 A0A3Q2UGW3 A0A8V0ZY91 A0A8V1ABC9 A0A8V0YRF2
Molecular Function,microtubule binding,5,GO:0008017,7,69,329,2477,0.76,0.5883553880255612,0.23,A0A1D5PBU5 A0A8V0Y7Y9 A0A8V0YPQ6 A0A8V0X5U3 A0A8V0YVT3 A0A1D5NWP2 A0A8V0Z4P8
Molecular Function,primary active transmembrane transporter activity,4,GO:0015399,5,31,329,2477,1.21,0.5945662254141695,0.23,A0A3Q2U2N5 R4GGQ4 Q5ZHL0 A0A3Q2U2N6 A0A8V0YFB8
Molecular Function,calmodulin binding,3,GO:0005516,5,31,329,2477,1.21,0.5945662254141695,0.23,A0A8V0XB58 Q5ZJ58 A0A8V0ZY91 A0A8V0YG88 A0A1D5P1F1
Molecular Function,channel activity,4,GO:0015267,3,33,329,2477,0.68,0.6118472735716076,0.21,A0A8V0Z5R3 A0A1D5NWP2 A0A8V0ZY91
Molecular Function,passive transmembrane transporter activity,3,GO:0022803,3,34,329,2477,0.66,0.612313987523581,0.21,A0A8V0Z5R3 A0A1D5NWP2 A0A8V0ZY91
Molecular Function,protein-containing complex binding,2,GO:0044877,46,373,329,2477,0.93,0.6195086997042587,0.21,A0A8V0ZBR8 A0A8V0ZI29 A0A8V0XRC4 A0A8V1A2P5 A0A8V0YVT3 A0A8V0YXG4 A0A8V1A8R6 A0A8V0XRN3 A0A8V0YG88 A0A8V0Y290 A0A8V0Y0F3 A0A8V0ZZG2 A0A8V0XGL8 A0A8V1A8N2 A0A8V0X5U3 A0A1L1RX77 A0A8V0YGQ5 A0A8V0ZRU9 A0A8V1AKH4 A0A8V0X852 A0A1D5NZN4 A0A1D5PE57 A0A1D5PNG3 Q6JHU8 A0A8V0Y4Q2 A0A8V0ZTP1 A0A8V0ZE58 A0A1D5P0X0 E1BQB4 A0A8V1ABC9 A0A8V0YRK4 A0A8V0XXK8 A0A8V0Y513 A0A3Q2TU24 A0A8V0ZB91 A0A1D5P655 A0A8V0YDT4 A0A8V1AFH0 A0A8V0Y413 A0A8V0Z9Z7 A0A8V0YMM6 A0A8V0Y070 A0A1D5PT01 A0A8V0YDD6 A0A8V1AJV5 A0A8V0YRG2
Molecular Function,kinase activity,4,GO:0016301,18,154,329,2477,0.88,0.6245290780090249,0.2,A0A1D5P1F1 A0A3Q2TU24 A0A8V0ZG46 A0A8V0XB58 A0A8V1A3N1 A0A8V1A9R2 A0A8V0Z2J4 Q5ZJ58 E1C733 A0A8V0ZYM1 A0A8V0XPE8 A0A1D5PT01 A0A8V0ZSX6 A0A8V1ABC9 A0A8V0YW12 A0A8V0ZPH9 A0A8V0YRG2 A0A8V0YRK4
Molecular Function,cholesterol binding,4,GO:0015485,2,10,329,2477,1.51,0.631144706439305,0.2,A0A8V1A3H7 A0A8V0Z4P8
Molecular Function,peptide receptor activity,3,GO:0001653,2,10,329,2477,1.51,0.631144706439305,0.2,A0A8V0XUJ8 A0A3Q2U3T5
Molecular Function,dioxygenase activity,3,GO:0051213,2,10,329,2477,1.51,0.631144706439305,0.2,A0A8V0ZHL4 Q6JHU8
Molecular Function,solute:sodium symporter activity,5,GO:0015370,2,10,329,2477,1.51,0.631144706439305,0.2,A0A8V0YLZ5 A0A8V1AM47
Molecular Function,"DNA-binding transcription repressor activity, RNA polymerase II-specific",4,GO:0001227,2,10,329,2477,1.51,0.631144706439305,0.2,A0A8V0XFL3 A0A8V0YM05
Molecular Function,channel inhibitor activity,4,GO:0016248,2,10,329,2477,1.51,0.631144706439305,0.2,A0A8V0ZRU9 A0A8V0XB58
Molecular Function,sodium channel regulator activity,5,GO:0017080,2,10,329,2477,1.51,0.631144706439305,0.2,A0A8V0ZRU9 A0A8V0XB58
Molecular Function,phospholipid transporter activity,3,GO:0005548,2,10,329,2477,1.51,0.631144706439305,0.2,A0A3Q2U2N5 A0A8V0YU83
Molecular Function,frizzled binding,5,GO:0005109,2,10,329,2477,1.51,0.631144706439305,0.2,A0A8V0ZKI8 A0A8V1AG56
Molecular Function,tumor necrosis factor receptor superfamily binding,5,GO:0032813,2,10,329,2477,1.51,0.631144706439305,0.2,A0A8V0ZDZ5 A0A8V1ABC8
Molecular Function,ion channel inhibitor activity,5,GO:0008200,2,10,329,2477,1.51,0.631144706439305,0.2,A0A8V0ZRU9 A0A8V0XB58
Molecular Function,dynein complex binding,3,GO:0070840,2,10,329,2477,1.51,0.631144706439305,0.2,A0A8V0Z9Z7 A0A8V0X5U3
Molecular Function,non-membrane spanning protein tyrosine kinase activity,5,GO:0004715,2,10,329,2477,1.51,0.631144706439305,0.2,A0A8V0YW12 A0A8V1A9R2
Molecular Function,G protein-coupled peptide receptor activity,4,GO:0008528,2,10,329,2477,1.51,0.631144706439305,0.2,A0A8V0XUJ8 A0A3Q2U3T5
Molecular Function,protein-macromolecule adaptor activity,2,GO:0030674,6,39,329,2477,1.16,0.6361090996912162,0.2,Q5ZKV5 A0A8V0YGQ5 A0A8V1ACU1 A0A8V0ZAU8 A0A8V0ZEJ3 A0A8V0XXK8
Molecular Function,"transferase activity, transferring phosphorus-containing groups",3,GO:0016772,20,168,329,2477,0.9,0.6393679696016712,0.19,A0A8V0ZYM1 A0A8V0YW12 A0A8V0ZG46 E1C733 A0A3Q2TTB3 A0A8V0XPE8 A0A8V0ZSX6 A0A8V0Z1C5 A0A1D5P1F1 A0A8V0XB58 A0A8V1A3N1 A0A8V0Z2J4 Q5ZJ58 A0A8V1ABC9 A0A8V0YRK4 A0A3Q2TU24 A0A8V1A9R2 A0A1D5PT01 A0A8V0ZPH9 A0A8V0YRG2
Molecular Function,translation regulator activity,1,GO:0045182,2,11,329,2477,1.37,0.648204450659344,0.19,A0A8V0ZSX6 A0A8V0XPN5
Molecular Function,protein phosphatase 1 binding,6,GO:0008157,2,11,329,2477,1.37,0.648204450659344,0.19,A0A8V0ZY91 A0A1L1RP76
Molecular Function,chromatin DNA binding,4,GO:0031490,2,11,329,2477,1.37,0.648204450659344,0.19,A0A8V1A7R0 A0A8V1AFC3
Molecular Function,fibroblast growth factor binding,4,GO:0017134,2,11,329,2477,1.37,0.648204450659344,0.19,A0A8V0Y5K2 A0A8V0Z2J4
Molecular Function,lipid binding,2,GO:0008289,22,183,329,2477,0.91,0.652338466670413,0.19,A0A8V1AG56 P11602 A0A1D5NVM6 A0A8V0YG88 A0A8V0XFL3 A0A1D5PT25 A0A8V0Z4P8 A0A8V1AHJ8 A0A8V1ABC8 A0A8V0ZTA5 A0A8V0X5U3 A0A8V0X852 A0A8V1A3H7 A0A1D5PC37 A0A8V0ZBA3 A0A8V0ZY91 A0A8V0XAN3 A0A8V0Z7D4 A0A8V0YR09 A0A8V0XAF8 A0A8V0Y513 A0A8V0XFB5
Molecular Function,antigen binding,2,GO:0003823,2,12,329,2477,1.25,0.6672687969531307,0.18,P01875 A0A8V0XEJ0
Molecular Function,sterol binding,4,GO:0032934,2,12,329,2477,1.25,0.6672687969531307,0.18,A0A8V1A3H7 A0A8V0Z4P8
Molecular Function,organic acid binding,3,GO:0043177,5,48,329,2477,0.78,0.6717213004546019,0.17,A0A8V0XDM2 A0A8V0XRC4 A0A8V0Z4R1 A0A8V0ZBS5 A0A8V0Y513
Molecular Function,kinase regulator activity,3,GO:0019207,5,49,329,2477,0.77,0.6718840815405731,0.17,A0A8V0ZKI8 A0A8V0X1T3 A0A1L1RX77 Q00649 A0A8V0ZC57
Molecular Function,DNA-binding transcription factor activity,2,GO:0003700,5,49,329,2477,0.77,0.6718840815405731,0.17,A0A8V1AG56 A0A8V0YM05 A0A8V0XFL3 A0A8V1A7R0 A0A8V1AJ90
Molecular Function,protein-folding chaperone binding,3,GO:0051087,5,50,329,2477,0.75,0.6730198738615057,0.17,Q5ZIB0 A0A8V0Y4Q2 A0A8V0YGQ5 A0A8V0YDD6 A0A8V0Z6M9
Molecular Function,"catalytic activity, acting on RNA",3,GO:0140098,5,50,329,2477,0.75,0.6730198738615057,0.17,A0A8V0ZJ97 A0A3Q2TTB3 A0A8V0YQC4 A0A8V0X7F0 A0A8V0ZE30
Molecular Function,active transmembrane transporter activity,3,GO:0022804,8,54,329,2477,1.12,0.6862516186611904,0.16,A0A3Q2U2N5 A0A8V0Z249 A0A8V1AM47 R4GGQ4 Q5ZHL0 A0A8V0YLZ5 A0A3Q2U2N6 A0A8V0YFB8
Molecular Function,Wnt-protein binding,3,GO:0017147,2,13,329,2477,1.16,0.6875048833046096,0.16,A0A8V0ZKI8 A0A8V1A9A7
Molecular Function,cysteine-type endopeptidase inhibitor activity involved in apoptotic process,4,GO:0043027,2,13,329,2477,1.16,0.6875048833046096,0.16,A0A8V0X852 A0A8V0YRF2
Molecular Function,symporter activity,5,GO:0015293,2,13,329,2477,1.16,0.6875048833046096,0.16,A0A8V0YLZ5 A0A8V1AM47
Molecular Function,"ligase activity, forming carbon-nitrogen bonds",3,GO:0016879,2,13,329,2477,1.16,0.6875048833046096,0.16,A0A3Q2UEL1 A0A8V0Y513
Molecular Function,solute:monoatomic cation symporter activity,5,GO:0015294,2,13,329,2477,1.16,0.6875048833046096,0.16,A0A8V0YLZ5 A0A8V1AM47
Molecular Function,chemoattractant activity,5,GO:0042056,2,13,329,2477,1.16,0.6875048833046096,0.16,A0A8V0Z4M1 A0A8V1AG56
Molecular Function,G protein-coupled receptor binding,4,GO:0001664,9,62,329,2477,1.09,0.7065667067733491,0.15,A0A8V0ZKI8 A0A8V1AG56 A0A8V0ZZG2 Q98938 A0A8V0ZHK9 E1C733 A0A8V1AJV5 A0A8V1A7R0 A0A8V0XYR2
Molecular Function,cation binding,3,GO:0043169,39,278,329,2477,1.06,0.7075098806638179,0.15,A0A8V0ZWX9 Q98938 A0A8V0XXM5 A0A8V0XCI3 A0A1D5PNB8 A0A8V0ZR84 R4GGQ4 A0A8V0ZY61 A0A8V1AHJ8 A0A8V0Z8V4 A0A8V0XGY8 A0A8V0X637 A0A8V0YPH9 A0A1D5PQV0 A0A3Q2TTB3 A0A8V0ZBS5 A0A8V0ZXC9 A0A8V1A4P2 A0A8V0X852 A0A8V0ZYN6 A0A1D5P1F1 A0A8V0XA92 A0A8V0ZLV3 A0A8V1A9U7 A0A8V0XWZ8 A0A8V0Y103 A0A1D5NWP2 A0A8V0YYQ9 A0A8V0Y2G8 A0A8V0Y513 E1BQI2 A0A8V0YDT4 A0A8V0Y413 A0A8V0ZDZ5 A0A8V0ZFH4 A0A8V0Y6W2 A0A8V0YDD6 A0A8V0YLT1 A0A8V1A653
Molecular Function,"phosphatidylinositol-3,4,5-trisphosphate binding",4,GO:0005547,2,14,329,2477,1.08,0.7082650483985145,0.15,A0A8V0YG88 A0A1D5PC37
Molecular Function,ubiquitin binding,4,GO:0043130,3,18,329,2477,1.25,0.7231722194308883,0.14,Q00649 A0A1D5NVM6 A0A1D5PNL3
Molecular Function,calcium ion transmembrane transporter activity,4,GO:0015085,3,18,329,2477,1.25,0.7231722194308883,0.14,A0A1D5NWP2 A0A3Q2U2N6 A0A8V0YFB8
Molecular Function,protein kinase C binding,6,GO:0005080,3,18,329,2477,1.25,0.7231722194308883,0.14,Q00649 Q0PVE4 A0A8V0ZSG8
Molecular Function,lipoprotein particle receptor binding,4,GO:0070325,3,18,329,2477,1.25,0.7231722194308883,0.14,A0A8V0YXG4 A0A8V0ZRU9 A0A8V0Z9Y8
Molecular Function,protein kinase inhibitor activity,5,GO:0004860,3,18,329,2477,1.25,0.7231722194308883,0.14,A0A1L1RX77 Q00649 A0A8V0ZC57
Molecular Function,ubiquitin-like protein binding,3,GO:0032182,3,19,329,2477,1.19,0.7317479670070173,0.14,Q00649 A0A1D5NVM6 A0A1D5PNL3
Molecular Function,receptor tyrosine kinase binding,4,GO:0030971,3,19,329,2477,1.19,0.7317479670070173,0.14,A0A8V1A3H9 A0A8V0ZEJ3 A0A8V0ZI29
Molecular Function,steroid binding,3,GO:0005496,3,20,329,2477,1.13,0.7415943032679001,0.13,A0A8V1A3H7 A0A8V1AHJ8 A0A8V0Z4P8
Molecular Function,lipid transporter activity,2,GO:0005319,3,20,329,2477,1.13,0.7415943032679001,0.13,A0A8V1A3H7 A0A3Q2U2N5 A0A8V0YU83
Molecular Function,monoatomic ion-gated channel activity,7,GO:0022839,3,21,329,2477,1.08,0.7524047980024159,0.12,A0A8V0Z5R3 A0A1D5NWP2 A0A8V0ZY91
Molecular Function,sodium ion transmembrane transporter activity,4,GO:0015081,3,21,329,2477,1.08,0.7524047980024159,0.12,A0A8V0YLZ5 A0A8V1AM47 A0A8V0ZES4
Molecular Function,vitamin binding,3,GO:0019842,3,21,329,2477,1.08,0.7524047980024159,0.12,A0A8V0X783 A0A8V0XDM2 E1BYF1
Molecular Function,transcription factor binding,3,GO:0008134,11,94,329,2477,0.88,0.7573711859136607,0.12,A0A8V0ZG43 A0A8V0ZSG8 A0A8V1A6A3 A0A8V0Z9Z7 A0A8V0XWZ8 A0A8V0YY70 A0A8V1AFC3 A0A8V0XM58 A0A1D5PLP1 A0A8V1A7R0 A0A8V0ZE30
Molecular Function,inorganic anion transmembrane transporter activity,4,GO:0015103,2,22,329,2477,0.68,0.7582519159647055,0.12,A0A8V0Z5R3 A0A8V0Z249
Molecular Function,peptidase activator activity,4,GO:0016504,2,23,329,2477,0.65,0.7589067529332172,0.12,A0A8V0YDD6 A0A8V0YDT4
Molecular Function,"hydrolase activity, acting on acid anhydrides, in phosphorus-containing anhydrides",4,GO:0016818,32,230,329,2477,1.05,0.7597430990135658,0.12,A0A8V1A449 A0A8V1A6Y8 A0A8V0YGN8 A0A8V0YVT3 A0A8V0YG88 P07032 A0A8V0Z4P8 A0A3Q2U2N6 A0A8V0YFB8 A0A8V0Z6M9 A0A8V0YB43 A0A8V1AM51 A0A8V0Y8G8 A0A3Q2U2N5 Q5ZHX2 A0A8V0YW57 A0A8V0Y1N7 A0A3Q2TYT2 A0A8V0Z6B9 A0A8V0ZZU1 A0A1D5P0X0 A0A8V0XWZ8 A0A8V0YU83 E1BQI2 A0A8V0ZJ97 A0A1D5PBU5 A0A8V1AB67 A0A8V0X370 A0A8V0XK27 A0A8V0XTW4 A0A8V0ZQP1 Q5ZHL0
Molecular Function,"hydrolase activity, acting on acid anhydrides",3,GO:0016817,32,230,329,2477,1.05,0.7597430990135658,0.12,A0A8V1A449 A0A8V1A6Y8 A0A8V0YGN8 A0A8V0YVT3 A0A8V0YG88 P07032 A0A8V0Z4P8 A0A3Q2U2N6 A0A8V0YFB8 A0A8V0Z6M9 A0A8V0YB43 A0A8V1AM51 A0A8V0Y8G8 A0A3Q2U2N5 Q5ZHX2 A0A8V0YW57 A0A8V0Y1N7 A0A3Q2TYT2 A0A8V0Z6B9 A0A8V0ZZU1 A0A1D5P0X0 A0A8V0XWZ8 A0A8V0YU83 E1BQI2 A0A8V0ZJ97 A0A1D5PBU5 A0A8V1AB67 A0A8V0X370 A0A8V0XK27 A0A8V0XTW4 A0A8V0ZQP1 Q5ZHL0
Molecular Function,inorganic molecular entity transmembrane transporter activity,3,GO:0015318,12,101,329,2477,0.89,0.7658357415706384,0.12,A0A3Q2U2N5 A0A8V0Z249 A0A8V0ZES4 A0A8V0ZY91 A0A8V0XLN9 A0A8V0Z5R3 A0A8V1AM47 A0A1D5NWP2 Q5ZHL0 A0A8V0YLZ5 A0A3Q2U2N6 A0A8V0YFB8
Molecular Function,lipase activity,4,GO:0016298,4,26,329,2477,1.16,0.7692457895226922,0.11,A0A8V0Y9F8 P11602 A0A8V0XWZ8 A0A8V0X637
Molecular Function,protein homodimerization activity,4,GO:0042803,33,263,329,2477,0.94,0.7734935320791247,0.11,A0A8V0ZI29 A0A8V0ZW33 A0A3Q3A4U3 A0A1D5NTR5 A0A8V0YDT5 A0A1D5NYG2 A0A8V0Y8L6 A0A8V0YC98 A0A8V1AHJ8 A0A8V0XGY8 A0A3Q2UGW3 A0A1L1RX77 A0A8V0YW57 A0A8V0X852 A0A8V0ZI47 A0A8V1A7R0 A0A1D5P0D7 A0A8V0Y4Q2 A0A8V0XB58 A0A8V0YZJ3 A0A8V0ZY91 A0A8V0ZBJ8 Q00649 A0A8V0ZH54 Q9I946 A0A8V0ZKI8 A0A3Q2TU24 A0A8V1AB05 A0A8V0Z9Z7 A0A8V0YQC4 A0A8V0ZX23 A0A8V0Z4M1 A0A8V0XMD4
Molecular Function,monoatomic ion transmembrane transporter activity,3,GO:0015075,13,110,329,2477,0.89,0.7737359948498826,0.11,A0A3Q2U2N5 A0A8V0Z249 A0A8V0ZES4 A0A8V0ZY91 A0A8V0XLN9 A0A8V0Z5R3 F1P4D6 A0A8V1AM47 A0A1D5NWP2 Q5ZHL0 A0A8V0YLZ5 A0A3Q2U2N6 A0A8V0YFB8
Molecular Function,ATPase-coupled transmembrane transporter activity,2,GO:0042626,4,28,329,2477,1.08,0.7814633756243414,0.11,Q5ZHL0 A0A3Q2U2N5 A0A3Q2U2N6 A0A8V0YFB8
Molecular Function,RNA polymerase II transcription regulatory region sequence-specific DNA binding,6,GO:0000977,4,28,329,2477,1.08,0.7814633756243414,0.11,A0A8V0XFL3 A0A8V0YM05 A0A8V1A7R0 A0A8V1AFC3
Molecular Function,cytokine binding,3,GO:0019955,4,28,329,2477,1.08,0.7814633756243414,0.11,A0A8V0XPE8 A0A8V0XJ84 A0A8V0YMM6 A0A8V0YQ88
Molecular Function,transmembrane transporter activity,2,GO:0022857,15,125,329,2477,0.9,0.7867767207456628,0.1,A0A8V0ZKI8 A0A3Q2U2N5 A0A8V0Z249 A0A8V0ZES4 A0A8V0ZY91 A0A8V0XLN9 A0A8V0Z5R3 F1P4D6 A0A8V1AM47 R4GGQ4 A0A1D5NWP2 Q5ZHL0 A0A8V0YLZ5 A0A3Q2U2N6 A0A8V0YFB8
Molecular Function,ATPase binding,4,GO:0051117,4,29,329,2477,1.04,0.7886948463570161,0.1,Q5ZIB0 A0A8V1AB67 A0A8V0Y7Y9 A0A8V1A6A3
Molecular Function,monoatomic ion channel activity,4,GO:0005216,3,32,329,2477,0.71,0.7917605336698396,0.1,A0A8V0Z5R3 A0A1D5NWP2 A0A8V0ZY91
Molecular Function,phospholipid binding,3,GO:0005543,16,132,329,2477,0.91,0.7923272523729726,0.1,A0A8V0XAF8 A0A8V1AG56 A0A8V0ZBA3 A0A8V1ABC8 A0A8V0ZTA5 A0A8V0ZY91 A0A8V0X5U3 A0A8V0XAN3 A0A8V0Z7D4 A0A8V0X852 A0A8V0XFB5 A0A8V0XFL3 A0A8V0YG88 A0A1D5PT25 A0A1D5PC37 A0A8V0Y513
Molecular Function,sequence-specific double-stranded DNA binding,6,GO:1990837,5,33,329,2477,1.14,0.7945358851342699,0.1,A0A8V0YM05 A0A8V1AFC3 A0A8V0YW57 A0A8V0XFL3 A0A8V1A7R0
Molecular Function,double-stranded DNA binding,5,GO:0003690,5,34,329,2477,1.11,0.7981060062813591,0.1,A0A8V0YM05 A0A8V1AFC3 A0A8V0YW57 A0A8V0XFL3 A0A8V1A7R0
Molecular Function,growth factor receptor binding,4,GO:0070851,5,35,329,2477,1.08,0.8023793887157862,0.1,A0A3Q2TU24 A0A8V1ABC8 A0A8V1AJV5 A0A8V0Z4M1 Q9I946
Molecular Function,monoatomic anion transmembrane transporter activity,4,GO:0008509,4,40,329,2477,0.75,0.8130823792561945,0.09,A0A8V0Z5R3 A0A8V1AM47 F1P4D6 A0A8V0Z249
Molecular Function,metallopeptidase activity,4,GO:0008237,6,43,329,2477,1.05,0.821797459539473,0.09,A0A8V0XA92 A0A8V0Y1A4 A0A8V0Y070 A0A8V0ZP32 A0A8V1AN12 A0A8V0ZF83
Molecular Function,molecular adaptor activity,1,GO:0060090,6,44,329,2477,1.03,0.8257134625237756,0.08,Q5ZKV5 A0A8V0YGQ5 A0A8V1ACU1 A0A8V0ZAU8 A0A8V0ZEJ3 A0A8V0XXK8
Molecular Function,guanyl-nucleotide exchange factor activity,5,GO:0005085,5,46,329,2477,0.82,0.8264043429001231,0.08,A0A3Q2TU24 A0A8V0XB58 A0A8V1A9R2 A0A8V1AAH7 A0A8V1ADF6
Molecular Function,carboxylic acid binding,4,GO:0031406,5,47,329,2477,0.8,0.8274406464964255,0.08,A0A8V0XDM2 A0A8V0XRC4 A0A8V0Z4R1 A0A8V0ZBS5 A0A8V0Y513
Molecular Function,protease binding,4,GO:0002020,7,48,329,2477,1.1,0.8290029122503109,0.08,Q5ZMG0 A0A8V0X4D8 A0A8V0YDD6 A0A1D5NWP2 A0A8V0YRF2 A0A1D5PE57 A0A8V1A653
Molecular Function,ribonucleoside triphosphate phosphatase activity,6,GO:0017111,30,220,329,2477,1.03,0.8356261679112194,0.08,A0A8V1A449 A0A8V1A6Y8 A0A8V0YGN8 A0A8V0YVT3 A0A8V0YG88 A0A8V0Z4P8 A0A3Q2U2N6 A0A8V0YFB8 A0A8V0Z6M9 A0A8V0YB43 A0A8V1AM51 A0A8V0Y8G8 A0A3Q2U2N5 Q5ZHX2 A0A8V0YW57 A0A8V0Y1N7 A0A3Q2TYT2 A0A8V0Z6B9 A0A8V0ZZU1 A0A1D5P0X0 A0A8V0YU83 E1BQI2 A0A8V0ZJ97 A0A1D5PBU5 A0A8V1AB67 A0A8V0X370 A0A8V0XK27 A0A8V0XTW4 A0A8V0ZQP1 Q5ZHL0
Molecular Function,phosphatidylinositol binding,4,GO:0035091,10,73,329,2477,1.03,0.8615765143594745,0.06,A0A8V0XAF8 A0A8V0ZBA3 A0A8V1ABC8 A0A8V0ZY91 A0A8V0X5U3 A0A8V0XAN3 A0A8V0YG88 A0A8V0X852 A0A8V0XFB5 A0A1D5PC37
Molecular Function,peptide binding,3,GO:0042277,10,84,329,2477,0.9,0.8699352618997928,0.06,A0A8V1AHJ8 A0A8V0X4D8 A0A8V0XA92 Q05744 A0A8V0YRG2 A0A8V0YDG8 A0A8V0Z9Y8 A0A8V0YF22 A0A8V0XA12 A0A8V0YR09
Molecular Function,protein kinase activity,3,GO:0004672,13,107,329,2477,0.91,0.8840447615794675,0.05,A0A8V0XB58 A0A8V1A3N1 A0A8V1A9R2 A0A8V0Z2J4 E1C733 A0A8V0XPE8 A0A1D5PT01 A0A8V0ZSX6 A0A8V1ABC9 A0A8V0YW12 A0A8V0ZPH9 A0A8V0YRG2 A0A8V0YRK4
Molecular Function,ion binding,2,GO:0043167,83,635,329,2477,0.98,0.8922565860693136,0.05,P11602 A0A8V0ZWX9 A0A8V0Z4R1 A0A8V0YDT5 R4GGQ4 A0A8V0YB43 A0A8V0ZY61 A0A8V0Z8V4 A0A8V0YPH9 A0A8V1ABC8 A0A8V0X5U3 A0A8V1A4P2 A0A8V0ZA56 A0A8V0Y4Q2 A0A8V0XAN3 A0A1D5NWP2 A0A8V0YYQ9 A0A8V0Y2G8 A0A8V1AB05 A0A8V1AB67 A0A8V0ZDZ5 A0A8V1AG56 A0A8V0XXM5 A0A3Q3A4U3 A0A1D5PT25 A0A8V0X637 A0A3Q2TTB3 E1BYF1 A0A3Q2TYT2 A0A8V0ZXC9 A0A8V0Y5K2 A0A8V0ZG43 A0A8V0XA92 A0A8V0ZE58 A0A8V0Y103 A0A8V0Z7D4 E1BQI2 A0A8V0Y513 A0A8V0Y413 A0A8V0YMM6 A0A8V0YLT1 P33005 A0A8V0XMD4 A0A8V1A653 A0A8V0ZI29 A0A1D5PNB8 A0A8V0YGN8 A0A8V0YG88 A0A8V0XFL3 A0A8V0YC57 A0A8V1AHJ8 A0A8V0ZTA5 A0A8V0ZBS5 A0A1D5PC37 A0A8V0ZBA3 A0A8V0ZLV3 A0A8V0XWZ8 A0A8V0ZY91 A0A8V0Y1A4 A0A8V0YDT4 A0A8V0ZFH4 A0A8V0Y6W2 A0A8V0Z4M1 A0A8V0YNQ0 Q98938 A0A8V0XRC4 A0A8V0XCI3 A0A8V0ZR84 A0A8V0XGY8 A0A3Q2UGW3 A0A1D5PQV0 A0A8V0YGQ5 A0A8V0X852 A0A8V0ZYN6 A0A1D5P1F1 A0A8V0ZZU1 A0A8V0XDM2 A0A8V1A9U7 A0A8V0Z2J4 A0A8V0XAF8 A0A8V0YDD6 A0A8V0XFB5 A0A8V0YWM3
Molecular Function,"phosphotransferase activity, alcohol group as acceptor",4,GO:0016773,18,134,329,2477,1.01,0.8964890970567264,0.05,A0A1D5P1F1 A0A3Q2TU24 A0A8V0ZG46 A0A8V0XB58 A0A8V1A3N1 A0A8V1A9R2 A0A8V0Z2J4 Q5ZJ58 E1C733 A0A8V0ZYM1 A0A8V0XPE8 A0A1D5PT01 A0A8V0ZSX6 A0A8V1ABC9 A0A8V0YW12 A0A8V0ZPH9 A0A8V0YRG2 A0A8V0YRK4
Molecular Function,pyrophosphatase activity,5,GO:0016462,31,229,329,2477,1.02,0.9185612922478971,0.04,A0A8V1A449 A0A8V1A6Y8 A0A8V0YGN8 A0A8V0YVT3 A0A8V0YG88 A0A8V0Z4P8 A0A3Q2U2N6 A0A8V0YFB8 A0A8V0Z6M9 A0A8V0YB43 A0A8V1AM51 A0A8V0Y8G8 A0A3Q2U2N5 Q5ZHX2 A0A8V0YW57 A0A8V0Y1N7 A0A3Q2TYT2 A0A8V0Z6B9 A0A8V0ZZU1 A0A1D5P0X0 A0A8V0XWZ8 A0A8V0YU83 E1BQI2 A0A8V0ZJ97 A0A1D5PBU5 A0A8V1AB67 A0A8V0X370 A0A8V0XK27 A0A8V0XTW4 A0A8V0ZQP1 Q5ZHL0
Molecular Function,transcription cis-regulatory region binding,5,GO:0000976,4,30,329,2477,1.0,1.0,-0.0,A0A8V0XFL3 A0A8V0YM05 A0A8V1A7R0 A0A8V1AFC3
Molecular Function,metalloexopeptidase activity,5,GO:0008235,2,17,329,2477,0.89,1.0,-0.0,A0A8V0ZP32 A0A8V0XA92
Molecular Function,cysteine-type peptidase activity,4,GO:0008234,5,40,329,2477,0.94,1.0,-0.0,Q05744 A0A8V1AFH0 A0A8V0XBI2 A0A8V0XL09 A0A8V0XE95
Molecular Function,calcium ion binding,5,GO:0005509,16,120,329,2477,1.0,1.0,-0.0,A0A8V0ZY61 A0A8V0Z8V4 A0A8V0XGY8 A0A8V0ZLV3 Q98938 A0A8V0YDT4 A0A8V1A9U7 A0A8V0XCI3 A0A8V0Y413 A0A8V0XXM5 A0A8V0XWZ8 A0A8V0Y103 A0A1D5NWP2 A0A8V0X852 A0A8V0Y2G8 A0A8V0Y513
Molecular Function,carbohydrate derivative binding,2,GO:0097367,42,320,329,2477,0.99,1.0,-0.0,A0A8V0YNQ0 P11602 A0A8V0ZWX9 A0A8V0ZI29 A0A8V0XRC4 A0A8V0Z4R1 A0A8V0YGN8 A0A3Q3A4U3 A0A8V0YDT5 A0A8V0YG88 A0A1D5PT25 A0A8V1AAN6 A0A8V0YIV5 A0A8V0YC57 A0A8V0YB43 A0A8V0Z8V4 A0A8V0ZTA5 A0A1L1RX77 A0A8V0YGQ5 A0A3Q2TYT2 A0A8V0ZXC9 A0A8V0X852 A0A8V0Y5K2 A0A1D5P1F1 A0A8V0ZA56 A0A8V0ZG43 A0A8V0ZZU1 A0A8V0Z2J4 A0A8V0ZE58 A0A8V0YZJ3 A0A8V0Y1A4 A0A8V0Z4M1 A0A8V0YR09 A0A8V0Y513 E1BQI2 A0A8V1AFH0 A0A8V1AB05 A0A8V1AB67 A0A8V0Y413 A0A8V0YMM6 A0A8V0YDD6 P33005
Molecular Function,monoatomic cation channel activity,5,GO:0005261,2,19,329,2477,0.79,1.0,-0.0,A0A1D5NWP2 A0A8V0ZY91
Molecular Function,structural molecule activity,1,GO:0005198,27,204,329,2477,1.0,1.0,-0.0,A0A8V0ZBR8 A0A8V0XRC4 A0A1D5NZT1 A0A8V0YXG4 A0A8V0Y290 A0A8V1ACS0 A0A8V0Y0F3 A0A8V0XGL8 A0A8V0X5U3 A0A1D5PE57 A0A1D5PRH9 A0A8V1AA32 A0A8V1A9U7 A0A8V0XPN5 A0A8V0ZY42 A0A8V0ZGF6 A0A8V0Z865 A0A8V0ZH54 A0A8V0ZE30 A0A8V0XXK8 A0A8V0YDT4 A0A8V1AFR2 A0A8V0YDD6 A0A8V1AJV5 A0A8V0XZQ1 F1NSM7 P33005
Molecular Function,transforming growth factor beta receptor binding,5,GO:0005160,2,15,329,2477,1.0,1.0,-0.0,A0A8V0XJ84 A0A1D5P0D7
Molecular Function,phosphatidylinositol phosphate binding,5,GO:1901981,7,55,329,2477,0.96,1.0,-0.0,A0A8V0ZBA3 A0A8V1ABC8 A0A8V0ZY91 A0A8V0YG88 A0A8V0XFB5 A0A8V0X852 A0A1D5PC37
Molecular Function,cysteine-type endopeptidase inhibitor activity,6,GO:0004869,2,20,329,2477,0.75,1.0,-0.0,A0A8V0X852 A0A8V0YRF2
Molecular Function,serine-type endopeptidase inhibitor activity,6,GO:0004867,3,22,329,2477,1.03,1.0,-0.0,A0A8V0Y614 A0A8V0X4D8 A0A8V0YPA6
Molecular Function,phosphoprotein phosphatase activity,3,GO:0004721,4,35,329,2477,0.86,1.0,-0.0,A0A8V1AB05 A0A8V0X6J5 A0A8V0YDT5 A0A8V0ZI29
Molecular Function,phospholipase activity,5,GO:0004620,3,25,329,2477,0.9,1.0,-0.0,P11602 A0A8V0XWZ8 A0A8V0X637
Molecular Function,lipopolysaccharide binding,3,GO:0001530,2,15,329,2477,1.0,1.0,-0.0,A0A1D5PT25 A0A8V0YR09
Molecular Function,chromatin binding,3,GO:0003682,5,38,329,2477,0.99,1.0,-0.0,A0A8V0ZSG8 A0A8V0Z9Z7 A0A8V1AFC3 A0A3Q2TTB3 A0A8V1A7R0
Molecular Function,amyloid-beta binding,4,GO:0001540,2,18,329,2477,0.84,1.0,-0.0,A0A8V0YRG2 A0A8V0YF22
Molecular Function,transcription regulatory region nucleic acid binding,4,GO:0001067,5,42,329,2477,0.9,1.0,-0.0,A0A8V1AG56 A0A8V0YM05 A0A8V1AFC3 A0A8V0XFL3 A0A8V1A7R0
Molecular Function,enzyme inhibitor activity,3,GO:0004857,13,103,329,2477,0.95,1.0,-0.0,A0A8V0YNQ0 A0A8V0ZKI8 A0A8V0X4D8 A0A8V1AJI2 A0A1L1RX77 A0A8V0Y614 Q00649 A0A8V0ZC57 A0A8V0X852 A0A8V0YRF2 A0A8V0YPA6 A0A8V0X643 A0A8V1A653
Molecular Function,tetrapyrrole binding,3,GO:0046906,2,21,329,2477,0.72,1.0,-0.0,A0A8V0X783 A0A8V1A9R2
Molecular Function,monoatomic cation transmembrane transporter activity,4,GO:0008324,10,78,329,2477,0.97,1.0,-0.0,A0A3Q2U2N5 A0A8V0ZES4 A0A8V0ZY91 A0A8V0XLN9 A0A8V1AM47 A0A1D5NWP2 Q5ZHL0 A0A8V0YLZ5 A0A3Q2U2N6 A0A8V0YFB8
Molecular Function,sequence-specific DNA binding,5,GO:0043565,5,43,329,2477,0.88,1.0,-0.0,A0A8V0YM05 A0A8V1AFC3 A0A8V0YW57 A0A8V0XFL3 A0A8V1A7R0
Molecular Function,laminin binding,3,GO:0043236,2,20,329,2477,0.75,1.0,-0.0,A0A8V0Y413 A0A8V1AFH0
Molecular Function,alcohol binding,3,GO:0043178,2,17,329,2477,0.89,1.0,-0.0,A0A8V1A3H7 A0A8V0Z4P8
Molecular Function,cysteine-type endopeptidase regulator activity involved in apoptotic process,3,GO:0043028,2,18,329,2477,0.84,1.0,-0.0,A0A8V0X852 A0A8V0YRF2
Molecular Function,histone binding,3,GO:0042393,2,21,329,2477,0.72,1.0,-0.0,A0A8V0Y4Q2 A0A8V1A9R2
Molecular Function,GTPase activating protein binding,3,GO:0032794,2,19,329,2477,0.79,1.0,-0.0,A0A8V0YB43 A0A8V0ZZU1
Molecular Function,translation initiation factor binding,3,GO:0031369,2,17,329,2477,0.89,1.0,-0.0,A0A8V0ZSX6 A0A8V1AMI7
Molecular Function,carbohydrate binding,2,GO:0030246,7,57,329,2477,0.92,1.0,-0.0,A0A8V0Z1E9 A0A1D5PT01 A0A8V0XUK6 A0A1L1RSD2 A0A8V0Z888 A0A8V0Z832 E1BS94
Molecular Function,hormone receptor binding,4,GO:0051427,3,24,329,2477,0.94,1.0,-0.0,A0A8V0ZE30 A0A8V1A7R0 A0A8V1AFC3
Molecular Function,PDZ domain binding,4,GO:0030165,3,25,329,2477,0.9,1.0,-0.0,A0A8V1AJV5 A0A8V0XCX4 A0A1D5PDV9
Molecular Function,zinc ion binding,6,GO:0008270,9,74,329,2477,0.92,1.0,-0.0,A0A8V0ZWX9 A0A8V0XA92 A0A8V0X637 A0A8V0YPH9 A0A8V0ZDZ5 A0A8V0XWZ8 A0A8V0YLT1 R4GGQ4 A0A8V1A653
Molecular Function,inorganic cation transmembrane transporter activity,4,GO:0022890,10,76,329,2477,0.99,1.0,-0.0,A0A3Q2U2N5 A0A8V0ZES4 A0A8V0ZY91 A0A8V0XLN9 A0A8V1AM47 A0A1D5NWP2 Q5ZHL0 A0A8V0YLZ5 A0A3Q2U2N6 A0A8V0YFB8
Molecular Function,GDP binding,4,GO:0019003,5,37,329,2477,1.02,1.0,-0.0,A0A8V0YB43 A0A8V0ZZU1 A0A8V0YGN8 A0A3Q2TYT2 E1BQI2
Molecular Function,protein tyrosine kinase binding,6,GO:1990782,3,24,329,2477,0.94,1.0,-0.0,A0A8V1A3H9 A0A8V0ZEJ3 A0A8V0ZI29
Molecular Function,hydro-lyase activity,4,GO:0016836,2,18,329,2477,0.84,1.0,-0.0,A0A8V0YLT1 A0A1D5PQV0
Molecular Function,carbon-oxygen lyase activity,3,GO:0016835,2,19,329,2477,0.79,1.0,-0.0,A0A8V0YLT1 A0A1D5PQV0
Molecular Function,"hydrolase activity, acting on carbon-nitrogen (but not peptide) bonds, in linear amides",4,GO:0016811,2,15,329,2477,1.0,1.0,-0.0,A0A8V0YS46 A0A8V0ZSG8
Molecular Function,"hydrolase activity, acting on carbon-nitrogen (but not peptide) bonds",3,GO:0016810,3,23,329,2477,0.98,1.0,-0.0,A0A8V0ZWX9 A0A8V0YS46 A0A8V0ZSG8
Molecular Function,pentosyltransferase activity,4,GO:0016763,2,15,329,2477,1.0,1.0,-0.0,A0A8V0ZFH4 A0A8V0YYQ9
Molecular Function,"oxidoreductase activity, acting on paired donors, with incorporation or reduction of molecular oxygen",3,GO:0016705,2,17,329,2477,0.89,1.0,-0.0,A0A8V0ZHL4 Q6JHU8
Molecular Function,secondary active transmembrane transporter activity,4,GO:0015291,3,23,329,2477,0.98,1.0,-0.0,A0A8V0YLZ5 A0A8V1AM47 A0A8V0Z249
Molecular Function,beta-tubulin binding,5,GO:0048487,2,16,329,2477,0.94,1.0,-0.0,A0A8V0YPQ6 A0A8V0Y7Y9
Molecular Function,gated channel activity,5,GO:0022836,3,22,329,2477,1.03,1.0,-0.0,A0A8V0Z5R3 A0A1D5NWP2 A0A8V0ZY91
Molecular Function,organic anion transmembrane transporter activity,3,GO:0008514,3,26,329,2477,0.87,1.0,-0.0,A0A8V1AM47 F1P4D6 A0A8V0Z249
Biological Process,heterocycle metabolic process,3,GO:0046483,36,534,389,2734,0.47,4.737178998499521e-09,8.32,A0A8V1A9L3 A0A1D5PCU0 A0A8V0ZWX9 A0A8V1A6A3 A0A1D5PNB8 A0A8V0X7F0 A0A8V0Z4J0 A0A8V0YC57 A0A8V1ACS0 A0A8V0ZG46 A0A3Q2TTB3 A0A8V0XXW6 A0A8V0YW57 A0A8V0Z1C5 A0A8V0ZXC9 A0A1D5PNG3 A0A8V1A7R0 A0A8V1AJ90 A0A8V0X783 A0A1L1RZ23 A0A8V0ZG43 A0A8V0XDM2 A0A8V0ZW46 A0A3Q2UEL1 A0A1D5PNL3 A0A8V0XPN5 A0A8V0ZY91 A0A8V0XWZ8 A0A8V0Y9F8 A0A8V0Z832 A0A8V0ZE30 A0A8V0ZJ97 A0A8V0YQC4 A0A8V0XQS7 A0A8V0ZX23 A0A8V0YWM3
Biological Process,cellular nitrogen compound metabolic process,3,GO:0034641,52,664,389,2734,0.55,1.5294831566210398e-08,7.82,A0A8V1A9L3 A0A1D5PCU0 A0A8V0ZWX9 A0A8V0X4D8 A0A8V1A6A3 A0A1D5PNB8 A0A8V0X7F0 A0A8V0YC98 A0A8V0Z4J0 A0A8V0ZIZ5 A0A8V0YC57 A0A8V1ACS0 A0A8V1AHJ8 A0A8V0ZG46 A0A8V0X637 A0A8V0WZN3 A0A3Q2TTB3 E1BYF1 A0A8V0YW57 A0A8V0ZP32 A0A8V0XXW6 A0A8V0Z1C5 A0A8V0ZXC9 A0A1D5PNG3 A0A8V1A7R0 A0A1D5P1F1 A0A8V1AJ90 A0A8V0ZA56 A0A8V0XF68 A0A1L1RZ23 A0A8V0ZG43 A0A8V0XA92 A0A8V0XDM2 A0A8V0ZW46 A0A3Q2UEL1 A0A1D5PNL3 A0A8V0XPN5 A0A8V0ZY91 A0A8V0XWZ8 A0A8V0Z086 A0A8V0Y9F8 A0A8V0Z865 A0A8V0YF22 A0A8V0Z832 A0A8V0ZE30 A0A8V0Y513 A0A8V0ZJ97 A0A8V0YQC4 A0A8V0XQS7 A0A8V0ZX23 P28687 A0A8V0YWM3
Biological Process,nucleobase-containing compound metabolic process,3,GO:0006139,34,494,389,2734,0.48,4.846305021707689e-08,7.31,A0A8V1A9L3 A0A1D5PCU0 A0A8V0ZWX9 A0A8V1A6A3 A0A1D5PNB8 A0A8V0X7F0 A0A8V0Z4J0 A0A8V0YC57 A0A8V1ACS0 A0A8V0ZG46 A0A3Q2TTB3 A0A8V0XXW6 A0A8V0YW57 A0A8V0Z1C5 A0A8V0ZXC9 A0A1D5PNG3 A0A8V1A7R0 A0A8V1AJ90 A0A1L1RZ23 A0A8V0ZG43 A0A8V0ZW46 A0A3Q2UEL1 A0A1D5PNL3 A0A8V0XPN5 A0A8V0ZY91 A0A8V0XWZ8 A0A8V0Y9F8 A0A8V0Z832 A0A8V0ZE30 A0A8V0ZJ97 A0A8V0YQC4 A0A8V0XQS7 A0A8V0ZX23 A0A8V0YWM3
Biological Process,organic cyclic compound metabolic process,3,GO:1901360,46,597,389,2734,0.54,6.495369836684833e-08,7.19,A0A8V1A9L3 A0A1D5PCU0 A0A8V0ZWX9 A0A8V1A6A3 A0A1D5PNB8 A0A8V1A9A7 A0A8V0X7F0 A0A8V0Z4J0 A0A8V0YC57 A0A8V1ACS0 A0A8V1AHJ8 A0A8V0ZG46 A0A3Q2TTB3 A0A8V0XXW6 A0A8V0YW57 A0A8V0ZRU9 A0A8V0Z1C5 A0A8V0ZXC9 A0A8V1A3H7 A0A1D5PNG3 A0A8V1A7R0 A0A8V1AAH7 A0A8V1AJ90 A0A8V0X783 A0A1L1RZ23 A0A8V0Y4Q2 A0A8V1AK88 A0A8V0ZG43 A0A8V0XDM2 A0A8V0ZW46 A0A3Q2UEL1 A0A1D5PNL3 A0A8V0XPN5 A0A8V0ZY91 A0A8V0XWZ8 A0A8V0Y9F8 A0A8V0Z832 A0A8V0ZE30 A0A8V0YU83 A0A8V0ZJ97 A0A8V0YJV4 A0A8V0YQC4 A0A8V0XQS7 A0A8V0ZX23 A0A8V0YRG2 A0A8V0YWM3
Biological Process,cellular aromatic compound metabolic process,3,GO:0006725,42,557,389,2734,0.53,9.574547216557822e-08,7.02,A0A8V1A9L3 A0A1D5PCU0 A0A8V0ZWX9 A0A8V1A6A3 A0A1D5PNB8 A0A8V0X7F0 A0A8V0Z4J0 A0A8V0YC57 A0A8V1ACS0 A0A8V1AHJ8 A0A8V0ZG46 A0A3Q2TTB3 A0A8V0XXW6 A0A8V0YW57 A0A8V0Z1C5 A0A8V0ZXC9 A0A1D5PNG3 A0A8V1A7R0 A0A8V1AAH7 A0A8V1AJ90 A0A8V0X783 A0A1L1RZ23 A0A8V0Y4Q2 A0A8V0ZG43 A0A8V0XA92 A0A8V0XDM2 A0A8V0ZW46 A0A3Q2UEL1 A0A1D5PNL3 A0A8V0XPN5 A0A8V0ZY91 A0A8V0XWZ8 A0A8V0Y9F8 A0A8V0Z832 A0A8V0ZE30 A0A8V0ZJ97 A0A8V0YJV4 A0A8V0YQC4 A0A8V0XQS7 A0A8V0ZX23 A0A8V0YRG2 A0A8V0YWM3
Biological Process,regulation of cellular response to growth factor stimulus,4,GO:0090287,36,107,389,2734,2.36,2.2627339720141254e-07,6.65,A0A8V1AG56 A0A8V0X4D8 Q98938 A0A8V0ZI29 A0A8V0YM05 A0A3Q3A4U3 A0A1D5NZT1 A0A8V0XRN3 A0A8V0ZFG7 A0A8V0Y290 A0A8V0Z4J0 A0A8V1ACS0 A0A8V0Y0F3 A0A8V0YQ88 A0A8V0ZKS6 A0A8V0X5U3 A0A1L1RX77 A0A8V0XPE8 A0A8V0YHH6 A0A8V0YRF2 A0A1D5NZN4 A0A8V0Y5K2 A0A1D5P0D7 A0A8V0ZA56 A0A8V0XDM2 A0A8V0Z2J4 A0A8V0ZE58 A0A3Q2TT95 A0A8V0XJ84 A0A8V0Z7D4 A0A8V0ZF83 A0A1D5P655 A0A8V0YMM6 A0A8V0Y070 A0A8V0XK27 A0A8V0Z4M1
Biological Process,regulation of transmembrane receptor protein serine/threonine kinase signaling pathway,5,GO:0090092,30,86,389,2734,2.45,8.18068502290541e-07,6.09,A0A8V1AG56 A0A8V0X4D8 A0A8V0YM05 A0A1D5NZT1 A0A8V0XRN3 A0A8V0ZFG7 A0A8V0Y290 A0A8V0Y8L6 A0A8V0Z4J0 A0A8V1ACS0 A0A8V0Y0F3 A0A8V0YQ88 A0A8V0ZKS6 A0A8V0X5U3 A0A8V0XPE8 A0A8V0YHH6 A0A1D5NZN4 A0A8V0YRF2 A0A1D5P0D7 A0A8V0ZA56 A0A8V0XDM2 A0A8V0ZE58 A0A3Q2TT95 A0A8V0ZBJ8 A0A8V0XJ84 A0A8V0ZF83 F1NGB8 A0A8V0YMM6 A0A8V0Y070 A0A8V0XK27
Biological Process,presynaptic membrane organization,5,GO:0097090,7,8,389,2734,6.15,7.908997033350262e-06,5.1,A0A8V0X4D8 A0A3Q2UGW3 A0A8V0XX41 A0A8V0Y9F8 A0A1D5NTR5 A0A8V0YDT5 A0A1D5NYG2
Biological Process,cellular nitrogen compound biosynthetic process,4,GO:0044271,24,350,389,2734,0.48,8.13112846676333e-06,5.09,A0A8V1A9L3 A0A1D5PCU0 A0A8V0ZWX9 A0A8V0X4D8 A0A8V0Z4J0 A0A8V0ZIZ5 A0A8V0YC57 A0A8V1ACS0 A0A8V0ZG46 A0A8V0X637 A0A8V0WZN3 A0A3Q2TTB3 E1BYF1 A0A8V0Z1C5 A0A1D5PNG3 A0A1D5P1F1 A0A8V1A7R0 A0A8V1AJ90 A0A8V0ZG43 A0A3Q2UEL1 A0A8V0XPN5 A0A8V0Z865 A0A8V0Y513 A0A8V0YQC4
Biological Process,cellular localization,2,GO:0051641,67,715,389,2734,0.66,9.066655573133367e-06,5.04,A0A8V1AG56 A0A8V0X4D8 A0A8V0XCX4 A0A8V0YBZ6 A0A8V1A6Y8 A0A8V1AEJ4 A0A1D5NVM6 A0A8V0YGN8 A0A8V0YVT3 A0A1D5NZT1 A0A8V0XUK6 R4GGQ4 A0A8V0YG88 A0A8V0XFL3 A0A8V0Y8L6 A0A8V0Z4J0 A0A8V0YB43 A0A8V1ACS0 A0A8V0Z8V4 A0A3Q2UGW3 A0A8V0Y722 A0A3Q3AST7 A0A8V0X5U3 A0A3Q2TYT2 A0A8V0X852 A0A1D5PNG3 A0A8V1A7R0 A0A1D5PC37 A0A8V0XF68 A0A1D5PRH9 A0A8V0YS46 Q0PVE4 A0A8V0ZZU1 A0A8V0XDM2 A0A8V0Z307 A0A8V0ZTP1 Q5ZJ58 A0A1D5P0X0 A0A3Q2UEL1 A0A8V0XPN5 E1BQB4 A0A8V0Y9F8 Q00649 A0A8V0ZH54 A0A1D5NWP2 A0A8V0XM58 A0A8V0ZE30 A0A8V0YSI0 A0A8V0YU83 E1BQI2 A0A8V0XAF8 A0A8V0ZKI8 A0A8V0YEQ1 A0A1D5PBU5 A0A8V1A4I0 A0A8V1AFR2 A0A8V1AB67 A0A8V0ZHK9 A0A8V0Z9Z7 A0A8V0YY70 A0A8V0ZTG6 A0A8V0XK27 A0A8V1AJV5 A0A8V0XTW4 A0A8V0Z9Y8 P28687 A0A8V0YFD4
Biological Process,transport,3,GO:0006810,115,1078,389,2734,0.75,1.527530013393277e-05,4.82,A0A8V0ZWX9 A0A8V1AEJ4 A0A8V0YVT3 R4GGQ4 A0A8V0XEJ0 A0A8V0YW12 A0A8V0YB43 A0A8V1ACS0 A0A8V0Z8V4 A0A3Q2U2N5 A0A8V0ZZG2 A0A8V0Y722 A0A8V1A3H7 A0A8V1A7R0 A0A8V0ZA56 A0A8V0X783 A0A8V0Y4Q2 A0A8V0Z5R3 A0A8V0Y9F8 A0A8V0Z086 A0A8V0XJ84 A0A1D5NWP2 A0A8V0Z249 A0A8V0XAE5 A0A3Q2TU24 A0A8V0YEQ1 A0A8V1AB67 A0A8V0XLN9 A0A8V0ZX23 P28687 A0A8V1AFE7 A0A1D5PCU0 A0A8V0ZAP0 A0A8V0XXM5 A0A3Q2U2N6 E1BS94 A0A8V0YFB8 A0A8V0ZSX0 A0A8V0ZRU9 A0A3Q2TYT2 A0A1L1RSD2 A0A8V0YLZ5 A0A8V0Z307 A0A8V0XA92 A0A8V0Y7Y9 A0A1D5P0X0 A0A8V0YZJ3 A0A8V0XPN5 Q00649 A0A8V0XM58 A0A8V0YSI0 F1P4D6 A0A8V0YR09 A0A1D5PBU5 Q05744 A0A8V1AFH0 A0A8V1AFR2 A0A8V0YY70 A0A8V1AJV5 A0A8V0YLT1 A0A8V0XTW4 Q5ZKV5 A0A8V0X4D8 A0A8V0YBZ6 A0A1D5NVM6 A0A8V0YGN8 A0A8V0YXG4 A0A1D5PIZ5 A0A8V0YG88 A0A8V0XFL3 A0A8V0Y8L6 A0A8V0Z4J0 E1C733 A0A8V0YLN5 A0A8V0Z888 A0A1D5PC37 A0A8V0Z1E9 A0A8V0ZY91 A0A8V0ZY42 A0A8V0YPB9 A0A8V0ZKI8 A0A1D5P655 A0A8V0ZES4 A0A8V0ZTG6 A0A8V0XK27 A0A8V0Z9Y8 A0A8V0Z4M1 P01875 A0A8V0YFD4 A0A8V1A6Y8 A0A8V0XCI3 A0A8V1A2P5 A0A1D5NZT1 A0A8V0XYR2 A0A8V0XGY8 A0A3Q2UGW3 A0A1D5PQV0 A0A8V0X852 A0A1D5PNG3 A0A8V0XF68 A0A8V0YS46 A0A8V0XB58 A0A8V0ZZU1 A0A8V0XDM2 A0A3Q2UEL1 E1BQB4 A0A8V0Y2E5 A0A8V0ZH54 A0A8V0YU83 A0A8V0XAF8 A0A8V1A4I0 A0A8V0Z9Z7 A0A8V0YDD6 A0A8V1AM47 Q5ZHL0
Biological Process,nucleoside phosphate metabolic process,4,GO:0006753,12,222,389,2734,0.38,2.117748557995978e-05,4.67,A0A8V1A9L3 A0A1D5PCU0 A0A8V0ZWX9 A0A8V0ZG46 A0A3Q2UEL1 A0A8V0YWM3 A0A8V0Y9F8 A0A8V0YW57 A0A8V0Z1C5 A0A8V0ZX23 A0A8V0Z832 A0A8V0YC57
Biological Process,glycoprotein biosynthetic process,5,GO:0009101,35,122,389,2734,2.02,2.5107116603344915e-05,4.6,Q5ZIB0 Q98938 A0A8V0XRC4 A0A8V0XDL7 A0A8V0XMA2 A0A8V0ZR84 A0A1D5PA74 A0A8V0Y8L6 A0A8V0ZWH1 A0A8V0ZY61 A0A8V0WZN3 E1C3Z8 A0A1L1RX77 A0A8V0XT35 E1C2T4 A0A8V0ZYN6 Q8AWB4 A0A8V0Z0B9 A0A8V0YS46 A0A8V0WZJ4 A0A8V0Z6S1 A0A1D5PJE0 A0A8V0ZW46 A0A8V1A2F4 A0A8V0ZBJ8 A0A8V0Y218 A0A8V0YYQ9 F1NGB8 O12971 A0A1D5P201 A0A8V1ACQ8 A0A8V0ZFH4 A0A8V0Y6W2 A0A8V0XQS7 Q76KB2
Biological Process,glycoprotein metabolic process,4,GO:0009100,42,158,389,2734,1.87,2.8939853952785724e-05,4.54,Q5ZIB0 Q98938 A0A8V0XRC4 A0A8V0XDL7 A0A8V0XMA2 A0A8V0ZR84 A0A1D5PA74 A0A8V0Y8L6 A0A8V0YIV5 P02460 A0A8V0ZWH1 A0A8V0ZY61 A0A8V0WZN3 E1C3Z8 A0A1L1RX77 A0A8V0X2C5 A0A8V0Y7C8 A0A8V0YLN5 A0A8V0XT35 E1C2T4 A0A8V0ZYN6 Q8AWB4 A0A8V0Z0B9 A0A8V0ZA56 A0A8V0YS46 A0A8V0WZJ4 A0A8V0Z6S1 A0A1D5PJE0 A0A8V0ZW46 A0A8V0Z1E9 A0A8V1A2F4 A0A8V0ZBJ8 A0A8V0Y218 A0A8V0YYQ9 F1NGB8 O12971 A0A1D5P201 A0A8V1ACQ8 A0A8V0ZFH4 A0A8V0Y6W2 A0A8V0XQS7 Q76KB2
Biological Process,vesicle-mediated transport,2,GO:0016192,60,642,389,2734,0.66,3.35375821488476e-05,4.47,A0A8V1AFE7 A0A8V0YBZ6 A0A8V0ZAP0 A0A8V0XXM5 A0A8V0XCI3 A0A1D5NVM6 A0A8V1A2P5 A0A8V0YGN8 A0A8V0YVT3 A0A8V0YXG4 A0A1D5PIZ5 A0A8V0XEJ0 A0A8V0YG88 A0A8V0YW12 A0A8V0XFL3 A0A8V0Y8L6 A0A8V0Z4J0 E1BS94 A0A8V0YB43 A0A8V1ACS0 A0A3Q2U2N5 A0A8V0ZZG2 A0A3Q2UGW3 E1C733 A0A8V0YLN5 A0A3Q2TYT2 A0A1L1RSD2 A0A8V0X852 A0A8V0Z888 A0A1D5PC37 A0A8V0Y4Q2 A0A8V0YS46 A0A8V0ZZU1 A0A8V0XDM2 A0A8V0Y7Y9 A0A8V0Z1E9 A0A1D5P0X0 A0A8V0YZJ3 A0A8V0ZY42 A0A8V0Z086 A0A8V0Y9F8 A0A8V0YPB9 A0A8V0XJ84 A0A8V0ZH54 A0A8V0YSI0 A0A8V0YR09 A0A8V0ZKI8 A0A3Q2TU24 A0A1D5PBU5 Q05744 A0A8V1AFH0 A0A8V1AFR2 A0A8V1AB67 A0A1D5P655 A0A8V0ZTG6 A0A8V0YDD6 A0A8V0XTW4 A0A8V0Z9Y8 A0A8V0Z4M1 P01875
Biological Process,regulation of protein stability,3,GO:0031647,2,101,389,2734,0.14,3.463592071996385e-05,4.46,A0A8V0XCI3 Q6JHU8
Biological Process,nucleotide metabolic process,5,GO:0009117,12,217,389,2734,0.39,4.178690783312463e-05,4.38,A0A8V1A9L3 A0A1D5PCU0 A0A8V0ZWX9 A0A8V0ZG46 A0A3Q2UEL1 A0A8V0YWM3 A0A8V0Y9F8 A0A8V0YW57 A0A8V0Z1C5 A0A8V0ZX23 A0A8V0Z832 A0A8V0YC57
Biological Process,regulation of BMP signaling pathway,5,GO:0030510,15,36,389,2734,2.93,4.8524250804691934e-05,4.31,A0A8V1AG56 A0A8V0ZKS6 A0A1D5NZN4 A0A8V0YM05 A0A8V0ZE58 A0A8V0YMM6 A0A8V0Y070 A0A8V0X5U3 A0A3Q2TT95 A0A8V0ZA56 A0A8V0YHH6 A0A8V0ZFG7 A0A8V0YRF2 A0A8V0ZF83 A0A1D5P0D7
Biological Process,generation of precursor metabolites and energy,3,GO:0006091,7,159,389,2734,0.31,5.8024429635648685e-05,4.24,A0A8V0XF68 A0A8V0ZDK0 A0A8V0YJV4 A0A8V0YW57 A0A8V0X2C5 A0A8V1A4P2 A0A8V0YWM3
Biological Process,nucleobase-containing small molecule metabolic process,3,GO:0055086,16,254,389,2734,0.44,6.33605863849996e-05,4.2,A0A8V1A9L3 A0A1D5PCU0 A0A8V0ZWX9 A0A8V0ZG46 A0A8V0ZW46 A0A3Q2UEL1 A0A8V0YWM3 A0A1D5PNB8 A0A8V0Y9F8 A0A8V0YW57 A0A8V0Z1C5 A0A8V0XQS7 A0A8V0ZXC9 A0A8V0ZX23 A0A8V0Z832 A0A8V0YC57
Biological Process,establishment of localization,2,GO:0051234,122,1108,389,2734,0.77,7.234316696110116e-05,4.14,A0A8V0ZWX9 A0A8V1AEJ4 A0A8V0YVT3 R4GGQ4 A0A8V0XEJ0 A0A8V0YW12 A0A8V0YB43 A0A8V1ACS0 A0A8V0Z8V4 A0A3Q2U2N5 A0A8V0ZZG2 A0A8V0Y722 A0A8V0X5U3 A0A8V1A3H7 A0A8V1A7R0 A0A8V0ZA56 A0A8V0X783 A0A8V0Y4Q2 A0A8V0Z5R3 A0A8V0Y9F8 A0A8V0Z086 A0A8V0XJ84 A0A1D5NWP2 A0A8V0Z249 A0A8V0XAE5 A0A3Q2TU24 A0A8V0YEQ1 A0A8V1AB67 A0A8V0XLN9 A0A8V0ZX23 P28687 A0A8V1AFE7 A0A1D5PCU0 A0A8V0ZAP0 A0A8V0XXM5 A0A8V0XRN3 A0A3Q2U2N6 E1BS94 A0A8V0YFB8 A0A8V0ZSX0 A0A8V0ZRU9 A0A3Q2TYT2 A0A1L1RSD2 A0A8V0YLZ5 Q0PVE4 A0A8V0XA92 A0A8V0Y7Y9 A0A8V0Z307 A0A1D5P0X0 A0A8V0YZJ3 A0A8V0XPN5 Q00649 A0A8V1ABC9 A0A8V0XM58 A0A8V0ZE30 A0A8V0YSI0 F1P4D6 E1BQI2 A0A8V0YR09 A0A1D5PBU5 Q05744 A0A8V1AFH0 A0A8V1AFR2 A0A8V0YY70 A0A8V1AJV5 A0A8V0YLT1 A0A8V0XTW4 Q5ZKV5 A0A8V0X4D8 A0A8V0YBZ6 A0A1D5NVM6 A0A8V0YGN8 A0A8V0YXG4 A0A1D5PIZ5 A0A8V0YG88 A0A8V0XFL3 A0A8V0Y8L6 A0A8V0Z4J0 E1C733 A0A8V0YLN5 A0A8V0Z888 A0A1D5PC37 A0A8V0Z1E9 A0A8V0ZY91 A0A8V0ZY42 A0A8V0YPB9 A0A8V0ZKI8 A0A1D5P655 A0A8V0ZES4 A0A8V0ZTG6 A0A8V0XK27 A0A8V0Z9Y8 A0A8V0Z4M1 P01875 A0A8V0YFD4 A0A8V1A6Y8 A0A8V0XCI3 A0A8V1A2P5 A0A1D5NZT1 A0A8V0XYR2 A0A8V0XGY8 A0A3Q2UGW3 A0A1D5PQV0 A0A8V1AFC3 A0A8V0X852 A0A1D5PNG3 A0A8V0XF68 A0A8V0YS46 A0A8V0XB58 A0A8V0ZZU1 A0A8V0XDM2 A0A3Q2UEL1 E1BQB4 A0A8V0Y2E5 A0A8V0ZH54 A0A8V0YU83 A0A8V0XAF8 A0A8V1A4I0 A0A8V0Z9Z7 A0A8V0YDD6 A0A8V1AM47 Q5ZHL0
Biological Process,cellular metabolic process,2,GO:0044237,181,1526,389,2734,0.83,8.757989197243825e-05,4.06,A0A8V1A9L3 P11602 A0A8V0ZWX9 A0A8V1A4K1 A0A8V1A6A3 A0A8V0Z4R1 A0A8V0YDT5 P07032 A0A8V0YW12 A0A8V1AKQ0 A0A8V0YIV5 A0A8V0YB43 A0A8V0ZY61 A0A8V1ACS0 A0A8V0ZZG2 A0A8V0ZG46 A0A8V0YPH9 A0A8V1ABC8 A0A8V0XXW6 A0A1L1RX77 A0A8V0XPE8 A0A8V0YW57 A0A8V0X2C5 A0A8V1A4P2 A0A8V1A3H7 A0A8V1A7R0 A0A8V0Z0B9 A0A8V0ZA56 A0A8V0X783 A0A8V0Y4Q2 A0A1L1RZ23 A0A8V1A3N1 A0A8V0ZKV3 A0A1D5PNL3 A0A8V0Z086 A0A8V0Y9F8 A0A8V0XAN3 A0A8V0Z832 A0A8V0YYQ9 F1NGB8 A0A3Q2TU24 A0A8V0ZJ97 A0A8V1AB05 A0A8V1A9R2 A0A8V1AB67 A0A8V0ZX23 P28687 A0A8V0ZQS2 A0A8V1AG56 A0A1D5PCU0 E1C744 A0A8V0XCX4 A0A8V0XXM5 A0A8V0YM05 A0A8V0XDL7 E1BS94 P02460 A0A8V0X637 E1C3Z8 A0A3Q2TTB3 E1BYF1 A0A8V0ZP32 A0A8V0XK73 A0A8V0ZRU9 A0A3Q2TYT2 A0A8V0ZXC9 A0A1L1RSD2 A0A8V0YRF2 E1C2T4 A0A1D5NZN4 A0A8V0XA12 A0A8V1AAH7 A0A1D5P0D7 A0A8V0ZG43 A0A8V0Z6S1 A0A8V0XA92 A0A8V1AK88 A0A1D5PJE0 A0A8V0ZW46 A0A8V0Y7Y9 A0A8V0ZE58 A0A8V0YZJ3 A0A8V0XPN5 A0A8V1ABC9 A0A8V0YF22 A0A8V0ZE30 A0A8V0YRK4 A0A8V1ADF6 A0A8V0Y513 Q05744 A0A8V1AFH0 A0A1D5P201 A0A8V0YJV4 A0A8V1ACQ8 A0A1D5PT01 A0A8V0YLT1 Q5ZKV5 A0A8V0YRG2 Q76KB2 A0A8V0XMD4 Q5ZIB0 A0A8V0X4D8 A0A8V0ZI29 A0A1D5NVM6 A0A1D5PNB8 A0A8V0ZYM1 A0A8V0XMA2 A0A8V0YXG4 A0A8V0ZHL4 A0A1L1RP76 A0A8V0X7F0 A0A8V0Y8L6 A0A8V0YC98 A0A8V0X643 A0A8V0Z4J0 A0A8V0YC57 A0A8V0ZDK0 A0A8V1AHJ8 A0A8V0ZSG8 A0A8V0ZTA5 E1C733 A0A8V0YLN5 A0A8V0ZSX6 A0A1D5PE57 Q8AWB4 A0A1D5PC37 A0A8V0Z1E9 A0A8V0XWZ8 A0A8V0ZY91 A0A8V0ZY42 A0A8V0YPB9 A0A8V0Z865 O12971 A0A8V0ZTG6 A0A8V0Y6W2 A0A8V0ZFH4 A0A8V0YQC4 A0A8V0XQS7 A0A8V0Z9Y8 A0A8V0Z4M1 A0A8V0YFD4 Q98938 A0A8V0XRC4 A0A8V1A2P5 A0A8V0ZR84 A0A8V0ZFG7 A0A1D5PA74 A0A8V0XYR2 A0A8V1AAN6 A0A8V0ZIZ5 A0A8V0ZWH1 A0A8V0WZN3 A0A1D5PQV0 A0A8V0Y7C8 A0A8V0Z1C5 A0A8V0XT35 A0A8V0ZYN6 A0A1D5PNG3 A0A1D5P1F1 Q6JHU8 A0A8V1AJ90 A0A8V0XF68 A0A8V0YS46 A0A8V0WZJ4 A0A8V0XB58 A0A8V0ZZU1 A0A8V0XDM2 A0A8V0X6J5 A0A8V0Z2J4 Q5ZJ58 A0A3Q2UEL1 A0A8V1A2F4 A0A8V0ZBJ8 A0A8V0Y2E5 A0A8V0ZH54 A0A8V0Y218 A0A8V0YDD6 R4GH52 F1NSM7 A0A8V0ZPH9 A0A8V0YWM3
Biological Process,secretion by cell,3,GO:0032940,34,409,389,2734,0.58,0.00011585747731757061,3.94,A0A8V1AFE7 A0A8V0X4D8 A0A8V0XXM5 A0A8V0XCI3 A0A8V1A2P5 A0A8V0YW12 A0A8V0XYR2 E1BS94 A0A8V0YB43 A0A3Q2U2N5 E1C733 A0A8V0YLN5 A0A3Q2TYT2 A0A1L1RSD2 A0A8V0X852 A0A8V0ZA56 A0A8V0ZZU1 A0A8V0XDM2 A0A8V0Z1E9 A0A8V0YZJ3 A0A8V0ZY42 A0A8V0Z086 A0A8V0YPB9 A0A8V0XJ84 A0A8V0YSI0 A0A8V0YR09 A0A3Q2TU24 Q05744 A0A8V1AFH0 A0A1D5P655 A0A8V1AB67 A0A8V0YDD6 A0A8V0ZX23 A0A8V0Z4M1
Biological Process,cellular process,1,GO:0009987,345,2554,389,2734,0.95,0.0001490670116879635,3.83,R4GGQ4 A0A8V1AKQ0 A0A8V0YIV5 A0A8V0Z8V4 A0A3Q2U2N5 A0A8V0ZG46 A0A8V0Z6L1 A0A1L1RX77 A0A8V0YW57 A0A8V0Z0B9 A0A8V0ZTP1 A0A8V0ZKV3 A0A1D5PNL3 A0A8V0YYQ9 A0A8V0Y478 A0A8V1AB05 A0A8V0Y070 A0A8V0XCX4 A0A8V0XXM5 A0A8V0YM05 A0A3Q2TVX1 A0A8V1AM51 A0A8V0YFB8 A0A8V0Y8G8 A0A8V0X637 E1C3Z8 E1BYF1 A0A8V1AKH4 E1C2T4 A0A8V1AAH7 A0A1D5PRH9 A0A1D5PJE0 A0A8V0Z4U2 A0A8V0Z7D4 A0A8V0YF22 E1BQI2 A0A8V0YR09 A0A8V1AFH0 A0A1D5PT01 A0A8V0Y0V1 A0A8V0ZBR8 A0A1D5PNB8 A0A8V0YPQ6 A0A8V0YG88 A0A8V0YPA6 A0A8V0YC57 A0A8V0ZDK0 A0A8V0ZSG8 A0A8V0ZKS6 A0A8V0ZSX6 A0A8V0Z888 A0A1D5PE57 Q8AWB4 A0A8V0ZMU3 A0A8V0ZY91 A0A8V0ZGF6 A0A8V0YDT4 A0A8V0XX41 A0A8V0ZTG6 A0A8V0ZFH4 A0A8V0YIE9 A0A8V0YQC4 A0A8V0Z9Y8 A0A8V1AL54 A0A3Q2U3T5 A0A8V0XCI3 A0A8V0ZCA3 A0A8V0XWF0 A0A8V1AEM5 A0A8V0ZIZ5 A0A8V1A3H9 A0A8V0ZWH1 Q5ZHX2 A0A8V0XGY8 A0A1D5PQV0 A0A8V0Y1N7 A0A8V0X852 Q6JHU8 A0A8V1AJ90 A0A8V0WZJ4 A0A8V0XB58 A0A8V1A9U7 A0A8V0YE20 A0A8V1A2F4 A0A8V0ZBJ8 A0A8V0ZH54 A0A8V0Z9Z7 A0A8V0YDD6 A0A8V0XFB5 A0A8V0YWM3 A0A8V1A9L3 A0A8V1A4K1 A0A8V0Z4R1 A0A1D5NTR5 A0A8V0YEZ4 A0A8V0Z6M9 A0A8V0ZY61 A0A8V0X5U3 A0A8V0XPE8 A0A8V0YHL6 A0A8V1A7R0 A0A1L1RZ23 A0A8V0Y4Q2 A0A8V1A3N1 A0A8V0ZT48 A0A8V0Z086 A0A8V0Y9F8 A0A8V0XAN3 A0A8V0XXK8 A0A3Q2TU24 A0A8V0YEQ1 A0A8V0ZHK9 A0A8V0ZDZ5 A0A8V1AFE7 A0A8V0XDL7 A0A8V1A9A7 A0A3Q3A4U3 A0A8V1A8R6 A0A8V0XUK6 A0A8V1ACU1 A0A8V0Y0F3 A0A3Q3AST7 A0A8V0XK73 A0A8V0ZP32 A0A8V0Y5K2 A0A1D5P7Y2 A0A8V0XA12 A0A1D5P0D7 A0A8V0ZG43 Q0PVE4 A0A8V1AA32 A0A8V0ZE58 A0A1D5P0X0 A0A8V0YZJ3 Q00649 A0A8V1ABC9 A0A8V1AJI2 A0A8V0YLT1 A0A8V0XTW4 Q76KB2 A0A8V0ZLV6 A0A8V0X4D8 A0A8V1A803 A0A1D5NVM6 A0A8V1AFP7 A0A8V0YGN8 A0A8V0YXG4 A0A1L1RP76 A0A8V1AMI7 A0A8V0YLN5 A0A8V0YRN1 A0A1D5PLP1 O12971 A0A8V0XQS7 Q98938 A0A8V1A6Y8 A0A8V0ZW33 A0A8V0ZR84 A0A8V0ZFG7 A0A8V0XYR2 A0A8V1AAN6 A0A8V0XGL8 A0A8V0WZN3 A0A8V1AFC3 A0A8V0Z1C5 A0A8V0ZYN6 A0A8V0YS46 A0A8V0X6J5 A0A8V0Z2J4 A0A8V0XX49 Q9I946 R4GH52 F1NSM7 Q5ZHL0 P11602 A0A8V0ZWX9 A0A8V1A6A3 A0A8V0YVT3 A0A8V0XEJ0 P07032 A0A1D5NYG2 A0A8V0YB43 A0A8V1ACS0 A0A8V1ALE0 A0A8V1ABC8 A0A8V0X2C5 A0A8V1ACD6 A0A8V1A3H7 A0A8V0Z6B9 A0A8V0XJ84 A0A1D5NWP2 A0A8V0Z832 F1NGB8 A0A8V0YAR4 A0A8V0ZX23 A0A8V1AG56 A0A1D5PCU0 A0A8V1A449 A0A8V0XRN3 A0A3Q2U2N6 A0A3Q2TTB3 A0A8V0ZRU9 A0A3Q2TYT2 A0A8V0ZXC9 A0A1L1RSD2 A0A8V0XLH4 A0A8V0Z6S1 A0A8V0XA92 A0A8V1AK88 A0A8V0ZW46 A0A8V0Y103 A0A8V0XM58 A0A8V0ZE30 A0A8V0YSI0 A0A8V1AFR2 A0A8V0Y413 A0A8V0YY70 A0A8V0YMM6 A0A8V1AJV5 Q5ZKV5 A0A8V1A653 Q5ZIB0 A0A8V0ZI29 A0A8V0ZYM1 A0A8V0X7F0 A0A8V0XFL3 A0A8V0Y8L6 A0A8V0X643 E1C733 A0A8V0XKU5 A0A8V0ZAU8 A0A1D5PC37 A0A8V0ZBA3 A0A8V0Z1E9 F1NJI3 A0A8V0YPB9 A0A8V0YBD7 A0A8V0Z865 A0A8V0ZF83 A0A8V0X370 A0A8V0YFD4 A0A8V0YNQ0 A0A8V0Y999 A0A8V1A2P5 A0A1D5NZT1 A0A1D5PA74 A0A8V0XUJ8 A0A8V0Y290 A0A8V0YMR1 A0A8V0YQ88 A0A8V0YGQ5 A0A8V0Y7C8 A0A8V0YHH6 A0A8V0XT35 A0A1D5PNG3 Q5ZJ58 E1BQB4 A0A3Q2TT95 A0A8V0Y2E5 A0A8V0Y218 A0A8V0YU83 A0A8V1A3S8 A0A8V1A4I0 A0A8V1AEJ4 A0A8V1AJT2 A0A8V0YDT5 A0A8V0YW12 A0A8V0YT63 A0A8V0ZEJ3 A0A8V0ZZG2 A0A8V0YPH9 A0A8V0Y722 A0A8V0XXW6 A0A8V1A4P2 A0A8V0ZA56 A0A8V0X783 F1NEZ4 A0A8V0ZJ97 A0A8V0ZB91 A0A8V1A9R2 A0A8V1AB67 A0A8V0XLN9 P28687 A0A8V0ZQS2 E1C744 E1BS94 P02460 A0A8V0YUF6 A0A8V0ZSX0 A0A8V0YRF2 A0A1D5NZN4 A0A8V0Y7Y9 A0A8V0XPN5 A0A1D5PDV9 A0A8V0YA97 A0A8V0YRK4 A0A8V1ADF6 A0A8V0Y513 A0A1D5PBU5 Q05744 A0A1D5P201 A0A8V0YJV4 A0A8V1ACQ8 A0A8V0X5K9 P33005 A0A8V0YRG2 A0A8V0XMD4 A0A8V0YBZ6 A0A8V0XMA2 A0A1D5PIZ5 A0A8V0ZHL4 A0A8V0YC98 A0A8V0Z4J0 A0A8V1AHJ8 A0A8V0ZHX5 A0A8V0ZTA5 A0A8V0Y969 A0A8V0XZV7 A0A8V0XWZ8 A0A8V0Y1A4 A0A8V0ZY42 A0A8V0ZKI8 A0A1D5P655 A0A8V0ZES4 A0A8V0Y6W2 A0A8V0XK27 A0A8V0XZQ1 A0A8V0Z4M1 P01875 A0A8V0XRC4 A0A1D5NW03 A0A8V0Y4R7 A0A8V1A3Y6 A0A8V0Y4G8 A0A8V0Z4P8 A0A8V1A8N2 A0A3Q2UGW3 A0A1D5P1F1 A0A8V0ZRN1 A0A8V0XF68 A0A8V0ZZU1 A0A8V0XDM2 A0A3Q2UEL1 A0A8V0XAF8 A0A8V0ZPH9
Biological Process,cellular macromolecule localization,3,GO:0070727,37,430,389,2734,0.6,0.00016182924804584336,3.79,A0A8V1AG56 A0A8V0X4D8 A0A8V0YBZ6 A0A8V1AEJ4 A0A8V0XUK6 R4GGQ4 A0A8V0XFL3 A0A8V0Z4J0 A0A8V0YB43 A0A8V1ACS0 A0A3Q3AST7 A0A8V0X852 A0A1D5PNG3 A0A8V1A7R0 A0A8V0XF68 A0A8V0Z307 A0A8V0XDM2 A0A8V0ZTP1 Q5ZJ58 A0A8V0XPN5 Q00649 A0A8V0ZH54 A0A8V0XM58 A0A8V0YU83 E1BQI2 A0A8V0XAF8 A0A8V0ZKI8 A0A8V0YEQ1 A0A1D5PBU5 A0A8V0ZHK9 A0A8V0YY70 A0A8V0XK27 A0A8V1AJV5 A0A8V0XTW4 A0A8V0Z9Y8 P28687 A0A8V0YFD4
Biological Process,chemotaxis,3,GO:0006935,49,207,389,2734,1.66,0.00016589884876816986,3.78,A0A8V0Y0V1 A0A8V1AG56 Q98938 A0A8V0ZBR8 A0A8V0ZI29 A0A3Q3A4U3 A0A1D5NTR5 A0A8V0YVT3 A0A8V0YDT5 A0A8V0YXG4 A0A1D5NZT1 A0A1D5NYG2 A0A8V0Y8L6 A0A8V0Z8V4 A0A8V0ZDU4 A0A8V0YUF6 A0A8V0ZKS6 A0A8V1ABC8 E1C733 A0A3Q2TYT2 A0A8V1ACD6 A0A8V1AAH7 A0A1D5P0D7 A0A1D5PMF4 A0A8V0YRN1 A0A8V0YE20 A0A8V0ZE58 A0A8V0XWZ8 A0A8V0Y9F8 A0A8V0YBD7 A0A8V0Z4M1 A0A8V1ABC9 A0A8V0XM58 A0A8V0ZF83 A0A8V1ADF6 A0A8V0YR09 A0A8V0XAF8 A0A3Q2TU24 A0A8V0YEQ1 A0A8V0ZB91 A0A1D5P655 A0A8V1AB05 A0A8V1AB67 A0A8V0ZHK9 A0A8V0YY70 A0A8V0Y070 A0A1D5PT01 P33005 A0A8V0YRG2
Biological Process,protein O-linked glycosylation,5,GO:0006493,17,48,389,2734,2.49,0.00017402076585414108,3.76,A0A8V0ZWH1 A0A8V0ZY61 Q5ZIB0 A0A8V0Z6S1 A0A1D5PJE0 O12971 A0A8V1A2F4 A0A8V1ACQ8 A0A8V0ZFH4 A0A8V0Y6W2 A0A8V0XMA2 A0A8V0ZR84 A0A8V0XT35 A0A8V0Y218 A0A8V0ZYN6 Q8AWB4 A0A8V0YYQ9
Biological Process,immunoglobulin mediated immune response,6,GO:0016064,11,24,389,2734,3.22,0.00018368379626789556,3.74,A0A8V0ZZD4 A0A8V0ZZJ1 A0A8V1A3D7 A0A8V0ZQJ4 A0A8V1ABC8 A0A8V0YW57 A0A8V0XEJ0 A0A8V0ZZH6 P01875 A0A8V0ZVP0 A0A8V0ZQS2
Biological Process,B cell mediated immunity,5,GO:0019724,11,24,389,2734,3.22,0.00018368379626789556,3.74,A0A8V0ZZD4 A0A8V0ZZJ1 A0A8V1A3D7 A0A8V0ZQJ4 A0A8V1ABC8 A0A8V0YW57 A0A8V0XEJ0 A0A8V0ZZH6 P01875 A0A8V0ZVP0 A0A8V0ZQS2
Biological Process,heterocycle biosynthetic process,4,GO:0018130,13,209,389,2734,0.44,0.00027314410067252144,3.56,A0A8V1ACS0 A0A1D5PCU0 A0A8V0ZWX9 A0A8V0ZG43 A0A8V0ZG46 A0A8V1A9L3 A0A3Q2UEL1 A0A3Q2TTB3 A0A8V1AJ90 A0A8V0Z1C5 A0A8V1A7R0 A0A8V0Z4J0 A0A8V0YC57
Biological Process,intracellular transport,3,GO:0046907,46,498,389,2734,0.65,0.0002869311766108463,3.54,A0A8V0YBZ6 A0A8V1A6Y8 A0A8V1AEJ4 A0A1D5NVM6 A0A8V0YGN8 A0A8V0YVT3 A0A1D5NZT1 R4GGQ4 A0A8V0YG88 A0A8V0XFL3 A0A8V0Z4J0 A0A8V0YB43 A0A8V1ACS0 A0A8V0Z8V4 A0A8V0Y722 A0A1D5PNG3 A0A8V1A7R0 A0A1D5PC37 A0A8V0XF68 A0A8V0Z307 A0A8V0ZZU1 A0A8V0XDM2 A0A3Q2UEL1 A0A1D5P0X0 A0A8V0XPN5 E1BQB4 A0A8V0Y9F8 Q00649 A0A8V0ZH54 A0A8V0XM58 A0A8V0YSI0 A0A8V0YU83 A0A8V0XAF8 A0A8V0ZKI8 A0A8V0YEQ1 A0A8V1A4I0 A0A8V1AFR2 A0A8V1AB67 A0A8V0YY70 A0A8V0ZTG6 A0A8V0XK27 A0A8V1AJV5 A0A8V0XTW4 A0A8V0Z9Y8 P28687 A0A8V0YFD4
Biological Process,secretion,4,GO:0046903,38,430,389,2734,0.62,0.0002987290129815533,3.52,A0A8V1AFE7 A0A8V0ZWX9 A0A8V0X4D8 A0A8V0XXM5 A0A8V0XCI3 A0A8V1A2P5 A0A8V0YW12 A0A8V0XYR2 E1BS94 A0A8V0YB43 A0A3Q2U2N5 A0A8V0XGY8 E1C733 A0A8V0YLN5 A0A3Q2TYT2 A0A1L1RSD2 A0A8V0X852 A0A8V0ZA56 A0A8V0ZZU1 A0A8V0XDM2 A0A8V0Z1E9 A0A8V0YZJ3 A0A8V0ZY42 A0A8V0Z086 A0A8V0YPB9 A0A8V0XJ84 A0A8V0YSI0 A0A8V0YR09 A0A3Q2TU24 Q05744 A0A8V1AFH0 A0A1D5P655 A0A8V1AB67 A0A8V0YDD6 A0A8V1AJV5 A0A8V0YLT1 A0A8V0ZX23 A0A8V0Z4M1
Biological Process,negative regulation of dendritic spine development,5,GO:0061000,5,6,389,2734,5.86,0.00030207978026970943,3.52,A0A8V0ZI29 A0A8V1AB05 A0A8V0YDT5 A0A8V0YRK4 A0A8V0YMR1
Biological Process,motor neuron axon guidance,9,GO:0008045,16,46,389,2734,2.44,0.0003431310316937358,3.46,A0A8V0Z8V4 A0A8V0ZI29 A0A8V0ZKS6 A0A8V1AB05 A0A8V0Y070 A0A3Q3A4U3 A0A8V0Y9F8 A0A1D5NTR5 A0A8V0YDT5 A0A8V0YXG4 A0A8V1ACD6 A0A1D5PT01 A0A1D5NYG2 A0A8V0Z4M1 A0A8V0YBD7 A0A8V0ZF83
Biological Process,taxis,2,GO:0042330,50,219,389,2734,1.6,0.00036905265077652016,3.43,A0A8V0Y0V1 A0A8V1AG56 Q98938 A0A8V0ZBR8 A0A8V0ZI29 A0A3Q3A4U3 A0A1D5NTR5 A0A8V0YVT3 A0A8V0YDT5 A0A8V0YXG4 A0A1D5NZT1 A0A1D5NYG2 A0A8V0Y8L6 A0A8V0Z8V4 A0A8V0ZDU4 A0A8V0YUF6 A0A8V0ZKS6 A0A8V1ABC8 E1C733 A0A3Q2TYT2 A0A8V1ACD6 A0A8V1AAH7 A0A1D5P0D7 A0A1D5PMF4 A0A8V0YRN1 A0A8V0YE20 A0A8V0ZE58 A0A8V0XWZ8 A0A8V0Y9F8 A0A8V0YBD7 A0A8V0Z4M1 A0A8V1ABC9 A0A8V0XM58 A0A8V0ZF83 A0A8V1ADF6 A0A8V0YR09 A0A8V0XAF8 A0A3Q2TU24 A0A8V0YEQ1 A0A8V0ZB91 A0A1D5P655 A0A8V1AB05 A0A8V1AB67 A0A8V0ZHK9 A0A8V0X5K9 A0A8V0YY70 A0A8V0Y070 A0A1D5PT01 P33005 A0A8V0YRG2
Biological Process,aromatic compound biosynthetic process,4,GO:0019438,13,206,389,2734,0.44,0.00037292698319908897,3.43,A0A8V1ACS0 A0A1D5PCU0 A0A8V0ZWX9 A0A8V0ZG43 A0A8V0ZG46 A0A8V1A9L3 A0A3Q2UEL1 A0A3Q2TTB3 A0A8V1AJ90 A0A8V0Z1C5 A0A8V1A7R0 A0A8V0Z4J0 A0A8V0YC57
Biological Process,presynapse assembly,5,GO:0099054,4,4,389,2734,7.03,0.00040442599210113847,3.39,A0A8V1AG56 A0A8V0Y9F8 A0A8V0YDT5 A0A3Q2UGW3
Biological Process,adaptive immune response,3,GO:0002250,14,38,389,2734,2.59,0.00041006424812997937,3.39,A0A8V0ZZD4 A0A8V0ZZJ1 A0A8V1A3D7 A0A8V1AFH0 A0A8V0ZQJ4 A0A8V0ZZH6 A0A8V1ABC8 A0A8V0ZQS2 A0A8V0YW57 A0A8V0XEJ0 A0A8V0Z4M1 A0A8V1A7R0 A0A8V0ZVP0 P01875
Biological Process,nucleoside monophosphate metabolic process,5,GO:0009123,5,120,389,2734,0.29,0.0004365487198302585,3.36,A0A1D5PCU0 A0A8V0ZG46 A0A8V0YW57 A0A8V0Z1C5 A0A8V0YWM3
Biological Process,extracellular matrix assembly,5,GO:0085029,6,9,389,2734,4.69,0.0004593524630866607,3.34,A0A8V0Y0F3 Q98938 A0A8V0X5K9 A0A8V0Y2E5 A0A8V0Y290 A0A8V0ZRN1
Biological Process,organic cyclic compound biosynthetic process,4,GO:1901362,16,230,389,2734,0.49,0.0005169466700905232,3.29,A0A8V1ACS0 A0A1D5PCU0 A0A8V0ZWX9 A0A8V1AK88 A0A8V0ZG46 A0A8V0ZG43 A0A8V1A9L3 A0A8V0YJV4 A0A3Q2UEL1 A0A3Q2TTB3 A0A8V1AJ90 A0A8V0Y9F8 A0A8V0Z1C5 A0A8V1A7R0 A0A8V0Z4J0 A0A8V0YC57
Biological Process,protein transport,4,GO:0015031,27,329,389,2734,0.58,0.0005346633249482869,3.27,A0A8V0YBZ6 A0A8V1AEJ4 R4GGQ4 A0A8V0YG88 A0A8V0XFL3 A0A8V0Z4J0 A0A8V0YB43 A0A8V1ACS0 A0A1D5PNG3 A0A8V1A7R0 A0A1D5PC37 A0A8V0XF68 A0A8V0Z307 A0A8V0ZZU1 A0A8V0XDM2 Q5ZKV5 A0A8V0XPN5 Q00649 A0A8V0ZH54 A0A8V0YU83 A0A8V0Z9Y8 A0A8V0Z9Z7 A0A8V0XTW4 A0A8V0ZX23 Q5ZHL0 P28687 A0A8V0YFD4
Biological Process,adaptive immune response based on somatic recombination of immune receptors built from immunoglobulin superfamily domains,4,GO:0002460,13,35,389,2734,2.61,0.0006027315273466816,3.22,A0A8V0ZZD4 A0A8V0ZZJ1 A0A8V1A3D7 A0A8V0ZQJ4 A0A8V0ZZH6 A0A8V1ABC8 A0A8V0ZQS2 A0A8V0YW57 A0A8V0XEJ0 A0A8V0Z4M1 A0A8V1A7R0 A0A8V0ZVP0 P01875
Biological Process,ribonucleotide metabolic process,5,GO:0009259,10,171,389,2734,0.41,0.0006150371537595994,3.21,A0A8V1A9L3 A0A1D5PCU0 A0A8V0ZG46 A0A3Q2UEL1 A0A8V0YWM3 A0A8V0Y9F8 A0A8V0YW57 A0A8V0Z1C5 A0A8V0ZX23 A0A8V0YC57
Biological Process,protein-containing complex assembly,5,GO:0065003,38,422,389,2734,0.63,0.0006213233529044284,3.21,A0A8V1A6Y8 A0A8V0Z4R1 A0A8V0Y290 A0A8V0Z6M9 A0A8V0Z4J0 A0A8V1ACS0 A0A8V0Y0F3 A0A8V0XGL8 A0A8V0ZHX5 E1BYF1 A0A8V0XXW6 A0A8V0YGQ5 A0A8V0ZSX6 A0A8V0Y1N7 A0A8V0X852 A0A1D5PNG3 A0A8V0XF68 A0A8V0Z6B9 Q0PVE4 A0A8V0XB58 A0A8V0XDM2 A0A8V0Z2J4 A0A8V0XPN5 A0A8V0ZY42 A0A8V0Y9F8 A0A8V0XX49 A0A8V0YSI0 Q9I946 A0A8V0ZJ97 A0A8V1AFR2 A0A8V0Y413 A0A8V0Z9Z7 A0A8V0X370 A0A8V0YDD6 A0A8V1AJV5 A0A8V0XTW4 A0A8V0Z9Y8 A0A8V0YWM3
Biological Process,protein localization,4,GO:0008104,54,553,389,2734,0.69,0.0006328168380959145,3.2,A0A8V1AG56 A0A8V0X4D8 A0A8V0YBZ6 A0A8V0ZBR8 A0A8V1AEJ4 A0A8V0XUK6 A0A8V0XRN3 R4GGQ4 A0A8V0YG88 A0A8V0XFL3 A0A8V0Z4J0 A0A8V0YB43 A0A8V1ACS0 A0A3Q3AST7 A0A8V1AFC3 A0A8V0XPE8 A0A8V0X852 A0A1D5PNG3 A0A8V1A7R0 A0A8V0ZAU8 A0A1D5PC37 A0A8V0XF68 A0A1D5PRH9 Q0PVE4 A0A8V0ZZU1 A0A8V0XDM2 A0A8V0Z307 Q5ZKV5 A0A8V0ZTP1 A0A8V1A9U7 Q5ZJ58 A0A8V0XPN5 A0A8V0ZX23 Q00649 A0A8V0ZH54 A0A8V1ABC9 A0A8V0XM58 A0A8V0YU83 E1BQI2 A0A8V0XAF8 A0A8V0ZKI8 A0A8V0YEQ1 A0A1D5PBU5 A0A8V0YDT4 A0A8V0ZHK9 A0A8V0Z9Z7 A0A8V0YY70 A0A8V0XK27 A0A8V1AJV5 A0A8V0XTW4 A0A8V0Z9Y8 Q5ZHL0 P28687 A0A8V0YFD4
Biological Process,carboxylic acid metabolic process,5,GO:0019752,19,255,389,2734,0.52,0.0006617912232753842,3.18,P11602 A0A8V0XRC4 A0A1D5PNB8 A0A8V0ZHL4 A0A8V0XYR2 A0A8V0ZIZ5 E1C3Z8 A0A1D5PQV0 E1BYF1 A0A1L1RX77 A0A1L1RSD2 A0A1D5P1F1 A0A8V0XDM2 A0A8V0Y9F8 A0A8V0Y2E5 A0A8V0Y513 A0A8V0YQC4 A0A8V0Z4M1 A0A8V0XMD4
Biological Process,macromolecule localization,2,GO:0033036,63,624,389,2734,0.71,0.0006725767915454794,3.17,A0A8V1AG56 A0A8V0X4D8 A0A8V0YBZ6 A0A8V0ZBR8 A0A8V1A6A3 A0A8V1AEJ4 A0A8V0XUK6 A0A8V0XRN3 R4GGQ4 A0A8V0YG88 A0A8V0XFL3 A0A8V0Z4J0 A0A8V0YB43 A0A8V0ZDK0 A0A8V1ACS0 A0A3Q2U2N5 A0A8V0ZZG2 A0A3Q3AST7 A0A8V1AFC3 A0A8V0XPE8 A0A8V0X852 A0A8V1A3H7 A0A1D5PNG3 A0A8V1A7R0 A0A8V0ZAU8 A0A1D5PC37 A0A8V0XF68 A0A1D5PRH9 Q0PVE4 A0A8V0XA92 A0A8V0ZZU1 A0A8V0XDM2 A0A8V0Z307 A0A8V0ZTP1 A0A8V1A9U7 Q5ZKV5 Q5ZJ58 A0A8V0XPN5 A0A8V0Z086 A0A8V0Y9F8 Q00649 A0A8V0ZX23 A0A8V0ZH54 A0A8V1ABC9 A0A8V0XM58 A0A8V0YU83 E1BQI2 A0A8V0XAF8 A0A8V0YR09 A0A8V0ZKI8 A0A8V0YEQ1 A0A1D5PBU5 A0A8V0YDT4 A0A8V0ZHK9 A0A8V0Z9Z7 A0A8V0YY70 A0A8V0XK27 A0A8V1AJV5 A0A8V0XTW4 A0A8V0Z9Y8 Q5ZHL0 P28687 A0A8V0YFD4
Biological Process,extracellular matrix organization,5,GO:0030198,39,164,389,2734,1.67,0.0007326781249719031,3.14,A0A8V0X4D8 A0A8V1A449 Q98938 A0A8V0ZBR8 A0A8V0XRC4 A0A8V0ZYM1 A0A1D5NTR5 A0A8V0YXG4 A0A8V0ZHL4 A0A8V0XRN3 A0A1D5NYG2 A0A8V0XUJ8 A0A8V0Y290 A0A8V1AAN6 P02460 A0A8V0YB43 A0A8V0Y0F3 A0A1L1RX77 A0A1D5PE57 Q6JHU8 A0A8V0ZRN1 A0A8V0ZTP1 A0A8V1A9U7 Q5ZJ58 A0A8V0ZE58 F1NJI3 A0A8V0ZGF6 A0A8V0YBD7 A0A8V0Y2E5 A0A8V0YA97 A0A8V0XXK8 A0A3Q2TU24 A0A8V0YDT4 A0A8V1AFH0 A0A8V1AFR2 A0A8V0X5K9 A0A8V0Y070 A0A8V0YDD6 R4GH52
Biological Process,ribose phosphate metabolic process,4,GO:0019693,11,179,389,2734,0.43,0.0008010206280758509,3.1,A0A8V1A9L3 A0A1D5PCU0 A0A8V0ZG46 A0A3Q2UEL1 A0A8V0YWM3 A0A8V0Y9F8 A0A8V0YW57 A0A8V0Z1C5 A0A8V0ZX23 A0A8V0Z832 A0A8V0YC57
Biological Process,proteoglycan biosynthetic process,6,GO:0030166,13,36,389,2734,2.54,0.0008239186860878264,3.08,F1NGB8 A0A8V0YS46 A0A8V0WZJ4 Q98938 A0A8V0XRC4 A0A1D5P201 E1C3Z8 A0A1L1RX77 A0A8V0ZBJ8 A0A1D5PA74 E1C2T4 A0A8V0Y8L6 Q76KB2
Biological Process,nucleoside phosphate biosynthetic process,5,GO:1901293,4,103,389,2734,0.27,0.0008242241896947814,3.08,A0A1D5PCU0 A0A3Q2UEL1 A0A8V0Z1C5 A0A8V0ZWX9
Biological Process,purine ribonucleoside triphosphate metabolic process,7,GO:0009205,4,104,389,2734,0.27,0.000831100933579923,3.08,A0A1D5PCU0 A0A8V0YWM3 A0A8V0Z1C5 A0A8V0YW57
Biological Process,purine ribonucleotide metabolic process,6,GO:0009150,10,168,389,2734,0.42,0.0008452381920422474,3.07,A0A8V1A9L3 A0A1D5PCU0 A0A8V0ZG46 A0A3Q2UEL1 A0A8V0YWM3 A0A8V0Y9F8 A0A8V0YW57 A0A8V0Z1C5 A0A8V0ZX23 A0A8V0YC57
Biological Process,ribonucleoside triphosphate metabolic process,6,GO:0009199,4,105,389,2734,0.27,0.0008547568488808839,3.07,A0A1D5PCU0 A0A8V0YWM3 A0A8V0Z1C5 A0A8V0YW57
Biological Process,nucleic acid metabolic process,4,GO:0090304,19,252,389,2734,0.53,0.0008739943907065061,3.06,A0A8V1A6A3 A0A8V0X7F0 A0A8V0Z4J0 A0A8V1ACS0 A0A3Q2TTB3 A0A8V0XXW6 A0A8V0YW57 A0A1D5PNG3 A0A8V1A7R0 A0A8V1AJ90 A0A1L1RZ23 A0A8V0ZG43 A0A1D5PNL3 A0A8V0XPN5 A0A8V0XWZ8 A0A8V0ZE30 A0A8V0ZJ97 A0A8V0YQC4 A0A8V0YWM3
Biological Process,regulation of transforming growth factor beta receptor signaling pathway,6,GO:0017015,15,45,389,2734,2.34,0.0008785795455792901,3.06,A0A8V1ACS0 A0A8V0Y0F3 A0A8V0X4D8 A0A8V0XDM2 A0A8V0YQ88 A0A8V0YMM6 A0A8V0Y070 A0A8V0XPE8 A0A1D5NZT1 A0A8V0XK27 A0A8V0XRN3 A0A8V0XJ84 A0A8V0Y290 A0A8V0ZF83 A0A8V0Z4J0
Biological Process,regulation of cellular response to transforming growth factor beta stimulus,5,GO:1903844,15,45,389,2734,2.34,0.0008785795455792901,3.06,A0A8V1ACS0 A0A8V0Y0F3 A0A8V0X4D8 A0A8V0XDM2 A0A8V0YQ88 A0A8V0YMM6 A0A8V0Y070 A0A8V0XPE8 A0A1D5NZT1 A0A8V0XK27 A0A8V0XRN3 A0A8V0XJ84 A0A8V0Y290 A0A8V0ZF83 A0A8V0Z4J0
Biological Process,olfactory lobe development,3,GO:0021988,7,13,389,2734,3.78,0.000885940651192885,3.05,A0A8V1AG56 A0A8V0Z8V4 A0A8V0ZB91 A0A8V0ZHK9 A0A8V0YY70 A0A3Q3A4U3 A0A8V0Y8L6
Biological Process,nucleoside triphosphate metabolic process,5,GO:0009141,5,114,389,2734,0.31,0.0008898533726622725,3.05,A0A1D5PCU0 A0A8V0ZWX9 A0A8V0YW57 A0A8V0Z1C5 A0A8V0YWM3
Biological Process,ribonucleoside monophosphate metabolic process,6,GO:0009161,5,115,389,2734,0.31,0.000900380604287937,3.05,A0A1D5PCU0 A0A8V0ZG46 A0A8V0YW57 A0A8V0Z1C5 A0A8V0YWM3
Biological Process,mannosylation,3,GO:0097502,5,7,389,2734,5.02,0.0009337362573475668,3.03,Q5ZIB0 A0A8V0XDL7 A0A8V0ZFH4 A0A8V0Y218 A0A8V0YYQ9
Biological Process,organophosphate metabolic process,3,GO:0019637,26,312,389,2734,0.59,0.0010298312506555485,2.99,A0A8V1A9L3 P11602 A0A1D5PCU0 A0A8V0ZWX9 A0A8V0XCX4 A0A8V0ZYM1 A0A8V0YC57 A0A8V0ZG46 A0A8V0X637 A0A8V0YW57 A0A8V0ZRU9 A0A8V0Z1C5 A0A8V1AK88 A0A8V0X6J5 Q5ZJ58 A0A3Q2UEL1 A0A8V0XWZ8 A0A8V0Y9F8 A0A8V0XAN3 A0A8V0Z832 A0A8V0Y513 A0A3Q2TU24 A0A8V0ZX23 A0A8V0XMD4 A0A8V0ZQS2 A0A8V0YWM3
Biological Process,purine nucleotide metabolic process,5,GO:0006163,11,174,389,2734,0.44,0.0010761406312655842,2.97,A0A8V1A9L3 A0A1D5PCU0 A0A8V0ZWX9 A0A8V0ZG46 A0A3Q2UEL1 A0A8V0YWM3 A0A8V0Y9F8 A0A8V0YW57 A0A8V0Z1C5 A0A8V0ZX23 A0A8V0YC57
Biological Process,establishment of localization in cell,3,GO:0051649,56,560,389,2734,0.7,0.0011028261234074148,2.96,A0A8V0YBZ6 A0A8V1A6Y8 A0A8V1AEJ4 A0A1D5NVM6 A0A8V0YGN8 A0A8V0YVT3 A0A1D5NZT1 R4GGQ4 A0A8V0YG88 A0A8V0XFL3 A0A8V0Y8L6 A0A8V0Z4J0 A0A8V0YB43 A0A8V1ACS0 A0A8V0Z8V4 A0A3Q2UGW3 A0A8V0Y722 A0A8V0X5U3 A0A3Q2TYT2 A0A1D5PNG3 A0A8V1A7R0 A0A1D5PC37 A0A8V0XF68 A0A8V0YS46 Q0PVE4 A0A8V0ZZU1 A0A8V0XDM2 A0A8V0Z307 A0A3Q2UEL1 A0A1D5P0X0 A0A8V0XPN5 E1BQB4 A0A8V0Y9F8 Q00649 A0A8V0ZH54 A0A1D5NWP2 A0A8V0XM58 A0A8V0ZE30 A0A8V0YSI0 A0A8V0YU83 A0A8V0XAF8 A0A8V0ZKI8 A0A8V0YEQ1 A0A1D5PBU5 A0A8V1A4I0 A0A8V1AFR2 A0A8V1AB67 A0A8V0Z9Z7 A0A8V0YY70 A0A8V0ZTG6 A0A8V0XK27 A0A8V1AJV5 A0A8V0XTW4 A0A8V0Z9Y8 P28687 A0A8V0YFD4
Biological Process,negative regulation of transmembrane receptor protein serine/threonine kinase signaling pathway,6,GO:0090101,13,37,389,2734,2.47,0.0011094616341638566,2.95,A0A8V1ACS0 A0A8V1AG56 A0A8V0Y0F3 A0A8V0YQ88 A0A8V0YMM6 A0A8V0XPE8 A0A1D5NZT1 A0A8V0XK27 A0A3Q2TT95 A0A8V0XJ84 A0A1D5NZN4 A0A8V0Y290 A0A8V0Z4J0
Biological Process,RNA metabolic process,5,GO:0016070,14,202,389,2734,0.49,0.001130631922924976,2.95,A0A8V1ACS0 A0A1L1RZ23 A0A8V0ZG43 A0A8V0ZJ97 A0A8V1A6A3 A0A8V0XPN5 A0A3Q2TTB3 A0A8V0XXW6 A0A8V0YQC4 A0A8V0X7F0 A0A8V0ZE30 A0A1D5PNG3 A0A8V1A7R0 A0A8V0Z4J0
Biological Process,nitrogen compound transport,4,GO:0071705,34,379,389,2734,0.63,0.001133540846021709,2.95,A0A8V0ZWX9 A0A8V0YBZ6 A0A8V1AEJ4 R4GGQ4 A0A8V0YG88 A0A8V0XFL3 A0A8V0XYR2 A0A8V0Z4J0 A0A8V0YB43 A0A8V1ACS0 A0A1D5PNG3 A0A8V1A7R0 A0A8V0YLZ5 A0A1D5PC37 A0A8V0X783 A0A8V0XF68 A0A8V0Z307 A0A8V0XA92 A0A8V0ZZU1 A0A8V0XDM2 Q5ZKV5 A0A8V0XPN5 Q00649 A0A8V0ZH54 A0A8V0YU83 A0A8V0Z9Y8 A0A8V1AB67 A0A8V0Z9Z7 A0A8V1AJV5 A0A8V0XTW4 A0A8V0ZX23 Q5ZHL0 P28687 A0A8V0YFD4
Biological Process,amide transport,5,GO:0042886,29,339,389,2734,0.6,0.001133657825852017,2.95,A0A8V0YBZ6 A0A8V1AEJ4 R4GGQ4 A0A8V0YG88 A0A8V0XFL3 A0A8V0XYR2 A0A8V0Z4J0 A0A8V0YB43 A0A8V1ACS0 A0A1D5PNG3 A0A8V1A7R0 A0A1D5PC37 A0A8V0XF68 A0A8V0Z307 A0A8V0ZZU1 A0A8V0XDM2 Q5ZKV5 A0A8V0XPN5 Q00649 A0A8V0ZH54 A0A8V0YU83 A0A8V0Z9Y8 A0A8V0Z9Z7 A0A8V1AJV5 A0A8V0XTW4 A0A8V0ZX23 Q5ZHL0 P28687 A0A8V0YFD4
Biological Process,exocytosis,3,GO:0006887,29,339,389,2734,0.6,0.001133657825852017,2.95,A0A8V1AFE7 A0A8V0XXM5 A0A8V0XCI3 A0A8V1A2P5 A0A8V0YW12 E1BS94 A0A8V0YB43 A0A3Q2U2N5 E1C733 A0A8V0YLN5 A0A1L1RSD2 A0A8V0X852 A0A8V0ZZU1 A0A8V0XDM2 A0A8V0Z1E9 A0A8V0YZJ3 A0A8V0ZY42 A0A8V0Z086 A0A8V0YPB9 A0A8V0XJ84 A0A8V0YSI0 A0A8V0YR09 A0A3Q2TU24 Q05744 A0A8V1AFH0 A0A1D5P655 A0A8V1AB67 A0A8V0YDD6 A0A8V0Z4M1
Biological Process,cell cycle,2,GO:0007049,19,250,389,2734,0.53,0.0011575691192411966,2.94,A0A8V0ZW33 A0A8V0YVT3 A0A8V0ZFG7 A0A8V0XFL3 A0A8V0Z4P8 A0A8V0X643 A0A8V0ZDK0 A0A8V0X5U3 A0A8V0YW57 A0A8V0ZAU8 A0A1D5PC37 Q0PVE4 A0A8V0XB58 A0A8V1ABC9 A0A8V0ZE30 A0A8V0YRK4 A0A1D5PBU5 A0A8V0Z9Z7 R4GH52
Biological Process,nucleotide biosynthetic process,6,GO:0009165,4,101,389,2734,0.28,0.001194599425939186,2.92,A0A1D5PCU0 A0A3Q2UEL1 A0A8V0Z1C5 A0A8V0ZWX9
Biological Process,extracellular structure organization,4,GO:0043062,41,179,389,2734,1.61,0.0012146605946015674,2.92,P11602 A0A8V0X4D8 A0A8V1A449 Q98938 A0A8V0ZBR8 A0A8V0XRC4 A0A8V0ZYM1 A0A1D5NTR5 A0A8V0YXG4 A0A8V0ZHL4 A0A8V0XRN3 A0A1D5NYG2 A0A8V0XUJ8 A0A8V0Y290 A0A8V1AAN6 P02460 A0A8V0YB43 A0A8V0Y0F3 A0A1L1RX77 A0A1D5PE57 Q6JHU8 A0A8V0ZRN1 A0A8V0ZTP1 A0A8V1A9U7 Q5ZJ58 A0A8V0ZE58 F1NJI3 A0A8V0Y9F8 A0A8V0ZGF6 A0A8V0YBD7 A0A8V0Y2E5 A0A8V0YA97 A0A8V0XXK8 A0A3Q2TU24 A0A8V0YDT4 A0A8V1AFH0 A0A8V1AFR2 A0A8V0X5K9 A0A8V0Y070 A0A8V0YDD6 R4GH52
Biological Process,purine nucleoside monophosphate metabolic process,6,GO:0009126,5,112,389,2734,0.31,0.001279542034794672,2.89,A0A1D5PCU0 A0A8V0ZG46 A0A8V0YW57 A0A8V0Z1C5 A0A8V0YWM3
Biological Process,purine ribonucleoside monophosphate metabolic process,7,GO:0009167,5,112,389,2734,0.31,0.001279542034794672,2.89,A0A1D5PCU0 A0A8V0ZG46 A0A8V0YW57 A0A8V0Z1C5 A0A8V0YWM3
Biological Process,translation,4,GO:0006412,6,121,389,2734,0.35,0.0012999661475801266,2.89,A0A8V1ACS0 A0A8V0XPN5 A0A8V0YQC4 A0A8V0Z865 A0A1D5PNG3 A0A8V0Z4J0
Biological Process,negative regulation of transforming growth factor beta receptor signaling pathway,7,GO:0030512,10,25,389,2734,2.81,0.0013428428320455684,2.87,A0A8V1ACS0 A0A8V0Y0F3 A0A8V0YQ88 A0A8V0YMM6 A0A8V0XPE8 A0A1D5NZT1 A0A8V0XK27 A0A8V0XJ84 A0A8V0Y290 A0A8V0Z4J0
Biological Process,negative regulation of cellular response to transforming growth factor beta stimulus,6,GO:1903845,10,25,389,2734,2.81,0.0013428428320455684,2.87,A0A8V1ACS0 A0A8V0Y0F3 A0A8V0YQ88 A0A8V0YMM6 A0A8V0XPE8 A0A1D5NZT1 A0A8V0XK27 A0A8V0XJ84 A0A8V0Y290 A0A8V0Z4J0
Biological Process,negative chemotaxis,4,GO:0050919,10,25,389,2734,2.81,0.0013428428320455684,2.87,A0A8V0Y0V1 A0A8V1AG56 A0A8V0Z8V4 A0A8V0ZDU4 A0A3Q2TU24 A0A8V0ZB91 A0A3Q3A4U3 A0A8V0Y9F8 A0A8V0YBD7 A0A8V1ACD6
Biological Process,purine-containing compound metabolic process,4,GO:0072521,12,183,389,2734,0.46,0.001359630782863893,2.87,A0A8V1A9L3 A0A1D5PCU0 A0A8V0ZWX9 A0A8V0ZG46 A0A3Q2UEL1 A0A8V0YWM3 A0A1D5PNB8 A0A8V0Y9F8 A0A8V0YW57 A0A8V0Z1C5 A0A8V0ZX23 A0A8V0YC57
Biological Process,establishment of protein localization,3,GO:0045184,31,351,389,2734,0.62,0.0013799894227101471,2.86,A0A8V0YBZ6 A0A8V1AEJ4 A0A8V0XRN3 R4GGQ4 A0A8V0YG88 A0A8V0XFL3 A0A8V0Z4J0 A0A8V0YB43 A0A8V1ACS0 A0A8V1AFC3 A0A1D5PNG3 A0A8V1A7R0 A0A1D5PC37 A0A8V0XF68 A0A8V0Z307 A0A8V0ZZU1 A0A8V0XDM2 Q5ZKV5 A0A8V0XPN5 Q00649 A0A8V0ZH54 A0A8V1ABC9 A0A8V0YU83 A0A8V0Z9Y8 E1BQI2 A0A8V0Z9Z7 A0A8V0XTW4 A0A8V0ZX23 Q5ZHL0 P28687 A0A8V0YFD4
Biological Process,peptide transport,5,GO:0015833,29,334,389,2734,0.61,0.0014377003454707632,2.84,A0A8V0YBZ6 A0A8V1AEJ4 R4GGQ4 A0A8V0YG88 A0A8V0XFL3 A0A8V0XYR2 A0A8V0Z4J0 A0A8V0YB43 A0A8V1ACS0 A0A1D5PNG3 A0A8V1A7R0 A0A1D5PC37 A0A8V0XF68 A0A8V0Z307 A0A8V0ZZU1 A0A8V0XDM2 Q5ZKV5 A0A8V0XPN5 Q00649 A0A8V0ZH54 A0A8V0YU83 A0A8V0Z9Y8 A0A8V0Z9Z7 A0A8V1AJV5 A0A8V0XTW4 A0A8V0ZX23 Q5ZHL0 P28687 A0A8V0YFD4
Biological Process,negative regulation of cellular response to growth factor stimulus,5,GO:0090288,16,51,389,2734,2.2,0.0016219123207265613,2.79,A0A8V1ACS0 A0A8V1AG56 A0A8V0Y0F3 A0A8V0YQ88 A0A8V0ZI29 A0A8V0Z2J4 A0A8V0YMM6 A0A1L1RX77 A0A8V0XPE8 A0A8V0XK27 A0A1D5NZT1 A0A8V0XJ84 A0A3Q2TT95 A0A1D5NZN4 A0A8V0Y290 A0A8V0Z4J0
Biological Process,nucleobase-containing compound biosynthetic process,4,GO:0034654,13,191,389,2734,0.48,0.0016885481263252413,2.77,A0A8V1ACS0 A0A1D5PCU0 A0A8V0ZWX9 A0A8V0ZG43 A0A8V0ZG46 A0A8V1A9L3 A0A3Q2UEL1 A0A3Q2TTB3 A0A8V1AJ90 A0A8V0Z1C5 A0A8V1A7R0 A0A8V0Z4J0 A0A8V0YC57
Biological Process,protein O-linked mannosylation,5,GO:0035269,4,5,389,2734,5.62,0.0017939922213639128,2.75,A0A8V0ZFH4 Q5ZIB0 A0A8V0YYQ9 A0A8V0Y218
Biological Process,dendrite guidance,8,GO:0070983,4,5,389,2734,5.62,0.0017939922213639128,2.75,A0A8V1AG56 A0A3Q3A4U3 A0A8V0ZKS6 A0A1D5NYG2
Biological Process,"nucleotide-binding domain, leucine rich repeat containing receptor signaling pathway",4,GO:0035872,4,5,389,2734,5.62,0.0017939922213639128,2.75,A0A8V1ACS0 A0A8V0ZZG2 A0A1D5PNL3 A0A8V0Z4J0
Biological Process,protein O-linked glycosylation via threonine,6,GO:0018243,4,5,389,2734,5.62,0.0017939922213639128,2.75,A0A8V0ZY61 A0A8V0Y6W2 A0A8V0Z6S1 A0A8V1A2F4
Biological Process,nucleotide-binding oligomerization domain containing signaling pathway,5,GO:0070423,4,5,389,2734,5.62,0.0017939922213639128,2.75,A0A8V1ACS0 A0A8V0ZZG2 A0A1D5PNL3 A0A8V0Z4J0
Biological Process,locomotion,1,GO:0040011,90,474,389,2734,1.33,0.001813655424678432,2.74,A0A8V1AEJ4 A0A1D5NTR5 A0A8V0YVT3 A0A8V0YDT5 A0A1D5NYG2 A0A8V0YW12 A0A8V0YT63 A0A8V0Z8V4 A0A8V1ABC8 A0A8V1ACD6 A0A1L1RZ23 A0A8V0Z6B9 A0A8V0ZTP1 A0A8V0Y9F8 A0A8V0XAE5 A0A3Q2TU24 A0A8V0YEQ1 A0A8V0ZB91 A0A8V1AB05 A0A8V1A9R2 A0A8V1AB67 A0A8V0ZHK9 A0A8V0Y070 A0A8V0ZQS2 A0A8V1AG56 A0A1D5PCU0 A0A8V0YM05 A0A8V1A9A7 A0A3Q3A4U3 A0A8V0Y0F3 A0A8V0ZDU4 A0A8V0YUF6 A0A3Q2TYT2 A0A8V1AAH7 A0A1D5P0D7 A0A8V1AK88 A0A8V0XA92 Q0PVE4 A0A8V0ZE58 A0A8V0Z4U2 A0A8V0Z7D4 A0A8V1ABC9 A0A8V0XM58 A0A8V1ADF6 A0A8V0YR09 A0A1D5PBU5 A0A8V0Y413 A0A8V0X5K9 A0A8V0YY70 A0A8V0YMM6 A0A1D5PT01 P33005 A0A8V0YRG2 A0A8V0Y0V1 A0A8V0ZBR8 A0A8V0ZI29 A0A8V0YXG4 A0A1D5PIZ5 A0A8V0Y8L6 A0A8V0ZDK0 A0A8V0ZKS6 E1C733 A0A8V0YLN5 A0A8V0XKU5 A0A8V0ZAU8 A0A1D5PMF4 A0A8V0YRN1 A0A8V0XWZ8 A0A8V0YBD7 A0A8V0ZF83 A0A8V0ZKI8 A0A1D5P655 A0A8V0YDT4 A0A8V0X370 A0A8V0YIE9 A0A8V0Z4M1 Q98938 A0A8V0XRC4 A0A8V0Y4R7 A0A1D5NZT1 A0A8V0Y290 A0A8V0Y1N7 A0A8V0X852 A0A8V0YS46 A0A8V0ZZU1 A0A8V0XDM2 A0A8V0YE20 A0A3Q2UEL1 A0A8V0XAF8 A0A8V0YDD6
Biological Process,humoral immune response mediated by circulating immunoglobulin,4,GO:0002455,8,18,389,2734,3.12,0.0018512627710139452,2.73,A0A8V0ZZD4 A0A8V0ZZJ1 A0A8V1A3D7 A0A8V0ZQJ4 A0A8V0XEJ0 A0A8V0ZZH6 P01875 A0A8V0ZVP0
Biological Process,"complement activation, classical pathway",4,GO:0006958,8,18,389,2734,3.12,0.0018512627710139452,2.73,A0A8V0ZZD4 A0A8V0ZZJ1 A0A8V1A3D7 A0A8V0ZQJ4 A0A8V0XEJ0 A0A8V0ZZH6 P01875 A0A8V0ZVP0
Biological Process,proteoglycan metabolic process,5,GO:0006029,16,52,389,2734,2.16,0.0018945645239593452,2.72,F1NGB8 A0A8V0YS46 A0A8V0WZJ4 Q98938 A0A8V0XRC4 A0A1D5P201 E1C3Z8 A0A1L1RX77 A0A8V0YLN5 A0A8V0ZBJ8 A0A1D5PA74 E1C2T4 A0A8V0Y8L6 Q76KB2 A0A8V0YIV5 P02460
Biological Process,cilium movement,4,GO:0003341,13,39,389,2734,2.34,0.0019305583160820112,2.71,A0A8V0XLH4 A0A8V0Y8G8 A0A8V0Z6B9 A0A8V0Z6L1 A0A8V1A6Y8 A0A8V0ZT48 A0A8V0Z4U2 A0A8V0X370 A0A8V0Y1N7 A0A8V0YIE9 A0A8V1A3Y6 A0A8V1AM51 A0A8V0ZLV6
Biological Process,postreplication repair,6,GO:0006301,6,11,389,2734,3.83,0.001959899978171157,2.71,A0A8V1ACS0 A0A1D5PNL3 A0A3Q2TTB3 A0A8V0YW57 A0A8V0Z4J0 A0A8V1AJ90
Biological Process,regulated exocytosis,4,GO:0045055,28,321,389,2734,0.61,0.002117302119039396,2.67,A0A8V1AFE7 A0A8V0XXM5 A0A8V0XCI3 A0A8V1A2P5 A0A8V0YW12 E1BS94 A0A8V0YB43 A0A3Q2U2N5 A0A8V0YLN5 A0A1L1RSD2 A0A8V0X852 A0A8V0ZZU1 A0A8V0XDM2 A0A8V0Z1E9 A0A8V0YZJ3 A0A8V0ZY42 A0A8V0Z086 A0A8V0YPB9 A0A8V0XJ84 A0A8V0YSI0 A0A8V0YR09 A0A3Q2TU24 Q05744 A0A8V1AFH0 A0A1D5P655 A0A8V1AB67 A0A8V0YDD6 A0A8V0Z4M1
Biological Process,dermatan sulfate proteoglycan biosynthetic process,7,GO:0050651,5,8,389,2734,4.39,0.0022000604084922697,2.66,A0A8V0WZJ4 A0A8V0XRC4 E1C3Z8 A0A1L1RX77 E1C2T4
Biological Process,biological regulation,1,GO:0065007,269,2064,389,2734,0.92,0.002212382126436885,2.66,Q5ZMG0 P11602 A0A8V0ZWX9 A0A8V1A9L3 A0A8V1A3D7 A0A8V1AEJ4 A0A8V1AJT2 A0A8V0Z4R1 Q90YI1 A0A1D5NTR5 A0A8V0YVT3 A0A8V0YDT5 A0A8V0YEZ4 A0A8V0XEJ0 C7G540 A0A1D5NYG2 A0A8V0YW12 A0A8V0ZEJ3 A0A8V0YB43 A0A8V0ZY61 A0A8V0Z8V4 A0A3Q2U2N5 A0A8V0ZZG2 A0A8V1ACS0 A0A8V0YPH9 A0A8V1ABC8 A0A8V0Y722 A0A8V0X5U3 A0A1L1RX77 A0A8V0XPE8 A0A8V0YW57 A0A8V0XXW6 A0A8V1ACD6 A0A8V1A4P2 A0A8V1A7R0 A0A8V0ZA56 A0A1L1RZ23 A0A8V0Y4Q2 A0A8V0ZZD4 F1NEZ4 A0A8V1A3N1 A0A8V0ZTP1 A0A8V0ZKV3 A0A1D5PNL3 A0A8V0Z086 A0A8V0Y9F8 A0A8V0YY90 A0A8V0XJ84 A0A1D5NWP2 A0A8V0XAN3 A0A8V0YYQ9 A0A8V0XXK8 F1NGB8 A0A3Q2TU24 A0A8V0YEQ1 A0A8V0ZJ97 A0A8V0ZB91 A0A8V0YAR4 A0A8V1AB05 A0A8V1A9R2 A0A8V1AB67 A0A8V0ZDZ5 A0A8V0ZHK9 A0A8V0XLN9 A0A8V0Y070 A0A8V0ZX23 A0A8V0ZQS2 A0A8V1AG56 A0A1D5PCU0 A0A8V1A449 A0A8V0YM05 A0A8V1A9A7 A0A3Q3A4U3 A0A8V1A8R6 A0A8V0XUK6 A0A8V0XRN3 A0A8V1ACU1 A0A8V0ZC57 A0A3Q2U2N6 E1BS94 P02460 A0A8V0YFB8 A0A8V0Y0F3 A0A8V0X637 E1BYF1 A0A8V0ZP32 A0A8V0ZSX0 A0A8V0ZRU9 A0A3Q2TYT2 A0A8V0ZXC9 A0A8V1AKH4 A0A8V0YRF2 A0A1D5NZN4 A0A1D5P7Y2 A0A8V0X1T3 A0A8V0Y5K2 A0A8V0YLZ5 A0A8V1AAH7 A0A1D5P0D7 A0A8V1AK88 A0A8V0XA92 Q0PVE4 A0A8V0ZW46 A0A8V0Y7Y9 A0A8V0Z307 A0A8V1AA32 A0A8V0ZE58 A0A1D5P0X0 A0A8V0XPN5 Q00649 A0A1D5PDV9 A0A8V0Z7D4 A0A8V1ABC9 A0A8V0YF22 A0A8V0XM58 A0A8V0ZE30 A0A8V0YSI0 A0A8V0YRK4 A0A8V0ZVP0 A0A8V1ADF6 E1BQI2 A0A8V0Y513 A0A8V0YR09 A0A8V0ZZJ1 A0A1D5PBU5 A0A8V1AFH0 A0A1D5P201 A0A8V0Y413 A0A8V0YJV4 A0A8V0X5K9 A0A8V0YMM6 A0A8V0YY70 A0A8V1AJI2 A0A1D5PT01 A0A8V1AJV5 A0A8V0YLT1 A0A8V0XTW4 P33005 Q5ZKV5 Q76KB2 A0A8V0YRG2 A0A8V1A653 A0A8V0Y0V1 Q5ZIB0 A0A8V0X4D8 A0A8V0YBZ6 A0A8V0ZI29 A0A1D5NVM6 A0A8V1AFP7 A0A8V0ZYM1 A0A8V0YGN8 A0A8V0YXG4 A0A1D5PIZ5 A0A8V0ZHL4 A0A1L1RP76 A0A8V0YPA6 A0A8V0XFL3 A0A8V0Y8L6 A0A8V0X643 A0A8V0Z4J0 A0A8V0YC57 A0A8V0ZDK0 A0A8V0ZSG8 A0A8V0ZKS6 A0A8V0ZHX5 A0A8V0ZQJ4 A0A8V0ZTA5 E1C733 A0A8V1AMI7 A0A8V0YLN5 A0A8V0ZSX6 A0A8V0XKU5 A0A1D5PE57 A0A8V0ZAU8 Q8AWB4 A0A1D5PC37 A0A8V0ZBA3 A0A8V0XZV7 A0A8V0Z438 A0A8V0XWZ8 A0A8V0ZY91 A0A8V0Y1A4 A0A8V0YPB9 A0A8V0YBD7 A0A1D5PLP1 A0A8V0ZF83 A0A8V0ZKI8 O12971 A0A8V0YDT4 A0A1D5P655 A0A8V0ZES4 A0A8V0ZTG6 A0A8V0XK27 A0A8V0XZQ1 A0A8V0XQS7 A0A8V0Z9Y8 A0A8V0Z4M1 P01875 A0A8V1AL54 A0A3Q2U3T5 A0A8V0YNQ0 Q98938 A0A8V0XRC4 A0A8V0XCI3 A0A8V0Y999 A0A8V0ZW33 A0A8V1A2P5 A0A8V0Y4R7 A0A1D5NZT1 A0A8V0XWF0 A0A8V0ZFG7 A0A8V0XUJ8 A0A8V0Y290 A0A8V0X097 A0A8V0XYR2 A0A8V0YMR1 A0A8V0ZIZ5 A0A8V1A3H9 Q5ZHX2 A0A8V1AAN6 A0A8V0XGY8 A0A8V0XGL8 A0A8V0YLX0 A0A8V1A8N2 A0A8V0YQ88 A0A3Q2UGW3 A0A1D5PQV0 A0A8V1AFC3 A0A8V0YGQ5 A0A8V0Y7C8 A0A8V0Y1N7 A0A8V0Z1C5 A0A8V0YHH6 A0A8V0X852 A0A1D5PNG3 A0A1D5P1F1 Q6JHU8 A0A8V1AJ90 A0A8V0YS46 A0A8V0WZJ4 A0A8V0XB58 A0A8V0ZZU1 A0A8V0XDM2 A0A8V1A9U7 A0A8V0X6J5 A0A8V0Z2J4 Q5ZJ58 A0A3Q2UEL1 A0A8V1A2F4 E1BQB4 A0A3Q2TT95 A0A8V0ZBJ8 A0A8V0Y2E5 A0A8V0ZH54 A0A8V0ZZH6 A0A8V0XX49 Q9I946 A0A8V0YU83 A0A8V0XAF8 A0A8V1A3S8 A0A8V1A4I0 A0A8V0Z9Z7 A0A8V0Y614 A0A8V0YDD6 A0A8V1AM47 A0A8V0XFB5 Q5ZHL0 A0A8V0ZPH9 A0A8V0YWM3
Biological Process,protein complex oligomerization,6,GO:0051259,9,147,389,2734,0.43,0.0022723360678461447,2.64,A0A8V0Y0F3 A0A8V0XB58 A0A8V0ZHX5 A0A8V0Y413 A0A8V0Z2J4 A0A8V0Z4R1 E1BYF1 A0A8V0YGQ5 A0A8V0Y290
Biological Process,axon development,7,GO:0061564,45,207,389,2734,1.53,0.002506118796174446,2.6,A0A8V1AG56 Q98938 A0A8V0ZBR8 A0A8V0ZI29 A0A8V0XRC4 A0A1D5NW03 A0A3Q3A4U3 P33005 A0A1D5NTR5 A0A8V0YVT3 A0A8V0YDT5 A0A8V0YXG4 A0A1D5NYG2 A0A8V0Y8L6 A0A8V0Y4G8 A0A8V1AAN6 A0A8V0YB43 A0A8V0Z8V4 A0A8V0YUF6 A0A8V0ZKS6 A0A8V0ZSX0 A0A8V1ACD6 A0A8V1AAH7 A0A1D5P0D7 Q0PVE4 A0A8V0ZZU1 F1NEZ4 A0A8V0XDM2 A0A8V0YRN1 A0A8V0YE20 A0A1D5PNL3 A0A8V0Y9F8 A0A8V0YBD7 A0A8V1ABC9 A0A8V0ZF83 A0A8V1ADF6 A0A8V0ZB91 A0A1D5P655 A0A8V1AB05 A0A8V1AB67 A0A8V0YY70 A0A8V0Y070 A0A1D5PT01 A0A8V0Z4M1 A0A8V0YRG2
Biological Process,ATP metabolic process,7,GO:0046034,4,96,389,2734,0.29,0.0025087412213847084,2.6,A0A1D5PCU0 A0A8V0YWM3 A0A8V0Z1C5 A0A8V0YW57
Biological Process,RNA processing,6,GO:0006396,5,105,389,2734,0.33,0.0025299947102241606,2.6,A0A1L1RZ23 A0A8V0ZJ97 A0A8V1A6A3 A0A8V0XXW6 A0A1D5PNG3
Biological Process,purine nucleoside triphosphate metabolic process,6,GO:0009144,5,106,389,2734,0.33,0.0025596260198609364,2.59,A0A1D5PCU0 A0A8V0ZWX9 A0A8V0YW57 A0A8V0Z1C5 A0A8V0YWM3
Biological Process,positive regulation of mesenchymal cell proliferation,6,GO:0002053,7,15,389,2734,3.28,0.0025673312022898866,2.59,A0A8V0ZKI8 A0A8V1AG56 A0A3Q2TU24 Q98938 A0A8V1A9A7 A0A8V0YMM6 A0A8V0Z4M1
Biological Process,lung alveolus development,3,GO:0048286,7,15,389,2734,3.28,0.0025673312022898866,2.59,A0A8V1AG56 A0A8V0ZWX9 A0A3Q2TU24 A0A8V0Y7C8 A0A8V0XJ84 A0A8V0Z4M1 Q76KB2
Biological Process,cell cycle process,2,GO:0022402,19,241,389,2734,0.55,0.002603432300962992,2.58,A0A8V0ZW33 A0A8V0YVT3 A0A8V0ZFG7 A0A8V0XFL3 A0A8V0Z4P8 A0A8V0X643 A0A8V0ZDK0 A0A8V0X5U3 A0A8V0YW57 A0A8V0ZAU8 A0A1D5PC37 Q0PVE4 A0A8V0XB58 A0A8V1ABC9 A0A8V0ZE30 A0A8V0YRK4 A0A1D5PBU5 A0A8V0Z9Z7 R4GH52
Biological Process,protein stabilization,4,GO:0050821,2,69,389,2734,0.2,0.002754339664601477,2.56,A0A8V0XCI3 Q6JHU8
Biological Process,cellular respiration,5,GO:0045333,2,70,389,2734,0.2,0.0027563573281324193,2.56,A0A8V0XF68 A0A8V0YWM3
Biological Process,regulation of mesenchymal cell proliferation,5,GO:0010464,8,19,389,2734,2.96,0.002806940719799186,2.55,A0A8V0YNQ0 A0A8V0ZKI8 A0A8V1AG56 A0A3Q2TU24 Q98938 A0A8V1A9A7 A0A8V0YMM6 A0A8V0Z4M1
Biological Process,regulation of axon extension involved in axon guidance,6,GO:0048841,8,19,389,2734,2.96,0.002806940719799186,2.55,A0A8V1AG56 A0A8V0Z8V4 A0A8V0ZKS6 A0A8V0ZI29 A0A8V1AB05 A0A8V0YDT5 A0A8V1ACD6 A0A8V0Z4M1
Biological Process,cellular response to parathyroid hormone stimulus,5,GO:0071374,3,3,389,2734,7.03,0.0028613662808953137,2.54,A0A8V0XPE8 A0A8V0Y1A4 P02460
Biological Process,presynaptic membrane assembly,6,GO:0097105,3,3,389,2734,7.03,0.0028613662808953137,2.54,A0A3Q2UGW3 A0A8V0Y9F8 A0A8V0YDT5
Biological Process,response to parathyroid hormone,4,GO:0071107,3,3,389,2734,7.03,0.0028613662808953137,2.54,A0A8V0XPE8 A0A8V0Y1A4 P02460
Biological Process,regulation of cellular process,3,GO:0050794,232,1814,389,2734,0.9,0.0030905294793208823,2.51,Q5ZMG0 P11602 A0A8V0ZWX9 A0A8V1A9L3 A0A8V1AJT2 Q90YI1 A0A1D5NTR5 A0A8V0YVT3 A0A8V0YDT5 A0A8V0YEZ4 A0A8V0XEJ0 C7G540 A0A1D5NYG2 A0A8V0YW12 A0A8V0ZEJ3 A0A8V0YB43 A0A8V0ZY61 A0A8V0Z8V4 A0A3Q2U2N5 A0A8V0ZZG2 A0A8V1ACS0 A0A8V0YPH9 A0A8V1ABC8 A0A8V0Y722 A0A8V0X5U3 A0A1L1RX77 A0A8V0XPE8 A0A8V0YW57 A0A8V0XXW6 A0A8V1ACD6 A0A8V1A7R0 A0A8V0ZA56 A0A1L1RZ23 A0A8V0Y4Q2 F1NEZ4 A0A8V1A3N1 A0A8V0ZTP1 A0A8V0ZKV3 A0A1D5PNL3 A0A8V0Y9F8 A0A8V0YY90 A0A8V0XJ84 A0A1D5NWP2 A0A8V0XAN3 A0A8V0XXK8 F1NGB8 A0A3Q2TU24 A0A8V0YEQ1 A0A8V0ZB91 A0A8V0YAR4 A0A8V1AB05 A0A8V1A9R2 A0A8V1AB67 A0A8V0ZDZ5 A0A8V0ZHK9 A0A8V0Y070 A0A8V0ZQS2 A0A8V1AG56 A0A1D5PCU0 A0A8V1A449 A0A8V0YM05 A0A8V1A9A7 A0A3Q3A4U3 A0A8V0XUK6 A0A8V0XRN3 A0A8V1ACU1 A0A8V0ZC57 P02460 A0A8V0Y0F3 A0A8V0X637 E1BYF1 A0A8V0ZRU9 A0A3Q2TYT2 A0A8V0ZXC9 A0A8V0YRF2 A0A1D5NZN4 A0A1D5P7Y2 A0A8V0X1T3 A0A8V0Y5K2 A0A8V1AAH7 A0A1D5P0D7 A0A8V1AK88 Q0PVE4 A0A8V0Y7Y9 A0A8V0ZW46 A0A8V0Z307 A0A8V1AA32 A0A8V0ZE58 A0A8V0XPN5 Q00649 A0A1D5PDV9 A0A8V0Z7D4 A0A8V1ABC9 A0A8V0YF22 A0A8V0XM58 A0A8V0ZE30 A0A8V0YRK4 A0A8V1ADF6 E1BQI2 A0A8V0YR09 A0A1D5PBU5 A0A8V1AFH0 A0A1D5P201 A0A8V0Y413 A0A8V0YJV4 A0A8V0X5K9 A0A8V0YMM6 A0A8V0YY70 A0A8V1AJI2 A0A1D5PT01 A0A8V1AJV5 A0A8V0YLT1 A0A8V0XTW4 P33005 Q5ZKV5 A0A8V0YRG2 A0A8V1A653 A0A8V0Y0V1 Q5ZIB0 A0A8V0X4D8 A0A8V0YBZ6 A0A8V0ZI29 A0A1D5NVM6 A0A8V1AFP7 A0A8V0ZYM1 A0A8V0YGN8 A0A8V0YXG4 A0A1D5PIZ5 A0A1L1RP76 A0A8V0YPA6 A0A8V0XFL3 A0A8V0Y8L6 A0A8V0X643 A0A8V0Z4J0 A0A8V0YC57 A0A8V0ZDK0 A0A8V0ZSG8 A0A8V0ZKS6 A0A8V0ZHX5 A0A8V0ZTA5 E1C733 A0A8V1AMI7 A0A8V0YLN5 A0A8V0ZSX6 A0A8V0XKU5 A0A1D5PE57 A0A8V0ZAU8 Q8AWB4 A0A1D5PC37 A0A8V0ZBA3 A0A8V0XZV7 A0A8V0Z438 A0A8V0XWZ8 A0A8V0ZY91 A0A8V0Y1A4 A0A8V0YBD7 A0A1D5PLP1 A0A8V0ZF83 A0A8V0ZKI8 O12971 A0A8V0YDT4 A0A1D5P655 A0A8V0ZTG6 A0A8V0XK27 A0A8V0XZQ1 A0A8V0XQS7 A0A8V0Z9Y8 A0A8V0Z4M1 P01875 A0A8V1AL54 A0A3Q2U3T5 A0A8V0YNQ0 Q98938 A0A8V0XRC4 A0A8V0XCI3 A0A8V0Y999 A0A8V0ZW33 A0A8V1A2P5 A0A8V0Y4R7 A0A1D5NZT1 A0A8V0XWF0 A0A8V0ZFG7 A0A8V0XUJ8 A0A8V0Y290 A0A8V0X097 A0A8V0XYR2 A0A8V0YMR1 A0A8V1A3H9 A0A8V1AAN6 A0A8V0XGY8 A0A8V0XGL8 A0A8V0YLX0 A0A8V0YQ88 A0A3Q2UGW3 A0A1D5PQV0 A0A8V1AFC3 A0A8V0YGQ5 A0A8V0Y7C8 A0A8V0Y1N7 A0A8V0Z1C5 A0A8V0YHH6 A0A8V0X852 A0A1D5PNG3 A0A1D5P1F1 Q6JHU8 A0A8V1AJ90 A0A8V0YS46 A0A8V0WZJ4 A0A8V0XB58 A0A8V0ZZU1 A0A8V0XDM2 A0A8V0X6J5 A0A8V0Z2J4 Q5ZJ58 A0A8V1A2F4 A0A3Q2TT95 A0A8V0ZBJ8 A0A8V0Y2E5 A0A8V0ZH54 A0A8V0XX49 Q9I946 A0A8V0YU83 A0A8V0XAF8 A0A8V1A3S8 A0A8V1A4I0 A0A8V0Z9Z7 A0A8V0Y614 A0A8V0YDD6 A0A8V0XFB5 Q5ZHL0 A0A8V0ZPH9 A0A8V0YWM3
Biological Process,regulation of locomotion,3,GO:0040012,69,352,389,2734,1.38,0.0031401181979221265,2.5,Q5ZMG0 A0A1D5PCU0 A0A8V0Y0V1 A0A8V0X4D8 A0A8V0YNQ0 A0A8V0ZWX9 Q98938 A0A8V0ZI29 A0A8V1AG56 A0A8V0YM05 A0A8V0Y4R7 A0A3Q3A4U3 A0A1D5NTR5 A0A8V0YXG4 A0A8V0YDT5 A0A1D5NZT1 A0A8V0YEZ4 A0A1D5NYG2 A0A8V0Y290 A0A8V0XYR2 A0A8V1A3H9 A0A8V0Y0F3 A0A8V0Z8V4 A0A3Q2U2N5 A0A8V0XGL8 A0A8V0ZSG8 A0A8V0ZKS6 A0A8V1ABC8 E1C733 A0A1L1RX77 A0A8V0YLN5 A0A3Q2TYT2 A0A8V1ACD6 A0A8V0X852 A0A1D5PE57 A0A8V0Y5K2 A0A8V1A7R0 A0A1D5P1F1 A0A8V1AAH7 A0A8V1AJ90 A0A1L1RZ23 Q0PVE4 A0A8V0XB58 A0A8V1A9U7 A0A8V0ZE58 A0A8V0XWZ8 A0A8V0Y1A4 Q00649 A0A8V0XJ84 A0A8V0Y2E5 A0A8V1ABC9 A0A8V0YRK4 Q9I946 E1BQI2 A0A8V0YR09 A0A3Q2TU24 A0A1D5PBU5 A0A8V1A3S8 A0A8V0YDT4 A0A8V1AB05 A0A8V1AB67 A0A8V0Y413 A0A8V0YMM6 A0A8V0YDD6 A0A8V1AJV5 A0A8V0ZX23 A0A8V0Z4M1 A0A8V0ZPH9 A0A8V0YRG2
Biological Process,positive regulation of establishment of protein localization,6,GO:1904951,8,133,389,2734,0.42,0.003290504821914681,2.48,A0A8V0YB43 P11602 A0A8V1AG56 A0A8V0WZJ4 A0A8V0YVT3 A0A8V0YY90 A0A8V0XJ84 A0A8V0Z9Y8
Biological Process,regulation of transport,4,GO:0051049,49,488,389,2734,0.71,0.003298639717069701,2.48,A0A8V1AG56 P11602 A0A8V0ZWX9 A0A8V0YBZ6 A0A8V0Y999 A0A8V1AEJ4 A0A8V1A9A7 A0A8V0YGN8 A0A8V0YVT3 A0A8V0YPA6 A0A8V0XFL3 A0A8V0XYR2 A0A8V0X643 A0A8V0YB43 A0A3Q2U2N5 A0A8V0ZKS6 A0A8V0X5U3 A0A8V0ZRU9 A0A3Q2TYT2 A0A8V0X852 A0A1D5P7Y2 A0A1D5P1F1 Q6JHU8 A0A1D5PC37 A0A8V0WZJ4 A0A8V0XB58 A0A8V0ZZU1 A0A8V1AA32 A0A8V0ZY91 A0A8V0YY90 A0A8V0XJ84 A0A1D5NWP2 A0A8V1ABC9 A0A8V0YR09 A0A8V1A3S8 A0A1D5P655 A0A8V0YDT4 A0A8V1AFH0 A0A8V1A9R2 A0A8V1AB67 A0A8V0X5K9 A0A8V0YY70 A0A8V0YDD6 A0A8V1AJV5 A0A8V0YLT1 A0A8V0Z9Y8 A0A8V0Z4M1 A0A8V0YRG2 A0A8V0YWM3
Biological Process,pharynx development,3,GO:0060465,6,12,389,2734,3.51,0.003454438468985359,2.46,F1NGB8 A0A8V0WZJ4 A0A1D5NTR5 A0A8V0YXG4 A0A1D5NYG2 A0A8V0Y8L6
Biological Process,olfactory bulb development,3,GO:0021772,6,12,389,2734,3.51,0.003454438468985359,2.46,A0A8V1AG56 A0A8V0Z8V4 A0A8V0ZHK9 A0A8V0YY70 A0A3Q3A4U3 A0A8V0Y8L6
Biological Process,synaptic target recognition,4,GO:0008039,6,12,389,2734,3.51,0.003454438468985359,2.46,A0A8V0X4D8 A0A3Q3A4U3 A0A8V0Y9F8 A0A1D5NTR5 A0A8V0YBD7 A0A1D5NYG2
Biological Process,skeletal system development,4,GO:0001501,32,139,389,2734,1.62,0.003925093716891705,2.41,A0A8V0Y0V1 A0A8V0YNQ0 A0A8V1AG56 Q98938 A0A8V0XRC4 A0A8V0YM05 A0A8V1A9A7 A0A1D5NZT1 A0A8V0Y8L6 A0A8V0XYR2 P02460 A0A1D5PE57 Q6JHU8 A0A1D5P0D7 A0A8V0YS46 A0A8V0Z2J4 A0A8V0ZE58 A0A8V0XJ84 A0A8V0Y2E5 A0A8V1ABC9 A0A8V0YA97 Q9I946 A0A8V0ZKI8 A0A3Q2TU24 A0A8V0YEQ1 A0A8V1A4I0 A0A8V0X9N1 A0A8V0YMM6 A0A8V0Y070 A0A8V0YIE9 F1NSM7 A0A8V0Z4M1
Biological Process,macromolecule glycosylation,3,GO:0043413,22,85,389,2734,1.82,0.003928719812344558,2.41,Q5ZIB0 A0A8V0XDL7 A0A8V0XMA2 A0A8V0ZR84 A0A8V0ZWH1 A0A8V0ZY61 A0A8V0WZN3 A0A8V0XT35 A0A8V0ZYN6 Q8AWB4 A0A8V0Z0B9 A0A8V0Z6S1 A0A1D5PJE0 A0A8V0ZW46 A0A8V1A2F4 A0A8V0Y218 A0A8V0YYQ9 O12971 A0A8V1ACQ8 A0A8V0ZFH4 A0A8V0Y6W2 A0A8V0XQS7
Biological Process,protein glycosylation,4,GO:0006486,22,85,389,2734,1.82,0.003928719812344558,2.41,Q5ZIB0 A0A8V0XDL7 A0A8V0XMA2 A0A8V0ZR84 A0A8V0ZWH1 A0A8V0ZY61 A0A8V0WZN3 A0A8V0XT35 A0A8V0ZYN6 Q8AWB4 A0A8V0Z0B9 A0A8V0Z6S1 A0A1D5PJE0 A0A8V0ZW46 A0A8V1A2F4 A0A8V0Y218 A0A8V0YYQ9 O12971 A0A8V1ACQ8 A0A8V0ZFH4 A0A8V0Y6W2 A0A8V0XQS7
Biological Process,complement activation,3,GO:0006956,9,24,389,2734,2.64,0.003933137477488532,2.41,A0A8V0ZZD4 A0A8V0ZZJ1 A0A8V1A3D7 A0A8V1A8N2 A0A8V0ZQJ4 A0A8V0XEJ0 A0A8V0ZZH6 P01875 A0A8V0ZVP0
Biological Process,retinal ganglion cell axon guidance,9,GO:0031290,7,16,389,2734,3.07,0.004014125043831835,2.4,A0A8V0Z8V4 A0A8V0ZI29 A0A8V1AB05 A0A8V0YDT5 A0A1D5NYG2 A0A8V0YRG2 A0A1D5P0D7
Biological Process,positive regulation of BMP signaling pathway,6,GO:0030513,7,16,389,2734,3.07,0.004014125043831835,2.4,A0A8V0ZKS6 A0A8V0ZE58 A0A8V0Y070 A0A8V0X5U3 A0A8V0ZFG7 A0A8V0ZF83 A0A1D5P0D7
Biological Process,positive regulation of transmembrane receptor protein serine/threonine kinase signaling pathway,6,GO:0090100,14,46,389,2734,2.14,0.004241677439301511,2.37,F1NGB8 A0A8V0X4D8 A0A8V0ZKS6 A0A8V0ZE58 A0A8V0YMM6 A0A8V0Y070 A0A8V0X5U3 A0A8V0ZBJ8 A0A8V0XRN3 A0A8V0XJ84 A0A8V0ZFG7 A0A8V0Y8L6 A0A8V0ZF83 A0A1D5P0D7
Biological Process,protein-containing complex organization,4,GO:0043933,50,491,389,2734,0.72,0.004259976896428342,2.37,P11602 A0A8V1A6Y8 A0A8V0Z4R1 A0A8V0ZHL4 A0A8V0Y290 A0A8V0Z6M9 A0A8V0Z4J0 P02460 A0A8V1ACS0 A0A8V0Y0F3 A0A8V0XGL8 A0A8V0ZHX5 E1BYF1 A0A8V0XXW6 A0A8V0YGQ5 A0A8V0ZSX6 A0A8V0Y1N7 A0A8V0X852 A0A1D5PE57 A0A1D5PNG3 Q6JHU8 A0A8V0XF68 A0A8V0Z6B9 Q0PVE4 A0A8V0XB58 A0A8V0XDM2 A0A8V0Y7Y9 A0A8V0Z2J4 A0A8V0XPN5 A0A8V0ZY42 A0A8V0Y9F8 A0A8V0Z865 A0A8V0ZH54 A0A8V0XX49 A0A8V0YSI0 A0A8V0XXK8 Q9I946 A0A8V0ZKI8 A0A8V0ZJ97 A0A1D5PBU5 A0A8V1AFR2 A0A8V0Y413 A0A8V0Z9Z7 A0A8V0X370 A0A8V0YDD6 A0A8V1AJV5 R4GH52 A0A8V0XTW4 A0A8V0Z9Y8 A0A8V0YWM3
Biological Process,metabolic process,1,GO:0008152,209,1652,389,2734,0.89,0.004260548924817386,2.37,A0A8V1A9L3 P11602 A0A8V0ZWX9 A0A8V1A3D7 A0A8V1A4K1 A0A8V1A6A3 A0A8V0Z4R1 A0A8V0YDT5 A0A8V0XEJ0 P07032 A0A8V0YW12 A0A8V1AKQ0 A0A8V0YIV5 A0A8V0YB43 A0A8V0ZY61 A0A8V1ACS0 A0A8V0ZZG2 A0A8V0ZG46 A0A8V0YPH9 A0A8V1ABC8 A0A8V0XXW6 A0A1L1RX77 A0A8V0XPE8 A0A8V0YW57 A0A8V0X2C5 A0A8V1A4P2 A0A8V1A3H7 A0A8V1A7R0 A0A8V0Z0B9 A0A8V0ZA56 A0A8V0X783 A0A8V0Y4Q2 A0A1L1RZ23 A0A8V0ZZD4 A0A8V1A3N1 A0A8V0ZKV3 A0A1D5PNL3 A0A8V0Z086 A0A8V0Y9F8 A0A8V0XAN3 A0A8V0Z832 A0A8V0YYQ9 F1NGB8 A0A3Q2TU24 A0A8V0ZJ97 A0A8V1AB05 A0A8V1A9R2 A0A8V1AB67 A0A8V0Y070 A0A8V0ZX23 P28687 A0A8V0ZQS2 A0A8V1AG56 A0A1D5PCU0 E1C744 A0A8V0XCX4 A0A8V0XBI2 A0A8V0XXM5 A0A8V0YM05 A0A8V0XDL7 A0A8V1A9A7 E1BS94 P02460 A0A8V0X637 E1C3Z8 A0A3Q2TTB3 E1BYF1 A0A8V0ZP32 A0A8V0XK73 A0A8V0ZRU9 A0A3Q2TYT2 A0A8V0ZXC9 A0A1L1RSD2 A0A8V0YRF2 E1C2T4 A0A1D5NZN4 A0A8V0XA12 A0A8V1AAH7 A0A1D5P0D7 A0A8V0ZG43 A0A8V0Z6S1 A0A8V0XA92 A0A8V1AK88 A0A1D5PJE0 A0A8V0ZW46 A0A8V0Y7Y9 A0A8V0ZE58 A0A8V0YZJ3 A0A8V0XPN5 A0A8V1ABC9 A0A8V0YF22 A0A8V0ZE30 A0A8V0YSI0 A0A8V0YRK4 A0A8V0ZVP0 A0A8V1ADF6 A0A8V0Y513 A0A8V0ZZJ1 Q05744 A0A8V1AFH0 A0A1D5P201 A0A8V0YJV4 A0A8V1ACQ8 A0A1D5PT01 A0A8V0YLT1 Q5ZKV5 Q76KB2 A0A8V0YRG2 A0A8V0XMD4 Q5ZIB0 A0A8V0X4D8 A0A8V0ZI29 A0A1D5NVM6 A0A1D5PNB8 A0A8V0ZYM1 A0A8V0XMA2 A0A8V0YXG4 A0A8V0ZHL4 A0A8V0ZIF0 A0A1L1RP76 A0A8V0X7F0 A0A8V0XE95 A0A8V0YC98 A0A8V0Y8L6 A0A8V0ZQE9 A0A8V0X643 A0A8V0Z4J0 A0A8V0YC57 A0A8V0ZDK0 A0A8V1AHJ8 A0A8V1A8E4 A0A8V0ZSG8 A0A8V0ZQJ4 A0A8V0ZTA5 E1C733 A0A8V0YLN5 A0A8V0ZSX6 A0A8V0ZI47 A0A1D5PE57 Q8AWB4 A0A1D5PC37 A0A8V0ZLV3 A0A8V0Z1E9 A0A8V0XWZ8 A0A8V0ZY91 A0A8V0Y1A4 A0A8V0ZY42 A0A8V0YPB9 A0A8V0Z865 A0A8V0ZF83 O12971 A0A8V0YDT4 A0A8V0ZTG6 A0A8V0Y6W2 A0A8V0XK27 A0A8V0ZFH4 A0A8V0YQC4 A0A8V0XQS7 A0A8V0Z9Y8 A0A8V0Z4M1 P01875 A0A8V0YFD4 Q98938 A0A8V0XRC4 A0A8V0XL09 A0A8V1A2P5 A0A8V0ZR84 A0A8V0ZFG7 A0A1D5PA74 A0A8V0XYR2 A0A8V1AAN6 A0A8V0ZIZ5 A0A8V0ZWH1 A0A8V0ZNH3 A0A8V1A8N2 A0A8V0WZN3 A0A1D5PQV0 A0A8V0Y7C8 A0A8V0Z1C5 A0A8V0XT35 A0A8V0ZYN6 A0A1D5PNG3 A0A1D5P1F1 Q6JHU8 A0A8V1AJ90 A0A8V0XF68 A0A8V0YS46 A0A8V0WZJ4 A0A8V0XB58 A0A8V0ZZU1 A0A8V0XDM2 A0A8V0X6J5 A0A8V0YDG8 Q5ZJ58 A0A3Q2UEL1 A0A8V1A2F4 A0A8V0Z2J4 A0A8V0ZBJ8 A0A8V0Y2E5 A0A8V0ZH54 A0A8V0Y218 A0A8V0ZZH6 A0A8V0YU83 A0A8V0YDD6 R4GH52 F1NSM7 A0A8V1AN12 A0A8V0ZPH9 A0A8V0YWM3
Biological Process,lymphocyte mediated immunity,4,GO:0002449,11,33,389,2734,2.34,0.004266671058254501,2.37,A0A8V0ZZD4 A0A8V0ZZJ1 A0A8V1A3D7 A0A8V0ZQJ4 A0A8V1ABC8 A0A8V0YW57 A0A8V0XEJ0 A0A8V0ZZH6 P01875 A0A8V0ZVP0 A0A8V0ZQS2
Biological Process,dermatan sulfate proteoglycan metabolic process,6,GO:0050655,5,9,389,2734,3.9,0.00437594534024341,2.36,A0A8V0WZJ4 A0A8V0XRC4 E1C3Z8 A0A1L1RX77 E1C2T4
Biological Process,R7 cell development,8,GO:0045467,5,9,389,2734,3.9,0.00437594534024341,2.36,A0A8V0ZI29 A0A8V1AB05 A0A1D5NTR5 A0A8V0YDT5 A0A1D5NYG2
Biological Process,monocarboxylic acid metabolic process,6,GO:0032787,8,130,389,2734,0.43,0.004489756620682701,2.35,P11602 A0A8V0XMD4 A0A8V0XRC4 E1C3Z8 A0A1L1RX77 A0A8V0Y9F8 A0A1D5P1F1 A0A8V0XYR2
Biological Process,ribonucleotide biosynthetic process,6,GO:0009260,3,77,389,2734,0.27,0.004620913163990044,2.34,A0A1D5PCU0 A0A3Q2UEL1 A0A8V0Z1C5
Biological Process,ribose phosphate biosynthetic process,5,GO:0046390,3,79,389,2734,0.27,0.004735439455744792,2.32,A0A1D5PCU0 A0A3Q2UEL1 A0A8V0Z1C5
Biological Process,positive regulation of protein transport,5,GO:0051222,7,121,389,2734,0.41,0.00477362724496594,2.32,A0A8V1AG56 P11602 A0A8V0WZJ4 A0A8V0YVT3 A0A8V0YY90 A0A8V0XJ84 A0A8V0Z9Y8
Biological Process,protein mannosylation,4,GO:0035268,4,6,389,2734,4.69,0.00477781710355754,2.32,A0A8V0ZFH4 Q5ZIB0 A0A8V0YYQ9 A0A8V0Y218
Biological Process,cytoplasmic pattern recognition receptor signaling pathway,4,GO:0002753,4,6,389,2734,4.69,0.00477781710355754,2.32,A0A8V1ACS0 A0A8V0ZZG2 A0A1D5PNL3 A0A8V0Z4J0
Biological Process,regulation of homophilic cell adhesion,6,GO:1903385,4,6,389,2734,4.69,0.00477781710355754,2.32,A0A8V1AB05 A0A8V0YDT5 A0A8V0ZI29 A0A1D5NYG2
Biological Process,regulation of establishment of protein localization,6,GO:0070201,16,205,389,2734,0.55,0.004829716848738766,2.32,A0A8V0YB43 P11602 A0A8V1AG56 A0A8V0WZJ4 A0A8V1A3S8 A0A8V0ZKS6 A0A8V0YDT4 A0A8V1A9A7 A0A8V0ZY91 A0A8V0YVT3 A0A8V0YDD6 A0A8V0YY90 A0A8V0XJ84 A0A8V1ABC9 A0A8V0Z9Y8 Q6JHU8
Biological Process,regulation of ossification,4,GO:0030278,14,47,389,2734,2.09,0.00496403480473814,2.3,A0A8V0Y0V1 A0A8V0ZKI8 A0A8V1AG56 A0A8V0ZSG8 Q98938 A0A8V0YM05 A0A8V0ZE58 A0A8V0X5K9 A0A8V1A9A7 A0A8V0YMM6 A0A8V0XRN3 A0A8V0XJ84 A0A8V0Z4M1 Q6JHU8
Biological Process,energy derivation by oxidation of organic compounds,4,GO:0015980,4,90,389,2734,0.31,0.005063504172908236,2.3,A0A8V0XF68 A0A8V0X2C5 A0A8V1A4P2 A0A8V0YWM3
Biological Process,organelle fission,5,GO:0048285,4,90,389,2734,0.31,0.005063504172908236,2.3,A0A8V0ZDK0 A0A8V0ZW33 R4GH52 A0A1D5PBU5
Biological Process,organic substance transport,4,GO:0071702,43,432,389,2734,0.7,0.005369726273991064,2.27,A0A8V0ZWX9 A0A8V0YBZ6 A0A8V1AEJ4 R4GGQ4 A0A8V0YG88 A0A8V0XFL3 A0A8V0XYR2 A0A8V0Z4J0 A0A8V0YB43 A0A8V1ACS0 A0A3Q2U2N5 A0A8V1A3H7 A0A1D5PNG3 A0A8V1A7R0 A0A8V0YLZ5 A0A1D5PC37 A0A8V0X783 A0A8V0XF68 A0A8V0Z307 A0A8V0XA92 A0A8V0ZZU1 A0A8V0XDM2 Q5ZKV5 A0A8V0XPN5 A0A8V0Y9F8 Q00649 A0A8V0ZX23 A0A8V0ZH54 A0A8V0YU83 A0A8V0YR09 A0A8V0ZKI8 A0A8V0Z249 F1P4D6 A0A8V1AB67 A0A8V0Z9Z7 A0A8V1AM47 A0A8V1AJV5 A0A8V0YLT1 A0A8V0XTW4 A0A8V0Z9Y8 Q5ZHL0 P28687 A0A8V0YFD4
Biological Process,axonogenesis,7,GO:0007409,42,197,389,2734,1.5,0.005592717778052361,2.25,A0A8V1AG56 Q98938 A0A8V0ZBR8 A0A8V0ZI29 A0A1D5NW03 A0A3Q3A4U3 P33005 A0A1D5NTR5 A0A8V0YVT3 A0A8V0YDT5 A0A8V0YXG4 A0A1D5NYG2 A0A8V0Y8L6 A0A8V0Y4G8 A0A8V0YB43 A0A8V0Z8V4 A0A8V0YUF6 A0A8V0ZKS6 A0A8V0ZSX0 A0A8V1ACD6 A0A8V1AAH7 A0A1D5P0D7 Q0PVE4 A0A8V0ZZU1 F1NEZ4 A0A8V0YRN1 A0A8V0YE20 A0A1D5PNL3 A0A8V0Y9F8 A0A8V0YBD7 A0A8V1ABC9 A0A8V0ZF83 A0A8V1ADF6 A0A8V0ZB91 A0A1D5P655 A0A8V1AB05 A0A8V1AB67 A0A8V0YY70 A0A8V0Y070 A0A1D5PT01 A0A8V0Z4M1 A0A8V0YRG2
Biological Process,membrane docking,2,GO:0022406,2,63,389,2734,0.22,0.005931046197405823,2.23,A0A8V0YB43 A0A8V0ZHK9
Biological Process,polysaccharide biosynthetic process,5,GO:0000271,7,17,389,2734,2.89,0.00600365288123883,2.22,F1NGB8 A0A8V0YS46 A0A8V0ZBJ8 A0A8V1A4P2 A0A8V0Y2E5 E1C2T4 A0A8V0Y8L6
Biological Process,B cell differentiation,5,GO:0030183,7,17,389,2734,2.89,0.00600365288123883,2.22,A0A8V0ZWX9 A0A8V0XGY8 A0A8V0ZSG8 O12971 A0A8V1A9R2 A0A8V0YW57 A0A8V0ZEJ3
Biological Process,small molecule metabolic process,2,GO:0044281,58,546,389,2734,0.75,0.006172004084261591,2.21,A0A8V1A9L3 P11602 A0A1D5PCU0 A0A8V0ZWX9 A0A8V0XCX4 A0A8V0XRC4 A0A1D5PNB8 A0A8V1A9A7 A0A8V0ZHL4 A0A1D5PA74 A0A8V0Y8L6 A0A8V1AKQ0 A0A8V0XYR2 E1BS94 A0A8V0ZIZ5 A0A8V0YC57 A0A8V0YIV5 A0A8V0ZG46 E1C3Z8 A0A1D5PQV0 E1BYF1 A0A1L1RX77 A0A8V0YW57 A0A8V0Y7C8 A0A8V0YLN5 A0A8V0Z1C5 A0A8V0ZRU9 A0A1L1RSD2 E1C2T4 A0A8V0ZI47 A0A8V0ZXC9 Q8AWB4 A0A1D5P1F1 A0A8V1A3H7 A0A8V1A4P2 A0A8V0X783 A0A8V0WZJ4 A0A8V1AK88 A0A8V0XDM2 A0A8V0ZW46 A0A3Q2UEL1 A0A8V0YZJ3 A0A8V0ZBJ8 A0A8V0Y9F8 A0A8V0Y2E5 A0A8V0Z832 A0A8V0Y513 F1NGB8 O12971 A0A8V0YJV4 A0A8V0YLT1 A0A8V0YQC4 A0A8V0XQS7 A0A8V0ZX23 A0A8V0Z4M1 A0A8V0XMD4 A0A8V0ZQS2 A0A8V0YWM3
Biological Process,cell population proliferation,2,GO:0008283,16,201,389,2734,0.56,0.006287445255178623,2.2,A0A8V0YB43 A0A8V0ZKI8 A0A8V1AG56 A0A8V0X4D8 A0A8V0XA92 Q0PVE4 Q98938 A0A8V0YAR4 A0A8V0ZTP1 A0A8V1A9R2 A0A8V0ZE58 A0A8V0Z9Z7 A0A8V0YVT3 A0A8V0ZH54 A0A8V0Z4M1 A0A8V1A7R0
Biological Process,purine ribonucleotide biosynthetic process,7,GO:0009152,3,74,389,2734,0.28,0.006637329963427754,2.18,A0A1D5PCU0 A0A3Q2UEL1 A0A8V0Z1C5
Biological Process,cytokinesis,3,GO:0000910,3,74,389,2734,0.28,0.006637329963427754,2.18,A0A8V0XFL3 A0A8V0ZAU8 A0A1D5PC37
Biological Process,amide metabolic process,3,GO:0043603,23,262,389,2734,0.62,0.006829121593979196,2.17,A0A8V0X4D8 A0A8V0YC98 A0A8V0Z4J0 A0A8V0ZIZ5 A0A8V1ACS0 A0A8V1AHJ8 A0A8V0X637 A0A8V0WZN3 E1BYF1 A0A8V0ZP32 A0A1D5PNG3 A0A8V0ZA56 A0A8V0XF68 A0A8V0XA92 A0A8V0XDM2 A0A8V0XPN5 A0A8V0Z086 A0A8V0Y9F8 A0A8V0Z865 A0A8V0YF22 A0A8V0Y513 A0A8V0YQC4 P28687
Biological Process,microtubule-based movement,3,GO:0007018,30,132,389,2734,1.6,0.006884204239294705,2.16,A0A8V1A449 A0A8V1A6Y8 A0A8V0YPQ6 A0A8V0YGN8 A0A8V0YVT3 A0A1D5NZT1 A0A8V1A3Y6 A0A8V1AM51 Q5ZHX2 A0A8V0Y8G8 A0A8V0Z6L1 A0A8V0Y722 A0A8V0Y1N7 A0A8V0XLH4 A0A8V0Z6B9 A0A8V0ZT48 E1BQB4 A0A8V0Z4U2 Q00649 A0A8V0XM58 A0A8V0XAF8 A0A8V0YEQ1 A0A1D5PBU5 A0A8V1A4I0 A0A8V0YY70 A0A8V0X370 A0A8V0XK27 A0A8V0YIE9 A0A8V0XTW4 A0A8V0ZLV6
Biological Process,endoplasmic reticulum to Golgi vesicle-mediated transport,4,GO:0006888,4,85,389,2734,0.33,0.006942749749226259,2.16,A0A8V0ZTG6 A0A8V0YSI0 A0A8V0XDM2 A0A8V1AFR2
Biological Process,amino acid metabolic process,3,GO:0006520,5,96,389,2734,0.37,0.006971926401230639,2.16,A0A1D5PNB8 E1BYF1 A0A8V0ZHL4 A0A8V0YQC4 A0A8V0Y513
Biological Process,regulation of binding,3,GO:0051098,5,95,389,2734,0.37,0.006988461166891797,2.16,A0A8V1AG56 O12971 A0A8V0ZI29 A0A8V0ZRU9 A0A8V0YRK4
Biological Process,heart looping,5,GO:0001947,9,26,389,2734,2.43,0.007232320898433751,2.14,A0A8V0ZKI8 A0A8V1AG56 A0A8V0XDM2 Q98938 A0A8V0YM05 A0A8V0YMM6 A0A8V0YVT3 A0A8V0XKU5 A0A8V0XM58
Biological Process,organic acid metabolic process,3,GO:0006082,29,312,389,2734,0.65,0.007429026894943914,2.13,P11602 A0A8V0XRC4 A0A1D5PNB8 A0A8V0ZHL4 A0A1D5PA74 A0A8V0Y8L6 A0A8V0XYR2 A0A8V0ZIZ5 A0A8V0YIV5 E1C3Z8 A0A1D5PQV0 E1BYF1 A0A1L1RX77 A0A8V0YLN5 A0A1L1RSD2 E1C2T4 A0A1D5P1F1 A0A8V0WZJ4 A0A8V0XDM2 A0A8V0YZJ3 A0A8V0ZBJ8 A0A8V0Y9F8 A0A8V0Y2E5 A0A8V0Y513 F1NGB8 A0A8V0YQC4 A0A8V0ZX23 A0A8V0Z4M1 A0A8V0XMD4
Biological Process,gene expression,5,GO:0010467,29,312,389,2734,0.65,0.007429026894943914,2.13,A0A8V0X4D8 Q98938 A0A8V1A6A3 A0A8V0XBI2 A0A8V0XE95 A0A8V0Z4J0 A0A8V1ACS0 A0A8V1A8E4 A0A8V0XXW6 A0A8V0ZP32 A0A8V0ZRU9 A0A1D5PNG3 A0A8V1A7R0 A0A8V0ZA56 A0A8V0XF68 A0A1L1RZ23 A0A8V0ZG43 A0A8V0XA92 A0A8V0XPN5 A0A8V0Z865 A0A8V0Y218 A0A8V0YF22 A0A8V0ZF83 A0A8V0ZJ97 A0A8V1AFH0 A0A8V0Y070 A0A8V0XK27 A0A8V0YQC4 P28687
Biological Process,glycosylation,2,GO:0070085,22,88,389,2734,1.76,0.007436198168216355,2.13,Q5ZIB0 A0A8V0XDL7 A0A8V0XMA2 A0A8V0ZR84 A0A8V0ZWH1 A0A8V0ZY61 A0A8V0WZN3 A0A8V0XT35 A0A8V0ZYN6 Q8AWB4 A0A8V0Z0B9 A0A8V0Z6S1 A0A1D5PJE0 A0A8V0ZW46 A0A8V1A2F4 A0A8V0Y218 A0A8V0YYQ9 O12971 A0A8V1ACQ8 A0A8V0ZFH4 A0A8V0Y6W2 A0A8V0XQS7
Biological Process,cell division,2,GO:0051301,9,135,389,2734,0.47,0.0076343544048092845,2.12,A0A8V0YB43 A0A8V0ZKI8 Q0PVE4 Q98938 A0A8V1A9R2 A0A8V0XXW6 A0A8V0XFL3 A0A8V0ZAU8 A0A1D5PC37
Biological Process,amide biosynthetic process,4,GO:0043604,12,165,389,2734,0.51,0.007740367656131532,2.11,A0A8V1ACS0 A0A8V0X4D8 A0A8V0X637 A0A8V0WZN3 A0A8V0XPN5 E1BYF1 A0A8V0YQC4 A0A8V0Z865 A0A1D5PNG3 A0A8V0Z4J0 A0A8V0ZIZ5 A0A8V0Y513
Biological Process,positive regulation of smooth muscle contraction,6,GO:0045987,5,10,389,2734,3.51,0.007740622010127652,2.11,A0A8V0ZWX9 A0A8V0XRN3 A0A1D5NWP2 A0A1D5P1F1 A0A8V0XYR2
Biological Process,embryonic camera-type eye development,5,GO:0031076,5,10,389,2734,3.51,0.007740622010127652,2.11,A0A8V0ZKI8 A0A8V0YEQ1 A0A8V1AG56 Q98938 A0A1D5P0D7
Biological Process,photoreceptor cell morphogenesis,5,GO:0008594,5,10,389,2734,3.51,0.007740622010127652,2.11,A0A8V0ZI29 A0A8V1AB05 A0A8V0Y722 A0A1D5PNL3 A0A8V0YDT5
Biological Process,presynaptic active zone organization,4,GO:1990709,5,10,389,2734,3.51,0.007740622010127652,2.11,A0A8V1AB67 A0A1D5NTR5 A0A3Q2TYT2 A0A1D5NYG2 A0A1D5PC37
Biological Process,response to fibroblast growth factor,4,GO:0071774,10,31,389,2734,2.27,0.008233363089962484,2.08,A0A8V0ZY61 A0A8V0YS46 A0A8V0XGL8 A0A8V0Z2J4 A0A8V0Y5K2 P02460 A0A8V0YXG4 A0A8V0Z4M1 P33005 A0A8V0Y513
Biological Process,organelle organization,4,GO:0006996,102,874,389,2734,0.82,0.008279041638389849,2.08,A0A1D5NTR5 A0A8V0YVT3 R4GGQ4 A0A1D5NYG2 A0A8V0YT63 A0A8V0YB43 A0A8V1ACS0 A0A3Q2U2N5 A0A8V0Z6L1 A0A8V0Y722 A0A8V0X5U3 A0A8V0YW57 A0A8V1A7R0 A0A1L1RZ23 A0A8V0Z6B9 A0A8V0ZTP1 A0A1D5PNL3 A0A8V0ZT48 A0A3Q2TU24 A0A8V0YEQ1 A0A8V1A9R2 A0A8V1AB67 A0A8V0ZHK9 A0A8V0XCX4 A0A8V1A449 A0A8V1ACU1 A0A8V0Y8G8 A0A3Q3AST7 A0A3Q2TTB3 A0A8V0ZSX0 A0A3Q2TYT2 A0A8V1AAH7 A0A8V0XLH4 Q0PVE4 A0A8V0Y7Y9 A0A8V1AA32 A0A1D5P0X0 A0A8V0XPN5 A0A8V0Z4U2 A0A8V1ABC9 A0A8V0XM58 A0A8V0ZE30 A0A8V0YSI0 A0A8V0YRK4 E1BQI2 A0A1D5PBU5 Q05744 A0A8V1AFR2 A0A8V0YY70 A0A8V1AJV5 A0A8V0XTW4 A0A8V0ZLV6 A0A8V1A803 A0A1D5NVM6 A0A8V0ZYM1 A0A8V0YGN8 A0A8V0YXG4 A0A8V0YG88 A0A8V0XFL3 A0A8V0Y8L6 A0A8V0Z4J0 A0A8V0ZDK0 A0A8V0ZSG8 E1C733 A0A8V0YLN5 A0A8V0ZSX6 A0A8V0XKU5 A0A8V0ZAU8 A0A1D5PC37 A0A8V0ZBA3 A0A1D5PLP1 A0A1D5P655 A0A8V0X370 A0A8V0XK27 A0A8V0YIE9 A0A8V0Z9Y8 A0A8V0YFD4 A0A8V1A6Y8 A0A8V0ZW33 A0A1D5NZT1 A0A8V0Z4P8 A0A8V0XGL8 A0A8V0Y7C8 A0A8V0Y1N7 A0A8V0Z1C5 A0A8V0X852 A0A1D5PNG3 A0A8V0XF68 A0A8V0YS46 A0A8V0ZZU1 A0A8V0XDM2 Q5ZJ58 A0A3Q2UEL1 A0A8V1A2F4 E1BQB4 A0A8V0ZH54 A0A8V0YU83 A0A8V0XAF8 A0A8V1A4I0 A0A8V0Z9Z7 R4GH52 A0A8V0YWM3
Biological Process,cellular component biogenesis,3,GO:0044085,95,821,389,2734,0.81,0.008634229912461773,2.06,A0A8V1A6A3 A0A8V0Z4R1 A0A1D5NTR5 A0A8V0YVT3 A0A8V0YDT5 A0A1D5NYG2 A0A8V0Z6M9 A0A8V1ACS0 A0A8V0Y722 A0A8V0X5U3 A0A8V0XXW6 A0A1L1RZ23 A0A8V0Z6B9 A0A8V0ZTP1 A0A1D5PNL3 A0A8V0ZT48 A0A8V0Y9F8 A0A3Q2TU24 A0A8V0YEQ1 A0A8V0ZJ97 A0A8V1AB05 A0A8V0ZHK9 A0A8V1AG56 A0A8V0XUK6 A0A8V0Y0F3 A0A8V0Y8G8 A0A3Q3AST7 E1BYF1 A0A8V0XLH4 Q0PVE4 A0A8V0Y7Y9 A0A1D5P0X0 A0A8V0XPN5 A0A8V0Z4U2 A0A8V1ABC9 A0A8V0XM58 A0A8V0YSI0 E1BQI2 A0A1D5PBU5 Q05744 A0A8V1AFR2 A0A8V0Y413 A0A8V0X5K9 A0A8V0YY70 A0A8V1AJV5 A0A8V0XTW4 Q5ZKV5 A0A8V0ZLV6 A0A8V0ZI29 A0A1D5NVM6 A0A8V0YXG4 A0A8V0YG88 A0A8V0Z4J0 A0A8V0ZSG8 A0A8V0ZHX5 A0A8V0ZSX6 A0A8V0XKU5 A0A1D5PC37 A0A8V0ZY42 A0A1D5PLP1 A0A1D5P655 A0A8V0XX41 A0A8V0X370 A0A8V0XK27 A0A8V0YIE9 A0A8V0Z9Y8 Q98938 A0A8V1A6Y8 A0A8V1A2P5 A0A1D5NZT1 A0A8V0Y290 A0A8V0Z4P8 A0A8V0XGL8 A0A3Q2UGW3 A0A8V0YGQ5 A0A8V0Y1N7 A0A8V0X852 A0A1D5PNG3 A0A8V0ZRN1 A0A8V0XF68 A0A8V0XB58 A0A8V0XDM2 A0A8V0Z2J4 A0A3Q2UEL1 A0A8V1A2F4 A0A8V0Y2E5 A0A8V0ZH54 A0A8V0XX49 Q9I946 A0A8V0XAF8 A0A8V1A4I0 A0A8V0Z9Z7 A0A8V0YDD6 R4GH52 A0A8V0YWM3
Biological Process,regulation of intracellular protein transport,6,GO:0033157,2,61,389,2734,0.23,0.008643042931043132,2.06,A0A8V0YVT3 A0A8V0WZJ4
Biological Process,roof of mouth development,3,GO:0060021,7,18,389,2734,2.73,0.008646082951398569,2.06,A0A8V0ZKI8 A0A8V1AG56 A0A8V0YM05 A0A8V0XJ84 A0A8V0XM58 A0A8V0YRG2 P02460
Biological Process,Golgi organization,5,GO:0007030,2,60,389,2734,0.23,0.008664137772606566,2.06,A0A8V0XK27 A0A8V0YU83
Biological Process,synaptic assembly at neuromuscular junction,3,GO:0051124,6,14,389,2734,3.01,0.008729993011870683,2.06,A0A8V0ZI29 A0A8V1AB05 A0A1D5PNL3 A0A1D5NTR5 A0A8V0YDT5 A0A1D5NYG2
Biological Process,bone remodeling,3,GO:0046849,6,14,389,2734,3.01,0.008729993011870683,2.06,A0A8V0ZKI8 Q98938 A0A8V1AFH0 A0A8V1A9A7 R4GH52 A0A8V0XJ84
Biological Process,myeloid leukocyte activation,3,GO:0002274,21,242,389,2734,0.61,0.008982476359453352,2.05,A0A8V1AFE7 A0A8V0XXM5 A0A8V0XCI3 A0A8V0YW12 E1BS94 A0A8V0YB43 A0A3Q2U2N5 A0A8V1ABC8 A0A8V0YLN5 A0A1L1RSD2 A0A8V0ZZU1 A0A8V0XDM2 A0A8V0Z1E9 A0A8V0YZJ3 A0A8V0ZY42 A0A8V0Z086 A0A8V0YR09 Q05744 A0A8V1AFH0 A0A1D5P655 A0A8V1AB67
Biological Process,oxoacid metabolic process,4,GO:0043436,29,309,389,2734,0.66,0.00927509188828969,2.03,P11602 A0A8V0XRC4 A0A1D5PNB8 A0A8V0ZHL4 A0A1D5PA74 A0A8V0Y8L6 A0A8V0XYR2 A0A8V0ZIZ5 A0A8V0YIV5 E1C3Z8 A0A1D5PQV0 E1BYF1 A0A1L1RX77 A0A8V0YLN5 A0A1L1RSD2 E1C2T4 A0A1D5P1F1 A0A8V0WZJ4 A0A8V0XDM2 A0A8V0YZJ3 A0A8V0ZBJ8 A0A8V0Y9F8 A0A8V0Y2E5 A0A8V0Y513 F1NGB8 A0A8V0YQC4 A0A8V0ZX23 A0A8V0Z4M1 A0A8V0XMD4
Biological Process,regulation of protein transport,5,GO:0051223,15,190,389,2734,0.55,0.009346160725503582,2.03,A0A8V1AG56 P11602 A0A8V0WZJ4 A0A8V1A3S8 A0A8V0ZKS6 A0A8V0YDT4 A0A8V1A9A7 A0A8V0ZY91 A0A8V0YVT3 A0A8V0YDD6 A0A8V0YY90 A0A8V0XJ84 A0A8V1ABC9 A0A8V0Z9Y8 Q6JHU8
Biological Process,regulation of mRNA catabolic process,6,GO:0061013,9,27,389,2734,2.34,0.00951980679020445,2.02,A0A8V1ACS0 A0A8V0XGL8 A0A8V0Z438 A0A8V1ABC8 Q00649 A0A8V1ABC9 A0A8V0Z4M1 A0A8V0Z4J0 A0A8V0ZE30
Biological Process,cytoskeleton-dependent cytokinesis,4,GO:0061640,3,72,389,2734,0.29,0.009520603953455269,2.02,A0A8V0XFL3 A0A8V0ZAU8 A0A1D5PC37
Biological Process,protein modification by small protein removal,7,GO:0070646,3,72,389,2734,0.29,0.009520603953455269,2.02,A0A8V1ACS0 A0A8V0Z4J0 A0A8V0ZY42
Biological Process,enzyme-linked receptor protein signaling pathway,4,GO:0007167,46,228,389,2734,1.42,0.0098160470936446,2.01,A0A8V0YNQ0 A0A8V0X4D8 A0A8V0ZI29 A0A8V0YM05 A0A8V0YXG4 A0A8V0YDT5 A0A8V0YW12 A0A8V0ZEJ3 A0A8V0Z4J0 A0A8V1A3H9 A0A8V0ZY61 A0A8V1ACS0 Q5ZHL0 A0A8V0XGL8 A0A8V0ZKS6 A0A8V1ABC8 A0A8V0XPE8 A0A8V0YHH6 A0A8V0Y1N7 A0A8V0X852 A0A1D5PE57 A0A8V0Y5K2 A0A8V1A7R0 A0A1D5P0D7 A0A8V0YS46 A0A8V1A3N1 A0A8V0Z2J4 A0A8V0ZBJ8 Q00649 A0A8V0XJ84 A0A8V0Z4M1 A0A8V1ABC9 A0A8V0ZF83 A0A8V1ADF6 Q9I946 F1NGB8 A0A3Q2TU24 A0A1D5P655 A0A8V1A9R2 A0A8V0YMM6 A0A8V0Y070 A0A1D5PT01 A0A8V0Z9Y8 P33005 A0A8V0ZPH9 A0A8V0YRG2
Biological Process,ear development,5,GO:0043583,15,55,389,2734,1.92,0.009835043545436888,2.01,A0A8V1AG56 A0A3Q2TU24 A0A8V0YEQ1 A0A8V0ZHK9 A0A8V0YM05 A0A8V0YY70 A0A8V0YMM6 A0A8V0ZY91 A0A8V0YVT3 A0A8V1AJV5 A0A8V0XJ84 A0A8V0XFB5 A0A8V0YRG2 A0A8V0XYR2 P02460
Biological Process,transmembrane receptor protein serine/threonine kinase signaling pathway,5,GO:0007178,15,55,389,2734,1.92,0.009835043545436888,2.01,A0A8V1ACS0 F1NGB8 A0A8V0X4D8 A0A8V0XGL8 A0A8V0ZKS6 A0A8V0YM05 A0A8V1ABC8 A0A8V0YMM6 A0A8V0XPE8 A0A8V0ZBJ8 A0A8V0YHH6 A0A8V0XJ84 A0A1D5PE57 A0A8V0Z4J0 A0A1D5P0D7
Biological Process,positive regulation of vasculature development,5,GO:1904018,15,55,389,2734,1.92,0.009835043545436888,2.01,A0A8V1AG56 A0A1D5P1F1 A0A8V0ZSG8 A0A8V1AJT2 A0A8V0ZE58 E1C733 A0A8V0Y5K2 E1BYF1 Q00649 A0A1D5NWP2 A0A8V1ABC9 A0A8V0Z4M1 A0A8V0ZPH9 A0A8V1A7R0 A0A8V0YRK4
Biological Process,"heparan sulfate proteoglycan biosynthetic process, polysaccharide chain biosynthetic process",6,GO:0015014,4,7,389,2734,4.02,0.009903258231847931,2.0,F1NGB8 A0A8V0Y8L6 A0A8V0YS46 A0A8V0ZBJ8
Biological Process,maintenance of presynaptic active zone structure,5,GO:0048790,4,7,389,2734,4.02,0.009903258231847931,2.0,A0A8V1AB67 A0A3Q2TYT2 A0A1D5NTR5 A0A1D5NYG2
Biological Process,DNA synthesis involved in DNA repair,6,GO:0000731,4,7,389,2734,4.02,0.009903258231847931,2.0,A0A8V1ACS0 A0A8V0Z4J0 A0A8V1AJ90 A0A3Q2TTB3
Biological Process,determination of ventral identity,5,GO:0048264,4,7,389,2734,4.02,0.009903258231847931,2.0,A0A8V0YM05 A0A8V0YMM6 A0A8V0Y070 A0A1D5P0D7
Biological Process,centripetally migrating follicle cell migration,4,GO:0060269,4,7,389,2734,4.02,0.009903258231847931,2.0,A0A8V1AB05 A0A1D5P655 A0A8V0YDT5 A0A8V0ZI29
Biological Process,axon target recognition,3,GO:0007412,4,7,389,2734,4.02,0.009903258231847931,2.0,A0A8V1AB05 A0A8V0YDT5 A0A1D5PNL3 A0A8V0ZI29
Biological Process,translesion synthesis,7,GO:0019985,4,7,389,2734,4.02,0.009903258231847931,2.0,A0A8V1ACS0 A0A8V0Z4J0 A0A8V1AJ90 A0A3Q2TTB3
Biological Process,regulation of thymocyte apoptotic process,9,GO:0070243,3,4,389,2734,5.27,0.010232187147258218,1.99,A0A8V1AG56 A0A8V1A9R2 A0A8V0ZWX9
Biological Process,elastic fiber assembly,5,GO:0048251,3,4,389,2734,5.27,0.010232187147258218,1.99,A0A8V0Y290 A0A8V0Y0F3 A0A8V0ZRN1
Biological Process,anterior head development,4,GO:0097065,3,4,389,2734,5.27,0.010232187147258218,1.99,A0A8V0YLN5 Q98938 P02460
Biological Process,regulation of collagen fibril organization,6,GO:1904026,3,4,389,2734,5.27,0.010232187147258218,1.99,A0A1L1RX77 A0A8V0Y0F3 A0A8V0Y290
Biological Process,negative regulation of collagen fibril organization,7,GO:1904027,3,4,389,2734,5.27,0.010232187147258218,1.99,A0A1L1RX77 A0A8V0Y0F3 A0A8V0Y290
Biological Process,regulation of eye pigmentation,5,GO:0048073,3,4,389,2734,5.27,0.010232187147258218,1.99,A0A8V0ZKI8 A0A8V1A9A7 Q98938
Biological Process,protein autoubiquitination,9,GO:0051865,3,4,389,2734,5.27,0.010232187147258218,1.99,A0A8V0YFD4 A0A8V0ZZG2 A0A1L1RP76
Biological Process,regulation of receptor catabolic process,5,GO:2000644,3,4,389,2734,5.27,0.010232187147258218,1.99,A0A8V0ZZG2 A0A8V0X4D8 A0A8V0ZRU9
Biological Process,negative regulation of macrophage migration,6,GO:1905522,3,4,389,2734,5.27,0.010232187147258218,1.99,Q5ZMG0 A0A8V0Y0F3 A0A8V0Y290
Biological Process,negative regulation of homophilic cell adhesion,7,GO:1903386,3,4,389,2734,5.27,0.010232187147258218,1.99,A0A8V1AB05 A0A8V0YDT5 A0A8V0ZI29
Biological Process,defasciculation of motor neuron axon,5,GO:0007415,3,4,389,2734,5.27,0.010232187147258218,1.99,A0A8V0YXG4 A0A8V0ZF83 A0A8V0Y070
Biological Process,interstrand cross-link repair,6,GO:0036297,3,4,389,2734,5.27,0.010232187147258218,1.99,A0A8V1ACS0 A0A8V0YW57 A0A8V0Z4J0
Biological Process,protein O-linked glycosylation via serine,6,GO:0018242,3,4,389,2734,5.27,0.010232187147258218,1.99,A0A8V0ZY61 A0A8V0Y6W2 A0A8V0Z6S1
Biological Process,peptide biosynthetic process,5,GO:0043043,9,132,389,2734,0.48,0.010234847528423706,1.99,A0A8V1ACS0 A0A8V0X4D8 A0A8V0XPN5 E1BYF1 A0A8V0YQC4 A0A8V0Z865 A0A1D5PNG3 A0A8V0Z4J0 A0A8V0ZIZ5
Biological Process,regulation of biological quality,2,GO:0065008,119,997,389,2734,0.84,0.010416169039630059,1.98,P11602 A0A8V0ZWX9 A0A8V0Z4R1 A0A1D5NTR5 A0A8V0YVT3 A0A8V0YDT5 A0A1D5NYG2 A0A8V1ACS0 A0A8V0Z8V4 A0A3Q2U2N5 A0A8V0ZZG2 A0A8V1ABC8 A0A1L1RX77 A0A8V0XPE8 A0A8V1ACD6 A0A8V1A4P2 A0A8V1A7R0 A0A8V0ZA56 A0A1L1RZ23 A0A8V0Y4Q2 F1NEZ4 A0A8V0Z086 A0A8V0YY90 A0A1D5NWP2 A0A8V0YYQ9 A0A8V0XXK8 A0A3Q2TU24 A0A8V0ZB91 A0A8V1AB05 A0A8V1A9R2 A0A8V1AB67 A0A8V0XLN9 A0A8V0ZQS2 A0A8V1AG56 A0A8V0YM05 A0A8V1A9A7 A0A3Q3A4U3 A0A8V0XUK6 A0A3Q2U2N6 A0A8V0YFB8 P02460 A0A8V0ZP32 A0A8V0ZSX0 A0A8V0ZRU9 A0A3Q2TYT2 A0A8V0YRF2 A0A8V0YLZ5 A0A1D5P0D7 A0A8V0XA92 Q00649 A0A1D5PDV9 A0A8V1ABC9 A0A8V0YF22 A0A8V0YSI0 A0A8V0YRK4 A0A8V0Y513 A0A8V0YR09 A0A1D5PBU5 A0A8V1AFH0 A0A8V0YJV4 A0A8V0X5K9 A0A8V1AJV5 A0A8V0YLT1 A0A8V0YRG2 A0A8V0Y0V1 A0A8V0X4D8 A0A8V0ZI29 A0A8V1AFP7 A0A8V0ZYM1 A0A8V0YGN8 A0A8V0YPA6 A0A8V0Z4J0 A0A8V0YC57 A0A8V0ZDK0 A0A8V0ZKS6 A0A8V0ZTA5 E1C733 A0A8V0ZSX6 A0A1D5PE57 A0A1D5PC37 A0A8V0Z438 A0A8V0ZY91 A0A8V0ZKI8 A0A1D5P655 A0A8V0YDT4 A0A8V0ZES4 A0A8V0ZTG6 A0A8V0XZQ1 A0A8V0Z9Y8 A0A8V0Z4M1 A0A8V0YNQ0 Q98938 A0A8V0XCI3 A0A8V1A2P5 A0A8V0XYR2 A0A8V0YMR1 A0A8V0XGL8 A0A3Q2UGW3 A0A1D5PQV0 A0A8V0Z1C5 A0A8V0X852 A0A1D5P1F1 Q6JHU8 A0A8V0XB58 A0A8V0ZZU1 Q5ZJ58 A0A3Q2UEL1 E1BQB4 A0A8V0Y2E5 A0A8V0ZH54 A0A8V0XX49 Q9I946 A0A8V0YU83 A0A8V0XAF8 A0A8V1A3S8 A0A8V0YDD6 A0A8V1AM47 Q5ZHL0 A0A8V0YWM3
Biological Process,positive regulation of hemopoiesis,5,GO:1903708,8,23,389,2734,2.44,0.01084228953378561,1.96,A0A8V0ZWX9 Q98938 A0A8V1ABC8 A0A8V0YLT1 A0A8V0X852 A0A8V1ABC9 A0A8V1A7R0 A0A8V0ZQS2
Biological Process,regulation of biological process,2,GO:0050789,255,1942,389,2734,0.92,0.011238991385303833,1.95,Q5ZMG0 P11602 A0A8V0ZWX9 A0A8V1A9L3 A0A8V1A3D7 A0A8V1AEJ4 A0A8V1AJT2 A0A8V0Z4R1 Q90YI1 A0A1D5NTR5 A0A8V0YVT3 A0A8V0YDT5 A0A8V0YEZ4 A0A8V0XEJ0 C7G540 A0A1D5NYG2 A0A8V0YW12 A0A8V0ZEJ3 A0A8V0YB43 A0A8V0ZY61 A0A8V0Z8V4 A0A3Q2U2N5 A0A8V0ZZG2 A0A8V1ACS0 A0A8V0YPH9 A0A8V1ABC8 A0A8V0Y722 A0A8V0X5U3 A0A1L1RX77 A0A8V0XPE8 A0A8V0YW57 A0A8V0XXW6 A0A8V1ACD6 A0A8V1A7R0 A0A8V0ZA56 A0A1L1RZ23 A0A8V0Y4Q2 A0A8V0ZZD4 F1NEZ4 A0A8V1A3N1 A0A8V0ZTP1 A0A8V0ZKV3 A0A1D5PNL3 A0A8V0Y9F8 A0A8V0YY90 A0A8V0XJ84 A0A1D5NWP2 A0A8V0XAN3 A0A8V0XXK8 F1NGB8 A0A3Q2TU24 A0A8V0YEQ1 A0A8V0ZJ97 A0A8V0ZB91 A0A8V0YAR4 A0A8V1AB05 A0A8V1A9R2 A0A8V1AB67 A0A8V0ZDZ5 A0A8V0ZHK9 A0A8V0Y070 A0A8V0ZX23 A0A8V0ZQS2 A0A8V1AG56 A0A1D5PCU0 A0A8V1A449 A0A8V0YM05 A0A8V1A9A7 A0A3Q3A4U3 A0A8V1A8R6 A0A8V0XUK6 A0A8V0XRN3 A0A8V1ACU1 A0A8V0ZC57 E1BS94 P02460 A0A8V0Y0F3 A0A8V0X637 E1BYF1 A0A8V0ZP32 A0A8V0ZRU9 A0A3Q2TYT2 A0A8V0ZXC9 A0A8V1AKH4 A0A8V0YRF2 A0A1D5NZN4 A0A1D5P7Y2 A0A8V0X1T3 A0A8V0Y5K2 A0A8V1AAH7 A0A1D5P0D7 A0A8V1AK88 Q0PVE4 A0A8V0Y7Y9 A0A8V0ZW46 A0A8V0Z307 A0A8V1AA32 A0A8V0ZE58 A0A1D5P0X0 A0A8V0XPN5 Q00649 A0A1D5PDV9 A0A8V0Z7D4 A0A8V1ABC9 A0A8V0YF22 A0A8V0XM58 A0A8V0ZE30 A0A8V0YRK4 A0A8V0ZVP0 A0A8V1ADF6 E1BQI2 A0A8V0YR09 A0A8V0ZZJ1 A0A1D5PBU5 A0A8V1AFH0 A0A1D5P201 A0A8V0Y413 A0A8V0YJV4 A0A8V0X5K9 A0A8V0YMM6 A0A8V0YY70 A0A8V1AJI2 A0A1D5PT01 A0A8V1AJV5 A0A8V0YLT1 A0A8V0XTW4 P33005 Q5ZKV5 Q76KB2 A0A8V0YRG2 A0A8V1A653 A0A8V0Y0V1 Q5ZIB0 A0A8V0X4D8 A0A8V0YBZ6 A0A8V0ZI29 A0A1D5NVM6 A0A8V1AFP7 A0A8V0ZYM1 A0A8V0YGN8 A0A8V0YXG4 A0A1D5PIZ5 A0A8V0ZHL4 A0A1L1RP76 A0A8V0YPA6 A0A8V0XFL3 A0A8V0Y8L6 A0A8V0X643 A0A8V0Z4J0 A0A8V0YC57 A0A8V0ZDK0 A0A8V0ZSG8 A0A8V0ZKS6 A0A8V0ZHX5 A0A8V0ZQJ4 A0A8V0ZTA5 E1C733 A0A8V1AMI7 A0A8V0YLN5 A0A8V0ZSX6 A0A8V0XKU5 A0A1D5PE57 A0A8V0ZAU8 Q8AWB4 A0A1D5PC37 A0A8V0ZBA3 A0A8V0XZV7 A0A8V0Z438 A0A8V0XWZ8 A0A8V0ZY91 A0A8V0Y1A4 A0A8V0YPB9 A0A8V0YBD7 A0A1D5PLP1 A0A8V0ZF83 A0A8V0ZKI8 O12971 A0A8V0YDT4 A0A1D5P655 A0A8V0ZES4 A0A8V0ZTG6 A0A8V0XK27 A0A8V0XZQ1 A0A8V0XQS7 A0A8V0Z9Y8 A0A8V0Z4M1 P01875 A0A8V1AL54 A0A3Q2U3T5 A0A8V0YNQ0 Q98938 A0A8V0XRC4 A0A8V0XCI3 A0A8V0Y999 A0A8V0ZW33 A0A8V1A2P5 A0A8V0Y4R7 A0A1D5NZT1 A0A8V0XWF0 A0A8V0ZFG7 A0A8V0XUJ8 A0A8V0Y290 A0A8V0X097 A0A8V0XYR2 A0A8V0YMR1 A0A8V0ZIZ5 A0A8V1A3H9 A0A8V1AAN6 A0A8V0XGY8 A0A8V0XGL8 A0A8V0YLX0 A0A8V1A8N2 A0A8V0YQ88 A0A3Q2UGW3 A0A1D5PQV0 A0A8V1AFC3 A0A8V0YGQ5 A0A8V0Y7C8 A0A8V0Y1N7 A0A8V0Z1C5 A0A8V0YHH6 A0A8V0X852 A0A1D5PNG3 A0A1D5P1F1 Q6JHU8 A0A8V1AJ90 A0A8V0YS46 A0A8V0WZJ4 A0A8V0XB58 A0A8V0ZZU1 A0A8V0XDM2 A0A8V1A9U7 A0A8V0X6J5 A0A8V0Z2J4 Q5ZJ58 A0A8V1A2F4 A0A3Q2TT95 A0A8V0ZBJ8 A0A8V0Y2E5 A0A8V0ZH54 A0A8V0ZZH6 A0A8V0XX49 Q9I946 A0A8V0YU83 A0A8V0XAF8 A0A8V1A3S8 A0A8V1A4I0 A0A8V0Z9Z7 A0A8V0Y614 A0A8V0YDD6 A0A8V1AM47 A0A8V0XFB5 Q5ZHL0 A0A8V0ZPH9 A0A8V0YWM3
Biological Process,primary metabolic process,2,GO:0044238,190,1499,389,2734,0.89,0.0113629617157122,1.94,A0A8V1A9L3 P11602 A0A8V0ZWX9 A0A8V1A3D7 A0A8V1A4K1 A0A8V1A6A3 A0A8V0YDT5 A0A8V0XEJ0 A0A8V0YW12 A0A8V0YIV5 A0A8V0ZY61 A0A8V1ACS0 A0A8V0ZZG2 A0A8V0ZG46 A0A8V0YPH9 A0A8V1ABC8 A0A8V0XXW6 A0A1L1RX77 A0A8V0XPE8 A0A8V0YW57 A0A8V0X2C5 A0A8V1A4P2 A0A8V1A3H7 A0A8V1A7R0 A0A8V0Z0B9 A0A8V0ZA56 A0A1L1RZ23 A0A8V0ZZD4 A0A8V1A3N1 A0A8V0ZKV3 A0A1D5PNL3 A0A8V0Z086 A0A8V0Y9F8 A0A8V0XAN3 A0A8V0Z832 A0A8V0YYQ9 F1NGB8 A0A3Q2TU24 A0A8V0ZJ97 A0A8V1AB05 A0A8V1A9R2 A0A8V1AB67 A0A8V0Y070 A0A8V0ZX23 P28687 A0A8V0ZQS2 A0A8V1AG56 A0A1D5PCU0 E1C744 A0A8V0XCX4 A0A8V0XBI2 A0A8V0XXM5 A0A8V0YM05 A0A8V0XDL7 A0A8V1A9A7 E1BS94 P02460 A0A8V0X637 E1C3Z8 A0A3Q2TTB3 E1BYF1 A0A8V0ZP32 A0A8V0XK73 A0A8V0ZRU9 A0A3Q2TYT2 A0A8V0ZXC9 A0A1L1RSD2 A0A8V0YRF2 E1C2T4 A0A1D5NZN4 A0A8V0XA12 A0A1D5P0D7 A0A8V0ZG43 A0A8V0Z6S1 A0A8V0XA92 A0A8V1AK88 A0A1D5PJE0 A0A8V0ZW46 A0A8V0ZE58 A0A8V0YZJ3 A0A8V0XPN5 A0A8V1ABC9 A0A8V0YF22 A0A8V0ZE30 A0A8V0YSI0 A0A8V0YRK4 A0A8V0ZVP0 A0A8V1ADF6 A0A8V0Y513 A0A8V0ZZJ1 Q05744 A0A8V1AFH0 A0A1D5P201 A0A8V0YJV4 A0A8V1ACQ8 A0A1D5PT01 Q5ZKV5 A0A8V0YRG2 Q76KB2 A0A8V0XMD4 Q5ZIB0 A0A8V0X4D8 A0A8V0ZI29 A0A1D5NVM6 A0A1D5PNB8 A0A8V0ZYM1 A0A8V0XMA2 A0A8V0YXG4 A0A8V0ZHL4 A0A1L1RP76 A0A8V0X7F0 A0A8V0XE95 A0A8V0YC98 A0A8V0Y8L6 A0A8V0X643 A0A8V0Z4J0 A0A8V0YC57 A0A8V0ZDK0 A0A8V1A8E4 A0A8V0ZSG8 A0A8V0ZQJ4 A0A8V0ZTA5 E1C733 A0A8V0YLN5 A0A8V0ZSX6 A0A8V0ZI47 A0A1D5PE57 Q8AWB4 A0A8V0ZLV3 A0A8V0Z1E9 A0A8V0XWZ8 A0A8V0ZY91 A0A8V0Y1A4 A0A8V0ZY42 A0A8V0Z865 A0A8V0ZF83 O12971 A0A8V0YDT4 A0A8V0ZTG6 A0A8V0Y6W2 A0A8V0XK27 A0A8V0ZFH4 A0A8V0YQC4 A0A8V0XQS7 A0A8V0Z9Y8 P01875 A0A8V0YFD4 Q98938 A0A8V0XRC4 A0A8V0XL09 A0A8V0ZR84 A0A8V0ZFG7 A0A1D5PA74 A0A8V0XYR2 A0A8V1AAN6 A0A8V0ZWH1 A0A8V0ZNH3 A0A8V1A8N2 A0A8V0WZN3 A0A8V0Y7C8 A0A8V0Z1C5 A0A8V0XT35 A0A8V0ZYN6 A0A1D5PNG3 A0A1D5P1F1 Q6JHU8 A0A8V1AJ90 A0A8V0XF68 A0A8V0YS46 A0A8V0WZJ4 A0A8V0XB58 A0A8V0ZZU1 A0A8V0X6J5 A0A8V0YDG8 Q5ZJ58 A0A3Q2UEL1 A0A8V1A2F4 A0A8V0Z2J4 A0A8V0ZBJ8 A0A8V0Y2E5 A0A8V0ZH54 A0A8V0Y218 A0A8V0ZZH6 A0A8V0YU83 A0A8V0YDD6 R4GH52 F1NSM7 A0A8V1AN12 A0A8V0ZPH9 A0A8V0YWM3
Biological Process,nitrogen compound metabolic process,2,GO:0006807,182,1442,389,2734,0.89,0.01165543662358986,1.93,A0A8V1A9L3 A0A8V0ZWX9 A0A8V1A3D7 A0A8V1A4K1 A0A8V1A6A3 A0A8V0YDT5 A0A8V0XEJ0 A0A8V0YW12 A0A8V0YIV5 A0A8V0ZY61 A0A8V1ACS0 A0A8V0ZZG2 A0A8V0ZG46 A0A8V0YPH9 A0A8V1ABC8 A0A8V0XXW6 A0A1L1RX77 A0A8V0XPE8 A0A8V0YW57 A0A8V0X2C5 A0A8V1A7R0 A0A8V0Z0B9 A0A8V0ZA56 A0A8V0X783 A0A8V0Y4Q2 A0A1L1RZ23 A0A8V0ZZD4 A0A8V1A3N1 A0A8V0ZKV3 A0A1D5PNL3 A0A8V0Z086 A0A8V0Y9F8 A0A8V0Z832 A0A8V0YYQ9 F1NGB8 A0A3Q2TU24 A0A8V0ZJ97 A0A8V1AB05 A0A8V1A9R2 A0A8V1AB67 A0A8V0Y070 A0A8V0ZX23 P28687 A0A8V1AG56 A0A1D5PCU0 E1C744 A0A8V0XBI2 A0A8V0XXM5 A0A8V0YM05 A0A8V0XDL7 E1BS94 P02460 A0A8V0X637 E1C3Z8 A0A3Q2TTB3 E1BYF1 A0A8V0ZP32 A0A8V0XK73 A0A8V0ZRU9 A0A3Q2TYT2 A0A8V0ZXC9 A0A1L1RSD2 A0A8V0YRF2 E1C2T4 A0A1D5NZN4 A0A8V0XA12 A0A1D5P0D7 A0A8V0ZG43 A0A8V0Z6S1 A0A8V0XA92 A0A1D5PJE0 A0A8V0ZW46 A0A8V0ZE58 A0A8V0YZJ3 A0A8V0XPN5 A0A8V1ABC9 A0A8V0YF22 A0A8V0ZE30 A0A8V0YSI0 A0A8V0YRK4 A0A8V0ZVP0 A0A8V1ADF6 A0A8V0Y513 A0A8V0ZZJ1 Q05744 A0A8V1AFH0 A0A1D5P201 A0A8V0YJV4 A0A8V1ACQ8 A0A1D5PT01 Q5ZKV5 A0A8V0YRG2 Q76KB2 Q5ZIB0 A0A8V0X4D8 A0A8V0ZI29 A0A1D5NVM6 A0A1D5PNB8 A0A8V0XMA2 A0A8V0YXG4 A0A8V0ZHL4 A0A8V0ZIF0 A0A1L1RP76 A0A8V0X7F0 A0A8V0XE95 A0A8V0YC98 A0A8V0Y8L6 A0A8V0X643 A0A8V0Z4J0 A0A8V0YC57 A0A8V0ZDK0 A0A8V1AHJ8 A0A8V1A8E4 A0A8V0ZSG8 A0A8V0ZQJ4 A0A8V0ZTA5 E1C733 A0A8V0YLN5 A0A8V0ZSX6 A0A1D5PE57 Q8AWB4 A0A8V0Z1E9 A0A8V0XWZ8 A0A8V0ZY91 A0A8V0Y1A4 A0A8V0ZY42 A0A8V0Z865 A0A8V0ZF83 O12971 A0A8V0YDT4 A0A8V0ZTG6 A0A8V0Y6W2 A0A8V0XK27 A0A8V0ZFH4 A0A8V0YQC4 A0A8V0XQS7 A0A8V0Z9Y8 A0A8V0Z4M1 P01875 A0A8V0YFD4 Q98938 A0A8V0XRC4 A0A8V0XL09 A0A8V0ZR84 A0A8V0ZFG7 A0A1D5PA74 A0A8V1AAN6 A0A8V0ZIZ5 A0A8V0ZWH1 A0A8V0ZNH3 A0A8V1A8N2 A0A8V0WZN3 A0A8V0Y7C8 A0A8V0Z1C5 A0A8V0XT35 A0A8V0ZYN6 A0A1D5PNG3 A0A1D5P1F1 Q6JHU8 A0A8V1AJ90 A0A8V0XF68 A0A8V0YS46 A0A8V0WZJ4 A0A8V0XB58 A0A8V0ZZU1 A0A8V0XDM2 A0A8V0X6J5 A0A8V0YDG8 A0A3Q2UEL1 A0A8V1A2F4 A0A8V0Z2J4 A0A8V0ZBJ8 A0A8V0Y2E5 A0A8V0ZH54 A0A8V0Y218 A0A8V0ZZH6 A0A8V0YDD6 R4GH52 F1NSM7 A0A8V1AN12 A0A8V0ZPH9 A0A8V0YWM3
Biological Process,regulation of angiogenesis,5,GO:0045765,21,87,389,2734,1.7,0.011700459330446045,1.93,A0A8V0YNQ0 A0A8V1AG56 A0A8V1AJT2 A0A8V0YXG4 A0A8V0Y290 A0A8V0Y0F3 A0A8V0ZSG8 E1C733 A0A1L1RX77 A0A8V0Y5K2 A0A1D5P1F1 A0A8V1A7R0 A0A8V0ZE58 A0A8V0Y1A4 Q00649 A0A1D5NWP2 A0A8V1ABC9 A0A8V0YRK4 A0A8V0Y413 A0A8V0Z4M1 A0A8V0ZPH9
Biological Process,localization,1,GO:0051179,173,1381,389,2734,0.88,0.011715832618774565,1.93,A0A8V0ZWX9 A0A8V1A6A3 A0A8V1AEJ4 A0A1D5NTR5 A0A8V0YVT3 A0A8V0YDT5 R4GGQ4 A0A8V0XEJ0 A0A1D5NYG2 A0A8V0YW12 A0A8V0YT63 A0A8V0YB43 A0A8V1ACS0 A0A8V0Z8V4 A0A3Q2U2N5 A0A8V0ZZG2 A0A8V1ABC8 A0A8V0Y722 A0A8V0X5U3 A0A8V0XPE8 A0A8V1ACD6 A0A8V1A3H7 A0A8V1A7R0 A0A8V0ZA56 A0A8V0X783 A0A1L1RZ23 A0A8V0Y4Q2 A0A8V0Z6B9 A0A8V0ZTP1 A0A8V0Z5R3 A0A8V0Y9F8 A0A8V0Z086 A0A8V0XJ84 A0A1D5NWP2 A0A8V0Z249 A0A8V0XAE5 A0A3Q2TU24 A0A8V0YEQ1 A0A8V1AB05 A0A8V1A9R2 A0A8V1AB67 A0A8V0ZHK9 A0A8V0XLN9 A0A8V0ZX23 P28687 A0A8V0ZQS2 A0A8V1AG56 A0A1D5PCU0 A0A8V1AFE7 A0A8V0XCX4 A0A8V0ZAP0 A0A8V0XXM5 A0A8V0YM05 A0A8V1A9A7 A0A3Q3A4U3 A0A8V0XUK6 A0A8V0XRN3 A0A3Q2U2N6 E1BS94 A0A8V0YFB8 A0A8V0Y0F3 A0A3Q3AST7 A0A8V0ZSX0 A0A8V0ZRU9 A0A3Q2TYT2 A0A1L1RSD2 A0A8V0YLZ5 A0A8V1AAH7 A0A1D5PRH9 A0A8V1AK88 A0A8V0XA92 Q0PVE4 A0A8V0Y7Y9 A0A8V0Z307 A0A8V0ZE58 A0A1D5P0X0 A0A8V0YZJ3 A0A8V0XPN5 A0A8V0Z4U2 Q00649 A0A8V0Z7D4 A0A8V1ABC9 A0A8V0XM58 A0A8V0ZE30 A0A8V0YSI0 A0A8V1ADF6 F1P4D6 E1BQI2 A0A8V0YR09 A0A1D5PBU5 Q05744 A0A8V1AFH0 A0A8V1AFR2 A0A8V0Y413 A0A8V0YY70 A0A8V0YMM6 A0A8V1AJV5 A0A8V0YLT1 A0A8V0XTW4 P33005 Q5ZKV5 A0A8V0X4D8 A0A8V0YBZ6 A0A8V0ZBR8 A0A8V0ZI29 A0A1D5NVM6 A0A8V0YGN8 A0A8V0YXG4 A0A1D5PIZ5 A0A8V0YG88 A0A8V0XFL3 A0A8V0Y8L6 A0A8V0Z4J0 A0A8V0ZDK0 A0A8V0ZKS6 E1C733 A0A8V0YLN5 A0A8V0XKU5 A0A8V0Z888 A0A8V0ZAU8 A0A1D5PC37 A0A8V0Z1E9 A0A8V0XWZ8 A0A8V0ZY91 A0A8V0ZY42 A0A8V0YPB9 A0A8V0ZKI8 A0A1D5P655 A0A8V0YDT4 A0A8V0ZES4 A0A8V0ZTG6 A0A8V0X370 A0A8V0XK27 A0A8V0YIE9 A0A8V0Z9Y8 A0A8V0Z4M1 P01875 A0A8V0YFD4 Q98938 A0A8V1A6Y8 A0A8V0XRC4 A0A8V0XCI3 A0A8V1A2P5 A0A8V0Y4R7 A0A1D5NZT1 A0A8V0Y290 A0A8V0XYR2 A0A8V0XGY8 A0A3Q2UGW3 A0A1D5PQV0 A0A8V1AFC3 A0A8V0Y1N7 A0A8V0X852 A0A1D5PNG3 A0A8V0XF68 A0A8V0YS46 A0A8V0XB58 A0A8V0ZZU1 A0A8V0XDM2 A0A8V1A9U7 A0A8V0YE20 Q5ZJ58 A0A3Q2UEL1 E1BQB4 A0A8V0Y2E5 A0A8V0ZH54 A0A8V0YU83 A0A8V0XAF8 A0A8V1A4I0 A0A8V0Z9Z7 A0A8V0YDD6 A0A8V1AM47 Q5ZHL0
Biological Process,positive regulation of angiogenesis,6,GO:0045766,14,50,389,2734,1.97,0.011911469890966513,1.92,A0A8V1AG56 A0A1D5P1F1 A0A8V0ZSG8 A0A8V1AJT2 A0A8V0ZE58 E1C733 A0A8V0Y5K2 Q00649 A0A1D5NWP2 A0A8V1ABC9 A0A8V0Z4M1 A0A8V0ZPH9 A0A8V1A7R0 A0A8V0YRK4
Biological Process,positive regulation of epithelial cell proliferation,6,GO:0050679,14,50,389,2734,1.97,0.011911469890966513,1.92,A0A8V0YNQ0 A0A8V1AG56 Q98938 A0A8V0Y413 A0A8V1AJT2 E1C733 A0A8V0Y5K2 A0A8V0YVT3 A0A8V0Y2E5 A0A8V1ABC9 A0A8V0YPA6 A0A8V0Z4M1 A0A8V1A7R0 A0A8V1A3H9
Biological Process,regulation of cellular localization,4,GO:0060341,24,263,389,2734,0.64,0.01194140007327033,1.92,A0A8V0YNQ0 A0A8V1AG56 A0A8V0X4D8 Q98938 A0A8V0Y999 A0A8V1A9A7 A0A8V0YGN8 A0A8V0YVT3 A0A8V0X5U3 A0A8V0ZRU9 A0A3Q2TYT2 A0A1D5P1F1 A0A1D5PC37 A0A8V0WZJ4 A0A8V0XB58 A0A1D5PNL3 A0A8V0YY90 A0A1D5P655 A0A8V1AB67 A0A8V0X5K9 A0A8V0YY70 A0A8V0Z9Y8 A0A8V0Z4M1 A0A8V0YRG2
Biological Process,cell morphogenesis involved in neuron differentiation,4,GO:0048667,45,224,389,2734,1.41,0.01223461058995178,1.91,A0A8V1AG56 A0A8V0X4D8 Q98938 A0A8V0ZBR8 A0A8V0ZI29 A0A1D5NW03 A0A3Q3A4U3 P33005 A0A1D5NTR5 A0A8V0YVT3 A0A8V0YDT5 A0A8V0YXG4 A0A1D5NYG2 A0A8V0Y8L6 A0A8V0Y4G8 A0A8V0YB43 A0A8V0Z8V4 A0A8V0YUF6 A0A8V0ZKS6 A0A8V0Y722 A0A8V0ZSX0 A0A8V1ACD6 A0A8V1AAH7 A0A1D5P0D7 Q0PVE4 A0A8V0ZZU1 F1NEZ4 A0A8V0YRN1 A0A8V0YE20 A0A1D5PNL3 A0A8V0Y9F8 A0A8V0YBD7 A0A8V1ABC9 A0A8V0ZF83 A0A8V1ADF6 A0A8V0ZB91 A0A1D5P655 A0A8V1AB05 A0A8V1AB67 A0A8V0YY70 A0A8V0Y070 A0A1D5PT01 A0A8V1AJV5 A0A8V0Z4M1 A0A8V0YRG2
Biological Process,positive regulation of transport,4,GO:0051050,30,313,389,2734,0.67,0.012401997137451506,1.91,A0A8V1AG56 P11602 A0A8V0YGN8 A0A8V0YVT3 A0A8V0YPA6 A0A8V0XYR2 A0A3Q2U2N5 A0A8V0X5U3 A0A8V0ZRU9 A0A3Q2TYT2 A0A8V0X852 A0A1D5P1F1 A0A1D5PC37 A0A8V0WZJ4 A0A8V0ZY91 A0A8V0YY90 A0A8V0XJ84 A0A1D5NWP2 A0A8V1ABC9 A0A8V0YR09 A0A1D5P655 A0A8V1AFH0 A0A8V1A9R2 A0A8V1AB67 A0A8V0YY70 A0A8V0YLT1 A0A8V0Z9Y8 A0A8V0Z4M1 A0A8V0YRG2 A0A8V0YWM3
Biological Process,regulation of neuron migration,6,GO:2001222,5,11,389,2734,3.19,0.012557890370093193,1.9,A0A8V1AG56 A0A8V0X4D8 A0A8V0ZKS6 A0A1D5PE57 A0A8V1A7R0
Biological Process,negative regulation of dendrite development,5,GO:2000171,5,11,389,2734,3.19,0.012557890370093193,1.9,A0A8V0ZI29 A0A8V1AB05 A0A8V0YDT5 A0A8V0YRK4 A0A8V0YMR1
Biological Process,glycosaminoglycan metabolic process,5,GO:0030203,21,88,389,2734,1.68,0.012574692056021191,1.9,A0A8V0XRC4 A0A8V0YXG4 A0A8V0ZIF0 A0A1D5PA74 A0A8V0Y8L6 A0A8V0YIV5 E1BS94 E1C3Z8 A0A1L1RX77 A0A8V0YLN5 A0A1L1RSD2 E1C2T4 A0A8V0YS46 A0A8V0WZJ4 A0A8V0YZJ3 A0A8V0ZBJ8 A0A8V0Y2E5 F1NGB8 A0A1D5P201 A0A8V0Z4M1 Q76KB2
Biological Process,oxidative phosphorylation,7,GO:0006119,2,59,389,2734,0.24,0.012794823400426154,1.89,A0A8V0YW57 A0A8V0YWM3
Biological Process,organelle localization by membrane tethering,3,GO:0140056,2,59,389,2734,0.24,0.012794823400426154,1.89,A0A8V0YB43 A0A8V0ZHK9
Biological Process,intracellular protein transport,4,GO:0006886,20,229,389,2734,0.61,0.013091162998946727,1.88,A0A8V0YBZ6 A0A8V1AEJ4 R4GGQ4 A0A8V0XFL3 A0A8V0Z4J0 A0A8V0YB43 A0A8V1ACS0 A0A1D5PNG3 A0A8V1A7R0 A0A8V0XF68 A0A8V0Z307 A0A8V0XDM2 A0A8V0XPN5 Q00649 A0A8V0ZH54 A0A8V0YU83 A0A8V0XTW4 A0A8V0Z9Y8 P28687 A0A8V0YFD4
Biological Process,myeloid leukocyte mediated immunity,4,GO:0002444,20,229,389,2734,0.61,0.013091162998946727,1.88,A0A8V1AFE7 A0A8V0XXM5 A0A8V0XCI3 A0A8V0YW12 E1BS94 A0A8V0YB43 A0A3Q2U2N5 A0A8V0YLN5 A0A1L1RSD2 A0A8V0ZZU1 A0A8V0XDM2 A0A8V0Z1E9 A0A8V0YZJ3 A0A8V0ZY42 A0A8V0Z086 A0A8V0YR09 Q05744 A0A8V1AFH0 A0A1D5P655 A0A8V1AB67
Biological Process,peptide metabolic process,4,GO:0006518,16,192,389,2734,0.59,0.01350534460064121,1.87,A0A8V0XF68 A0A8V1ACS0 A0A8V1AHJ8 A0A8V0X4D8 A0A8V0XA92 A0A8V0XPN5 E1BYF1 A0A8V0ZP32 P28687 A0A8V0YQC4 A0A8V0Z865 A0A8V0YF22 A0A1D5PNG3 A0A8V0Z4J0 A0A8V0ZIZ5 A0A8V0ZA56
Biological Process,nuclear division,6,GO:0000280,4,81,389,2734,0.35,0.014132910179978489,1.85,A0A8V0ZDK0 A0A8V0ZW33 R4GH52 A0A1D5PBU5
Biological Process,purine-containing compound biosynthetic process,5,GO:0072522,4,81,389,2734,0.35,0.014132910179978489,1.85,A0A1D5PCU0 A0A3Q2UEL1 A0A8V0Z1C5 A0A8V0ZWX9
Biological Process,determination of bilateral symmetry,4,GO:0009855,18,71,389,2734,1.78,0.014329581795233618,1.84,A0A8V0ZKI8 A0A8V1AG56 A0A8V0XDM2 Q98938 A0A8V0ZKS6 A0A8V0ZHK9 A0A8V0YM05 A0A8V1A2F4 A0A8V0YMM6 A0A8V0Y070 A0A8V0X370 A0A8V0XK27 A0A8V0YVT3 A0A8V0Y1N7 A0A8V0XKU5 A0A8V0ZQP1 A0A8V0XM58 A0A1D5P0D7
Biological Process,neuron projection guidance,7,GO:0097485,31,145,389,2734,1.5,0.01445350539510075,1.84,A0A8V1AG56 A0A8V0ZBR8 A0A8V0ZI29 A0A3Q3A4U3 P33005 A0A1D5NTR5 A0A8V0YVT3 A0A8V0YDT5 A0A8V0YXG4 A0A1D5NYG2 A0A8V0Y8L6 A0A8V0Z8V4 A0A8V0YUF6 A0A8V0ZKS6 A0A8V1ACD6 A0A8V1AAH7 A0A1D5P0D7 A0A8V0YRN1 A0A8V0YE20 A0A8V0Y9F8 A0A8V0YBD7 A0A8V1ABC9 A0A8V0ZF83 A0A8V1ADF6 A0A1D5P655 A0A8V1AB05 A0A8V0YY70 A0A8V0Y070 A0A1D5PT01 A0A8V0Z4M1 A0A8V0YRG2
Biological Process,axon guidance,8,GO:0007411,31,145,389,2734,1.5,0.01445350539510075,1.84,A0A8V1AG56 A0A8V0ZBR8 A0A8V0ZI29 A0A3Q3A4U3 P33005 A0A1D5NTR5 A0A8V0YVT3 A0A8V0YDT5 A0A8V0YXG4 A0A1D5NYG2 A0A8V0Y8L6 A0A8V0Z8V4 A0A8V0YUF6 A0A8V0ZKS6 A0A8V1ACD6 A0A8V1AAH7 A0A1D5P0D7 A0A8V0YRN1 A0A8V0YE20 A0A8V0Y9F8 A0A8V0YBD7 A0A8V1ABC9 A0A8V0ZF83 A0A8V1ADF6 A0A1D5P655 A0A8V1AB05 A0A8V0YY70 A0A8V0Y070 A0A1D5PT01 A0A8V0Z4M1 A0A8V0YRG2
Biological Process,developmental growth involved in morphogenesis,3,GO:0060560,18,72,389,2734,1.76,0.015063802345437326,1.82,A0A8V0ZKI8 A0A8V1AG56 A0A8V0Z8V4 A0A8V0ZZU1 A0A8V0ZB91 A0A8V0ZI29 A0A1D5P655 A0A8V1AB05 A0A8V1A9A7 E1C733 A0A3Q3A4U3 A0A8V0YDT5 A0A8V0ZSX6 A0A8V1ACD6 P33005 A0A8V0ZAU8 A0A8V1AAN6 A0A8V1A3H9
Biological Process,specification of symmetry,3,GO:0009799,18,72,389,2734,1.76,0.015063802345437326,1.82,A0A8V0ZKI8 A0A8V1AG56 A0A8V0XDM2 Q98938 A0A8V0ZKS6 A0A8V0ZHK9 A0A8V0YM05 A0A8V1A2F4 A0A8V0YMM6 A0A8V0Y070 A0A8V0X370 A0A8V0XK27 A0A8V0YVT3 A0A8V0Y1N7 A0A8V0XKU5 A0A8V0ZQP1 A0A8V0XM58 A0A1D5P0D7
Biological Process,regulation of cytoskeleton organization,6,GO:0051493,17,199,389,2734,0.6,0.015186034357981687,1.82,A0A8V1A9L3 A0A3Q2TU24 A0A1D5PBU5 A0A1D5P655 Q5ZJ58 A0A8V0X5K9 E1C733 A0A8V0YY70 A0A8V0X5U3 Q00649 A0A8V0XUK6 A0A8V0XJ84 A0A8V0XZQ1 A0A8V0X852 A0A8V0ZPH9 A0A8V0YRK4 A0A8V0XYR2
Biological Process,negative regulation of axonogenesis,6,GO:0050771,9,29,389,2734,2.18,0.015676819227666214,1.8,A0A8V1AG56 A0A8V0Z8V4 A0A8V0ZKS6 A0A8V0ZI29 A0A8V1AB05 A0A8V0YDT5 A0A8V1ACD6 A0A8V0YRG2 A0A8V0YMR1
Biological Process,embryonic heart tube morphogenesis,4,GO:0003143,9,29,389,2734,2.18,0.015676819227666214,1.8,A0A8V0ZKI8 A0A8V1AG56 A0A8V0XDM2 Q98938 A0A8V0YM05 A0A8V0YMM6 A0A8V0YVT3 A0A8V0XKU5 A0A8V0XM58
Biological Process,cellular response to transforming growth factor beta stimulus,5,GO:0071560,14,53,389,2734,1.86,0.016097054512225026,1.79,A0A8V1ACS0 A0A8V1AG56 A0A3Q2TU24 A0A8V0X4D8 A0A8V0ZKS6 A0A8V0YM05 A0A8V0XPE8 A0A8V0YDD6 A0A8V0YHH6 A0A8V0XJ84 A0A1D5PE57 A0A8V0XYR2 A0A8V0Z4J0 A0A8V0YC57
Biological Process,cellular catabolic process,3,GO:0044248,50,468,389,2734,0.75,0.016307014499329205,1.79,A0A8V1A9L3 P11602 A0A8V0ZWX9 Q5ZIB0 A0A8V0XXM5 A0A8V0XRC4 A0A1D5NVM6 A0A1D5PNB8 A0A8V0ZFG7 A0A8V0YC98 A0A8V0Z4J0 A0A8V0YC57 A0A8V1ACS0 A0A8V1AHJ8 A0A8V0ZZG2 A0A8V0ZG46 A0A8V0X637 E1BYF1 A0A1L1RX77 A0A8V0ZP32 A0A8V0X2C5 A0A8V0YLN5 A0A8V0ZRU9 A0A1L1RSD2 A0A1D5P1F1 A0A8V1AJ90 A0A1D5PC37 A0A8V0XA92 A0A8V0Y7Y9 A0A8V0ZW46 A0A8V0Z1E9 A0A1D5PNL3 A0A8V0YZJ3 A0A8V0ZY42 A0A8V0XPN5 A0A8V0XWZ8 A0A8V0Y9F8 A0A8V0Z086 A0A8V0ZH54 A0A8V0ZE30 A0A8V0Y513 Q05744 A0A8V1AFH0 A0A8V0YJV4 A0A8V0XQS7 A0A8V0Z9Y8 Q5ZKV5 A0A8V0XMD4 A0A8V0YFD4 A0A8V0YWM3
Biological Process,negative regulation of axon extension,6,GO:0030517,7,20,389,2734,2.46,0.016330054428410082,1.79,A0A8V1AG56 A0A8V0Z8V4 A0A8V0ZKS6 A0A8V0ZI29 A0A8V1AB05 A0A8V0YDT5 A0A8V1ACD6
Biological Process,leukocyte degranulation,3,GO:0043299,20,224,389,2734,0.63,0.016386150027999147,1.79,A0A8V1AFE7 A0A8V0XXM5 A0A8V0XCI3 A0A8V0YW12 E1BS94 A0A8V0YB43 A0A3Q2U2N5 A0A8V0YLN5 A0A1L1RSD2 A0A8V0ZZU1 A0A8V0XDM2 A0A8V0Z1E9 A0A8V0YZJ3 A0A8V0ZY42 A0A8V0Z086 A0A8V0YR09 Q05744 A0A8V1AFH0 A0A1D5P655 A0A8V1AB67
Biological Process,neutrophil mediated immunity,5,GO:0002446,20,226,389,2734,0.62,0.016569560513370978,1.78,A0A8V1AFE7 A0A8V0XXM5 A0A8V0XCI3 A0A8V0YW12 E1BS94 A0A8V0YB43 A0A3Q2U2N5 A0A8V0YLN5 A0A1L1RSD2 A0A8V0ZZU1 A0A8V0XDM2 A0A8V0Z1E9 A0A8V0YZJ3 A0A8V0ZY42 A0A8V0Z086 A0A8V0YR09 Q05744 A0A8V1AFH0 A0A1D5P655 A0A8V1AB67
Biological Process,positive regulation of catalytic activity,4,GO:0043085,35,347,389,2734,0.71,0.01701648279653314,1.77,A0A8V0Y0V1 A0A8V1AG56 A0A8V0YBZ6 Q98938 A0A3Q3A4U3 A0A8V0XRN3 A0A8V0XYR2 A0A8V0Z4J0 A0A8V0ZEJ3 A0A8V1ACS0 Q5ZHX2 E1C733 A0A8V0YW57 A0A8V0X1T3 A0A8V1A7R0 A0A8V1AAH7 A0A8V0WZJ4 A0A8V0Y7Y9 A0A8V1A3N1 A0A8V0ZE58 A0A1D5PNL3 A0A8V0Z086 A0A8V0XJ84 Q9I946 A0A8V0XAF8 A0A3Q2TU24 A0A8V1A3S8 A0A8V0YDT4 A0A8V1A9R2 A0A8V1AB67 A0A8V0ZDZ5 A0A8V0YDD6 A0A8V0Z4M1 A0A8V0ZPH9 A0A8V0YWM3
Biological Process,phosphate-containing compound metabolic process,4,GO:0006796,56,515,389,2734,0.76,0.017107899560667085,1.77,A0A8V1AG56 P11602 A0A1D5PCU0 A0A8V0ZWX9 A0A8V0XCX4 A0A8V1A9L3 A0A8V0ZI29 A0A8V0YM05 A0A8V0ZYM1 A0A8V0YDT5 P07032 A0A8V0YW12 A0A8V0Z4J0 A0A8V0YC57 A0A8V1ACS0 A0A8V0ZG46 A0A8V0X637 A0A8V1ABC8 A0A8V0ZTA5 E1C733 A0A8V0XPE8 A0A8V0YW57 A0A8V0ZSX6 A0A8V0Z1C5 A0A8V0ZRU9 A0A8V1A7R0 A0A1D5P1F1 A0A1D5P0D7 A0A8V1AK88 A0A8V0XB58 A0A8V1A3N1 A0A8V0X6J5 A0A8V0Z2J4 Q5ZJ58 A0A1D5PNL3 A0A3Q2UEL1 A0A8V0XWZ8 A0A8V0Y9F8 A0A8V0XAN3 A0A8V1ABC9 A0A8V0Z832 A0A8V0YRK4 A0A8V1ADF6 A0A8V0Y513 A0A3Q2TU24 A0A8V1AB05 A0A8V1A9R2 A0A1D5P201 A0A1D5PT01 A0A8V0ZX23 A0A8V0Z4M1 A0A8V0ZPH9 A0A8V0YRG2 A0A8V0XMD4 A0A8V0ZQS2 A0A8V0YWM3
Biological Process,organic substance metabolic process,2,GO:0071704,203,1580,389,2734,0.9,0.017117143576515892,1.77,A0A8V1A9L3 P11602 A0A8V0ZWX9 A0A8V1A3D7 A0A8V1A4K1 A0A8V1A6A3 A0A8V0Z4R1 A0A8V0YDT5 A0A8V0XEJ0 A0A8V0YW12 A0A8V1AKQ0 A0A8V0YIV5 A0A8V0YB43 A0A8V0ZY61 A0A8V1ACS0 A0A8V0ZZG2 A0A8V0ZG46 A0A8V0YPH9 A0A8V1ABC8 A0A8V0XXW6 A0A1L1RX77 A0A8V0XPE8 A0A8V0YW57 A0A8V0X2C5 A0A8V1A4P2 A0A8V1A3H7 A0A8V1A7R0 A0A8V0Z0B9 A0A8V0ZA56 A0A8V0X783 A0A8V0Y4Q2 A0A1L1RZ23 A0A8V0ZZD4 A0A8V1A3N1 A0A8V0ZKV3 A0A1D5PNL3 A0A8V0Z086 A0A8V0Y9F8 A0A8V0XAN3 A0A8V0Z832 A0A8V0YYQ9 F1NGB8 A0A3Q2TU24 A0A8V0ZJ97 A0A8V1AB05 A0A8V1A9R2 A0A8V1AB67 A0A8V0Y070 A0A8V0ZX23 P28687 A0A8V0ZQS2 A0A8V1AG56 A0A1D5PCU0 E1C744 A0A8V0XCX4 A0A8V0XBI2 A0A8V0XXM5 A0A8V0YM05 A0A8V0XDL7 A0A8V1A9A7 E1BS94 P02460 A0A8V0X637 E1C3Z8 A0A3Q2TTB3 E1BYF1 A0A8V0ZP32 A0A8V0XK73 A0A8V0ZRU9 A0A3Q2TYT2 A0A8V0ZXC9 A0A1L1RSD2 A0A8V0YRF2 E1C2T4 A0A1D5NZN4 A0A8V0XA12 A0A8V1AAH7 A0A1D5P0D7 A0A8V0ZG43 A0A8V0Z6S1 A0A8V0XA92 A0A8V1AK88 A0A1D5PJE0 A0A8V0ZW46 A0A8V0ZE58 A0A8V0YZJ3 A0A8V0XPN5 A0A8V1ABC9 A0A8V0YF22 A0A8V0ZE30 A0A8V0YSI0 A0A8V0YRK4 A0A8V0ZVP0 A0A8V1ADF6 A0A8V0Y513 A0A8V0ZZJ1 Q05744 A0A8V1AFH0 A0A1D5P201 A0A8V0YJV4 A0A8V1ACQ8 A0A1D5PT01 Q5ZKV5 Q76KB2 A0A8V0YRG2 A0A8V0XMD4 Q5ZIB0 A0A8V0X4D8 A0A8V0ZI29 A0A1D5NVM6 A0A1D5PNB8 A0A8V0ZYM1 A0A8V0XMA2 A0A8V0YXG4 A0A8V0ZHL4 A0A8V0ZIF0 A0A1L1RP76 A0A8V0X7F0 A0A8V0XE95 A0A8V0YC98 A0A8V0Y8L6 A0A8V0X643 A0A8V0Z4J0 A0A8V0YC57 A0A8V0ZDK0 A0A8V1AHJ8 A0A8V1A8E4 A0A8V0ZSG8 A0A8V0ZQJ4 A0A8V0ZTA5 E1C733 A0A8V0YLN5 A0A8V0ZSX6 A0A8V0ZI47 A0A1D5PE57 Q8AWB4 A0A8V0ZLV3 A0A8V0Z1E9 A0A8V0XWZ8 A0A8V0ZY91 A0A8V0Y1A4 A0A8V0ZY42 A0A8V0Z865 A0A8V0ZF83 O12971 A0A8V0YDT4 A0A8V0ZTG6 A0A8V0Y6W2 A0A8V0XK27 A0A8V0ZFH4 A0A8V0YQC4 A0A8V0XQS7 A0A8V0Z9Y8 A0A8V0Z4M1 P01875 A0A8V0YFD4 Q98938 A0A8V0XRC4 A0A8V0XL09 A0A8V1A2P5 A0A8V0ZR84 A0A8V0ZFG7 A0A1D5PA74 A0A8V0XYR2 A0A8V1AAN6 A0A8V0ZIZ5 A0A8V0ZWH1 A0A8V0ZNH3 A0A8V1A8N2 A0A8V0WZN3 A0A1D5PQV0 A0A8V0Y7C8 A0A8V0Z1C5 A0A8V0XT35 A0A8V0ZYN6 A0A1D5PNG3 A0A1D5P1F1 Q6JHU8 A0A8V1AJ90 A0A8V0XF68 A0A8V0YS46 A0A8V0WZJ4 A0A8V0XB58 A0A8V0ZZU1 A0A8V0XDM2 A0A8V0X6J5 A0A8V0YDG8 Q5ZJ58 A0A3Q2UEL1 A0A8V1A2F4 A0A8V0Z2J4 A0A8V0ZBJ8 A0A8V0Y2E5 A0A8V0ZH54 A0A8V0Y218 A0A8V0ZZH6 A0A8V0YU83 A0A8V0YDD6 R4GH52 F1NSM7 A0A8V1AN12 A0A8V0ZPH9 A0A8V0YWM3
Biological Process,regulation of vasculature development,5,GO:1901342,22,96,389,2734,1.61,0.01718691223812707,1.76,A0A8V0YNQ0 A0A8V1AG56 A0A8V1AJT2 A0A8V0YXG4 A0A8V0Y290 A0A8V0Y0F3 A0A8V0ZSG8 E1C733 E1BYF1 A0A1L1RX77 A0A8V0Y5K2 A0A1D5P1F1 A0A8V1A7R0 A0A8V0ZE58 A0A8V0Y1A4 Q00649 A0A1D5NWP2 A0A8V1ABC9 A0A8V0YRK4 A0A8V0Y413 A0A8V0Z4M1 A0A8V0ZPH9
Biological Process,positive regulation of cell migration involved in sprouting angiogenesis,8,GO:0090050,4,8,389,2734,3.51,0.01760645605516835,1.75,A0A8V0Z4M1 A0A8V0YRK4 A0A8V0ZSG8 A0A8V0Y5K2
Biological Process,camera-type eye photoreceptor cell differentiation,7,GO:0060219,4,8,389,2734,3.51,0.01760645605516835,1.75,A0A8V0YNQ0 A0A8V0YY70 Q98938 A0A1D5P0D7
Biological Process,negative regulation of osteoblast differentiation,6,GO:0045668,4,8,389,2734,3.51,0.01760645605516835,1.75,A0A8V0Y0V1 A0A8V0YMM6 A0A8V1A9A7 A0A8V0ZSG8
Biological Process,positive regulation of ossification,5,GO:0045778,10,32,389,2734,2.2,0.017640875370502688,1.75,A0A8V0ZKI8 A0A8V1AG56 Q98938 A0A8V0YM05 A0A8V0ZE58 A0A8V0X5K9 A0A8V1A9A7 A0A8V0XRN3 A0A8V0XJ84 A0A8V0Z4M1
Biological Process,determination of left/right symmetry,5,GO:0007368,16,64,389,2734,1.76,0.017952750678987186,1.75,A0A8V0ZKI8 A0A8V1AG56 A0A8V0XDM2 Q98938 A0A8V0ZKS6 A0A8V0ZHK9 A0A8V0YM05 A0A8V1A2F4 A0A8V0YMM6 A0A8V0X370 A0A8V0XK27 A0A8V0YVT3 A0A8V0Y1N7 A0A8V0XKU5 A0A8V0ZQP1 A0A8V0XM58
Biological Process,myeloid cell activation involved in immune response,4,GO:0002275,21,231,389,2734,0.64,0.01799720364625855,1.74,A0A8V1AFE7 A0A8V0XXM5 A0A8V0XCI3 A0A8V0YW12 E1BS94 A0A8V0YB43 A0A3Q2U2N5 A0A8V1ABC8 A0A8V0YLN5 A0A1L1RSD2 A0A8V0ZZU1 A0A8V0XDM2 A0A8V0Z1E9 A0A8V0YZJ3 A0A8V0ZY42 A0A8V0Z086 A0A8V0YR09 Q05744 A0A8V1AFH0 A0A1D5P655 A0A8V1AB67
Biological Process,synapse organization,5,GO:0050808,25,112,389,2734,1.57,0.018017064290133365,1.74,A0A8V1AG56 A0A8V0X4D8 A0A8V0ZBR8 A0A8V0ZI29 A0A1D5NW03 A0A3Q2TVX1 A0A1D5NTR5 A0A8V0YDT5 A0A1D5NYG2 A0A8V0Y8L6 A0A8V1AAN6 A0A8V0YUF6 A0A3Q2UGW3 A0A3Q2TYT2 A0A1D5PC37 Q0PVE4 A0A8V0XB58 A0A8V0YRN1 A0A1D5PNL3 A0A8V0Y9F8 A0A1D5P655 A0A8V1AB05 A0A8V1AB67 A0A8V0XX41 A0A8V0YRG2
Biological Process,heparan sulfate proteoglycan biosynthetic process,5,GO:0015012,6,16,389,2734,2.64,0.018133019723035555,1.74,F1NGB8 A0A8V0YS46 A0A8V0WZJ4 A0A8V0ZBJ8 A0A8V0Y8L6 Q76KB2
Biological Process,ossification,2,GO:0001503,14,54,389,2734,1.82,0.018165458863336422,1.74,A0A8V0Y0V1 A0A8V0YNQ0 Q98938 A0A8V0YM05 A0A8V0ZE58 A0A8V1A9A7 A0A8V0YMM6 A0A8V0ZBJ8 A0A1D5NZT1 A0A8V0YDD6 A0A8V0XJ84 A0A8V0ZFG7 A0A8V0Y8L6 P02460
Biological Process,regulation of mRNA stability,4,GO:0043488,8,25,389,2734,2.25,0.018488247842562828,1.73,A0A8V1ACS0 A0A8V0XGL8 A0A8V0Z438 A0A8V1ABC8 Q00649 A0A8V1ABC9 A0A8V0Z4M1 A0A8V0Z4J0
Biological Process,regulation of RNA stability,3,GO:0043487,8,25,389,2734,2.25,0.018488247842562828,1.73,A0A8V1ACS0 A0A8V0XGL8 A0A8V0Z438 A0A8V1ABC8 Q00649 A0A8V1ABC9 A0A8V0Z4M1 A0A8V0Z4J0
Biological Process,cellular component assembly,4,GO:0022607,93,790,389,2734,0.83,0.01857785627493573,1.73,A0A8V0Z4R1 A0A1D5NTR5 A0A8V0YVT3 A0A8V0YDT5 A0A1D5NYG2 A0A8V0Z6M9 A0A8V1ACS0 A0A8V0Y722 A0A8V0X5U3 A0A8V0XXW6 A0A1L1RZ23 A0A8V0Z6B9 A0A8V0ZTP1 A0A1D5PNL3 A0A8V0ZT48 A0A8V0Y9F8 A0A3Q2TU24 A0A8V0YEQ1 A0A8V0ZJ97 A0A8V1AB05 A0A8V0ZHK9 A0A8V1AG56 A0A8V0XUK6 A0A8V0Y0F3 A0A8V0Y8G8 A0A3Q3AST7 E1BYF1 A0A8V0XLH4 Q0PVE4 A0A8V0Y7Y9 A0A1D5P0X0 A0A8V0XPN5 A0A8V0Z4U2 A0A8V1ABC9 A0A8V0XM58 A0A8V0YSI0 E1BQI2 A0A1D5PBU5 Q05744 A0A8V1AFR2 A0A8V0Y413 A0A8V0X5K9 A0A8V0YY70 A0A8V1AJV5 A0A8V0XTW4 A0A8V0ZLV6 A0A8V0ZI29 A0A1D5NVM6 A0A8V0YXG4 A0A8V0YG88 A0A8V0Z4J0 A0A8V0ZSG8 A0A8V0ZHX5 A0A8V0ZSX6 A0A8V0XKU5 A0A1D5PC37 A0A8V0ZY42 A0A1D5PLP1 A0A1D5P655 A0A8V0XX41 A0A8V0X370 A0A8V0XK27 A0A8V0YIE9 A0A8V0Z9Y8 Q98938 A0A8V1A6Y8 A0A8V1A2P5 A0A1D5NZT1 A0A8V0Y290 A0A8V0Z4P8 A0A8V0XGL8 A0A3Q2UGW3 A0A8V0YGQ5 A0A8V0Y1N7 A0A8V0X852 A0A1D5PNG3 A0A8V0ZRN1 A0A8V0XF68 A0A8V0XB58 A0A8V0XDM2 A0A8V0Z2J4 A0A3Q2UEL1 A0A8V1A2F4 A0A8V0Y2E5 A0A8V0ZH54 A0A8V0XX49 Q9I946 A0A8V0XAF8 A0A8V1A4I0 A0A8V0Z9Z7 A0A8V0YDD6 R4GH52 A0A8V0YWM3
Biological Process,nervous system development,4,GO:0007399,124,735,389,2734,1.19,0.018875953887532982,1.72,A0A8V1A9L3 A0A1D5NTR5 A0A8V0YVT3 A0A8V0YDT5 A0A1D5NYG2 A0A8V0YB43 A0A8V0Z8V4 A0A8V0Y722 A0A8V0YHL6 A0A8V1ACD6 A0A8V1A7R0 F1NEZ4 A0A8V0ZKV3 A0A1D5PNL3 A0A8V0ZT48 A0A8V0Y9F8 A0A8V0XJ84 A0A8V0YEQ1 A0A8V0Y478 A0A8V0ZB91 A0A8V1AB05 A0A8V1A9R2 A0A8V1AB67 A0A8V0ZHK9 A0A8V0Y070 A0A8V1AG56 A0A8V0XCX4 A0A8V0XXM5 A0A8V1A9A7 A0A3Q3A4U3 P02460 A0A8V0YUF6 A0A8V0X637 A0A8V0XK73 A0A8V0ZSX0 A0A8V0ZRU9 A0A8V1AAH7 A0A1D5P0D7 A0A1D5PRH9 Q0PVE4 Q00649 A0A8V0Y103 A0A1D5PDV9 A0A8V1ABC9 A0A8V0XM58 A0A8V0YRK4 A0A8V1ADF6 E1BQI2 A0A8V0Y413 A0A8V0X5K9 A0A8V0YY70 A0A8V0YMM6 A0A8V1AJI2 A0A1D5PT01 A0A8V1AJV5 P33005 A0A8V0YRG2 Q76KB2 A0A8V1A653 A0A8V0Y0V1 A0A8V0X4D8 A0A8V0ZBR8 A0A8V0ZI29 A0A8V0YGN8 A0A8V0YXG4 A0A1D5PIZ5 A0A8V0ZIF0 A0A8V0YG88 A0A8V0Y8L6 A0A8V0ZDK0 A0A8V1AHJ8 A0A8V0ZSG8 A0A8V0ZKS6 A0A8V0ZTA5 A0A8V0YLN5 A0A8V0ZSX6 A0A8V0XKU5 A0A8V0Z888 A0A1D5PE57 Q8AWB4 A0A8V0Y969 A0A8V0ZMU3 A0A8V0YRN1 A0A8V0XWZ8 A0A8V0Y1A4 A0A8V0YPB9 A0A8V0YBD7 A0A8V0ZF83 A0A8V0ZKI8 O12971 A0A1D5P655 A0A8V0XX41 A0A8V0X370 A0A8V0XK27 A0A8V0YIE9 A0A8V0Z4M1 A0A8V0YNQ0 Q98938 A0A8V0XRC4 A0A1D5NW03 A0A8V1A2P5 A0A8V0Y4G8 A0A8V0YMR1 A0A8V1AAN6 A0A8V0XGL8 A0A3Q2UGW3 A0A8V0WZN3 A0A8V0Y7C8 A0A1D5P1F1 Q6JHU8 A0A8V0XF68 A0A8V0YS46 A0A8V0XB58 A0A8V0ZZU1 A0A8V0XDM2 A0A8V0YE20 Q5ZJ58 A0A3Q2TT95 Q9I946 A0A8V1A3S8 A0A8V0Z9Z7 A0A8V0YDD6 A0A8V0XFB5 A0A8V0YWM3
Biological Process,peptide hormone processing,3,GO:0016486,5,12,389,2734,2.93,0.01906035601368152,1.72,A0A8V0X4D8 A0A8V0XA92 A0A8V0ZP32 A0A8V0YF22 A0A8V0ZA56
Biological Process,neural tube patterning,4,GO:0021532,5,12,389,2734,2.93,0.01906035601368152,1.72,A0A8V0ZKI8 A0A8V0YEQ1 A0A8V0ZHK9 A0A8V0YVT3 A0A8V0XKU5
Biological Process,postsynaptic membrane organization,5,GO:0001941,5,12,389,2734,2.93,0.01906035601368152,1.72,A0A8V0X4D8 A0A3Q2UGW3 A0A8V0Y9F8 A0A1D5NTR5 A0A1D5NYG2
Biological Process,cellular response to vitamin,5,GO:0071295,5,12,389,2734,2.93,0.01906035601368152,1.72,A0A8V0YNQ0 A0A8V0XDM2 A0A8V0Y1A4 A0A8V0XPE8 P02460
Biological Process,N-acetylglucosamine metabolic process,6,GO:0006044,5,12,389,2734,2.93,0.01906035601368152,1.72,F1NGB8 A0A8V0ZBJ8 A0A8V0ZXC9 A0A8V0Y8L6 A0A8V0YYQ9
Biological Process,electron transport chain,4,GO:0022900,4,76,389,2734,0.37,0.01916997747148886,1.72,A0A8V0XF68 A0A8V0ZDK0 A0A8V0YJV4 A0A8V0YWM3
Biological Process,mRNA processing,7,GO:0006397,3,66,389,2734,0.32,0.01927514217783985,1.72,A0A1L1RZ23 A0A8V0ZJ97 A0A8V0XXW6
Biological Process,non-motile cilium assembly,7,GO:1905515,10,33,389,2734,2.13,0.019322131034127336,1.71,A0A8V0XAF8 A0A8V0YEQ1 A0A1D5PBU5 A0A8V0ZHK9 A0A8V0YY70 A0A8V0YVT3 A0A8V0XK27 A0A1D5NZT1 A0A8V0XKU5 A0A8V0XM58
Biological Process,protein deubiquitination,8,GO:0016579,3,67,389,2734,0.31,0.019631653245859252,1.71,A0A8V1ACS0 A0A8V0Z4J0 A0A8V0ZY42
Biological Process,endomembrane system organization,4,GO:0010256,13,161,389,2734,0.57,0.019661266874474087,1.71,A0A8V0YB43 A0A8V0XFL3 A0A8V0ZZU1 A0A8V0YU83 A0A1D5NVM6 A0A8V0ZYM1 A0A1D5NTR5 A0A8V0XK27 A0A8V0Z7D4 A0A8V0ZH54 A0A1D5NYG2 A0A8V1ABC9 A0A1D5PC37
Biological Process,purine nucleotide biosynthetic process,6,GO:0006164,4,78,389,2734,0.36,0.01973780757523777,1.7,A0A1D5PCU0 A0A3Q2UEL1 A0A8V0Z1C5 A0A8V0ZWX9
Biological Process,mRNA metabolic process,6,GO:0016071,8,115,389,2734,0.49,0.019986760273084943,1.7,A0A8V1ACS0 A0A1L1RZ23 A0A8V0ZJ97 A0A8V0XPN5 A0A8V0XXW6 A0A8V0ZE30 A0A8V1A7R0 A0A8V0Z4J0
Biological Process,heart development,4,GO:0007507,37,181,389,2734,1.44,0.020099207171934436,1.7,A0A8V0YNQ0 A0A8V1AG56 Q98938 A0A8V0XRC4 A0A8V0YM05 A0A3Q3A4U3 A0A8V0YVT3 A0A8V0Y290 A0A8V0XYR2 P02460 A0A8V0Y0F3 A0A8V0Z8V4 A0A8V0ZSG8 A0A8V0XPE8 A0A8V0Y1N7 A0A8V0XKU5 A0A1D5PE57 Q8AWB4 A0A8V0YS46 A0A8V0XB58 A0A8V0XDM2 A0A8V0Z2J4 A0A8V0ZE58 A0A8V1A2F4 A0A8V0Y1A4 A0A8V0XJ84 A0A8V0Y2E5 A0A8V0XM58 A0A8V0XXK8 A0A8V0ZKI8 A0A8V1A4I0 A0A8V0ZHK9 A0A8V0YMM6 A0A8V0XX41 A0A8V0X370 A0A8V0XK27 A0A8V0Z4M1
Biological Process,neurotrophin production,2,GO:0032898,2,2,389,2734,7.03,0.020199619326628494,1.69,A0A8V0X4D8 A0A8V0ZA56
Biological Process,positive regulation of protein polyubiquitination,11,GO:1902916,2,2,389,2734,7.03,0.020199619326628494,1.69,A0A1D5PNL3 A0A8V0YRF2
Biological Process,regulation of vesicle size,5,GO:0097494,2,2,389,2734,7.03,0.020199619326628494,1.69,A0A3Q2TYT2 A0A8V0Z9Y8
Biological Process,"nucleotide-excision repair, DNA gap filling",6,GO:0006297,2,2,389,2734,7.03,0.020199619326628494,1.69,A0A8V1ACS0 A0A8V0Z4J0
Biological Process,error-prone translesion synthesis,8,GO:0042276,2,2,389,2734,7.03,0.020199619326628494,1.69,A0A8V1ACS0 A0A8V0Z4J0
Biological Process,protein localization to microvillus membrane,5,GO:1904107,2,2,389,2734,7.03,0.020199619326628494,1.69,A0A8V0XM58 A0A8V0YY70
Biological Process,hermaphrodite somatic sex determination,5,GO:0042001,2,2,389,2734,7.03,0.020199619326628494,1.69,A0A8V0XBI2 A0A8V0XE95
Biological Process,fusion of sperm to egg plasma membrane involved in single fertilization,3,GO:0007342,2,2,389,2734,7.03,0.020199619326628494,1.69,A0A8V1A2P5 A0A8V0ZX23
Biological Process,regulation of somitogenesis,4,GO:0014807,2,2,389,2734,7.03,0.020199619326628494,1.69,A0A1L1RZ23 O12971
Biological Process,nerve growth factor production,3,GO:0032902,2,2,389,2734,7.03,0.020199619326628494,1.69,A0A8V0X4D8 A0A8V0ZA56
Biological Process,protein localization to microvillus,5,GO:1904106,2,2,389,2734,7.03,0.020199619326628494,1.69,A0A8V0XM58 A0A8V0YY70
Biological Process,feminization of hermaphrodite soma,6,GO:0042004,2,2,389,2734,7.03,0.020199619326628494,1.69,A0A8V0XBI2 A0A8V0XE95
Biological Process,myoblast migration,5,GO:0051451,2,2,389,2734,7.03,0.020199619326628494,1.69,A0A8V0Y413 A0A8V0ZAU8
Biological Process,regulation of sequestering of triglyceride,5,GO:0010889,2,2,389,2734,7.03,0.020199619326628494,1.69,P11602 A0A8V1AM47
Biological Process,primitive streak formation,3,GO:0090009,2,2,389,2734,7.03,0.020199619326628494,1.69,A0A8V0ZKI8 A0A8V1AG56
Biological Process,modified amino acid transport,5,GO:0072337,2,2,389,2734,7.03,0.020199619326628494,1.69,A0A8V1AJV5 A0A8V0XDM2
Biological Process,positive regulation of vascular permeability,4,GO:0043117,2,2,389,2734,7.03,0.020199619326628494,1.69,A0A8V0Z4M1 A0A8V0YC57
Biological Process,positive regulation of receptor catabolic process,6,GO:2000646,2,2,389,2734,7.03,0.020199619326628494,1.69,A0A8V0ZZG2 A0A8V0ZRU9
Biological Process,chondroblast differentiation,4,GO:0060591,2,2,389,2734,7.03,0.020199619326628494,1.69,A0A8V0ZE58 Q98938
Biological Process,Wnt signaling pathway involved in dorsal/ventral axis specification,5,GO:0044332,2,2,389,2734,7.03,0.020199619326628494,1.69,A0A8V0ZKI8 A0A8V1A9A7
Biological Process,cytoskeletal matrix organization at active zone,7,GO:0048789,2,2,389,2734,7.03,0.020199619326628494,1.69,A0A8V1AB67 A0A3Q2TYT2
Biological Process,dorsal/ventral pattern formation,4,GO:0009953,17,68,389,2734,1.76,0.020301850823574063,1.69,A0A8V0ZKI8 A0A8V0YEQ1 A0A8V0ZZG2 O12971 A0A8V0YM05 Q5ZJ58 A0A8V1ABC8 A0A8V1A9A7 A0A8V0Y070 A0A8V0YMM6 A0A8V0YVT3 A0A8V0XK27 A0A8V0ZFG7 A0A8V0XKU5 A0A8V0ZF83 A0A8V0XYR2 A0A1D5P0D7
Biological Process,neutrophil degranulation,4,GO:0043312,20,222,389,2734,0.63,0.020702498491032,1.68,A0A8V1AFE7 A0A8V0XXM5 A0A8V0XCI3 A0A8V0YW12 E1BS94 A0A8V0YB43 A0A3Q2U2N5 A0A8V0YLN5 A0A1L1RSD2 A0A8V0ZZU1 A0A8V0XDM2 A0A8V0Z1E9 A0A8V0YZJ3 A0A8V0ZY42 A0A8V0Z086 A0A8V0YR09 Q05744 A0A8V1AFH0 A0A1D5P655 A0A8V1AB67
Biological Process,aminoglycan metabolic process,4,GO:0006022,21,91,389,2734,1.62,0.020880688121907076,1.68,A0A8V0XRC4 A0A8V0YXG4 A0A8V0ZIF0 A0A1D5PA74 A0A8V0Y8L6 A0A8V0YIV5 E1BS94 E1C3Z8 A0A1L1RX77 A0A8V0YLN5 A0A1L1RSD2 E1C2T4 A0A8V0YS46 A0A8V0WZJ4 A0A8V0YZJ3 A0A8V0ZBJ8 A0A8V0Y2E5 F1NGB8 A0A1D5P201 A0A8V0Z4M1 Q76KB2
Biological Process,B cell activation,4,GO:0042113,7,21,389,2734,2.34,0.021581050148243748,1.67,A0A8V0ZWX9 A0A8V0XGY8 A0A8V0ZSG8 O12971 A0A8V1A9R2 A0A8V0YW57 A0A8V0ZEJ3
Biological Process,O-glycan processing,6,GO:0016266,10,34,389,2734,2.07,0.021644397439435886,1.66,A0A8V0ZWH1 A0A8V0ZY61 A0A1D5PJE0 A0A8V1A2F4 A0A8V1ACQ8 A0A8V0Y6W2 A0A8V0ZR84 A0A8V0XT35 A0A8V0ZYN6 Q8AWB4
Biological Process,regulation of protein-containing complex assembly,5,GO:0043254,12,150,389,2734,0.56,0.022199589563831244,1.65,A0A8V1A9L3 A0A8V1A449 A0A1D5PBU5 A0A1D5P655 E1C733 A0A8V1AJI2 A0A8V0X5U3 Q00649 A0A8V0XUK6 A0A8V0X852 A0A8V0Z4M1 A0A8V0ZE30
Biological Process,camera-type eye morphogenesis,6,GO:0048593,11,40,389,2734,1.93,0.02221470405583121,1.65,A0A8V0YNQ0 A0A8V0ZKI8 A0A8V1AG56 Q98938 A0A8V0YY70 A0A8V1A9A7 A0A8V0Y7C8 A0A1D5NYG2 A0A8V0Z4M1 A0A8V0YRG2 A0A1D5P0D7
Biological Process,protein processing,5,GO:0016485,17,70,389,2734,1.71,0.022604182116637405,1.65,A0A8V0XF68 A0A8V0X4D8 A0A8V0XA92 A0A8V1A8E4 Q98938 A0A8V1AFH0 A0A8V0XBI2 A0A8V0Y070 A0A8V0ZP32 A0A8V0XK27 A0A8V0ZRU9 A0A8V0Y218 A0A8V0YF22 A0A8V0XE95 P28687 A0A8V0ZF83 A0A8V0ZA56
Biological Process,regulation of cell migration,5,GO:0030334,52,275,389,2734,1.33,0.022706642049038394,1.64,Q5ZMG0 A0A8V0Y0V1 A0A8V0YNQ0 A0A8V0X4D8 A0A8V0ZWX9 A0A8V1AG56 Q98938 A0A8V0YM05 A0A8V0Y4R7 A0A3Q3A4U3 A0A8V0YEZ4 A0A8V0Y290 A0A8V0XYR2 A0A8V1A3H9 A0A8V0Y0F3 A0A8V0Z8V4 A0A3Q2U2N5 A0A8V0XGL8 A0A8V0ZSG8 A0A8V0ZKS6 A0A8V1ABC8 E1C733 A0A1L1RX77 A0A8V0YLN5 A0A8V0X852 A0A1D5PE57 A0A8V0Y5K2 A0A8V1A7R0 A0A1D5P1F1 Q0PVE4 A0A8V0XB58 A0A8V0ZE58 A0A8V0XWZ8 A0A8V0Y1A4 Q00649 A0A8V0XJ84 A0A8V0Y2E5 A0A8V1ABC9 A0A8V0YRK4 Q9I946 E1BQI2 A0A8V0YR09 A0A3Q2TU24 A0A1D5PBU5 A0A8V1A3S8 A0A8V0YDT4 A0A8V0Y413 A0A8V0YMM6 A0A8V0YDD6 A0A8V1AJV5 A0A8V0Z4M1 A0A8V0ZPH9
Biological Process,regulation of alkaline phosphatase activity,6,GO:0010692,3,5,389,2734,4.22,0.02288947953608827,1.64,A0A8V0Y0V1 A0A8V0XRN3 Q98938
Biological Process,signal peptide processing,5,GO:0006465,3,5,389,2734,4.22,0.02288947953608827,1.64,A0A8V0XF68 P28687 A0A8V0X4D8
Biological Process,postsynapse assembly,5,GO:0099068,3,5,389,2734,4.22,0.02288947953608827,1.64,A0A8V1AG56 A0A8V0Y9F8 A0A3Q2UGW3
Biological Process,medial fin morphogenesis,5,GO:0035141,3,5,389,2734,4.22,0.02288947953608827,1.64,A0A8V0YMM6 A0A8V0Y070 A0A8V0YDT4
Biological Process,Rap protein signal transduction,6,GO:0032486,3,5,389,2734,4.22,0.02288947953608827,1.64,A0A8V0YRK4 A0A8V0YBZ6 E1BQI2
Biological Process,transmembrane receptor protein tyrosine phosphatase signaling pathway,5,GO:0007185,3,5,389,2734,4.22,0.02288947953608827,1.64,A0A8V0YNQ0 A0A8V0YDT5 A0A8V0ZI29
Biological Process,protein O-linked fucosylation,4,GO:0036066,3,5,389,2734,4.22,0.02288947953608827,1.64,A0A8V0XMA2 Q8AWB4 O12971
Biological Process,homocysteine metabolic process,5,GO:0050667,3,5,389,2734,4.22,0.02288947953608827,1.64,A0A8V0Y513 A0A1D5PNB8 E1BYF1
Biological Process,positive regulation of heart rate,4,GO:0010460,3,5,389,2734,4.22,0.02288947953608827,1.64,A0A8V0ZWX9 A0A8V0XYR2 A0A8V0ZY91
Biological Process,regulation of phosphatidylinositol biosynthetic process,6,GO:0010511,3,5,389,2734,4.22,0.02288947953608827,1.64,A0A8V0YB43 A0A3Q2TU24 Q5ZJ58
Biological Process,renal absorption,4,GO:0070293,3,5,389,2734,4.22,0.02288947953608827,1.64,A0A8V1AJV5 A0A8V0Y2E5 A0A8V0ZY91
Biological Process,sensory perception of sound,6,GO:0007605,13,50,389,2734,1.83,0.02335393400217983,1.63,A0A8V0Y8G8 A0A8V1ALE0 A0A8V0ZRE1 A0A1D5P0X0 A0A8V0ZY91 A0A8V0XX41 A0A8V0X370 A0A8V0YVT3 A0A8V1AJV5 R4GGQ4 A0A8V0Y1N7 A0A8V0XFB5 P02460
Biological Process,somite development,5,GO:0061053,8,26,389,2734,2.16,0.0234908820399319,1.63,A0A8V0YNQ0 A0A8V0ZKI8 A0A8V1AG56 A0A8V0YEQ1 Q98938 O12971 A0A8V0YMM6 Q8AWB4
Biological Process,cell migration involved in gastrulation,5,GO:0042074,8,26,389,2734,2.16,0.0234908820399319,1.63,A0A8V0ZKI8 A0A8V1AG56 A0A8V0YS46 A0A8V0Z8V4 A0A8V1A9R2 A0A8V0YM05 A0A8V1A9A7 A0A8V0YMM6
Biological Process,regulation of vesicle-mediated transport,4,GO:0060627,19,210,389,2734,0.64,0.023606334310273248,1.63,A0A8V1AG56 A0A8V0YBZ6 A0A8V0Y999 A0A8V0YGN8 A0A8V0YVT3 A0A8V0XFL3 A0A8V0YB43 A0A8V0ZRU9 A0A3Q2TYT2 A0A1D5PC37 A0A8V0ZZU1 A0A8V1AA32 A0A1D5NWP2 A0A8V1ABC9 A0A8V0YR09 A0A1D5P655 A0A8V1AB67 A0A8V0Z9Y8 A0A8V0Z4M1
Biological Process,heart morphogenesis,4,GO:0003007,19,82,389,2734,1.63,0.024177916606606037,1.62,A0A8V1AG56 Q98938 A0A8V0YM05 A0A3Q3A4U3 A0A8V0YVT3 P02460 A0A8V0Z8V4 A0A8V0XKU5 A0A8V0XDM2 A0A8V0Z2J4 A0A8V0ZE58 A0A8V0Y1A4 A0A8V0XJ84 A0A8V0Y2E5 A0A8V0XM58 A0A8V0ZKI8 A0A8V0YMM6 A0A8V0XX41 A0A8V0Z4M1
Biological Process,actin filament organization,5,GO:0007015,6,96,389,2734,0.44,0.02429518073379841,1.61,A0A1D5P0X0 E1C733 A0A8V0ZYM1 A0A8V0YG88 A0A8V0X852 A0A8V0ZAU8
Biological Process,organelle localization,2,GO:0051640,22,235,389,2734,0.66,0.024503233385247486,1.61,A0A8V0XCX4 A0A8V0YVT3 A0A8V0Y8L6 A0A8V0YB43 A0A8V0Z8V4 A0A8V0X5U3 A0A1D5PNG3 A0A8V0YS46 Q0PVE4 A0A8V0XDM2 A0A1D5P0X0 A0A8V0XM58 A0A8V0ZE30 A0A8V0YSI0 A0A1D5PBU5 A0A8V1AFR2 A0A8V1AB67 A0A8V0ZHK9 A0A8V0Z9Z7 A0A8V1AJV5 A0A8V0XTW4 A0A8V0Z9Y8
Biological Process,circulatory system development,4,GO:0072359,49,258,389,2734,1.33,0.024554795008196437,1.61,A0A8V0YNQ0 A0A8V1AG56 Q98938 A0A8V0XRC4 A0A8V0YM05 A0A8V1A9A7 A0A3Q3A4U3 A0A8V0YVT3 A0A8V0YXG4 A0A8V0Y290 A0A8V0XYR2 P02460 A0A8V0Y0F3 A0A8V0Z8V4 A0A8V0ZSG8 A0A8V0XPE8 A0A8V0Y1N7 A0A8V0XKU5 A0A1D5PE57 Q8AWB4 A0A1D5P1F1 A0A1D5P0D7 A0A8V0XF68 A0A8V0YS46 A0A8V0XA92 A0A8V0XB58 A0A8V0XDM2 A0A8V0ZTP1 A0A8V0Z2J4 A0A8V0ZE58 A0A8V1A2F4 A0A8V0ZY91 A0A8V0Y1A4 A0A8V0XJ84 A0A8V0Y2E5 A0A8V0XM58 A0A8V0YRG2 A0A8V0XXK8 A0A8V0ZKI8 A0A3Q2TU24 A0A8V1A4I0 A0A8V0ZHK9 A0A8V0YMM6 A0A8V0Y070 A0A8V0XX41 A0A8V0X370 A0A8V0XK27 A0A8V0Z4M1 Q76KB2
Biological Process,neuron projection morphogenesis,6,GO:0048812,45,234,389,2734,1.35,0.024558385302740782,1.61,A0A8V1AG56 A0A8V0X4D8 Q98938 A0A8V0ZBR8 A0A8V0ZI29 A0A1D5NW03 A0A3Q3A4U3 P33005 A0A1D5NTR5 A0A8V0YVT3 A0A8V0YDT5 A0A8V0YXG4 A0A1D5NYG2 A0A8V0Y8L6 A0A8V0Y4G8 A0A8V0YB43 A0A8V0Z8V4 A0A8V0YUF6 A0A8V0ZKS6 A0A8V0ZSX0 A0A8V0ZSX6 A0A8V1ACD6 A0A8V1AAH7 A0A1D5P0D7 Q0PVE4 A0A8V0ZZU1 F1NEZ4 A0A8V0YRN1 A0A8V0YE20 A0A1D5PNL3 A0A8V0Y9F8 A0A8V0YBD7 A0A8V1ABC9 A0A8V0ZF83 A0A8V1ADF6 A0A8V0ZB91 A0A1D5P655 A0A8V1AB05 A0A8V1AB67 A0A8V0Y413 A0A8V0YY70 A0A8V0Y070 A0A1D5PT01 A0A8V0Z4M1 A0A8V0YRG2
Biological Process,regulation of axon guidance,5,GO:1902667,10,35,389,2734,2.01,0.024634786758325946,1.61,A0A8V1AG56 A0A8V0Z8V4 A0A8V0ZI29 A0A8V0ZKS6 A0A8V1AB05 A0A3Q3A4U3 A0A8V0YDT5 A0A8V1ACD6 A0A8V0Z4M1 A0A8V0YRG2
Biological Process,positive regulation of muscle contraction,5,GO:0045933,6,17,389,2734,2.48,0.024749038000218056,1.61,A0A8V0ZWX9 A0A8V0ZY91 A0A8V0XRN3 A0A1D5NWP2 A0A1D5P1F1 A0A8V0XYR2
Biological Process,mitotic cell cycle,3,GO:0000278,15,177,389,2734,0.6,0.025365610593923383,1.6,A0A8V0ZDK0 Q0PVE4 A0A8V0XB58 A0A1D5PBU5 A0A8V0ZW33 A0A8V0Z9Z7 A0A8V0X5U3 A0A8V0YW57 A0A8V0ZFG7 A0A8V1ABC9 A0A8V0XFL3 A0A8V0YRK4 A0A8V0X643 A0A1D5PC37 A0A8V0ZE30
Biological Process,organophosphate biosynthetic process,4,GO:0090407,13,159,389,2734,0.57,0.02551624403365394,1.59,A0A1D5PCU0 A0A8V0ZWX9 A0A8V1AK88 A0A8V0XCX4 A0A8V0X6J5 Q5ZJ58 A0A3Q2UEL1 A0A8V0ZYM1 A0A8V0Z1C5 A0A8V0XAN3 A0A8V0XMD4 A0A8V0ZQS2 A0A8V0Y513
Biological Process,positive regulation of developmental process,4,GO:0051094,73,408,389,2734,1.26,0.025673932839706745,1.59,A0A8V0Y0V1 P11602 A0A8V0YNQ0 A0A8V0X4D8 A0A8V0ZWX9 A0A8V1AG56 Q98938 A0A8V0ZI29 A0A8V0YM05 A0A8V1AFP7 A0A8V1AJT2 A0A8V1A9A7 A0A3Q3A4U3 A0A8V0YGN8 A0A1D5NZT1 A0A8V0ZHL4 A0A8V0YDT5 A0A8V0XRN3 A0A1D5NYG2 A0A8V0XYR2 A0A8V1A3H9 A0A8V0YC57 A0A8V0ZZG2 A0A8V0XGL8 A0A8V0ZSG8 A0A8V0ZKS6 A0A8V1ABC8 E1C733 E1BYF1 A0A1L1RX77 A0A8V0YW57 A0A8V0Y7C8 A0A8V0ZSX6 A0A8V0X5U3 A0A8V0YHH6 A0A8V0X852 A0A8V0YLN5 A0A8V0Y5K2 A0A8V1A7R0 A0A1D5P1F1 Q6JHU8 A0A1D5P0D7 A0A8V1AK88 F1NEZ4 A0A8V0ZE58 A0A1D5PNL3 A0A8V0XWZ8 A0A8V0Y1A4 A0A3Q2TT95 Q00649 A0A8V0XJ84 A0A8V0Y2E5 A0A8V1ABC9 A0A1D5NWP2 A0A1D5PDV9 A0A8V0YRG2 A0A8V0YRK4 A0A8V0ZKI8 A0A3Q2TU24 A0A8V0ZB91 A0A1D5P655 A0A8V0X5K9 A0A8V0ZES4 A0A8V1AJI2 A0A8V0ZTG6 A0A1D5PT01 A0A8V0XK27 A0A8V0YDD6 A0A8V0YLT1 A0A8V0Z4M1 A0A8V0ZPH9 Q76KB2 A0A8V0ZQS2
Biological Process,inner ear development,3,GO:0048839,13,51,389,2734,1.79,0.02619223299864742,1.58,A0A8V1AG56 A0A3Q2TU24 A0A8V0ZHK9 A0A8V0YM05 A0A8V0YY70 A0A8V0YMM6 A0A8V0ZY91 A0A8V0YVT3 A0A8V1AJV5 A0A8V0XJ84 A0A8V0XFB5 A0A8V0YRG2 P02460
Biological Process,protein tetramerization,7,GO:0051262,2,52,389,2734,0.27,0.026355789340601656,1.58,A0A8V0YGQ5 E1BYF1
Biological Process,phosphorus metabolic process,3,GO:0006793,59,529,389,2734,0.78,0.026386059364460694,1.58,A0A8V1AG56 P11602 A0A1D5PCU0 A0A8V0ZWX9 A0A8V0XCX4 A0A8V1A9L3 A0A8V0ZI29 A0A8V0YM05 A0A8V0ZYM1 A0A8V0YDT5 P07032 A0A8V0YW12 A0A8V0Z4J0 A0A8V0YC57 A0A8V1ACS0 A0A8V0ZG46 A0A8V0X637 A0A8V1ABC8 A0A8V0ZTA5 E1C733 A0A8V0XPE8 A0A8V0YW57 A0A8V0ZSX6 A0A8V0Z1C5 A0A8V0ZRU9 A0A8V0ZXC9 A0A8V1A7R0 A0A1D5P1F1 A0A1D5P0D7 A0A8V1AK88 A0A8V0XB58 A0A8V0ZW46 A0A8V1A3N1 A0A8V0X6J5 A0A8V0Z2J4 Q5ZJ58 A0A1D5PNL3 A0A3Q2UEL1 A0A8V0XWZ8 A0A8V0Y9F8 A0A8V0XAN3 A0A8V1ABC9 A0A8V0Z832 A0A8V0YRK4 A0A8V1ADF6 A0A8V0Y513 A0A3Q2TU24 A0A8V1AB05 A0A8V1A9R2 A0A1D5P201 A0A1D5PT01 A0A8V0XQS7 A0A8V0ZX23 A0A8V0Z4M1 A0A8V0ZPH9 A0A8V0YRG2 A0A8V0XMD4 A0A8V0ZQS2 A0A8V0YWM3
Biological Process,antibiotic metabolic process,2,GO:0016999,2,53,389,2734,0.27,0.026749767496442704,1.57,A0A8V0YJV4 A0A1D5PQV0
Biological Process,synaptic vesicle transport,2,GO:0048489,2,53,389,2734,0.27,0.026749767496442704,1.57,A0A8V1AB67 A0A8V0Z9Y8
Biological Process,establishment of synaptic vesicle localization,5,GO:0097480,2,53,389,2734,0.27,0.026749767496442704,1.57,A0A8V1AB67 A0A8V0Z9Y8
Biological Process,synaptic vesicle localization,4,GO:0097479,2,53,389,2734,0.27,0.026749767496442704,1.57,A0A8V1AB67 A0A8V0Z9Y8
Biological Process,fatty acid metabolic process,4,GO:0006631,4,74,389,2734,0.38,0.026873157754493587,1.57,A0A8V0Y9F8 P11602 A0A1D5P1F1 A0A8V0XYR2
Biological Process,regulation of peptide transport,5,GO:0090087,18,200,389,2734,0.63,0.027007634494352797,1.57,A0A8V1AG56 P11602 A0A8V0WZJ4 A0A8V1A3S8 A0A8V0ZKS6 A0A8V0YDT4 A0A8V1AEJ4 A0A8V1A9A7 A0A8V0ZY91 A0A8V0YVT3 A0A8V0YDD6 A0A8V0YY90 A0A8V0XJ84 A0A8V0YLT1 A0A8V1ABC9 A0A8V0Z9Y8 A0A8V0YPA6 Q6JHU8
Biological Process,nucleocytoplasmic transport,5,GO:0006913,3,62,389,2734,0.34,0.027182770670106854,1.57,A0A1D5PNG3 A0A8V1A7R0 A0A8V0Z307
Biological Process,nuclear transport,4,GO:0051169,3,63,389,2734,0.33,0.02725542206083959,1.56,A0A1D5PNG3 A0A8V1A7R0 A0A8V0Z307
Biological Process,regulation of collateral sprouting,5,GO:0048670,5,13,389,2734,2.7,0.027438073505355324,1.56,A0A8V0Y0V1 A0A8V0ZI29 A0A8V1AB05 A0A8V0YDT5 A0A8V0YMR1
Biological Process,positive regulation of B cell activation,7,GO:0050871,5,13,389,2734,2.7,0.027438073505355324,1.56,A0A8V0ZWX9 A0A8V0YW57 A0A8V0XEJ0 P01875 A0A8V0ZQS2
Biological Process,positive regulation of myeloid cell differentiation,6,GO:0045639,5,13,389,2734,2.7,0.027438073505355324,1.56,A0A8V0YLT1 A0A8V1ABC9 A0A8V0X852 A0A8V1A7R0 A0A8V0ZQS2
Biological Process,actomyosin structure organization,4,GO:0031032,2,54,389,2734,0.26,0.027631039112030666,1.56,A0A1D5PLP1 A0A8V0YXG4
Biological Process,RNA splicing,7,GO:0008380,3,64,389,2734,0.33,0.027741836422224327,1.56,A0A1L1RZ23 A0A8V0ZJ97 A0A8V0XXW6
Biological Process,signal release,4,GO:0023061,3,64,389,2734,0.33,0.027741836422224327,1.56,A0A8V1AB67 A0A8V0XYR2 A0A3Q2TYT2
Biological Process,chondroitin sulfate proteoglycan biosynthetic process,7,GO:0050650,7,22,389,2734,2.24,0.027897341866538288,1.55,A0A8V0WZJ4 A0A8V0XRC4 A0A1D5P201 A0A1L1RX77 A0A8V0ZBJ8 A0A1D5PA74 E1C2T4
Biological Process,cell surface receptor signaling pathway,3,GO:0007166,87,500,389,2734,1.22,0.028035585279188063,1.55,A0A8V0YVT3 A0A8V0YEZ4 A0A8V0YDT5 A0A8V0XEJ0 A0A8V0YW12 A0A8V0ZEJ3 A0A8V0ZY61 A0A8V1ACS0 A0A8V0Z8V4 A0A8V0ZZG2 A0A8V1ABC8 A0A8V0Y722 A0A1L1RX77 A0A8V0XPE8 A0A8V1ACD6 A0A8V1A7R0 A0A8V1A3N1 A0A8V0ZTP1 A0A1D5PNL3 A0A8V0XJ84 F1NGB8 A0A3Q2TU24 A0A8V0YEQ1 A0A8V0ZB91 A0A8V1A9R2 A0A8V0ZDZ5 A0A8V0Y070 A0A8V0ZQS2 A0A8V1AG56 A0A8V0YM05 A0A8V1A9A7 A0A3Q3A4U3 A0A8V0XUK6 A0A8V0Y5K2 A0A1D5P7Y2 A0A1D5P0D7 Q00649 A0A8V1ABC9 A0A8V0XM58 A0A8V1ADF6 A0A8V0YR09 A0A8V0YMM6 A0A1D5PT01 P33005 A0A8V0YRG2 A0A8V1A653 A0A8V0Y0V1 A0A8V0X4D8 A0A8V0ZI29 A0A8V0YXG4 A0A8V0Z4J0 A0A8V0ZKS6 E1C733 A0A8V0XKU5 A0A1D5PE57 Q8AWB4 A0A8V0XZV7 A0A8V0Y1A4 A0A8V0ZF83 A0A8V0ZKI8 O12971 A0A1D5P655 A0A8V0Z9Y8 A0A8V0Z4M1 P01875 A0A8V0YNQ0 Q98938 A0A8V1A2P5 A0A1D5NZT1 A0A8V0XYR2 A0A8V1A3H9 A0A8V0XGL8 A0A8V0YQ88 A0A8V0YHH6 A0A8V0Y1N7 A0A8V0X852 A0A8V1AJ90 A0A8V0YS46 A0A8V0XB58 A0A8V0Z2J4 A0A8V1A2F4 A0A8V0ZBJ8 Q9I946 A0A8V1A4I0 A0A8V0YDD6 Q5ZHL0 A0A8V0ZPH9
Biological Process,granulocyte activation,4,GO:0036230,21,224,389,2734,0.66,0.028126240545357187,1.55,A0A8V1AFE7 A0A8V0XXM5 A0A8V0XCI3 A0A8V0YW12 E1BS94 A0A8V0YB43 A0A3Q2U2N5 A0A8V1ABC8 A0A8V0YLN5 A0A1L1RSD2 A0A8V0ZZU1 A0A8V0XDM2 A0A8V0Z1E9 A0A8V0YZJ3 A0A8V0ZY42 A0A8V0Z086 A0A8V0YR09 Q05744 A0A8V1AFH0 A0A1D5P655 A0A8V1AB67
Biological Process,organic cyclic compound catabolic process,4,GO:1901361,10,129,389,2734,0.54,0.028128447257656838,1.55,A0A8V1ACS0 A0A8V0ZWX9 A0A8V1A9L3 A0A8V0ZG46 A0A8V0YC57 A0A1D5PNB8 A0A8V0XPN5 A0A8V0ZE30 A0A8V0Z4J0 A0A8V0YWM3
Biological Process,positive regulation of neutrophil migration,6,GO:1902624,4,9,389,2734,3.12,0.028190864627133237,1.55,A0A8V0Y413 A0A8V0XYR2 A0A8V0Y4R7 A0A8V0YR09
Biological Process,respiratory gaseous exchange by respiratory system,2,GO:0007585,4,9,389,2734,3.12,0.028190864627133237,1.55,A0A8V0Y7C8 A0A8V1AB67 A0A8V0YS46 A0A8V0XYR2
Biological Process,presynapse organization,4,GO:0099172,4,9,389,2734,3.12,0.028190864627133237,1.55,A0A8V1AG56 A0A8V0Y9F8 A0A8V0YDT5 A0A3Q2UGW3
Biological Process,"synaptic transmission, cholinergic",8,GO:0007271,4,9,389,2734,3.12,0.028190864627133237,1.55,A0A1D5PCU0 A0A3Q2TYT2 A0A8V1AB67 A0A8V0ZBR8
Biological Process,negative regulation of collateral sprouting,6,GO:0048671,4,9,389,2734,3.12,0.028190864627133237,1.55,A0A8V1AB05 A0A8V0YDT5 A0A8V0YMR1 A0A8V0ZI29
Biological Process,gastrulation with mouth forming second,5,GO:0001702,4,9,389,2734,3.12,0.028190864627133237,1.55,A0A8V0ZKI8 A0A8V0YMM6 A0A8V1A9A7 A0A8V1AG56
Biological Process,maintenance of synapse structure,6,GO:0099558,4,9,389,2734,3.12,0.028190864627133237,1.55,A0A8V1AB67 A0A3Q2TYT2 A0A1D5NTR5 A0A1D5NYG2
Biological Process,Golgi vesicle transport,3,GO:0048193,12,148,389,2734,0.57,0.028770367460192077,1.54,A0A8V0YB43 A0A3Q2U2N5 A0A1D5PBU5 A0A8V0XDM2 A0A8V1AFR2 A0A8V0Y7Y9 A0A8V0ZAP0 A0A8V0ZTG6 A0A8V0YVT3 A0A8V0XTW4 A0A8V0YG88 A0A8V0YSI0
Biological Process,response to transforming growth factor beta,4,GO:0071559,14,55,389,2734,1.79,0.029004357757362667,1.54,A0A8V1ACS0 A0A8V1AG56 A0A3Q2TU24 A0A8V0X4D8 A0A8V0ZKS6 A0A8V0YM05 A0A8V0XPE8 A0A8V0YDD6 A0A8V0YHH6 A0A8V0XJ84 A0A1D5PE57 A0A8V0XYR2 A0A8V0Z4J0 A0A8V0YC57
Biological Process,response to external stimulus,2,GO:0009605,102,600,389,2734,1.19,0.0292065091590262,1.53,A0A8V0ZWX9 A0A8V0ZAP5 A0A1D5NTR5 A0A8V0YVT3 A0A8V0YDT5 A0A8V0YEZ4 A0A8V0XEJ0 A0A1D5NYG2 A0A8V0Z8V4 A0A8V1ABC8 A0A1L1RX77 A0A8V0XPE8 A0A8V1ACD6 A0A8V0Y4Q2 A0A8V0Z6B9 A0A8V1A3N1 A0A1D5PNL3 A0A8V0Y9F8 A0A3Q2TU24 A0A8V0YEQ1 A0A8V0ZB91 A0A8V1AB05 A0A8V1A9R2 A0A8V1AB67 A0A8V0ZHK9 A0A8V0Y070 A0A8V1AG56 A0A1D5PCU0 A0A8V0XXM5 A0A3Q3A4U3 A0A8V0XRN3 E1BS94 P02460 A0A8V0ZDU4 A0A8V0YUF6 A0A8V0ZSX0 A0A8V0ZRU9 A0A3Q2TYT2 A0A8V1AAH7 A0A1D5P0D7 A0A8V0Y7Y9 A0A8V0ZE58 Q00649 A0A1D5PDV9 A0A8V1ABC9 A0A8V0XM58 A0A8V1ADF6 A0A8V0Y513 A0A8V0YR09 Q05744 A0A8V0X5K9 A0A8V0YY70 A0A1D5PT01 P33005 A0A8V0YRG2 A0A8V1A653 A0A8V0Y0V1 A0A8V0ZBR8 A0A8V0ZI29 A0A1D5PNB8 A0A8V0YXG4 A0A8V0YPA6 A0A8V0Y8L6 A0A8V1AHJ8 A0A8V0ZSG8 A0A8V0ZKS6 A0A8V0ZTA5 E1C733 A0A8V1AMI7 A0A8V0YLN5 A0A8V0ZSX6 A0A8V0Z888 A0A1D5PE57 A0A1D5PMF4 A0A8V0ZLV3 A0A8V0YRN1 A0A8V0XWZ8 A0A8V0Y1A4 A0A8V0YBD7 A0A8V0ZF83 A0A8V0ZKI8 A0A1D5P655 A0A8V0Z4M1 P01875 A0A8V0YNQ0 Q98938 A0A8V0XCI3 A0A8V0ZW33 A0A1D5NZT1 A0A8V0ZFG7 A0A8V0XYR2 A0A8V0XGL8 A0A8V0X852 A0A1D5P1F1 A0A8V0XDM2 A0A8V0YE20 Q5ZJ58 A0A8V0XAF8 A0A8V0Y614 A0A8V0YDD6 A0A8V0XFB5 A0A8V0YWM3
Biological Process,negative regulation of organelle organization,6,GO:0010639,7,102,389,2734,0.48,0.029387974536891702,1.53,A0A1D5PBU5 Q5ZJ58 A0A8V0Z9Z7 A0A8V1AJI2 A0A8V0YW57 Q00649 A0A8V0X852
Biological Process,regulation of osteoblast differentiation,5,GO:0045667,9,30,389,2734,2.11,0.0294130822154646,1.53,A0A8V0Y0V1 A0A8V0ZSG8 Q98938 A0A8V0YM05 A0A8V0ZE58 A0A8V1A9A7 A0A8V0YMM6 A0A8V0XRN3 A0A8V0Z4M1
Biological Process,determination of heart left/right asymmetry,6,GO:0061371,9,30,389,2734,2.11,0.0294130822154646,1.53,A0A8V0ZKI8 A0A8V1AG56 A0A8V0XDM2 Q98938 A0A8V0YM05 A0A8V0YMM6 A0A8V0YVT3 A0A8V0XKU5 A0A8V0XM58
Biological Process,cellular response to fibroblast growth factor stimulus,5,GO:0044344,9,30,389,2734,2.11,0.0294130822154646,1.53,A0A8V0ZY61 A0A8V0YS46 A0A8V0XGL8 A0A8V0Z2J4 A0A8V0Y5K2 A0A8V0YXG4 A0A8V0Z4M1 P33005 A0A8V0Y513
Biological Process,cell projection organization,4,GO:0030030,83,476,389,2734,1.23,0.030299575165415513,1.52,A0A1D5NTR5 A0A8V0YVT3 A0A8V0YDT5 A0A1D5NYG2 A0A8V0YB43 A0A8V0Z8V4 A0A8V0Z6L1 A0A8V0Y722 A0A8V1ACD6 A0A1L1RZ23 A0A8V0Z6B9 F1NEZ4 A0A8V0ZTP1 A0A1D5PNL3 A0A8V0ZT48 A0A8V0Y9F8 A0A3Q2TU24 A0A8V0YEQ1 A0A8V0ZB91 A0A8V1AB05 A0A8V1AB67 A0A8V0ZHK9 A0A8V0Y070 A0A8V1AG56 A0A3Q3A4U3 A0A8V0Y8G8 A0A8V0YUF6 A0A3Q3AST7 A0A8V0XK73 A0A8V0ZSX0 A0A8V1AAH7 A0A1D5P0D7 A0A8V0XLH4 Q0PVE4 A0A1D5P0X0 A0A8V0Z4U2 A0A8V0Z7D4 A0A8V1ABC9 A0A8V0XM58 A0A8V1ADF6 E1BQI2 A0A1D5PBU5 A0A8V0Y413 A0A8V0YY70 A0A1D5PT01 A0A8V1AJV5 P33005 A0A8V0YRG2 A0A8V0ZLV6 A0A8V0X4D8 A0A8V0ZBR8 A0A8V0ZI29 A0A8V0YXG4 A0A1D5PIZ5 A0A8V0Y8L6 A0A8V0ZKS6 A0A8V0ZSX6 A0A8V0XKU5 A0A1D5PC37 A0A8V0YRN1 A0A8V0YBD7 A0A8V0ZF83 A0A1D5P655 A0A8V0X370 A0A8V0XK27 A0A8V0YIE9 A0A8V0Z4M1 Q98938 A0A8V1A6Y8 A0A8V0XRC4 A0A1D5NW03 A0A1D5NZT1 A0A8V0Y4G8 A0A8V1AAN6 A0A8V0Y1N7 A0A8V0X852 A0A8V0ZZU1 A0A8V0XDM2 A0A8V0YE20 A0A8V1A2F4 E1BQB4 A0A8V0XAF8 A0A8V1A4I0
Biological Process,positive regulation of DNA-binding transcription factor activity,4,GO:0051091,14,56,389,2734,1.76,0.03087633503394336,1.51,A0A8V0ZKI8 A0A8V1ACS0 A0A8V1AG56 A0A8V0ZSG8 Q98938 A0A8V1ABC8 A0A1D5PNL3 A0A8V1A9A7 E1BYF1 A0A8V0Z4M1 A0A1D5P1F1 A0A8V0XYR2 A0A8V0Z4J0 A0A8V1AJ90
Biological Process,actin cytoskeleton organization,3,GO:0030036,17,190,389,2734,0.63,0.03091059326136521,1.51,A0A3Q2TU24 A0A8V0ZBA3 A0A1D5P655 A0A8V0ZAU8 Q5ZJ58 A0A1D5P0X0 A0A3Q2UEL1 E1C733 A0A8V0ZYM1 A0A8V0YGN8 A0A8V0YXG4 A0A8V1AJV5 A0A8V0YG88 A0A8V0X852 A0A1D5PLP1 A0A8V1AAH7 E1BQI2
Biological Process,plasma membrane bounded cell projection morphogenesis,5,GO:0120039,45,235,389,2734,1.35,0.031102156461624612,1.51,A0A8V1AG56 A0A8V0X4D8 Q98938 A0A8V0ZBR8 A0A8V0ZI29 A0A1D5NW03 A0A3Q3A4U3 P33005 A0A1D5NTR5 A0A8V0YVT3 A0A8V0YDT5 A0A8V0YXG4 A0A1D5NYG2 A0A8V0Y8L6 A0A8V0Y4G8 A0A8V0YB43 A0A8V0Z8V4 A0A8V0YUF6 A0A8V0ZKS6 A0A8V0ZSX0 A0A8V0ZSX6 A0A8V1ACD6 A0A8V1AAH7 A0A1D5P0D7 Q0PVE4 A0A8V0ZZU1 F1NEZ4 A0A8V0YRN1 A0A8V0YE20 A0A1D5PNL3 A0A8V0Y9F8 A0A8V0YBD7 A0A8V1ABC9 A0A8V0ZF83 A0A8V1ADF6 A0A8V0ZB91 A0A1D5P655 A0A8V1AB05 A0A8V1AB67 A0A8V0Y413 A0A8V0YY70 A0A8V0Y070 A0A1D5PT01 A0A8V0Z4M1 A0A8V0YRG2
Biological Process,regulation of intracellular transport,5,GO:0032386,9,119,389,2734,0.53,0.03150038853399675,1.5,A0A8V0WZJ4 A0A8V1AB67 A0A8V0Y999 A0A8V0YY70 A0A8V0X5U3 A0A8V0YGN8 A0A8V0YVT3 A0A8V0ZRU9 A0A3Q2TYT2
Biological Process,regulation of organelle organization,5,GO:0033043,40,378,389,2734,0.74,0.03191888852823539,1.5,A0A8V1AG56 A0A8V1A9L3 A0A8V1A449 A0A8V0YBZ6 A0A8V0ZW33 A0A8V1A9A7 A0A8V0YGN8 A0A8V0XUK6 A0A8V0XYR2 A0A8V0YC57 A0A8V0ZDK0 A0A8V0ZTA5 E1C733 A0A8V1AFC3 A0A8V0X5U3 A0A1L1RX77 A0A8V0YW57 A0A3Q2TYT2 A0A8V0X852 A0A8V0XB58 Q5ZJ58 A0A1D5PNL3 Q00649 A0A8V0XJ84 A0A8V0ZE30 A0A8V0YRK4 A0A8V0XAF8 A0A3Q2TU24 A0A1D5PBU5 A0A1D5P655 A0A8V1AB67 A0A8V1A9R2 A0A8V0ZDZ5 A0A8V0X5K9 A0A8V0YY70 A0A8V0Z9Z7 A0A8V1AJI2 A0A8V0XZQ1 A0A8V0Z4M1 A0A8V0ZPH9
Biological Process,regulation of multicellular organismal development,4,GO:2000026,99,581,389,2734,1.2,0.03216038633601452,1.49,A0A8V1A9L3 A0A8V0ZWX9 A0A8V1AJT2 A0A8V0YDT5 A0A1D5NYG2 A0A8V0Z8V4 A0A8V0ZZG2 A0A8V1ABC8 A0A8V0X5U3 A0A1L1RX77 A0A8V0YW57 A0A8V1ACD6 A0A8V1A7R0 A0A1L1RZ23 A0A8V0Y4Q2 F1NEZ4 A0A1D5PNL3 A0A8V0XJ84 A0A1D5NWP2 A0A8V0XXK8 A0A3Q2TU24 A0A8V0ZB91 A0A8V1AB05 A0A8V1A9R2 A0A8V0ZX23 A0A8V0ZQS2 A0A8V1AG56 A0A8V0YM05 A0A3Q3A4U3 A0A8V0XUK6 A0A8V0Y0F3 E1BYF1 A0A1D5NZN4 A0A8V0Y5K2 A0A8V1AAH7 A0A1D5P0D7 A0A8V1AK88 A0A8V0ZW46 A0A8V0ZE58 Q00649 A0A1D5PDV9 A0A8V1ABC9 A0A8V0YRK4 E1BQI2 A0A1D5PBU5 A0A8V0Y413 A0A8V0X5K9 A0A8V0YMM6 A0A8V1AJI2 A0A1D5PT01 A0A8V0YLT1 A0A8V0YRG2 Q76KB2 A0A8V0Y0V1 A0A8V0X4D8 A0A8V0ZI29 A0A8V0ZYM1 A0A8V0YGN8 A0A8V0YXG4 A0A8V0ZSG8 A0A8V0ZKS6 E1C733 A0A8V0YLN5 A0A8V0ZSX6 A0A1D5PE57 A0A8V0XWZ8 A0A8V0Y1A4 A0A8V0ZKI8 O12971 A0A1D5P655 A0A8V0ZES4 A0A8V0ZTG6 A0A8V0XK27 A0A8V0XQS7 A0A8V0Z9Y8 A0A8V0Z4M1 A0A8V0YNQ0 Q98938 A0A8V0XUJ8 A0A8V0Y290 A0A8V0XYR2 A0A8V0YMR1 A0A8V1A3H9 A0A8V0XGL8 A0A8V0YQ88 A0A8V0Y7C8 A0A8V0YHH6 A0A8V0X852 A0A1D5PNG3 A0A1D5P1F1 Q6JHU8 A0A8V0YS46 A0A8V0XB58 Q5ZJ58 A0A3Q2TT95 A0A8V1A3S8 A0A8V0Z9Z7 A0A8V0YDD6 A0A8V0ZPH9
Biological Process,cell projection morphogenesis,4,GO:0048858,45,237,389,2734,1.33,0.03220310079615362,1.49,A0A8V1AG56 A0A8V0X4D8 Q98938 A0A8V0ZBR8 A0A8V0ZI29 A0A1D5NW03 A0A3Q3A4U3 P33005 A0A1D5NTR5 A0A8V0YVT3 A0A8V0YDT5 A0A8V0YXG4 A0A1D5NYG2 A0A8V0Y8L6 A0A8V0Y4G8 A0A8V0YB43 A0A8V0Z8V4 A0A8V0YUF6 A0A8V0ZKS6 A0A8V0ZSX0 A0A8V0ZSX6 A0A8V1ACD6 A0A8V1AAH7 A0A1D5P0D7 Q0PVE4 A0A8V0ZZU1 F1NEZ4 A0A8V0YRN1 A0A8V0YE20 A0A1D5PNL3 A0A8V0Y9F8 A0A8V0YBD7 A0A8V1ABC9 A0A8V0ZF83 A0A8V1ADF6 A0A8V0ZB91 A0A1D5P655 A0A8V1AB05 A0A8V1AB67 A0A8V0Y413 A0A8V0YY70 A0A8V0Y070 A0A1D5PT01 A0A8V0Z4M1 A0A8V0YRG2
Biological Process,response to oxidative stress,3,GO:0006979,11,138,389,2734,0.56,0.032641397702489375,1.49,A0A8V0ZWX9 A0A8V0YJV4 A0A1D5PNL3 A0A8V0ZTA5 A0A8V0YPB9 Q00649 A0A8V0YDD6 A0A8V1ABC9 A0A1D5P1F1 A0A8V0XYR2 A0A8V0YWM3
Biological Process,embryonic skeletal system development,5,GO:0048706,9,31,389,2734,2.04,0.0326890513829588,1.49,A0A8V1AG56 A0A8V0YEQ1 A0A8V0YS46 Q98938 A0A8V0X9N1 P02460 A0A8V0XJ84 A0A8V0Y8L6 A0A1D5P0D7
Biological Process,transforming growth factor beta receptor signaling pathway,7,GO:0007179,9,31,389,2734,2.04,0.0326890513829588,1.49,A0A8V1ACS0 A0A8V0X4D8 A0A8V0ZKS6 A0A8V0YM05 A0A8V0XPE8 A0A8V0YHH6 A0A8V0XJ84 A0A1D5PE57 A0A8V0Z4J0
Biological Process,response to pH,3,GO:0009268,6,18,389,2734,2.34,0.03280051552473438,1.48,A0A8V0Y4Q2 A0A8V1AFH0 A0A8V0XXM5 A0A8V0YLN5 A0A8V0YEZ4 A0A8V0YLT1
Biological Process,mammary gland duct morphogenesis,5,GO:0060603,6,18,389,2734,2.34,0.03280051552473438,1.48,A0A8V0ZKI8 A0A8V1AG56 E1C733 A0A8V1A9A7 A0A3Q3A4U3 A0A8V1A3H9
Biological Process,heparan sulfate proteoglycan metabolic process,6,GO:0030201,6,18,389,2734,2.34,0.03280051552473438,1.48,F1NGB8 A0A8V0YS46 A0A8V0WZJ4 A0A8V0ZBJ8 A0A8V0Y8L6 Q76KB2
Biological Process,regulation of metabolic process,3,GO:0019222,134,1078,389,2734,0.87,0.03319648345483847,1.48,Q5ZMG0 A0A8V1A9L3 A0A8V1AJT2 A0A1D5NTR5 A0A8V0YW12 A0A8V0YB43 A0A8V1ACS0 A0A8V0ZZG2 A0A8V1ABC8 A0A8V0X5U3 A0A1L1RX77 A0A8V0XPE8 A0A8V0YW57 A0A8V0XXW6 A0A8V1A7R0 A0A8V0ZA56 A0A8V1A3N1 A0A1D5PNL3 A0A8V0Y9F8 A0A8V0YY90 A0A8V0XJ84 A0A3Q2TU24 A0A8V0ZJ97 A0A8V0ZB91 A0A8V1A9R2 A0A8V0ZDZ5 A0A8V0Y070 A0A8V0ZQS2 A0A8V1AG56 A0A8V0YM05 A0A8V1A9A7 A0A3Q3A4U3 A0A8V1A8R6 A0A8V0XUK6 A0A8V0XRN3 A0A8V1ACU1 A0A8V0ZC57 P02460 A0A8V0Y0F3 A0A8V0X637 E1BYF1 A0A8V0ZP32 A0A8V0ZRU9 A0A8V1AKH4 A0A8V0YRF2 A0A1D5NZN4 A0A8V0X1T3 A0A1D5P0D7 A0A8V1AK88 Q0PVE4 A0A8V0Y7Y9 A0A8V1AA32 A0A8V0ZE58 A0A8V0XPN5 Q00649 A0A8V1ABC9 A0A8V0YF22 A0A8V0XM58 A0A8V0ZE30 A0A8V0YRK4 E1BQI2 A0A8V0YR09 A0A1D5P201 A0A8V0Y413 A0A8V0YMM6 A0A8V1AJI2 A0A8V1AJV5 A0A8V0YRG2 A0A8V1A653 A0A8V0Y0V1 A0A8V0X4D8 A0A8V0YBZ6 A0A8V0YGN8 A0A8V0YXG4 A0A1L1RP76 A0A8V0YPA6 A0A8V0XFL3 A0A8V0X643 A0A8V0Z4J0 A0A8V0ZSG8 A0A8V0ZKS6 A0A8V0ZTA5 E1C733 A0A8V0ZSX6 Q8AWB4 A0A1D5PC37 A0A8V0Z438 A0A8V0XWZ8 A0A8V0ZY91 A0A1D5PLP1 A0A8V0ZF83 A0A8V0ZKI8 A0A1D5P655 A0A8V0YDT4 A0A8V0Z9Y8 A0A8V0Z4M1 A0A8V0YNQ0 Q98938 A0A8V0XRC4 A0A8V0Y999 A0A8V0ZW33 A0A8V0ZFG7 A0A8V0Y290 A0A8V0XYR2 A0A8V1AAN6 A0A8V1A3H9 A0A8V0XGL8 A0A8V1A8N2 A0A1D5PQV0 A0A8V1AFC3 A0A8V0YHH6 A0A8V0X852 A0A1D5PNG3 A0A1D5P1F1 Q6JHU8 A0A8V1AJ90 A0A8V0YS46 A0A8V0WZJ4 A0A8V0XB58 A0A8V0XDM2 Q5ZJ58 A0A3Q2TT95 A0A8V0Y2E5 A0A8V0ZH54 Q9I946 A0A8V0XAF8 A0A8V1A3S8 A0A8V0Z9Z7 A0A8V0Y614 A0A8V0YDD6 A0A8V0XFB5 Q5ZHL0 A0A8V0ZPH9 A0A8V0YWM3
Biological Process,cellular response to growth factor stimulus,4,GO:0071363,32,158,389,2734,1.42,0.03385049898527566,1.47,A0A8V0YNQ0 A0A8V1AG56 A0A8V0X4D8 A0A8V0Y999 A0A8V0YM05 A0A8V0YXG4 A0A8V0XYR2 A0A8V0Z4J0 A0A8V0YC57 P02460 A0A8V0ZY61 A0A8V1ACS0 A0A8V0XGL8 A0A8V0ZKS6 A0A8V0XPE8 A0A8V0YHH6 A0A8V0X852 A0A1D5PE57 A0A8V0Y5K2 A0A1D5P1F1 A0A1D5P0D7 A0A8V0YS46 A0A8V0Z2J4 Q00649 A0A8V0XJ84 A0A8V0Y2E5 A0A8V0Z4M1 A0A8V0Y513 A0A3Q2TU24 A0A8V0YMM6 A0A8V0YDD6 P33005
Biological Process,regulation of protein localization,5,GO:0032880,30,297,389,2734,0.71,0.03430572660329852,1.46,A0A8V0YNQ0 P11602 A0A8V1AG56 A0A8V0X4D8 Q98938 A0A8V1A9A7 A0A8V0YVT3 A0A8V0YB43 A0A8V0ZZG2 A0A8V0ZKS6 A0A8V0X5U3 Q6JHU8 A0A1D5PC37 A0A8V0WZJ4 A0A8V0XB58 Q5ZJ58 A0A1D5P0X0 A0A1D5PNL3 A0A8V0ZY91 A0A8V0YY90 A0A8V0XJ84 A0A8V1ABC9 A0A8V1A3S8 A0A8V0YDT4 A0A8V0X5K9 A0A8V0YY70 A0A8V0YDD6 A0A8V0Z9Y8 A0A8V0Z4M1 A0A8V0YRG2
Biological Process,neutrophil activation involved in immune response,5,GO:0002283,21,223,389,2734,0.66,0.03509802150123785,1.45,A0A8V1AFE7 A0A8V0XXM5 A0A8V0XCI3 A0A8V0YW12 E1BS94 A0A8V0YB43 A0A3Q2U2N5 A0A8V1ABC8 A0A8V0YLN5 A0A1L1RSD2 A0A8V0ZZU1 A0A8V0XDM2 A0A8V0Z1E9 A0A8V0YZJ3 A0A8V0ZY42 A0A8V0Z086 A0A8V0YR09 Q05744 A0A8V1AFH0 A0A1D5P655 A0A8V1AB67
Biological Process,neutrophil activation,5,GO:0042119,21,223,389,2734,0.66,0.03509802150123785,1.45,A0A8V1AFE7 A0A8V0XXM5 A0A8V0XCI3 A0A8V0YW12 E1BS94 A0A8V0YB43 A0A3Q2U2N5 A0A8V1ABC8 A0A8V0YLN5 A0A1L1RSD2 A0A8V0ZZU1 A0A8V0XDM2 A0A8V0Z1E9 A0A8V0YZJ3 A0A8V0ZY42 A0A8V0Z086 A0A8V0YR09 Q05744 A0A8V1AFH0 A0A1D5P655 A0A8V1AB67
Biological Process,regulation of cell cycle phase transition,6,GO:1901987,5,82,389,2734,0.43,0.03521781615254728,1.45,A0A8V0ZDK0 A0A8V0XB58 A0A8V0Z9Z7 A0A8V0Y1A4 A0A8V0YRK4
Biological Process,plasma membrane bounded cell projection organization,5,GO:0120036,82,471,389,2734,1.22,0.03528755052958185,1.45,A0A1D5NTR5 A0A8V0YVT3 A0A8V0YDT5 A0A1D5NYG2 A0A8V0YB43 A0A8V0Z8V4 A0A8V0Z6L1 A0A8V0Y722 A0A8V1ACD6 A0A1L1RZ23 A0A8V0Z6B9 F1NEZ4 A0A8V0ZTP1 A0A1D5PNL3 A0A8V0ZT48 A0A8V0Y9F8 A0A8V0YEQ1 A0A8V0ZB91 A0A8V1AB05 A0A8V1AB67 A0A8V0ZHK9 A0A8V0Y070 A0A8V1AG56 A0A3Q3A4U3 A0A8V0Y8G8 A0A8V0YUF6 A0A3Q3AST7 A0A8V0XK73 A0A8V0ZSX0 A0A8V1AAH7 A0A1D5P0D7 A0A8V0XLH4 Q0PVE4 A0A1D5P0X0 A0A8V0Z4U2 A0A8V0Z7D4 A0A8V1ABC9 A0A8V0XM58 A0A8V1ADF6 E1BQI2 A0A1D5PBU5 A0A8V0Y413 A0A8V0YY70 A0A1D5PT01 A0A8V1AJV5 P33005 A0A8V0YRG2 A0A8V0ZLV6 A0A8V0X4D8 A0A8V0ZBR8 A0A8V0ZI29 A0A8V0YXG4 A0A1D5PIZ5 A0A8V0Y8L6 A0A8V0ZKS6 A0A8V0ZSX6 A0A8V0XKU5 A0A1D5PC37 A0A8V0YRN1 A0A8V0YBD7 A0A8V0ZF83 A0A1D5P655 A0A8V0X370 A0A8V0XK27 A0A8V0YIE9 A0A8V0Z4M1 Q98938 A0A8V1A6Y8 A0A8V0XRC4 A0A1D5NW03 A0A1D5NZT1 A0A8V0Y4G8 A0A8V1AAN6 A0A8V0Y1N7 A0A8V0X852 A0A8V0ZZU1 A0A8V0XDM2 A0A8V0YE20 A0A8V1A2F4 E1BQB4 A0A8V0XAF8 A0A8V1A4I0
Biological Process,neural crest cell differentiation,5,GO:0014033,7,23,389,2734,2.14,0.03535892726236691,1.45,A0A8V0ZKI8 A0A8V0XDM2 A0A8V0ZTP1 A0A8V0YDD6 A0A8V1ACD6 A0A8V0XYR2 A0A8V1ADF6
Biological Process,retina morphogenesis in camera-type eye,3,GO:0060042,7,23,389,2734,2.14,0.03535892726236691,1.45,A0A8V0YNQ0 A0A8V0ZKI8 Q98938 A0A8V0YY70 A0A8V1A9A7 A0A8V0Y7C8 A0A1D5P0D7
Biological Process,cell adhesion,2,GO:0007155,43,224,389,2734,1.35,0.03541625801487801,1.45,A0A8V0Y0V1 A0A1D5PZV7 Q98938 A0A8V0ZBR8 A0A8V0ZI29 A0A8V0XRC4 A0A8V0XCI3 A0A1D5NW03 A0A8V1A2P5 A0A8V0Y4R7 A0A3Q3A4U3 A0A1D5NTR5 A0A8V0YDT5 A0A8V0XRN3 A0A1D5NYG2 A0A8V0Y290 A0A8V1AAN6 A0A8V0Y0F3 A0A8V0ZKS6 A0A8V0ZHX5 A0A3Q2UGW3 E1C733 A0A8V0YHH6 A0A8V0YHL6 A0A1D5PE57 A0A8V0Y969 Q0PVE4 A0A8V0ZTP1 A0A8V0Z2J4 A0A8V0ZE58 A0A8V0Y9F8 A0A8V0Y103 A0A8V0Y2E5 A0A8V0XXK8 A0A8V0ZKI8 A0A8V0Y478 A0A8V1A3S8 A0A1D5P655 A0A8V0Y413 A0A8V0XX41 A0A8V0YDD6 P33005 A0A8V0ZPH9
Biological Process,regulation of extent of cell growth,5,GO:0061387,14,58,389,2734,1.7,0.036149513749605434,1.44,A0A8V0Y0V1 A0A8V1AG56 A0A8V0Z8V4 A0A8V0ZB91 A0A8V0ZI29 A0A8V0ZKS6 A0A8V1AB05 A0A1D5P655 A0A8V0YGN8 A0A8V0YDD6 A0A8V0YDT5 A0A8V1ACD6 A0A8V0Z4M1 A0A8V0YMR1
Biological Process,ncRNA metabolic process,6,GO:0034660,4,71,389,2734,0.4,0.03719888771885768,1.43,A0A1D5PNG3 A0A8V0ZJ97 A0A8V0YQC4 A0A8V1A6A3
Biological Process,periodic partitioning,4,GO:0007365,5,14,389,2734,2.51,0.037831451557110936,1.42,A0A8V0ZKI8 A0A8V0YS46 Q98938 A0A8V1A9R2 A0A8V1A9A7
Biological Process,lymphocyte activation involved in immune response,4,GO:0002285,5,14,389,2734,2.51,0.037831451557110936,1.42,A0A8V0ZWX9 O12971 A0A8V0YW57 A0A8V0ZSX6 A0A8V1A7R0
Biological Process,regulation of neutrophil migration,5,GO:1902622,5,14,389,2734,2.51,0.037831451557110936,1.42,A0A8V0Y413 A0A8V1ABC8 A0A8V0Y4R7 A0A8V0XYR2 A0A8V0YR09
Biological Process,negative regulation of phosphatase activity,6,GO:0010923,5,14,389,2734,2.51,0.037831451557110936,1.42,A0A8V0Y0V1 A0A8V0YNQ0 A0A8V1AJI2 A0A1L1RP76 A0A8V0X643
Biological Process,regulation of response to stimulus,3,GO:0048583,151,934,389,2734,1.14,0.03784384635960155,1.42,Q5ZMG0 P11602 A0A8V0ZWX9 A0A8V1A9L3 A0A8V1A3D7 A0A8V1AJT2 A0A8V0YVT3 A0A8V0YEZ4 A0A8V0YDT5 A0A8V0XEJ0 A0A8V0ZEJ3 A0A8V1ACS0 A0A8V0Z8V4 A0A8V0ZZG2 A0A8V1ABC8 A0A8V0X5U3 A0A1L1RX77 A0A8V0XPE8 A0A8V0YW57 A0A8V1ACD6 A0A8V1A7R0 A0A8V0ZA56 A0A8V0ZZD4 A0A8V1A3N1 A0A1D5PNL3 A0A8V0YY90 A0A8V0XJ84 A0A8V0XXK8 F1NGB8 A0A3Q2TU24 A0A8V0ZJ97 A0A8V0ZB91 A0A8V0YAR4 A0A8V1AB05 A0A8V1A9R2 A0A8V0ZDZ5 A0A8V0ZHK9 A0A8V0Y070 A0A8V0ZQS2 A0A8V1AG56 A0A8V0YM05 A0A8V1A9A7 A0A3Q3A4U3 A0A8V1A8R6 A0A8V0XUK6 A0A8V0XRN3 A0A8V0ZC57 P02460 A0A8V0Y0F3 A0A8V0X637 E1BYF1 A0A8V0ZP32 A0A8V0ZRU9 A0A3Q2TYT2 A0A8V1AKH4 A0A8V0YRF2 A0A1D5NZN4 A0A8V0X1T3 A0A8V0Y5K2 A0A8V1AAH7 A0A1D5P0D7 A0A8V1AK88 A0A8V0Z307 A0A8V1AA32 A0A8V0ZE58 Q00649 A0A8V0Z7D4 A0A8V1ABC9 A0A8V0ZE30 A0A8V0YRK4 A0A8V0ZVP0 A0A8V1ADF6 E1BQI2 A0A8V0YR09 A0A8V0ZZJ1 A0A8V1AFH0 A0A8V0Y413 A0A8V0YJV4 A0A8V0YMM6 A0A8V1AJI2 A0A1D5PT01 A0A8V1AJV5 Q5ZKV5 A0A8V0YRG2 A0A8V0Y0V1 A0A8V0X4D8 A0A8V0YBZ6 A0A8V0ZI29 A0A1D5NVM6 A0A8V1AFP7 A0A8V0YXG4 A0A8V0YPA6 A0A8V0XFL3 A0A8V0Y8L6 A0A8V0Z4J0 A0A8V0YC57 A0A8V0ZSG8 A0A8V0ZKS6 A0A8V0ZHX5 A0A8V0ZQJ4 A0A8V0ZTA5 E1C733 A0A8V0ZSX6 A0A1D5PE57 Q8AWB4 A0A8V0ZF83 A0A8V0ZKI8 O12971 A0A8V0YDT4 A0A1D5P655 A0A8V0ZTG6 A0A8V0XK27 A0A8V0Z4M1 P01875 A0A8V0YNQ0 Q98938 A0A8V0Y999 A0A8V0ZW33 A0A8V1A2P5 A0A1D5NZT1 A0A8V0ZFG7 A0A8V0Y290 A0A8V0X097 A0A8V0XYR2 A0A8V0YMR1 A0A8V0ZIZ5 A0A8V1A3H9 A0A8V0YQ88 A0A8V1A8N2 A0A3Q2UGW3 A0A8V1AFC3 A0A8V0YHH6 A0A8V0X852 A0A1D5P1F1 A0A8V1AJ90 A0A8V0YS46 A0A8V0XB58 A0A8V0XDM2 A0A8V0Z2J4 Q5ZJ58 A0A8V1A2F4 A0A3Q2TT95 A0A8V0ZBJ8 A0A8V0ZH54 A0A8V0ZZH6 A0A8V0XX49 Q9I946 A0A8V0XAF8 A0A8V0YDD6 A0A8V0XFB5 Q5ZHL0
Biological Process,maintenance of protein location,3,GO:0045185,2,49,389,2734,0.29,0.03793291542553347,1.42,A0A8V0XPE8 A0A8V0X852
Biological Process,embryonic development via the syncytial blastoderm,5,GO:0001700,2,49,389,2734,0.29,0.03793291542553347,1.42,A0A8V0ZZU1 A0A8V1AAH7
Biological Process,ribonucleoside monophosphate biosynthetic process,7,GO:0009156,2,49,389,2734,0.29,0.03793291542553347,1.42,A0A1D5PCU0 A0A8V0Z1C5
Biological Process,carbohydrate homeostasis,3,GO:0033500,3,59,389,2734,0.36,0.03824586098935156,1.42,A0A8V0XAF8 A0A8V0YDD6 A0A8V1A7R0
Biological Process,"mRNA splicing, via spliceosome",8,GO:0000398,3,60,389,2734,0.35,0.03836291584433882,1.42,A0A1L1RZ23 A0A8V0ZJ97 A0A8V0XXW6
Biological Process,"RNA splicing, via transesterification reactions",8,GO:0000375,3,60,389,2734,0.35,0.03836291584433882,1.42,A0A1L1RZ23 A0A8V0ZJ97 A0A8V0XXW6
Biological Process,"RNA splicing, via transesterification reactions with bulged adenosine as nucleophile",9,GO:0000377,3,60,389,2734,0.35,0.03836291584433882,1.42,A0A1L1RZ23 A0A8V0ZJ97 A0A8V0XXW6
Biological Process,nucleoside monophosphate biosynthetic process,6,GO:0009124,2,50,389,2734,0.28,0.03846494375984093,1.41,A0A1D5PCU0 A0A8V0Z1C5
Biological Process,nucleus organization,5,GO:0006997,2,50,389,2734,0.28,0.03846494375984093,1.41,A0A8V1ABC9 A0A8V0X5U3
Biological Process,proton transmembrane transport,5,GO:1902600,2,50,389,2734,0.28,0.03846494375984093,1.41,Q5ZHL0 A0A1D5PCU0
Biological Process,maintenance of location in cell,2,GO:0051651,2,50,389,2734,0.28,0.03846494375984093,1.41,A0A1D5PBU5 A0A8V0X852
Biological Process,cytosolic transport,4,GO:0016482,2,50,389,2734,0.28,0.03846494375984093,1.41,A0A8V0Y9F8 A0A3Q2UEL1
Biological Process,respiratory electron transport chain,5,GO:0022904,2,50,389,2734,0.28,0.03846494375984093,1.41,A0A8V0XF68 A0A8V0YWM3
Biological Process,negative regulation of cytoskeleton organization,7,GO:0051494,3,61,389,2734,0.35,0.03902511391699742,1.41,Q00649 A0A1D5PBU5 A0A8V0X852
Biological Process,regulation of GTPase activity,5,GO:0043087,7,98,389,2734,0.5,0.0390546392634023,1.41,A0A8V0Y0V1 A0A8V1AG56 A0A8V0YBZ6 A0A8V0YY70 E1C733 A0A8V0ZPH9 A0A8V1AAH7
Biological Process,nucleoside triphosphate biosynthetic process,6,GO:0009142,2,51,389,2734,0.28,0.03965226417414601,1.4,A0A1D5PCU0 A0A8V0Z1C5
Biological Process,embryonic heart tube development,4,GO:0035050,11,42,389,2734,1.84,0.04086745203627333,1.39,A0A8V0ZKI8 A0A8V1AG56 A0A8V0Z8V4 A0A8V0XDM2 Q98938 A0A8V0YM05 A0A8V0YMM6 A0A3Q3A4U3 A0A8V0YVT3 A0A8V0XKU5 A0A8V0XM58
Biological Process,germ-line sex determination,4,GO:0018992,3,6,389,2734,3.51,0.04100114196859833,1.39,A0A8V0XBI2 A0A8V0XE95 A0A8V0ZJ97
Biological Process,fin morphogenesis,4,GO:0033334,3,6,389,2734,3.51,0.04100114196859833,1.39,A0A8V0YMM6 A0A8V0Y070 A0A8V0YDT4
Biological Process,negative regulation of extracellular matrix organization,6,GO:1903054,3,6,389,2734,3.51,0.04100114196859833,1.39,A0A1L1RX77 A0A8V0Y0F3 A0A8V0Y290
Biological Process,regulation of extracellular matrix assembly,5,GO:1901201,3,6,389,2734,3.51,0.04100114196859833,1.39,A0A8V0Y290 A0A8V0Y0F3 A0A8V0Y2E5
Biological Process,embryonic camera-type eye morphogenesis,6,GO:0048596,3,6,389,2734,3.51,0.04100114196859833,1.39,A0A8V0ZKI8 A0A8V1AG56 Q98938
Biological Process,mammary duct terminal end bud growth,4,GO:0060763,3,6,389,2734,3.51,0.04100114196859833,1.39,E1C733 A0A8V1A3H9 A0A3Q3A4U3
Biological Process,heparin biosynthetic process,5,GO:0030210,3,6,389,2734,3.51,0.04100114196859833,1.39,F1NGB8 A0A8V0Y8L6 A0A8V0ZBJ8
Biological Process,dermatan sulfate biosynthetic process,5,GO:0030208,3,6,389,2734,3.51,0.04100114196859833,1.39,A0A1L1RX77 A0A8V0XRC4 E1C3Z8
Biological Process,negative regulation of phosphoprotein phosphatase activity,7,GO:0032515,3,6,389,2734,3.51,0.04100114196859833,1.39,A0A8V0YNQ0 A0A8V1AJI2 A0A8V0X643
Biological Process,medial fin development,5,GO:0033338,3,6,389,2734,3.51,0.04100114196859833,1.39,A0A8V0YMM6 A0A8V0Y070 A0A8V0YDT4
Biological Process,"maternal specification of dorsal/ventral axis, oocyte, soma encoded",5,GO:0007313,3,6,389,2734,3.51,0.04100114196859833,1.39,A0A8V0ZF83 A0A8V0YMM6 A0A8V0Y070
Biological Process,positive regulation of neutrophil chemotaxis,7,GO:0090023,3,6,389,2734,3.51,0.04100114196859833,1.39,A0A8V0Y413 A0A8V0XYR2 A0A8V0YR09
Biological Process,positive regulation of granulocyte chemotaxis,7,GO:0071624,3,6,389,2734,3.51,0.04100114196859833,1.39,A0A8V0Y413 A0A8V0XYR2 A0A8V0YR09
Biological Process,enamel mineralization,6,GO:0070166,3,6,389,2734,3.51,0.04100114196859833,1.39,A0A8V0ZF99 A0A1D5NWP2 A0A8V0ZES4
Biological Process,specification of axis polarity,3,GO:0065001,3,6,389,2734,3.51,0.04100114196859833,1.39,A0A8V1AG56 A0A1L1RZ23 Q0PVE4
Biological Process,primary sex determination,4,GO:0007538,3,6,389,2734,3.51,0.04100114196859833,1.39,A0A8V0XBI2 A0A8V1A9R2 A0A8V0XE95
Biological Process,determination of dorsal/ventral asymmetry,5,GO:0048262,4,10,389,2734,2.81,0.04182435970508426,1.38,A0A8V0YM05 A0A8V0YMM6 A0A8V0Y070 A0A1D5P0D7
Biological Process,positive regulation of sprouting angiogenesis,7,GO:1903672,4,10,389,2734,2.81,0.04182435970508426,1.38,A0A8V0Z4M1 A0A8V0YRK4 A0A8V0ZSG8 A0A8V0Y5K2
Biological Process,interleukin-1-mediated signaling pathway,5,GO:0070498,4,10,389,2734,2.81,0.04182435970508426,1.38,A0A8V1ACS0 A0A8V1ABC8 A0A1D5PNL3 A0A8V0Z4J0
Biological Process,branching involved in mammary gland duct morphogenesis,5,GO:0060444,4,10,389,2734,2.81,0.04182435970508426,1.38,A0A8V0ZKI8 E1C733 A0A8V1A9A7 A0A8V1AG56
Biological Process,germ cell migration,3,GO:0008354,4,10,389,2734,2.81,0.04182435970508426,1.38,A0A8V0Y8L6 A0A8V0ZDK0 A0A8V1AK88 Q98938
Biological Process,negative regulation of axon extension involved in axon guidance,6,GO:0048843,4,10,389,2734,2.81,0.04182435970508426,1.38,A0A8V1AG56 A0A8V0Z8V4 A0A8V1ACD6 A0A8V0ZKS6
Biological Process,negative regulation of axon guidance,6,GO:1902668,4,10,389,2734,2.81,0.04182435970508426,1.38,A0A8V1AG56 A0A8V0Z8V4 A0A8V1ACD6 A0A8V0ZKS6
Biological Process,cell morphogenesis,3,GO:0000902,59,326,389,2734,1.27,0.042181550759999464,1.37,A0A8V1AG56 A0A8V0X4D8 Q98938 A0A8V0ZBR8 A0A8V0ZI29 A0A1D5NW03 A0A8V0XDL7 A0A8V1A9A7 A0A3Q3A4U3 A0A1D5NTR5 A0A8V0YVT3 A0A8V0YDT5 A0A8V0YXG4 A0A1D5NYG2 A0A8V0Y8L6 A0A8V0Y4G8 A0A8V0YB43 A0A8V0Z8V4 A0A8V0YUF6 A0A8V0ZKS6 A0A8V0Y722 A0A8V0ZSX0 A0A8V0ZSX6 A0A8V1ACD6 A0A8V0XKU5 A0A8V0ZAU8 A0A8V1AAH7 A0A1D5P0D7 Q0PVE4 A0A8V0ZZU1 F1NEZ4 A0A8V0ZTP1 A0A8V0YRN1 A0A8V0YE20 A0A3Q2UEL1 A0A1D5PNL3 A0A8V0Y9F8 A0A8V0YBD7 A0A8V0Z4M1 A0A8V1ABC9 A0A8V0ZF83 A0A8V1ADF6 A0A8V0ZKI8 A0A8V0YEQ1 A0A8V0ZB91 A0A8V1A3S8 A0A1D5P655 A0A8V1AB05 A0A8V1A9R2 A0A8V1AB67 A0A8V0Y413 A0A8V0YY70 A0A8V0Y070 A0A1D5PT01 A0A8V0YDD6 A0A8V1AJV5 P33005 A0A8V0ZPH9 A0A8V0YRG2
Biological Process,embryonic body morphogenesis,4,GO:0010172,6,19,389,2734,2.22,0.042376638419407316,1.37,A0A8V0ZJ97 A0A1D5P655 A0A1D5NTR5 A0A8V0ZHL4 A0A1D5NYG2 A0A8V0YRG2
Biological Process,negative regulation of chemotaxis,5,GO:0050922,6,19,389,2734,2.22,0.042376638419407316,1.37,Q5ZMG0 A0A8V1AG56 A0A8V0Z8V4 A0A8V0ZKS6 A0A3Q3A4U3 A0A8V1ACD6
Biological Process,regulation of feeding behavior,5,GO:0060259,6,19,389,2734,2.22,0.042376638419407316,1.37,A0A1L1RZ23 A0A8V1AB67 A0A8V1AEJ4 A0A8V0ZSX6 A0A3Q2TYT2 A0A8V1A7R0
Biological Process,catabolic process,2,GO:0009056,59,517,389,2734,0.8,0.042638799116796834,1.37,A0A8V1A9L3 P11602 A0A8V0ZWX9 A0A8V0X4D8 A0A8V0XCX4 Q5ZIB0 A0A8V0XXM5 A0A8V0XRC4 A0A1D5NVM6 A0A1D5PNB8 A0A8V1A9A7 A0A8V0YXG4 A0A8V0ZIF0 A0A8V0ZFG7 A0A8V0YC98 A0A8V0Z4J0 E1BS94 A0A8V0YC57 A0A8V1ACS0 A0A8V1AHJ8 A0A8V0ZZG2 A0A8V0ZG46 A0A8V0X637 E1BYF1 A0A1L1RX77 A0A8V0ZP32 A0A8V0X2C5 A0A8V0YLN5 A0A8V0ZRU9 A0A8V1A4P2 A0A1L1RSD2 A0A1D5P1F1 A0A8V1AJ90 A0A1D5PC37 A0A8V0XA92 A0A8V0ZLV3 A0A8V0ZW46 A0A8V0Y7Y9 A0A8V0Z1E9 A0A1D5PNL3 A0A8V0YZJ3 A0A8V0ZY42 A0A8V0XPN5 A0A8V0XWZ8 A0A8V0Y9F8 A0A8V0Z086 A0A8V0ZH54 A0A8V0YF22 A0A8V0ZE30 A0A8V0Y513 Q05744 A0A8V1AFH0 A0A8V0YJV4 A0A8V0XQS7 A0A8V0Z9Y8 Q5ZKV5 A0A8V0XMD4 A0A8V0YFD4 A0A8V0YWM3
Biological Process,locomotory behavior,3,GO:0007626,6,87,389,2734,0.48,0.043174395433407946,1.36,A0A8V1A9R2 A0A1D5PNL3 A0A8V0ZSX0 A0A8V0YPB9 A0A8V0ZFG7 A0A1D5P1F1
Biological Process,phosphorylation,5,GO:0016310,31,300,389,2734,0.73,0.04361515442431259,1.36,A0A8V1AG56 A0A8V0YM05 A0A8V0ZYM1 A0A8V0YW12 A0A8V0Z4J0 A0A8V1ACS0 A0A8V0ZG46 A0A8V1ABC8 A0A8V0ZTA5 E1C733 A0A8V0XPE8 A0A8V0YW57 A0A8V0ZSX6 A0A8V1A7R0 A0A1D5P1F1 A0A1D5P0D7 A0A8V0XB58 A0A8V1A3N1 A0A8V0Z2J4 Q5ZJ58 A0A1D5PNL3 A0A8V1ABC9 A0A8V0YRK4 A0A8V1ADF6 A0A3Q2TU24 A0A8V1A9R2 A0A1D5PT01 A0A8V0Z4M1 A0A8V0ZPH9 A0A8V0YRG2 A0A8V0YWM3
Biological Process,mucopolysaccharide metabolic process,6,GO:1903510,15,64,389,2734,1.65,0.044287241099733234,1.35,F1NGB8 A0A8V0Y8L6 A0A8V0WZJ4 A0A8V0XRC4 E1C3Z8 A0A8V0YZJ3 A0A1L1RX77 A0A8V0YLN5 A0A8V0ZBJ8 A0A8V0Y2E5 A0A1L1RSD2 A0A1D5PA74 A0A8V0Z4M1 E1C2T4 A0A8V0YIV5
Biological Process,lung development,4,GO:0030324,15,64,389,2734,1.65,0.044287241099733234,1.35,A0A8V0YNQ0 A0A8V0ZWX9 A0A8V1AG56 A0A3Q2TU24 A0A8V0XUJ8 A0A8V1A4I0 A0A8V0ZTP1 A0A8V1AB67 A0A8V0ZW33 A0A8V0Y7C8 A0A8V0XJ84 A0A1D5NZN4 A0A8V0Z4M1 Q76KB2 A0A8V1AAN6
Biological Process,respiratory tube development,4,GO:0030323,15,64,389,2734,1.65,0.044287241099733234,1.35,A0A8V0YNQ0 A0A8V0ZWX9 A0A8V1AG56 A0A3Q2TU24 A0A8V0XUJ8 A0A8V1A4I0 A0A8V0ZTP1 A0A8V1AB67 A0A8V0ZW33 A0A8V0Y7C8 A0A8V0XJ84 A0A1D5NZN4 A0A8V0Z4M1 Q76KB2 A0A8V1AAN6
Biological Process,neuron projection extension,4,GO:1990138,11,43,389,2734,1.8,0.04445057357343786,1.35,A0A8V1AG56 A0A8V0Z8V4 A0A8V0ZZU1 A0A8V0ZB91 A0A8V0ZI29 A0A1D5P655 A0A8V1AB05 A0A8V0ZSX6 A0A8V0YDT5 A0A8V1ACD6 P33005
Biological Process,ear morphogenesis,5,GO:0042471,8,27,389,2734,2.08,0.04489669361658187,1.35,A0A8V1AG56 A0A8V0YEQ1 A0A8V0YM05 A0A8V0YMM6 A0A8V1AJV5 A0A8V0YRG2 A0A8V0XYR2 P02460
Biological Process,protein localization to organelle,5,GO:0033365,19,200,389,2734,0.67,0.04591003223969985,1.34,A0A8V0X4D8 R4GGQ4 A0A8V0Z4J0 A0A8V0YB43 A0A8V1ACS0 A0A3Q3AST7 A0A8V1A7R0 A0A8V0XF68 A0A8V0XDM2 A0A8V0XPN5 A0A8V0ZH54 A0A8V0XAF8 A0A8V0YEQ1 A0A1D5PBU5 A0A8V0ZHK9 A0A8V0XK27 A0A8V0Z9Y8 P28687 A0A8V0YFD4
Biological Process,biological process involved in symbiotic interaction,2,GO:0044403,10,124,389,2734,0.57,0.04757013320597235,1.32,A0A8V1ACS0 A0A8V0X4D8 A0A8V0ZZG2 A0A1D5NVM6 A0A8V0ZYM1 A0A8V0YDD6 A0A8V0ZSX6 A0A8V0Z9Y8 A0A8V0Z4J0 A0A8V0XAE5
Biological Process,regulation of mitotic cell cycle phase transition,6,GO:1901990,5,79,389,2734,0.44,0.04786588420440906,1.32,A0A8V0ZDK0 A0A8V0XB58 A0A8V0Z9Z7 A0A8V0Y1A4 A0A8V0YRK4
Biological Process,regulation of phosphatase activity,5,GO:0010921,9,34,389,2734,1.86,0.04824935646185757,1.32,A0A8V0Y0V1 A0A8V0YNQ0 A0A8V0WZJ4 Q98938 A0A8V0XRC4 A0A8V1AJI2 A0A8V0XRN3 A0A1L1RP76 A0A8V0X643
Biological Process,chondroitin sulfate proteoglycan metabolic process,6,GO:0050654,9,34,389,2734,1.86,0.04824935646185757,1.32,A0A8V0WZJ4 A0A8V0XRC4 A0A1D5P201 A0A1L1RX77 A0A8V0YLN5 A0A8V0ZBJ8 A0A1D5PA74 E1C2T4 A0A8V0YIV5
Biological Process,embryonic appendage morphogenesis,4,GO:0035113,9,34,389,2734,1.86,0.04824935646185757,1.32,A0A8V0ZKI8 A0A8V1AG56 A0A8V0YEQ1 Q98938 A0A8V0YDT4 A0A8V0ZHK9 A0A8V1A9A7 A0A8V0Y070 A0A8V0XK27
Biological Process,regulation of nematode larval development,6,GO:0061062,9,34,389,2734,1.86,0.04824935646185757,1.32,A0A8V0X4D8 A0A8V0ZW46 A0A8V0ZES4 A0A8V0XK27 A0A8V0ZSX6 A0A8V0XQS7 A0A8V0YHH6 A0A8V0ZX23 A0A8V1AAH7
Biological Process,growth,1,GO:0040007,35,182,389,2734,1.35,0.0484662321143093,1.31,A0A8V1AG56 Q98938 A0A8V0ZI29 A0A8V1A6A3 A0A8V0Y999 A0A8V1A9A7 A0A3Q3A4U3 A0A1D5NTR5 A0A8V0YDT5 A0A1D5NYG2 A0A8V1AAN6 A0A8V1A3H9 P02460 A0A8V0YB43 A0A8V0Z8V4 A0A8V0XGL8 A0A3Q2UGW3 E1C733 A0A8V0ZSX6 A0A8V1ACD6 A0A8V0ZAU8 A0A8V0XB58 A0A8V0ZZU1 A0A1D5PNL3 A0A8V0ZE30 A0A8V0YYQ9 A0A8V0ZKI8 A0A8V0ZJ97 A0A8V0ZB91 O12971 A0A1D5P655 A0A8V1AB05 A0A8V0YY70 A0A8V0ZFH4 P33005
Biological Process,protein activation cascade,5,GO:0072376,11,44,389,2734,1.76,0.04883807389381163,1.31,A0A8V0ZZD4 A0A8V0ZZJ1 A0A8V1A3D7 A0A8V1A8N2 A0A8V0YDT4 A0A8V0ZQJ4 A0A8V0XEJ0 A0A8V0ZZH6 A0A8V0YSI0 A0A8V0ZVP0 P01875
Biological Process,body morphogenesis,3,GO:0010171,11,44,389,2734,1.76,0.04883807389381163,1.31,A0A8V0ZKI8 A0A8V0ZJ97 Q98938 A0A1D5P655 A0A1D5NTR5 A0A8V0ZHL4 A0A8V0XJ84 A0A1D5NYG2 A0A8V0XGV7 A0A8V0YRG2 A0A8V0Z9Y8
Biological Process,response to growth factor,3,GO:0070848,32,164,389,2734,1.37,0.05008589570323878,1.3,A0A8V0YNQ0 A0A8V1AG56 A0A8V0X4D8 A0A8V0Y999 A0A8V0YM05 A0A8V0YXG4 A0A8V0XYR2 A0A8V0Z4J0 A0A8V0YC57 P02460 A0A8V0ZY61 A0A8V1ACS0 A0A8V0XGL8 A0A8V0ZKS6 A0A8V0XPE8 A0A8V0YHH6 A0A8V0X852 A0A1D5PE57 A0A8V0Y5K2 A0A1D5P1F1 A0A1D5P0D7 A0A8V0YS46 A0A8V0Z2J4 Q00649 A0A8V0XJ84 A0A8V0Y2E5 A0A8V0Z4M1 A0A8V0Y513 A0A3Q2TU24 A0A8V0YMM6 A0A8V0YDD6 P33005
Biological Process,regulation of heart morphogenesis,6,GO:2000826,5,15,389,2734,2.34,0.05032796022670458,1.3,A0A8V0ZKI8 A0A1L1RZ23 A0A8V0YM05 A0A8V0YMM6 A0A3Q3A4U3
Biological Process,heart valve morphogenesis,3,GO:0003179,5,15,389,2734,2.34,0.05032796022670458,1.3,A0A8V0Y0F3 A0A8V0Z2J4 A0A8V0ZE58 A0A3Q3A4U3 A0A8V0Y290
Biological Process,regulation of smooth muscle contraction,7,GO:0006940,5,15,389,2734,2.34,0.05032796022670458,1.3,A0A8V0ZWX9 A0A8V0XRN3 A0A1D5NWP2 A0A1D5P1F1 A0A8V0XYR2
Biological Process,regulation of cell motility,4,GO:2000145,53,292,389,2734,1.28,0.050708237437894335,1.29,Q5ZMG0 A0A8V0Y0V1 A0A8V0YNQ0 A0A8V0X4D8 A0A8V0ZWX9 A0A8V1AG56 Q98938 A0A8V0YM05 A0A8V0Y4R7 A0A3Q3A4U3 A0A8V0YEZ4 A0A8V0Y290 A0A8V0XYR2 A0A8V1A3H9 A0A8V0Y0F3 A0A8V0Z8V4 A0A3Q2U2N5 A0A8V0XGL8 A0A8V0ZSG8 A0A8V0ZKS6 A0A8V1ABC8 E1C733 A0A1L1RX77 A0A8V0YLN5 A0A8V0X852 A0A1D5PE57 A0A8V0Y5K2 A0A8V1A7R0 A0A1D5P1F1 A0A1L1RZ23 Q0PVE4 A0A8V0XB58 A0A8V0ZE58 A0A8V0XWZ8 A0A8V0Y1A4 Q00649 A0A8V0XJ84 A0A8V0Y2E5 A0A8V1ABC9 A0A8V0YRK4 Q9I946 E1BQI2 A0A8V0YR09 A0A3Q2TU24 A0A1D5PBU5 A0A8V1A3S8 A0A8V0YDT4 A0A8V0Y413 A0A8V0YMM6 A0A8V0YDD6 A0A8V1AJV5 A0A8V0Z4M1 A0A8V0ZPH9
Biological Process,mitotic cell cycle process,3,GO:1903047,15,167,389,2734,0.63,0.051106329130082354,1.29,A0A8V0ZDK0 Q0PVE4 A0A8V0XB58 A0A1D5PBU5 A0A8V0ZW33 A0A8V0Z9Z7 A0A8V0X5U3 A0A8V0YW57 A0A8V0ZFG7 A0A8V1ABC9 A0A8V0XFL3 A0A8V0YRK4 A0A8V0X643 A0A1D5PC37 A0A8V0ZE30
Biological Process,convergent extension,5,GO:0060026,6,20,389,2734,2.11,0.053539460129913834,1.27,A0A8V0ZKI8 A0A8V1AG56 A0A8V1A9R2 A0A8V0YM05 A0A8V0YMM6 A0A8V0Z4M1
Biological Process,chondroitin sulfate biosynthetic process,5,GO:0030206,6,20,389,2734,2.11,0.053539460129913834,1.27,A0A8V0WZJ4 A0A8V0XRC4 A0A1L1RX77 A0A8V0ZBJ8 A0A1D5PA74 E1C2T4
Biological Process,regulation of bone remodeling,5,GO:0046850,6,20,389,2734,2.11,0.053539460129913834,1.27,A0A8V0ZKI8 A0A8V1A9A7 A0A8V0YLT1 A0A8V1ABC9 A0A8V0Z4M1 A0A8V0ZQS2
Biological Process,peptidyl-threonine modification,6,GO:0018210,6,20,389,2734,2.11,0.053539460129913834,1.27,A0A8V0ZY61 A0A8V0Z6S1 A0A8V0XB58 A0A8V1A2F4 A0A8V0Y6W2 A0A8V1ABC9
Biological Process,somitogenesis,3,GO:0001756,6,20,389,2734,2.11,0.053539460129913834,1.27,A0A8V0YNQ0 A0A8V0ZKI8 A0A8V1AG56 O12971 A0A8V0YMM6 Q8AWB4
Biological Process,negative regulation of locomotion,4,GO:0040013,21,98,389,2734,1.51,0.053689093061765704,1.27,Q5ZMG0 A0A1D5PCU0 A0A8V0YNQ0 A0A8V0ZWX9 A0A8V1AG56 A0A8V0YM05 A0A3Q3A4U3 A0A8V0Y290 A0A8V0Y0F3 A0A8V0Z8V4 A0A8V0ZKS6 A0A1L1RX77 A0A8V1ACD6 A0A1D5PE57 A0A8V1A7R0 A0A8V1AJ90 E1BQI2 A0A8V0YDT4 A0A8V0YMM6 A0A8V1AJV5 A0A8V0ZPH9
Biological Process,glucose homeostasis,4,GO:0042593,3,57,389,2734,0.37,0.053728590613134036,1.27,A0A8V0XAF8 A0A8V0YDD6 A0A8V1A7R0
Biological Process,cell growth,2,GO:0016049,16,70,389,2734,1.61,0.05385249163528236,1.27,A0A8V0ZKI8 A0A8V1AG56 A0A8V0Z8V4 A0A8V0XB58 A0A8V0ZZU1 A0A8V0ZI29 A0A8V1A6A3 A0A8V1AB05 A0A1D5P655 A0A8V0ZB91 A0A8V1A9A7 A0A8V0YDT5 A0A8V0ZSX6 A0A8V1ACD6 P33005 A0A8V0ZAU8
Biological Process,axoneme assembly,5,GO:0035082,11,45,389,2734,1.72,0.05403664681108434,1.27,A0A1L1RZ23 A0A8V0XLH4 A0A8V0Z6B9 A0A1D5PBU5 A0A8V1A6Y8 A0A8V0ZT48 A0A8V0Z4U2 A0A8V0X370 A0A8V0Y1N7 A0A8V0YIE9 A0A8V0ZLV6
Biological Process,biological process involved in interspecies interaction between organisms,1,GO:0044419,11,132,389,2734,0.59,0.054222030097920954,1.27,A0A8V1ACS0 A0A8V0X4D8 A0A8V0ZZG2 A0A1D5NVM6 E1C733 A0A8V0ZYM1 A0A8V0YDD6 A0A8V0ZSX6 A0A8V0Z9Y8 A0A8V0Z4J0 A0A8V0XAE5
Biological Process,regulation of G2/M transition of mitotic cell cycle,7,GO:0010389,2,46,389,2734,0.31,0.05435783566598686,1.26,A0A8V0Z9Z7 A0A8V0XB58
Biological Process,protein secretion,4,GO:0009306,3,58,389,2734,0.36,0.054626685877817965,1.26,A0A8V0YB43 A0A8V0ZZU1 A0A8V0ZX23
Biological Process,axonemal central apparatus assembly,5,GO:1904158,2,3,389,2734,4.69,0.05487612541806216,1.26,A0A8V0ZLV6 A0A8V0ZT48
Biological Process,regulation of synaptic vesicle fusion to presynaptic active zone membrane,6,GO:0031630,2,3,389,2734,4.69,0.05487612541806216,1.26,A0A8V1AB67 A0A3Q2TYT2
Biological Process,positive regulation of chromosome separation,7,GO:1905820,2,3,389,2734,4.69,0.05487612541806216,1.26,A0A8V0ZDK0 A0A8V0X5U3
Biological Process,positive regulation of protein kinase C signaling,7,GO:0090037,2,3,389,2734,4.69,0.05487612541806216,1.26,A0A8V0Z4M1 A0A8V1AG56
Biological Process,retinal blood vessel morphogenesis,4,GO:0061304,2,3,389,2734,4.69,0.05487612541806216,1.26,A0A8V0Z4M1 A0A8V1A9A7
Biological Process,cardiac neural crest cell differentiation involved in heart development,5,GO:0061307,2,3,389,2734,4.69,0.05487612541806216,1.26,A0A8V0ZKI8 A0A8V0XDM2
Biological Process,regulation of low-density lipoprotein particle receptor catabolic process,6,GO:0032803,2,3,389,2734,4.69,0.05487612541806216,1.26,A0A8V0X4D8 A0A8V0ZRU9
Biological Process,caudal fin development,6,GO:0033336,2,3,389,2734,4.69,0.05487612541806216,1.26,A0A8V0YMM6 A0A8V0Y070
Biological Process,cyclic nucleotide catabolic process,7,GO:0009214,2,3,389,2734,4.69,0.05487612541806216,1.26,A0A8V1A9L3 A0A8V0YC57
Biological Process,lymph vessel development,3,GO:0001945,2,3,389,2734,4.69,0.05487612541806216,1.26,A0A8V0Z4M1 A0A8V0YM05
Biological Process,cellular response to mineralocorticoid stimulus,7,GO:0071389,2,3,389,2734,4.69,0.05487612541806216,1.26,A0A8V0XYR2 A0A8V0YWM3
Biological Process,"primary sex determination, germ-line",5,GO:0007542,2,3,389,2734,4.69,0.05487612541806216,1.26,A0A8V0XBI2 A0A8V0XE95
Biological Process,positive regulation of alkaline phosphatase activity,7,GO:0010694,2,3,389,2734,4.69,0.05487612541806216,1.26,A0A8V0XRN3 Q98938
Biological Process,cell migration involved in heart formation,5,GO:0060974,2,3,389,2734,4.69,0.05487612541806216,1.26,A0A8V0Z4M1 A0A8V0XDM2
Biological Process,anaphase-promoting complex-dependent catabolic process,7,GO:0031145,2,3,389,2734,4.69,0.05487612541806216,1.26,A0A8V1ACS0 A0A8V0Z4J0
Biological Process,positive regulation of blood vessel endothelial cell proliferation involved in sprouting angiogenesis,8,GO:1903589,2,3,389,2734,4.69,0.05487612541806216,1.26,A0A8V0Z4M1 A0A8V0Y5K2
Biological Process,negative regulation of phosphatidylinositol biosynthetic process,7,GO:0010512,2,3,389,2734,4.69,0.05487612541806216,1.26,A0A8V0YB43 A0A3Q2TU24
Biological Process,negative regulation of thymocyte apoptotic process,10,GO:0070244,2,3,389,2734,4.69,0.05487612541806216,1.26,A0A8V1A9R2 A0A8V0ZWX9
Biological Process,midbrain dopaminergic neuron differentiation,6,GO:1904948,2,3,389,2734,4.69,0.05487612541806216,1.26,A0A8V0ZKI8 A0A8V1AG56
Biological Process,apoptotic process involved in morphogenesis,6,GO:0060561,2,3,389,2734,4.69,0.05487612541806216,1.26,A0A8V0ZE58 A0A8V1A9A7
Biological Process,mesenchymal-epithelial cell signaling,4,GO:0060638,2,3,389,2734,4.69,0.05487612541806216,1.26,A0A8V1AG56 A0A8V1AAN6
Biological Process,response to ozone,4,GO:0010193,2,3,389,2734,4.69,0.05487612541806216,1.26,A0A8V0YDD6 A0A8V0XYR2
Biological Process,convergent extension involved in organogenesis,6,GO:0060029,2,3,389,2734,4.69,0.05487612541806216,1.26,A0A8V0Z4M1 A0A8V1AG56
Biological Process,basement membrane assembly involved in embryonic body morphogenesis,4,GO:2001197,2,3,389,2734,4.69,0.05487612541806216,1.26,A0A1D5NTR5 A0A1D5NYG2
Biological Process,regulation of phospholipid transport,6,GO:2001138,2,3,389,2734,4.69,0.05487612541806216,1.26,A0A3Q2U2N5 A0A8V0YWM3
Biological Process,positive regulation of extracellular matrix assembly,6,GO:1901203,2,3,389,2734,4.69,0.05487612541806216,1.26,A0A8V0Y290 A0A8V0Y0F3
Biological Process,interleukin-21-mediated signaling pathway,5,GO:0038114,2,3,389,2734,4.69,0.05487612541806216,1.26,A0A8V1A9R2 A0A8V1A7R0
Biological Process,Wnt signaling pathway involved in heart development,5,GO:0003306,2,3,389,2734,4.69,0.05487612541806216,1.26,A0A8V0ZKI8 A0A8V1AG56
Biological Process,negative regulation of neuron migration,7,GO:2001223,2,3,389,2734,4.69,0.05487612541806216,1.26,A0A1D5PE57 A0A8V1A7R0
Biological Process,embryonic medial fin morphogenesis,5,GO:0035122,2,3,389,2734,4.69,0.05487612541806216,1.26,A0A8V0Y070 A0A8V0YDT4
Biological Process,female germ-line sex determination,5,GO:0019099,2,3,389,2734,4.69,0.05487612541806216,1.26,A0A8V0XBI2 A0A8V0XE95
Biological Process,synaptic target inhibition,5,GO:0016201,2,3,389,2734,4.69,0.05487612541806216,1.26,A0A8V0Y9F8 A0A8V0YBD7
Biological Process,positive regulation of cAMP-mediated signaling,7,GO:0043950,2,3,389,2734,4.69,0.05487612541806216,1.26,A0A8V0ZTA5 A0A8V1ABC9
Biological Process,cellular response to interleukin-21,6,GO:0098757,2,3,389,2734,4.69,0.05487612541806216,1.26,A0A8V1A9R2 A0A8V1A7R0
Biological Process,synaptic target attraction,5,GO:0016200,2,3,389,2734,4.69,0.05487612541806216,1.26,A0A1D5NTR5 A0A1D5NYG2
Biological Process,somatic sex determination,4,GO:0018993,2,3,389,2734,4.69,0.05487612541806216,1.26,A0A8V0XBI2 A0A8V0XE95
Biological Process,positive regulation of phospholipid transport,6,GO:2001140,2,3,389,2734,4.69,0.05487612541806216,1.26,A0A3Q2U2N5 A0A8V0YWM3
Biological Process,cAMP catabolic process,7,GO:0006198,2,3,389,2734,4.69,0.05487612541806216,1.26,A0A8V1A9L3 A0A8V0YC57
Biological Process,regulation of store-operated calcium entry,8,GO:2001256,2,3,389,2734,4.69,0.05487612541806216,1.26,A0A1D5NWP2 A0A8V0YPA6
Biological Process,miRNA-mediated gene silencing by inhibition of translation,8,GO:0035278,2,3,389,2734,4.69,0.05487612541806216,1.26,A0A1D5PNG3 A0A8V1A7R0
Biological Process,regulation of protein polyubiquitination,10,GO:1902914,2,3,389,2734,4.69,0.05487612541806216,1.26,A0A1D5PNL3 A0A8V0YRF2
Biological Process,response to interleukin-21,5,GO:0098756,2,3,389,2734,4.69,0.05487612541806216,1.26,A0A8V1A9R2 A0A8V1A7R0
Biological Process,"regulation of translation, ncRNA-mediated",7,GO:0045974,2,3,389,2734,4.69,0.05487612541806216,1.26,A0A1D5PNG3 A0A8V1A7R0
Biological Process,formation of radial glial scaffolds,4,GO:0021943,2,3,389,2734,4.69,0.05487612541806216,1.26,A0A8V0ZKI8 A0A8V0XKU5
Biological Process,regulation of compound eye pigmentation,6,GO:0048076,2,3,389,2734,4.69,0.05487612541806216,1.26,A0A8V0ZKI8 A0A8V1A9A7
Biological Process,regulation of histone deacetylase activity,6,GO:1901725,2,3,389,2734,4.69,0.05487612541806216,1.26,A0A8V0Z4M1 A0A8V0XB58
Biological Process,compound eye corneal lens development,3,GO:0048058,2,3,389,2734,4.69,0.05487612541806216,1.26,A0A1D5NTR5 A0A1D5NYG2
Biological Process,caudal fin morphogenesis,6,GO:0035143,2,3,389,2734,4.69,0.05487612541806216,1.26,A0A8V0YMM6 A0A8V0Y070
Biological Process,dorsal convergence,6,GO:0060030,2,3,389,2734,4.69,0.05487612541806216,1.26,A0A8V0YM05 A0A8V0YMM6
Biological Process,sRNA-mediated post-transcriptional gene silencing,10,GO:0040033,2,3,389,2734,4.69,0.05487612541806216,1.26,A0A1D5PNG3 A0A8V1A7R0
Biological Process,regulation of cell cycle G2/M phase transition,7,GO:1902749,2,47,389,2734,0.3,0.05507893343714886,1.26,A0A8V0Z9Z7 A0A8V0XB58
Biological Process,purine nucleoside monophosphate biosynthetic process,7,GO:0009127,2,47,389,2734,0.3,0.05507893343714886,1.26,A0A1D5PCU0 A0A8V0Z1C5
Biological Process,purine ribonucleoside monophosphate biosynthetic process,8,GO:0009168,2,47,389,2734,0.3,0.05507893343714886,1.26,A0A1D5PCU0 A0A8V0Z1C5
Biological Process,fat cell differentiation,4,GO:0045444,8,29,389,2734,1.94,0.05539611271292881,1.26,A0A8V0XGL8 A0A8V1AFP7 A0A8V0YY70 A0A3Q3AST7 A0A8V0XM58 P28687 A0A8V1AEM5 A0A1D5P0D7
Biological Process,lymphocyte differentiation,4,GO:0030098,8,29,389,2734,1.94,0.05539611271292881,1.26,A0A8V0ZWX9 A0A8V0XGY8 A0A8V0ZSG8 O12971 A0A8V1A9R2 A0A8V0YW57 A0A8V1A7R0 A0A8V0ZEJ3
Biological Process,cellular response to interleukin-1,6,GO:0071347,8,29,389,2734,1.94,0.05539611271292881,1.26,A0A8V1ACS0 A0A8V1ABC8 A0A1D5PNL3 E1C733 A0A8V0YDD6 A0A8V0Y2E5 A0A8V0XYR2 A0A8V0Z4J0
Biological Process,regulation of post-embryonic development,5,GO:0048580,10,38,389,2734,1.85,0.05588420159513089,1.25,A0A8V0X4D8 A0A8V0ZW46 A0A8V0ZES4 A0A8V0XK27 A0A8V0ZSX6 A0A8V0XQS7 A0A8V0YHH6 A0A8V0ZX23 A0A8V0XUJ8 A0A8V1AAH7
Biological Process,synapse assembly,6,GO:0007416,10,38,389,2734,1.85,0.05588420159513089,1.25,A0A8V1AG56 Q0PVE4 A0A8V0ZI29 A0A8V1AB05 A0A3Q2UGW3 A0A1D5PNL3 A0A8V0Y9F8 A0A1D5NTR5 A0A8V0YDT5 A0A1D5NYG2
Biological Process,developmental growth,2,GO:0048589,34,175,389,2734,1.37,0.05627055827261071,1.25,A0A8V1AG56 Q98938 A0A8V0ZI29 A0A8V0Y999 A0A8V1A9A7 A0A3Q3A4U3 A0A1D5NTR5 A0A8V0YDT5 A0A1D5NYG2 A0A8V1AAN6 A0A8V1A3H9 P02460 A0A8V0YB43 A0A8V0Z8V4 A0A8V0XGL8 A0A3Q2UGW3 E1C733 A0A8V0ZSX6 A0A8V1ACD6 A0A8V0ZAU8 A0A8V0XB58 A0A8V0ZZU1 A0A1D5PNL3 A0A8V0ZE30 A0A8V0YYQ9 A0A8V0ZKI8 A0A8V0ZJ97 A0A8V0ZB91 O12971 A0A1D5P655 A0A8V1AB05 A0A8V0YY70 A0A8V0ZFH4 P33005
Biological Process,mitotic cytokinesis,4,GO:0000281,2,48,389,2734,0.29,0.0566689692376327,1.25,A0A8V0XFL3 A0A1D5PC37
Biological Process,cell death,2,GO:0008219,19,198,389,2734,0.67,0.05680499084669077,1.25,A0A8V0X4D8 A0A8V0XCI3 A0A8V1A9A7 A0A8V0YEZ4 A0A8V0ZSG8 A0A8V1ABC8 A0A8V0YW57 A0A8V0X852 A0A8V0YRF2 A0A1D5PC37 A0A8V0ZA56 A0A1D5P0D7 A0A8V0ZE58 A0A8V1ABC9 Q05744 A0A8V0YAR4 A0A8V0ZDZ5 A0A8V0XFB5 A0A8V0YWM3
Biological Process,positive regulation of collagen metabolic process,5,GO:0010714,4,11,389,2734,2.56,0.05854805646782406,1.23,A0A8V0XPE8 A0A8V0XGL8 A0A8V0XJ84 Q98938
Biological Process,regulation of cell migration involved in sprouting angiogenesis,7,GO:0090049,4,11,389,2734,2.56,0.05854805646782406,1.23,A0A8V0Z4M1 A0A8V0YRK4 A0A8V0ZSG8 A0A8V0Y5K2
Biological Process,granulocyte chemotaxis,4,GO:0071621,4,11,389,2734,2.56,0.05854805646782406,1.23,A0A8V0Z4M1 A0A8V1ABC8 E1C733 A0A8V1ABC9
Biological Process,regulation of cAMP-mediated signaling,6,GO:0043949,4,11,389,2734,2.56,0.05854805646782406,1.23,A0A8V1A9L3 A0A8V0ZTA5 A0A8V1ABC9 A0A8V0YC57
Biological Process,positive regulation of collagen biosynthetic process,6,GO:0032967,4,11,389,2734,2.56,0.05854805646782406,1.23,A0A8V0XPE8 A0A8V0XGL8 A0A8V0XJ84 Q98938
Biological Process,post-anal tail morphogenesis,3,GO:0036342,4,11,389,2734,2.56,0.05854805646782406,1.23,A0A8V0ZKI8 A0A8V0YM05 A0A8V1AG56 A0A8V0Y070
Biological Process,skeletal muscle tissue regeneration,4,GO:0043403,4,11,389,2734,2.56,0.05854805646782406,1.23,A0A8V0ZFH4 A0A8V0ZAU8 A0A8V0XGL8 A0A8V0YYQ9
Biological Process,regulation of macrophage migration,5,GO:1905521,4,11,389,2734,2.56,0.05854805646782406,1.23,Q5ZMG0 A0A8V0Y0F3 A0A8V0Y290 A0A8V1A3H9
Biological Process,telencephalon development,3,GO:0021537,16,72,389,2734,1.56,0.05878761583743336,1.23,A0A8V0ZKI8 A0A8V1AG56 A0A8V0Z8V4 A0A8V0Y8L6 A0A8V0ZB91 Q98938 A0A8V1AB05 A0A8V0ZHK9 A0A8V0YY70 A0A8V0ZTA5 A0A3Q3A4U3 A0A8V0X370 A0A8V0YVT3 A0A8V0XKU5 A0A1D5PE57 A0A8V0YRG2
Biological Process,regulation of axon extension,5,GO:0030516,12,49,389,2734,1.72,0.05912120241756352,1.23,A0A8V1AG56 A0A8V0Z8V4 A0A8V0ZB91 A0A8V0ZI29 A0A8V0ZKS6 A0A8V1AB05 A0A1D5P655 A0A8V0YGN8 A0A8V0YDD6 A0A8V0YDT5 A0A8V1ACD6 A0A8V0Z4M1
Biological Process,response to interleukin-1,5,GO:0070555,10,39,389,2734,1.8,0.05964687330642515,1.22,A0A8V1ACS0 A0A8V1ABC8 A0A1D5PNL3 E1C733 A0A8V0YDD6 A0A8V0Y2E5 A0A8V1ABC9 A0A1D5P1F1 A0A8V0XYR2 A0A8V0Z4J0
Biological Process,negative regulation of cellular process,4,GO:0048523,126,1003,389,2734,0.88,0.06089148139878703,1.22,Q5ZMG0 A0A8V0ZWX9 A0A8V1A9L3 A0A8V1AJT2 Q90YI1 A0A1D5NTR5 A0A8V0YEZ4 A0A8V0YDT5 C7G540 A0A8V0YW12 A0A8V0YB43 A0A8V1ACS0 A0A8V0Z8V4 A0A8V0ZZG2 A0A8V1ABC8 A0A8V0XXW6 A0A1L1RX77 A0A8V0XPE8 A0A8V0YW57 A0A8V1ACD6 A0A8V1A7R0 A0A8V0ZKV3 A0A8V0YY90 A0A8V0XJ84 A0A1D5NWP2 A0A3Q2TU24 A0A8V1AB05 A0A8V1A9R2 A0A8V0ZDZ5 A0A8V0ZHK9 A0A8V0ZQS2 A0A8V1AG56 A0A8V0YM05 A0A8V1A9A7 A0A3Q3A4U3 A0A8V0XUK6 A0A8V1ACU1 A0A8V0ZC57 P02460 A0A8V0Y0F3 A0A8V0X637 E1BYF1 A0A8V0ZRU9 A0A8V0YRF2 A0A1D5NZN4 A0A8V0Y5K2 A0A8V1AAH7 Q0PVE4 A0A8V0Y7Y9 A0A8V1AA32 A0A8V0ZE58 Q00649 A0A8V1ABC9 A0A8V0YF22 A0A8V0ZE30 A0A8V0YRK4 E1BQI2 A0A8V0YR09 A0A1D5PBU5 A0A8V0YJV4 A0A8V0YMM6 A0A8V1AJI2 A0A8V1AJV5 Q5ZKV5 A0A8V0YRG2 A0A8V1A653 A0A8V0Y0V1 A0A8V0X4D8 A0A8V0ZI29 A0A8V0YXG4 A0A1L1RP76 A0A8V0YPA6 A0A8V0XFL3 A0A8V0X643 A0A8V0Z4J0 A0A8V0YC57 A0A8V0ZSG8 A0A8V0ZKS6 A0A8V0ZTA5 A0A8V0ZSX6 A0A1D5PE57 A0A1D5PC37 A0A8V0Z438 A0A8V0XWZ8 A0A8V0ZY91 A0A8V0Y1A4 A0A8V0YBD7 A0A8V0ZKI8 O12971 A0A8V0YDT4 A0A8V0ZTG6 A0A8V0XK27 A0A8V0Z4M1 A0A8V0YNQ0 Q98938 A0A8V0Y999 A0A8V0ZW33 A0A8V1A2P5 A0A1D5NZT1 A0A8V0Y290 A0A8V0X097 A0A8V0XYR2 A0A8V0YMR1 A0A8V1A3H9 A0A8V1AAN6 A0A8V0XGL8 A0A8V0YLX0 A0A8V0YQ88 A0A3Q2UGW3 A0A8V0YGQ5 A0A8V0X852 A0A1D5PNG3 A0A1D5P1F1 Q6JHU8 A0A8V0ZZU1 A0A8V0Z2J4 Q5ZJ58 A0A3Q2TT95 A0A8V0ZH54 A0A8V0XAF8 A0A8V1A3S8 A0A8V0Z9Z7 A0A8V0Y614 A0A8V0YDD6 A0A8V0XFB5 A0A8V0ZPH9
Biological Process,heterocycle catabolic process,4,GO:0046700,10,120,389,2734,0.59,0.06111097174822454,1.21,A0A8V1ACS0 A0A8V0ZWX9 A0A8V1A9L3 A0A8V0ZG46 A0A8V0YC57 A0A1D5PNB8 A0A8V0XPN5 A0A8V0ZE30 A0A8V0Z4J0 A0A8V0YWM3
Biological Process,sensory perception of mechanical stimulus,5,GO:0050954,14,61,389,2734,1.61,0.06152916840490093,1.21,A0A8V0Y8G8 A0A8V1ALE0 A0A8V0ZRE1 A0A8V1AB67 A0A1D5P0X0 A0A8V0ZY91 A0A8V0XX41 A0A8V0X370 A0A8V0YVT3 A0A8V1AJV5 R4GGQ4 A0A8V0Y1N7 A0A8V0XFB5 P02460
Biological Process,glycosaminoglycan biosynthetic process,6,GO:0006024,14,61,389,2734,1.61,0.06152916840490093,1.21,F1NGB8 A0A8V0YS46 A0A8V0WZJ4 A0A8V0XRC4 A0A1D5P201 E1C3Z8 A0A1L1RX77 A0A8V0ZBJ8 A0A8V0YXG4 A0A8V0Y2E5 A0A1D5PA74 E1C2T4 A0A8V0Y8L6 Q76KB2
Biological Process,aminoglycan biosynthetic process,5,GO:0006023,14,61,389,2734,1.61,0.06152916840490093,1.21,F1NGB8 A0A8V0YS46 A0A8V0WZJ4 A0A8V0XRC4 A0A1D5P201 E1C3Z8 A0A1L1RX77 A0A8V0ZBJ8 A0A8V0YXG4 A0A8V0Y2E5 A0A1D5PA74 E1C2T4 A0A8V0Y8L6 Q76KB2
Biological Process,positive regulation of response to stimulus,4,GO:0048584,89,530,389,2734,1.18,0.06176246450675811,1.21,Q5ZMG0 P11602 A0A8V0ZWX9 A0A8V1A3D7 A0A8V1AJT2 A0A8V0YVT3 A0A8V0XEJ0 A0A8V0ZEJ3 A0A8V1ACS0 A0A8V0Z8V4 A0A8V0ZZG2 A0A8V1ABC8 A0A8V0X5U3 A0A1L1RX77 A0A8V0YW57 A0A8V1A7R0 A0A8V0ZZD4 A0A8V1A3N1 A0A1D5PNL3 A0A8V0YY90 A0A8V0XJ84 F1NGB8 A0A3Q2TU24 A0A8V0ZB91 A0A8V0YAR4 A0A8V1A9R2 A0A8V0ZDZ5 A0A8V0Y070 A0A8V0ZQS2 A0A8V1AG56 A0A3Q3A4U3 A0A8V0XUK6 A0A8V0XRN3 E1BYF1 A0A3Q2TYT2 A0A8V0YRF2 A0A8V0X1T3 A0A8V0Y5K2 A0A1D5P0D7 A0A8V0Z307 A0A8V0ZE58 Q00649 A0A8V1ABC9 A0A8V0ZVP0 A0A8V0YR09 A0A8V0ZZJ1 A0A8V1AFH0 A0A8V0Y413 A0A8V0YJV4 A0A8V0YMM6 A0A8V1AJI2 A0A1D5PT01 A0A8V1AJV5 A0A8V0YRG2 A0A8V0Y0V1 A0A8V0X4D8 A0A8V0YXG4 A0A8V0Y8L6 A0A8V0Z4J0 A0A8V0ZKS6 A0A8V0ZQJ4 A0A8V0ZTA5 E1C733 A0A8V0ZSX6 A0A1D5PE57 A0A8V0ZF83 A0A8V0ZKI8 O12971 A0A1D5P655 A0A8V0XK27 A0A8V0Z4M1 P01875 Q98938 A0A8V0ZW33 A0A1D5NZT1 A0A8V0ZFG7 A0A8V0XYR2 A0A8V1A8N2 A0A8V1AFC3 A0A1D5P1F1 A0A8V1AJ90 A0A8V0YS46 A0A8V0XB58 A0A8V0ZBJ8 A0A8V0ZZH6 Q9I946 A0A8V0XAF8 A0A8V0YDD6 A0A8V0XFB5
Biological Process,photoreceptor cell differentiation,5,GO:0046530,16,73,389,2734,1.54,0.06211735999482422,1.21,A0A8V0YNQ0 Q98938 A0A8V0ZI29 A0A8V1AB05 A0A8V1A9R2 A0A1D5PNL3 A0A8V0Y722 A0A8V0YY70 A0A8V0ZMU3 A0A1D5NTR5 A0A8V0YDT5 A0A8V0XKU5 A0A1D5NYG2 A0A8V0Z4M1 A0A8V1A7R0 A0A1D5P0D7
Biological Process,localization of cell,2,GO:0051674,63,360,389,2734,1.23,0.06240425284104789,1.2,A0A8V1AG56 Q98938 A0A8V0ZBR8 A0A8V0ZI29 A0A8V0XRC4 A0A8V0YM05 A0A8V1A9A7 A0A8V0Y4R7 A0A3Q3A4U3 A0A1D5NTR5 A0A8V0YXG4 A0A8V0YDT5 A0A1D5PIZ5 A0A1D5NYG2 A0A8V0YW12 A0A8V0Y290 A0A8V0Y8L6 A0A8V0YT63 A0A8V0ZDK0 A0A8V0Z8V4 A0A8V0Y0F3 A0A8V0ZKS6 A0A8V1ABC8 E1C733 A0A8V0YLN5 A0A8V0Y1N7 A0A8V1ACD6 A0A8V0X852 A0A8V0XKU5 A0A8V0ZAU8 A0A8V1AAH7 A0A1L1RZ23 A0A8V0YS46 A0A8V0Z6B9 A0A8V0XA92 A0A8V0ZZU1 A0A8V1AK88 Q0PVE4 A0A8V0ZTP1 A0A8V0XDM2 A0A8V0YE20 A0A3Q2UEL1 A0A8V0ZE58 A0A8V0XWZ8 A0A8V0Z4U2 A0A8V0Z4M1 A0A8V0Z7D4 A0A8V1ABC9 A0A8V1ADF6 A0A8V0YR09 A0A8V0ZKI8 A0A1D5PBU5 A0A1D5P655 A0A8V0YDT4 A0A8V1AB05 A0A8V1A9R2 A0A8V0Y413 A0A8V0YMM6 A0A8V0X370 A0A8V0YDD6 A0A8V0YIE9 P33005 A0A8V0ZQS2
Biological Process,cell motility,2,GO:0048870,63,360,389,2734,1.23,0.06240425284104789,1.2,A0A8V1AG56 Q98938 A0A8V0ZBR8 A0A8V0ZI29 A0A8V0XRC4 A0A8V0YM05 A0A8V1A9A7 A0A8V0Y4R7 A0A3Q3A4U3 A0A1D5NTR5 A0A8V0YXG4 A0A8V0YDT5 A0A1D5PIZ5 A0A1D5NYG2 A0A8V0YW12 A0A8V0Y290 A0A8V0Y8L6 A0A8V0YT63 A0A8V0ZDK0 A0A8V0Z8V4 A0A8V0Y0F3 A0A8V0ZKS6 A0A8V1ABC8 E1C733 A0A8V0YLN5 A0A8V0Y1N7 A0A8V1ACD6 A0A8V0X852 A0A8V0XKU5 A0A8V0ZAU8 A0A8V1AAH7 A0A1L1RZ23 A0A8V0YS46 A0A8V0Z6B9 A0A8V0XA92 A0A8V0ZZU1 A0A8V1AK88 Q0PVE4 A0A8V0ZTP1 A0A8V0XDM2 A0A8V0YE20 A0A3Q2UEL1 A0A8V0ZE58 A0A8V0XWZ8 A0A8V0Z4U2 A0A8V0Z4M1 A0A8V0Z7D4 A0A8V1ABC9 A0A8V1ADF6 A0A8V0YR09 A0A8V0ZKI8 A0A1D5PBU5 A0A1D5P655 A0A8V0YDT4 A0A8V1AB05 A0A8V1A9R2 A0A8V0Y413 A0A8V0YMM6 A0A8V0X370 A0A8V0YDD6 A0A8V0YIE9 P33005 A0A8V0ZQS2
Biological Process,positive regulation of endothelial cell proliferation,7,GO:0001938,8,30,389,2734,1.87,0.06261252400671996,1.2,A0A8V1AG56 A0A8V0Y413 A0A8V1AJT2 E1C733 A0A8V0Y5K2 A0A8V1ABC9 A0A8V0Z4M1 A0A8V1A7R0
Biological Process,regulation of signaling,3,GO:0023051,132,817,389,2734,1.14,0.06374374547246275,1.2,Q5ZMG0 A0A8V0ZWX9 A0A8V1A9L3 A0A8V1AJT2 A0A8V0YVT3 A0A8V0YEZ4 A0A8V0YDT5 A0A8V0ZEJ3 A0A8V0YB43 A0A8V1ACS0 A0A8V0ZZG2 A0A8V1ABC8 A0A8V0X5U3 A0A1L1RX77 A0A8V0XPE8 A0A8V1ACD6 A0A8V1A7R0 A0A8V0ZA56 A0A8V1A3N1 A0A1D5PNL3 A0A8V0Y9F8 A0A8V0YY90 A0A8V0XJ84 A0A1D5NWP2 F1NGB8 A0A3Q2TU24 A0A8V0ZB91 A0A8V0YAR4 A0A8V1AB05 A0A8V1A9R2 A0A8V1AB67 A0A8V0ZDZ5 A0A8V0ZHK9 A0A8V0Y070 A0A8V0ZQS2 A0A8V1AG56 A0A8V0YM05 A0A8V1A9A7 A0A3Q3A4U3 A0A8V0XRN3 A0A8V0ZC57 P02460 A0A8V0Y0F3 A0A8V0X637 E1BYF1 A0A8V0ZRU9 A0A3Q2TYT2 A0A8V0YRF2 A0A1D5NZN4 A0A8V0X1T3 A0A8V0Y5K2 A0A8V1AAH7 A0A1D5P0D7 A0A8V0Z307 A0A8V0ZE58 Q00649 A0A8V0Z7D4 A0A8V1ABC9 A0A8V0ZE30 A0A8V0YRK4 A0A8V1ADF6 E1BQI2 A0A8V0YR09 A0A8V0YJV4 A0A8V0YMM6 A0A8V1AJI2 A0A8V1AJV5 A0A8V0YLT1 Q5ZKV5 A0A8V0YRG2 A0A8V0Y0V1 A0A8V0X4D8 A0A8V0YBZ6 A0A8V0ZI29 A0A1D5NVM6 A0A8V1AFP7 A0A8V0YXG4 A0A8V0YPA6 A0A8V0XFL3 A0A8V0Y8L6 A0A8V0Z4J0 A0A8V0YC57 A0A8V0ZSG8 A0A8V0ZKS6 A0A8V0ZHX5 A0A8V0ZTA5 E1C733 A0A8V0ZSX6 A0A1D5PE57 Q8AWB4 A0A1D5PC37 A0A8V0ZY91 A0A8V0YBD7 A0A8V0ZF83 A0A8V0ZKI8 O12971 A0A8V0YDT4 A0A1D5P655 A0A8V0XK27 A0A8V0Z9Y8 A0A8V0Z4M1 A0A8V0YNQ0 Q98938 A0A8V0Y999 A0A1D5NZT1 A0A8V0ZFG7 A0A8V0Y290 A0A8V0X097 A0A8V0XYR2 A0A8V0YMR1 A0A8V1A3H9 A0A8V0YQ88 A0A3Q2UGW3 A0A8V1AFC3 A0A8V0YHH6 A0A1D5P1F1 A0A8V1AJ90 A0A8V0YS46 A0A8V0XB58 A0A8V0XDM2 A0A8V0Z2J4 Q5ZJ58 A0A8V1A2F4 A0A3Q2TT95 A0A8V0ZBJ8 A0A8V0ZH54 A0A8V0XX49 Q9I946 A0A8V0XAF8 A0A8V0YDD6 A0A8V0XFB5 Q5ZHL0
Biological Process,regulation of signal transduction,4,GO:0009966,120,735,389,2734,1.15,0.06383263586387036,1.19,Q5ZMG0 A0A8V0ZWX9 A0A8V1A9L3 A0A8V1AJT2 A0A8V0YVT3 A0A8V0YEZ4 A0A8V0YDT5 A0A8V0ZEJ3 A0A8V1ACS0 A0A8V0ZZG2 A0A8V1ABC8 A0A8V0X5U3 A0A1L1RX77 A0A8V0XPE8 A0A8V1ACD6 A0A8V1A7R0 A0A8V0ZA56 A0A8V1A3N1 A0A1D5PNL3 A0A8V0YY90 A0A8V0XJ84 F1NGB8 A0A3Q2TU24 A0A8V0ZB91 A0A8V0YAR4 A0A8V1AB05 A0A8V1A9R2 A0A8V0ZDZ5 A0A8V0ZHK9 A0A8V0Y070 A0A8V0ZQS2 A0A8V1AG56 A0A8V0YM05 A0A8V1A9A7 A0A3Q3A4U3 A0A8V0XRN3 A0A8V0ZC57 P02460 A0A8V0Y0F3 A0A8V0X637 E1BYF1 A0A8V0ZRU9 A0A8V0YRF2 A0A1D5NZN4 A0A8V0X1T3 A0A8V0Y5K2 A0A8V1AAH7 A0A1D5P0D7 A0A8V0Z307 A0A8V0ZE58 Q00649 A0A8V0Z7D4 A0A8V1ABC9 A0A8V0ZE30 A0A8V1ADF6 E1BQI2 A0A8V0YR09 A0A8V0YJV4 A0A8V0YMM6 A0A8V1AJI2 A0A8V1AJV5 Q5ZKV5 A0A8V0YRG2 A0A8V0Y0V1 A0A8V0X4D8 A0A8V0YBZ6 A0A8V0ZI29 A0A1D5NVM6 A0A8V1AFP7 A0A8V0YXG4 A0A8V0YPA6 A0A8V0XFL3 A0A8V0Y8L6 A0A8V0Z4J0 A0A8V0YC57 A0A8V0ZSG8 A0A8V0ZKS6 A0A8V0ZHX5 A0A8V0ZTA5 E1C733 A0A1D5PE57 Q8AWB4 A0A8V0ZF83 A0A8V0ZKI8 O12971 A0A8V0YDT4 A0A1D5P655 A0A8V0XK27 A0A8V0Z4M1 A0A8V0YNQ0 Q98938 A0A8V0Y999 A0A1D5NZT1 A0A8V0ZFG7 A0A8V0Y290 A0A8V0X097 A0A8V0XYR2 A0A8V0YMR1 A0A8V1A3H9 A0A8V0YQ88 A0A3Q2UGW3 A0A8V1AFC3 A0A8V0YHH6 A0A1D5P1F1 A0A8V1AJ90 A0A8V0YS46 A0A8V0XB58 A0A8V0XDM2 A0A8V0Z2J4 Q5ZJ58 A0A8V1A2F4 A0A3Q2TT95 A0A8V0ZBJ8 A0A8V0ZH54 A0A8V0XX49 Q9I946 A0A8V0XAF8 A0A8V0YDD6 A0A8V0XFB5 Q5ZHL0
Biological Process,embryonic skeletal joint development,6,GO:0072498,3,7,389,2734,3.01,0.06432455477125541,1.19,A0A8V0Y8L6 Q98938 P02460
Biological Process,ER-associated misfolded protein catabolic process,6,GO:0071712,3,7,389,2734,3.01,0.06432455477125541,1.19,Q5ZIB0 A0A8V0XQS7 A0A8V0ZW46
Biological Process,cell surface receptor signaling pathway involved in heart development,4,GO:0061311,3,7,389,2734,3.01,0.06432455477125541,1.19,A0A8V0ZKI8 A0A8V1A2F4 A0A8V1AG56
Biological Process,negative regulation of fat cell differentiation,6,GO:0045599,3,7,389,2734,3.01,0.06432455477125541,1.19,A0A8V0Z4M1 A0A8V0ZKI8 A0A8V1AG56
Biological Process,aortic valve development,5,GO:0003176,3,7,389,2734,3.01,0.06432455477125541,1.19,A0A8V0Y290 A0A8V0Y0F3 A0A3Q3A4U3
Biological Process,ectodermal placode formation,3,GO:0060788,3,7,389,2734,3.01,0.06432455477125541,1.19,A0A8V0ZKI8 A0A8V0YM05 A0A8V0YMM6
Biological Process,axonal defasciculation,4,GO:0007414,3,7,389,2734,3.01,0.06432455477125541,1.19,A0A8V0YXG4 A0A8V0ZF83 A0A8V0Y070
Biological Process,regulation of cell growth involved in cardiac muscle cell development,5,GO:0061050,3,7,389,2734,3.01,0.06432455477125541,1.19,A0A8V1AK88 A0A8V0XYR2 A0A8V0XXK8
Biological Process,heart formation,4,GO:0060914,3,7,389,2734,3.01,0.06432455477125541,1.19,A0A8V0Z4M1 A0A8V0XDM2 Q98938
Biological Process,intracellular distribution of mitochondria,5,GO:0048312,3,7,389,2734,3.01,0.06432455477125541,1.19,A0A8V0Y8L6 A0A8V0YS46 A0A8V0XCX4
Biological Process,otic vesicle development,4,GO:0071599,3,7,389,2734,3.01,0.06432455477125541,1.19,A0A8V0YM05 A0A8V0YMM6 P02460
Biological Process,ectodermal placode morphogenesis,3,GO:0071697,3,7,389,2734,3.01,0.06432455477125541,1.19,A0A8V0ZKI8 A0A8V0YM05 A0A8V0YMM6
Biological Process,transport of virus,2,GO:0046794,3,7,389,2734,3.01,0.06432455477125541,1.19,A0A8V1ACS0 A0A8V0Z4J0 A0A8V0XAE5
Biological Process,dermatan sulfate metabolic process,4,GO:0030205,3,7,389,2734,3.01,0.06432455477125541,1.19,A0A1L1RX77 A0A8V0XRC4 E1C3Z8
Biological Process,cellular response to vitamin D,5,GO:0071305,3,7,389,2734,3.01,0.06432455477125541,1.19,A0A8V0XPE8 A0A8V0YNQ0 A0A8V0Y1A4
Biological Process,regulation of urine volume,4,GO:0035809,3,7,389,2734,3.01,0.06432455477125541,1.19,A0A8V0YJV4 A0A8V0XYR2 A0A8V0Y2E5
Biological Process,aortic valve morphogenesis,4,GO:0003180,3,7,389,2734,3.01,0.06432455477125541,1.19,A0A8V0Y290 A0A8V0Y0F3 A0A3Q3A4U3
Biological Process,microvillus assembly,7,GO:0030033,3,7,389,2734,3.01,0.06432455477125541,1.19,A0A8V1AJV5 A0A1D5P0X0 E1BQI2
Biological Process,regulation of T cell apoptotic process,8,GO:0070232,3,7,389,2734,3.01,0.06432455477125541,1.19,A0A8V1AG56 A0A8V1A9R2 A0A8V0ZWX9
Biological Process,negative regulation of protein localization to cell surface,6,GO:2000009,3,7,389,2734,3.01,0.06432455477125541,1.19,A0A8V0X4D8 A0A1D5PC37 A0A8V0X5K9
Biological Process,terminal region determination,4,GO:0007362,3,7,389,2734,3.01,0.06432455477125541,1.19,A0A8V0ZF83 A0A8V0YMM6 A0A8V0Y070
Biological Process,axon extension,5,GO:0048675,10,40,389,2734,1.76,0.0644670539255808,1.19,A0A8V1AG56 A0A8V0Z8V4 A0A8V0ZZU1 A0A8V0ZB91 A0A8V0ZI29 A0A1D5P655 A0A8V1AB05 A0A8V0YDT5 A0A8V1ACD6 P33005
Biological Process,regulation of actin polymerization or depolymerization,6,GO:0008064,5,76,389,2734,0.46,0.06468655296263646,1.19,A0A1D5P655 E1C733 Q00649 A0A8V0XUK6 A0A8V0X852
Biological Process,regulation of microtubule cytoskeleton organization,5,GO:0070507,5,76,389,2734,0.46,0.06468655296263646,1.19,A0A8V1A9L3 A0A1D5PBU5 Q5ZJ58 A0A8V0X5U3 A0A8V0YRK4
Biological Process,heart valve development,3,GO:0003170,5,16,389,2734,2.2,0.064962024092234,1.19,A0A8V0Y0F3 A0A8V0Z2J4 A0A8V0ZE58 A0A3Q3A4U3 A0A8V0Y290
Biological Process,R7 cell differentiation,8,GO:0045466,5,16,389,2734,2.2,0.064962024092234,1.19,A0A8V0ZI29 A0A8V1AB05 A0A1D5NTR5 A0A8V0YDT5 A0A1D5NYG2
Biological Process,regulation of bone resorption,6,GO:0045124,5,16,389,2734,2.2,0.064962024092234,1.19,A0A8V0ZKI8 A0A8V0YLT1 A0A8V1ABC9 A0A8V0Z4M1 A0A8V0ZQS2
Biological Process,imaginal disc-derived wing vein morphogenesis,4,GO:0008586,5,16,389,2734,2.2,0.064962024092234,1.19,A0A8V0ZZG2 A0A8V0YMM6 A0A8V0Y070 A0A8V0XFL3 A0A8V0ZF83
Biological Process,ventricular septum development,4,GO:0003281,5,16,389,2734,2.2,0.064962024092234,1.19,A0A8V1AG56 A0A8V0Z2J4 A0A8V0ZE58 A0A3Q3A4U3 A0A8V0XPE8
Biological Process,negative regulation of dephosphorylation,8,GO:0035305,5,16,389,2734,2.2,0.064962024092234,1.19,A0A8V0Y0V1 A0A8V0YNQ0 A0A8V1AJI2 A0A1L1RP76 A0A8V0X643
Biological Process,mesenchyme development,4,GO:0060485,14,62,389,2734,1.59,0.06522203149692392,1.19,A0A8V0YNQ0 A0A8V0ZKI8 A0A8V1AG56 A0A8V0XDM2 Q98938 A0A8V0ZTP1 A0A3Q3A4U3 A0A8V0YDD6 A0A8V0XJ84 A0A8V0Y2E5 A0A8V1ACD6 A0A8V0Z4M1 A0A8V0XYR2 A0A8V1ADF6
Biological Process,negative regulation of gene expression,7,GO:0010629,32,299,389,2734,0.75,0.06566836991979011,1.18,A0A8V0Y0V1 A0A8V1AG56 A0A8V0X4D8 A0A8V0Y999 A0A8V0YM05 A0A8V0ZW33 A0A3Q3A4U3 A0A1D5NTR5 A0A8V0YW12 A0A8V0XFL3 A0A8V0Y290 A0A8V0XYR2 A0A8V0Z4J0 A0A8V1ACS0 A0A8V0Y0F3 A0A8V0ZSG8 A0A8V0ZSX6 A0A8V0YRF2 A0A1D5PNG3 A0A8V1A7R0 A0A8V1AA32 A0A8V0Z438 A0A8V0XPN5 A0A8V0ZY91 A0A8V1ABC9 A0A8V0ZE30 A0A8V0ZF83 A0A8V0XAF8 A0A8V0ZJ97 A0A8V0Z9Z7 A0A8V0Y070 A0A8V0Z4M1
Biological Process,regulation of cellular metabolic process,4,GO:0031323,121,965,389,2734,0.88,0.06674544081737482,1.18,Q5ZMG0 A0A8V1A9L3 A0A8V1AJT2 A0A1D5NTR5 A0A8V0YW12 A0A8V0YB43 A0A8V1ACS0 A0A8V0ZZG2 A0A8V1ABC8 A0A8V0X5U3 A0A1L1RX77 A0A8V0YW57 A0A8V0XXW6 A0A8V1A7R0 A0A8V0ZA56 A0A8V1A3N1 A0A1D5PNL3 A0A8V0Y9F8 A0A8V0YY90 A0A8V0XJ84 A0A3Q2TU24 A0A8V0ZB91 A0A8V1A9R2 A0A8V0ZDZ5 A0A8V0Y070 A0A8V0ZQS2 A0A8V1AG56 A0A8V0YM05 A0A8V1A9A7 A0A3Q3A4U3 A0A8V0XUK6 A0A8V0XRN3 A0A8V1ACU1 A0A8V0ZC57 A0A8V0Y0F3 A0A8V0X637 E1BYF1 A0A8V0ZRU9 A0A8V0YRF2 A0A1D5NZN4 A0A8V0X1T3 A0A1D5P0D7 Q0PVE4 A0A8V0Y7Y9 A0A8V1AA32 A0A8V0ZE58 A0A8V0XPN5 Q00649 A0A8V1ABC9 A0A8V0YF22 A0A8V0XM58 A0A8V0ZE30 A0A8V0YRK4 E1BQI2 A0A8V0YR09 A0A1D5P201 A0A8V0Y413 A0A8V0YMM6 A0A8V1AJI2 A0A8V1AJV5 A0A8V0YRG2 A0A8V1A653 A0A8V0Y0V1 A0A8V0X4D8 A0A8V0YGN8 A0A1L1RP76 A0A8V0YPA6 A0A8V0XFL3 A0A8V0X643 A0A8V0Z4J0 A0A8V0ZSG8 A0A8V0ZKS6 A0A8V0ZTA5 E1C733 A0A8V0ZSX6 Q8AWB4 A0A1D5PC37 A0A8V0Z438 A0A8V0XWZ8 A0A1D5PLP1 A0A8V0ZF83 A0A8V0ZKI8 A0A1D5P655 A0A8V0YDT4 A0A8V0Z9Y8 A0A8V0Z4M1 A0A8V0YNQ0 Q98938 A0A8V0XRC4 A0A8V0Y999 A0A8V0ZW33 A0A8V0ZFG7 A0A8V0Y290 A0A8V0XYR2 A0A8V1A3H9 A0A8V0XGL8 A0A1D5PQV0 A0A8V1AFC3 A0A8V0YHH6 A0A8V0X852 A0A1D5PNG3 A0A1D5P1F1 Q6JHU8 A0A8V1AJ90 A0A8V0YS46 A0A8V0WZJ4 A0A8V0XB58 Q5ZJ58 A0A3Q2TT95 A0A8V0Y2E5 A0A8V0ZH54 Q9I946 A0A8V0XAF8 A0A8V1A3S8 A0A8V0Z9Z7 A0A8V0Y614 A0A8V0YDD6 A0A8V0XFB5 Q5ZHL0 A0A8V0ZPH9 A0A8V0YWM3
Biological Process,positive regulation of molecular function,3,GO:0044093,47,417,389,2734,0.79,0.06734117921256852,1.17,A0A8V0Y0V1 A0A8V1AG56 A0A8V0YBZ6 Q98938 A0A8V1A9A7 A0A3Q3A4U3 A0A8V0XRN3 A0A8V0XYR2 A0A8V0Z4J0 A0A8V0ZEJ3 A0A8V1ACS0 Q5ZHX2 A0A8V0ZSG8 A0A8V1ABC8 E1C733 E1BYF1 A0A8V0YW57 A0A8V0X1T3 A0A8V1A7R0 A0A1D5P1F1 A0A8V1AAH7 A0A8V1AJ90 A0A8V0WZJ4 A0A8V0Y7Y9 A0A8V1A3N1 A0A8V0ZE58 A0A1D5PNL3 A0A8V0Z086 A0A8V0XJ84 A0A1D5NWP2 A0A8V0YRK4 Q9I946 A0A8V0XAF8 A0A8V0ZKI8 A0A3Q2TU24 A0A8V1A3S8 O12971 A0A8V0YDT4 A0A8V1AFH0 A0A8V1A9R2 A0A8V1AB67 A0A8V0ZDZ5 A0A8V0YDD6 A0A8V0Z4M1 A0A8V0ZPH9 A0A8V0YRG2 A0A8V0YWM3
Biological Process,cytoskeleton organization,5,GO:0007010,42,379,389,2734,0.78,0.06804153439317497,1.17,A0A8V1A6Y8 A0A8V0ZYM1 A0A8V0YGN8 A0A1D5NTR5 A0A8V0YVT3 A0A8V0YXG4 A0A8V0YG88 A0A1D5NYG2 A0A8V0Z4P8 A0A8V0ZDK0 A0A8V0XGL8 E1C733 A0A8V0X5U3 A0A8V0ZSX0 A0A8V0Y1N7 A0A3Q2TYT2 A0A8V0X852 A0A8V0ZAU8 A0A8V1AAH7 A0A1L1RZ23 A0A8V0XLH4 A0A8V0Z6B9 Q0PVE4 A0A8V0ZBA3 A0A8V0ZTP1 Q5ZJ58 A0A1D5P0X0 A0A3Q2UEL1 A0A8V0ZT48 A0A8V0Z4U2 A0A8V0ZE30 A0A1D5PLP1 A0A8V0YRK4 E1BQI2 A0A3Q2TU24 A0A1D5PBU5 A0A1D5P655 A0A8V1AB67 A0A8V0X370 A0A8V1AJV5 A0A8V0YIE9 A0A8V0ZLV6
Biological Process,protein homooligomerization,7,GO:0051260,7,92,389,2734,0.53,0.06819167847063702,1.17,A0A8V0Y0F3 A0A8V0ZHX5 A0A8V0Y413 A0A8V0Z2J4 E1BYF1 A0A8V0YGQ5 A0A8V0Y290
Biological Process,postsynapse organization,4,GO:0099173,7,24,389,2734,2.05,0.06874569975529173,1.16,A0A8V1AG56 A0A8V0X4D8 A0A3Q2UGW3 A0A8V0Y9F8 A0A1D5NTR5 A0A1D5NYG2 A0A8V0YRG2
Biological Process,larval development,3,GO:0002164,11,128,389,2734,0.6,0.0687765748883093,1.16,A0A8V1AG56 A0A1D5PCU0 A0A8V0WZJ4 A0A8V0ZJ97 Q98938 A0A8V1A9R2 A0A8V1AEJ4 A0A1D5NZT1 A0A8V0XK27 A0A8V0YXG4 A0A8V0ZE30
Biological Process,establishment of organelle localization,3,GO:0051656,16,170,389,2734,0.66,0.06920133556408375,1.16,A0A8V0Z8V4 Q0PVE4 A0A1D5PBU5 A0A8V0XDM2 A0A8V1AFR2 A0A8V1AB67 A0A8V0Z9Z7 A0A8V0X5U3 A0A8V0YVT3 A0A8V1AJV5 A0A8V0XTW4 A0A8V0Z9Y8 A0A8V0XM58 A0A1D5PNG3 A0A8V0YSI0 A0A8V0ZE30
Biological Process,cellular response to oxidative stress,4,GO:0034599,4,64,389,2734,0.44,0.06950538255604397,1.16,A0A1D5P1F1 Q00649 A0A8V0YJV4 A0A8V0YWM3
Biological Process,endocytosis,3,GO:0006897,19,194,389,2734,0.69,0.06984578904196295,1.16,A0A8V1A2P5 A0A8V0YXG4 A0A1D5PIZ5 A0A8V0XEJ0 A0A8V0Y8L6 A0A8V0ZZG2 A0A3Q2UGW3 A0A8V0Z888 A0A1D5PC37 A0A8V0YS46 A0A8V0ZZU1 A0A8V0XDM2 A0A8V0Y9F8 A0A8V0ZH54 A0A8V0YR09 A0A8V0ZKI8 A0A1D5P655 A0A8V0Z9Y8 P01875
Biological Process,positive regulation of protein localization,5,GO:1903829,9,111,389,2734,0.57,0.06995730211815879,1.16,A0A8V0YNQ0 A0A8V0WZJ4 Q98938 A0A8V0YY70 A0A8V0X5U3 A0A8V0YVT3 A0A8V0Z4M1 A0A8V0YRG2 A0A1D5PC37
Biological Process,regulation of dephosphorylation,7,GO:0035303,10,41,389,2734,1.71,0.07033597114802927,1.15,A0A8V0Y0V1 A0A8V0YNQ0 A0A8V0WZJ4 Q98938 A0A8V0X637 A0A8V0XRC4 A0A8V1AJI2 A0A8V0XRN3 A0A1L1RP76 A0A8V0X643
Biological Process,negative regulation of cell morphogenesis,6,GO:0010771,10,41,389,2734,1.71,0.07033597114802927,1.15,A0A8V1AG56 A0A8V0Z8V4 A0A8V0ZI29 A0A8V0YDT4 A0A8V0ZKS6 A0A8V1AB05 A0A8V0YDT5 A0A8V1ACD6 A0A8V0YRG2 A0A8V0YMR1
Biological Process,regulation of cell communication,4,GO:0010646,130,808,389,2734,1.13,0.07220421830859286,1.14,Q5ZMG0 A0A8V0ZWX9 A0A8V1A9L3 A0A8V1AJT2 A0A8V0YVT3 A0A8V0YEZ4 A0A8V0YDT5 A0A8V0ZEJ3 A0A8V1ACS0 A0A8V0ZZG2 A0A8V1ABC8 A0A8V0X5U3 A0A1L1RX77 A0A8V0XPE8 A0A8V1ACD6 A0A8V1A7R0 A0A8V0ZA56 A0A8V1A3N1 A0A1D5PNL3 A0A8V0Y9F8 A0A8V0YY90 A0A8V0XJ84 F1NGB8 A0A3Q2TU24 A0A8V0ZB91 A0A8V0YAR4 A0A8V1AB05 A0A8V1A9R2 A0A8V1AB67 A0A8V0ZDZ5 A0A8V0ZHK9 A0A8V0Y070 A0A8V0ZQS2 A0A8V1AG56 A0A8V0YM05 A0A8V1A9A7 A0A3Q3A4U3 A0A8V0XRN3 A0A8V0ZC57 P02460 A0A8V0Y0F3 A0A8V0X637 E1BYF1 A0A8V0ZRU9 A0A3Q2TYT2 A0A8V0YRF2 A0A1D5NZN4 A0A8V0X1T3 A0A8V0Y5K2 A0A8V1AAH7 A0A1D5P0D7 A0A8V0Z307 A0A8V0ZE58 Q00649 A0A8V0Z7D4 A0A8V1ABC9 A0A8V0ZE30 A0A8V0YRK4 A0A8V1ADF6 E1BQI2 A0A8V0YR09 A0A8V0YJV4 A0A8V0YMM6 A0A8V1AJI2 A0A8V1AJV5 A0A8V0YLT1 Q5ZKV5 A0A8V0YRG2 A0A8V0Y0V1 A0A8V0X4D8 A0A8V0YBZ6 A0A8V0ZI29 A0A1D5NVM6 A0A8V1AFP7 A0A8V0YXG4 A0A8V0YPA6 A0A8V0XFL3 A0A8V0Y8L6 A0A8V0Z4J0 A0A8V0YC57 A0A8V0ZSG8 A0A8V0ZKS6 A0A8V0ZHX5 A0A8V0ZTA5 E1C733 A0A8V0ZSX6 A0A1D5PE57 Q8AWB4 A0A1D5PC37 A0A8V0ZY91 A0A8V0YBD7 A0A8V0ZF83 A0A8V0ZKI8 O12971 A0A8V0YDT4 A0A1D5P655 A0A8V0XK27 A0A8V0Z9Y8 A0A8V0Z4M1 A0A8V0YNQ0 Q98938 A0A8V0Y999 A0A1D5NZT1 A0A8V0ZFG7 A0A8V0Y290 A0A8V0X097 A0A8V0XYR2 A0A8V0YMR1 A0A8V1A3H9 A0A8V0YQ88 A0A3Q2UGW3 A0A8V1AFC3 A0A8V0YHH6 A0A1D5P1F1 A0A8V1AJ90 A0A8V0YS46 A0A8V0XB58 A0A8V0XDM2 A0A8V0Z2J4 Q5ZJ58 A0A8V1A2F4 A0A3Q2TT95 A0A8V0ZBJ8 A0A8V0ZH54 A0A8V0XX49 Q9I946 A0A8V0XAF8 A0A8V0YDD6 A0A8V0XFB5 Q5ZHL0
Biological Process,sex differentiation,3,GO:0007548,26,132,389,2734,1.38,0.0732126961459657,1.14,A0A8V1AG56 Q98938 A0A8V0YM05 A0A3Q3A4U3 P33005 A0A1D5NTR5 A0A1D5NYG2 A0A8V0ZDK0 A0A8V0Z8V4 A0A8V0ZKS6 A0A8V0YW57 A0A1D5NZN4 A0A8V0XF68 Q0PVE4 A0A8V0ZZU1 A0A8V0ZY91 A0A8V0Y1A4 A0A8V0ZH54 A0A8V1ABC9 A0A8V0ZKI8 A0A3Q2TU24 A0A8V0YEQ1 O12971 A0A8V0ZES4 A0A8V0ZQP1 A0A8V0Z4M1
Biological Process,import into cell,4,GO:0098657,20,203,389,2734,0.69,0.07506110595657448,1.12,A0A8V1A2P5 A0A8V0YXG4 A0A1D5PIZ5 A0A8V0XEJ0 A0A8V0Y8L6 A0A8V0ZZG2 A0A3Q2UGW3 A0A8V0Z888 A0A1D5PC37 A0A8V0YS46 A0A8V0ZZU1 A0A8V0XDM2 A0A8V0Y9F8 A0A8V0ZH54 A0A8V0YR09 A0A8V0ZKI8 A0A1D5P655 A0A8V0XLN9 A0A8V0Z9Y8 P01875
Biological Process,glycosphingolipid metabolic process,5,GO:0006687,7,25,389,2734,1.97,0.07513167206138441,1.12,A0A8V0X637 A0A8V0XXM5 A0A8V0WZN3 A0A8V0YZJ3 A0A8V0Z086 A0A8V0YC98 A0A8V0YYQ9
Biological Process,positive regulation of smoothened signaling pathway,6,GO:0045880,7,25,389,2734,1.97,0.07513167206138441,1.12,F1NGB8 A0A8V0YS46 Q98938 A0A8V0ZBJ8 A0A1D5NZT1 A0A8V0XK27 A0A8V0Y8L6
Biological Process,regulation of tube size,4,GO:0035150,3,55,389,2734,0.38,0.07605146583062028,1.12,A0A8V0XAF8 A0A8V0XYR2 A0A8V0Y513
Biological Process,vesicle organization,5,GO:0016050,12,135,389,2734,0.62,0.07621135830138226,1.12,A0A3Q2U2N5 A0A8V0ZZU1 A0A8V0XDM2 A0A8V1AFR2 A0A8V1AB67 A0A1D5NVM6 A0A8V0XTW4 A0A8V0ZH54 A0A8V0Z9Y8 A0A8V0XFL3 A0A8V0YSI0 A0A1D5PC37
Biological Process,positive regulation of GTPase activity,6,GO:0043547,6,81,389,2734,0.52,0.07652896538418778,1.12,A0A8V0Y0V1 A0A8V1AG56 A0A8V0YBZ6 E1C733 A0A8V0ZPH9 A0A8V1AAH7
Biological Process,regulation of small molecule metabolic process,4,GO:0062012,6,81,389,2734,0.52,0.07652896538418778,1.12,A0A8V1AK88 A0A8V0YY90 A0A8V0Y2E5 A0A1D5PNG3 A0A8V1A7R0 A0A8V1A3H9
Biological Process,maintenance of location,2,GO:0051235,6,81,389,2734,0.52,0.07652896538418778,1.12,A0A8V0ZDK0 A0A8V0ZZG2 A0A1D5PBU5 A0A8V0XPE8 A0A8V0Z086 A0A8V0X852
Biological Process,intraciliary transport,3,GO:0042073,10,42,389,2734,1.67,0.07724326392123629,1.11,A0A8V0XAF8 A0A8V0YEQ1 A0A8V1A4I0 A0A8V0Y722 A0A8V0YY70 E1BQB4 A0A8V0YVT3 A0A8V0XK27 A0A1D5NZT1 A0A8V0XM58
Biological Process,purine ribonucleoside triphosphate biosynthetic process,8,GO:0009206,2,43,389,2734,0.33,0.0775205567882642,1.11,A0A1D5PCU0 A0A8V0Z1C5
Biological Process,purine nucleoside triphosphate biosynthetic process,7,GO:0009145,2,43,389,2734,0.33,0.0775205567882642,1.11,A0A1D5PCU0 A0A8V0Z1C5
Biological Process,positive regulation of intracellular protein transport,6,GO:0090316,2,43,389,2734,0.33,0.0775205567882642,1.11,A0A8V0YVT3 A0A8V0WZJ4
Biological Process,DNA-templated transcription,6,GO:0006351,2,43,389,2734,0.33,0.0775205567882642,1.11,A0A8V0ZG43 A0A8V1A7R0
Biological Process,cell recognition,2,GO:0008037,20,98,389,2734,1.43,0.0779059565705868,1.11,A0A8V1AG56 A0A8V0X4D8 A0A8V0XXM5 A0A8V0XRC4 A0A3Q3A4U3 A0A1D5NTR5 A0A8V0YXG4 A0A8V0XEJ0 A0A1D5NYG2 E1BS94 A0A8V0Z8V4 A0A8V0ZKS6 A0A8V1AA32 A0A8V0ZTP1 A0A8V0Y9F8 A0A8V0YBD7 A0A8V0ZF83 A0A8V0YRG2 A0A8V0Y070 P01875
Biological Process,aorta development,5,GO:0035904,4,12,389,2734,2.34,0.07829190669480542,1.11,A0A8V0XPE8 A0A8V0YS46 A0A1D5PE57 A0A3Q3A4U3
Biological Process,sex determination,3,GO:0007530,4,12,389,2734,2.34,0.07829190669480542,1.11,A0A8V0XBI2 A0A8V1A9R2 A0A8V0ZJ97 A0A8V0XE95
Biological Process,sensory neuron axon guidance,9,GO:0097374,4,12,389,2734,2.34,0.07829190669480542,1.11,A0A8V0ZKS6 A0A8V0Z8V4 A0A8V0ZI29 A0A3Q3A4U3
Biological Process,segment polarity determination,5,GO:0007367,4,12,389,2734,2.34,0.07829190669480542,1.11,A0A8V0ZKI8 A0A8V0YS46 A0A8V1A9A7 Q98938
Biological Process,sphingolipid catabolic process,5,GO:0030149,4,12,389,2734,2.34,0.07829190669480542,1.11,A0A8V0Z086 A0A8V0YC98 A0A1D5P1F1 A0A8V0X637
Biological Process,negative regulation of ossification,5,GO:0030279,4,12,389,2734,2.34,0.07829190669480542,1.11,A0A8V0Y0V1 A0A8V0YMM6 A0A8V1A9A7 A0A8V0ZSG8
Biological Process,positive regulation of protein autophosphorylation,9,GO:0031954,4,12,389,2734,2.34,0.07829190669480542,1.11,A0A8V0Z4M1 A0A3Q2TU24 Q9I946 E1BQI2
Biological Process,regulation of alpha-beta T cell activation,7,GO:0046634,4,12,389,2734,2.34,0.07829190669480542,1.11,A0A8V1A9R2 A0A8V0ZZG2 A0A8V0ZWX9 Q98938
Biological Process,regulation of vascular endothelial growth factor receptor signaling pathway,5,GO:0030947,4,12,389,2734,2.34,0.07829190669480542,1.11,A0A8V0Z4M1 A0A8V0Y0F3 A0A8V0Y290 A0A8V0Z7D4
Biological Process,ribonucleoside triphosphate biosynthetic process,7,GO:0009201,2,44,389,2734,0.32,0.07850046367973332,1.11,A0A1D5PCU0 A0A8V0Z1C5
Biological Process,cellularization,3,GO:0007349,2,44,389,2734,0.32,0.07850046367973332,1.11,A0A1L1RZ23 A0A8V0ZZU1
Biological Process,neurotransmitter secretion,4,GO:0007269,2,44,389,2734,0.32,0.07850046367973332,1.11,A0A8V1AB67 A0A3Q2TYT2
Biological Process,signal release from synapse,5,GO:0099643,2,44,389,2734,0.32,0.07850046367973332,1.11,A0A8V1AB67 A0A3Q2TYT2
Biological Process,aromatic compound catabolic process,4,GO:0019439,10,118,389,2734,0.6,0.07869232393532251,1.1,A0A8V1ACS0 A0A8V0ZWX9 A0A8V1A9L3 A0A8V0ZG46 A0A8V0YC57 A0A1D5PNB8 A0A8V0XPN5 A0A8V0ZE30 A0A8V0Z4J0 A0A8V0YWM3
Biological Process,establishment of vesicle localization,4,GO:0051650,8,99,389,2734,0.57,0.0787886935338296,1.1,A0A8V0XDM2 A0A8V1AFR2 A0A8V1AB67 A0A8V0YVT3 A0A8V0XTW4 A0A8V0Z9Y8 A0A8V0XM58 A0A8V0YSI0
Biological Process,cellular nitrogen compound catabolic process,4,GO:0044270,10,119,389,2734,0.59,0.07950849101390312,1.1,A0A8V1ACS0 A0A8V0ZWX9 A0A8V1A9L3 A0A8V0ZG46 A0A8V0YC57 A0A1D5PNB8 A0A8V0XPN5 A0A8V0ZE30 A0A8V0Z4J0 A0A8V0YWM3
Biological Process,regulation of actin filament organization,6,GO:0110053,8,101,389,2734,0.56,0.07978253667727472,1.1,A0A1D5P655 A0A8V0YY70 E1C733 Q00649 A0A8V0XUK6 A0A8V0XJ84 A0A8V0X852 A0A8V0ZPH9
Biological Process,response to oxygen-containing compound,3,GO:1901700,54,464,389,2734,0.82,0.08049445809427877,1.09,A0A8V0YNQ0 P11602 A0A8V0ZWX9 A0A8V1AG56 A0A8V0XXM5 A0A8V0ZW33 A0A8V1AEJ4 A0A8V1A2P5 A0A8V0Z4R1 A0A8V0YEZ4 A0A8V0YPA6 A0A8V0XYR2 A0A8V0YC57 A0A8V0YB43 P02460 A0A8V1AHJ8 Q5ZHL0 A0A8V0XGL8 A0A8V0X637 A0A8V1ABC8 A0A8V0ZTA5 A0A8V1AFC3 A0A1L1RX77 A0A8V0XPE8 A0A8V0YW57 A0A8V0ZSX0 A0A8V0Z1C5 A0A8V0Y1N7 A0A8V0ZRU9 A0A1D5PE57 A0A1D5PNG3 A0A8V1A7R0 A0A1D5P1F1 A0A8V0Y4Q2 A0A8V0XDM2 A0A8V0ZY91 A0A8V0Y1A4 Q00649 A0A8V0XJ84 A0A8V1ABC9 Q9I946 A0A8V0Y513 A0A8V0XAF8 A0A8V0YR09 A0A8V0ZKI8 A0A3Q2TU24 A0A1D5P655 A0A8V1A9R2 A0A8V0YJV4 A0A8V0YDD6 A0A8V0YLT1 A0A8V0Z4M1 A0A8V1A653 A0A8V0YWM3
Biological Process,regulation of B cell activation,6,GO:0050864,5,17,389,2734,2.07,0.08171743496345267,1.09,A0A8V0ZWX9 A0A8V0YW57 A0A8V0XEJ0 P01875 A0A8V0ZQS2
Biological Process,positive regulation of leukocyte differentiation,6,GO:1902107,5,17,389,2734,2.07,0.08171743496345267,1.09,A0A8V0ZWX9 Q98938 A0A8V0YLT1 A0A8V1ABC9 A0A8V0ZQS2
Biological Process,neural crest cell migration,6,GO:0001755,5,17,389,2734,2.07,0.08171743496345267,1.09,A0A8V0XDM2 A0A8V0ZTP1 A0A8V0YDD6 A0A8V1ACD6 A0A8V1ADF6
Biological Process,dorsal/ventral axon guidance,9,GO:0033563,5,17,389,2734,2.07,0.08171743496345267,1.09,A0A8V0YUF6 A0A8V0Z8V4 A0A8V0ZKS6 A0A8V0YRN1 A0A3Q3A4U3
Biological Process,JNK cascade,6,GO:0007254,5,17,389,2734,2.07,0.08171743496345267,1.09,A0A8V1ACS0 A0A8V1AG56 A0A8V1ABC8 A0A1D5PNL3 A0A8V0Z4J0
Biological Process,negative regulation of cell activation,5,GO:0050866,9,35,389,2734,1.81,0.0817990452461658,1.09,A0A3Q2TU24 A0A8V0Y0F3 A0A8V0ZZG2 Q98938 A0A8V1A9R2 A0A8V1A2P5 A0A8V0Y290 A0A8V0ZQS2 A0A8V0YR09
Biological Process,neuron differentiation,4,GO:0030182,66,383,389,2734,1.21,0.08229214849331436,1.08,A0A8V0YNQ0 A0A8V1AG56 A0A8V0X4D8 Q98938 A0A8V0ZBR8 A0A8V0ZI29 A0A8V0XRC4 A0A1D5NW03 A0A3Q3A4U3 A0A1D5NTR5 A0A8V0YVT3 A0A8V0YDT5 A0A8V0YXG4 A0A1D5PIZ5 A0A1D5NYG2 A0A8V0Y8L6 A0A8V0Y4G8 A0A8V1AAN6 A0A8V0YB43 A0A8V0Z8V4 A0A8V0YUF6 A0A8V0ZSG8 A0A8V0ZKS6 A0A3Q2UGW3 A0A8V0Y722 A0A8V0XK73 A0A8V0ZSX0 A0A8V0ZSX6 A0A8V1ACD6 A0A8V0ZRU9 A0A8V0XKU5 A0A8V0Z888 A0A8V1A7R0 A0A8V0ZMU3 A0A8V1AAH7 A0A1D5P0D7 Q0PVE4 A0A8V0ZZU1 F1NEZ4 A0A8V0XDM2 A0A8V0YRN1 A0A8V0YE20 A0A1D5PNL3 A0A8V0Y9F8 A0A8V0YBD7 A0A8V0Z4M1 A0A8V1ABC9 A0A8V0YRG2 A0A8V0ZF83 A0A8V1ADF6 A0A8V0ZKI8 A0A8V0ZB91 A0A1D5P655 A0A8V1AB05 A0A8V1A9R2 A0A8V1AB67 A0A8V0Y413 A0A8V0YY70 A0A8V0Y070 A0A1D5PT01 A0A8V0XK27 A0A8V1AJV5 A0A8V0XFB5 P33005 Q76KB2 A0A8V0YWM3
Biological Process,embryonic organ development,4,GO:0048568,27,140,389,2734,1.36,0.08239204234886394,1.08,A0A8V1AG56 A0A8V0ZWX9 Q98938 A0A8V0YM05 A0A3Q3A4U3 A0A8V0YVT3 A0A8V0XYR2 P02460 A0A8V0Z8V4 Q76KB2 A0A8V0XKU5 A0A1D5P0D7 A0A8V0YS46 A0A8V0XDM2 A0A8V0ZE58 A0A8V0XJ84 A0A8V0XM58 A0A8V0ZKI8 A0A3Q2TU24 A0A8V0YEQ1 O12971 A0A8V0X9N1 A0A8V0YMM6 A0A8V0Y070 A0A8V1AJV5 A0A8V0Z4M1 A0A8V0YRG2
Biological Process,regulation of cell growth,4,GO:0001558,27,140,389,2734,1.36,0.08239204234886394,1.08,A0A8V0Y0V1 A0A8V1AG56 A0A8V0X4D8 Q98938 A0A8V0ZI29 A0A8V0YGN8 A0A8V0YDT5 A0A8V0XYR2 A0A8V0YMR1 A0A8V0Z8V4 A0A8V0ZZG2 A0A8V0ZKS6 E1BYF1 A0A8V0XXW6 A0A8V1ACD6 A0A1D5P1F1 Q6JHU8 A0A8V1AK88 A0A8V0XB58 A0A8V0XXK8 F1NGB8 A0A8V0ZB91 A0A1D5P655 A0A8V1AB05 A0A8V0YDD6 A0A8V0Z4M1 A0A3Q2U3T5
Biological Process,forebrain development,3,GO:0030900,21,103,389,2734,1.43,0.08281688046949887,1.08,A0A8V0YNQ0 A0A8V1AG56 Q98938 A0A3Q3A4U3 A0A8V0YVT3 A0A8V0Y8L6 A0A8V0Z8V4 A0A8V0ZTA5 A0A8V0ZSX0 A0A8V0XKU5 A0A1D5PE57 A0A8V0YS46 A0A8V0ZKI8 A0A8V0ZB91 A0A8V1AB05 A0A8V0ZHK9 A0A8V0YY70 A0A8V0YMM6 A0A8V0X370 A0A8V0XK27 A0A8V0YRG2
Biological Process,regulation of chemotaxis,4,GO:0050920,18,86,389,2734,1.47,0.08294697375315671,1.08,Q5ZMG0 A0A8V1AG56 A0A8V0Z8V4 A0A8V0ZI29 A0A8V0ZKS6 A0A8V1AB05 A0A8V0Y413 A0A3Q3A4U3 Q00649 A0A8V0YDD6 A0A8V0YDT5 A0A8V1ACD6 A0A8V1ABC9 A0A8V0Z4M1 A0A8V0YRG2 A0A8V0XYR2 A0A8V1A3H9 A0A8V0YR09
Biological Process,positive regulation of signal transduction,5,GO:0009967,66,385,389,2734,1.2,0.08326283446786845,1.08,Q5ZMG0 A0A8V0Y0V1 A0A8V0ZWX9 A0A8V0X4D8 A0A8V1AG56 Q98938 A0A8V1AJT2 A0A3Q3A4U3 A0A8V0YVT3 A0A8V0YXG4 A0A1D5NZT1 A0A8V0XRN3 A0A8V0ZFG7 A0A8V0Y8L6 A0A8V0XYR2 A0A8V0Z4J0 A0A8V0ZEJ3 A0A8V1ACS0 A0A8V0ZKS6 A0A8V1ABC8 A0A8V0ZTA5 E1C733 A0A8V1AFC3 E1BYF1 A0A1L1RX77 A0A8V0X5U3 A0A8V0YRF2 A0A1D5PE57 A0A8V0X1T3 A0A8V1A7R0 A0A1D5P1F1 A0A8V0Y5K2 A0A8V1AJ90 A0A1D5P0D7 A0A8V0YS46 A0A8V0Z307 A0A8V0XB58 A0A8V1A3N1 A0A8V0ZE58 A0A1D5PNL3 A0A8V0ZBJ8 A0A8V0YY90 A0A8V0XJ84 A0A8V1ABC9 A0A8V0ZF83 Q9I946 A0A8V0YR09 A0A8V0XAF8 A0A8V0ZKI8 F1NGB8 A0A3Q2TU24 A0A8V0ZB91 O12971 A0A1D5P655 A0A8V0YAR4 A0A8V1A9R2 A0A8V0ZDZ5 A0A8V0YJV4 A0A8V0YMM6 A0A8V0Y070 A0A8V1AJI2 A0A8V0XK27 A0A8V1AJV5 A0A8V0XFB5 A0A8V0Z4M1 A0A8V0YRG2
Biological Process,response to BMP,4,GO:0071772,7,26,389,2734,1.89,0.08331956386327552,1.08,A0A8V0YM05 A0A8V0YMM6 P02460 A0A8V0YDD6 A0A8V0YHH6 A0A8V0XJ84 A0A1D5P0D7
Biological Process,cellular response to BMP stimulus,5,GO:0071773,7,26,389,2734,1.89,0.08331956386327552,1.08,A0A8V0YM05 A0A8V0YMM6 P02460 A0A8V0YDD6 A0A8V0YHH6 A0A8V0XJ84 A0A1D5P0D7
Biological Process,animal organ morphogenesis,3,GO:0009887,73,430,389,2734,1.19,0.08349119214462375,1.08,A0A8V0YNQ0 A0A8V1AG56 A0A8V1A9L3 Q98938 A0A8V0ZI29 A0A8V0ZW33 A0A8V0YM05 A0A8V1A9A7 A0A3Q3A4U3 A0A1D5NTR5 A0A8V0YVT3 A0A8V0YDT5 A0A8V0XRN3 A0A8V0YXG4 A0A1D5NZT1 A0A1D5NYG2 A0A8V0XFL3 A0A8V0XYR2 A0A8V1AAN6 A0A8V1A3H9 P02460 A0A8V0Z8V4 A0A8V0ZZG2 A0A8V0ZKS6 A0A8V0Y722 E1C733 A0A8V0XK73 A0A1L1RX77 A0A8V0Y7C8 A0A8V0ZF99 A0A8V0XKU5 A0A1D5PE57 A0A8V1A7R0 A0A8V0ZMU3 A0A8V1AAH7 A0A1D5P0D7 A0A8V0YS46 A0A8V0ZZU1 A0A8V0XDM2 A0A8V0ZTP1 A0A8V0Z2J4 A0A3Q2UEL1 A0A8V0ZE58 A0A8V0Y1A4 A0A8V0XJ84 A0A8V0Y2E5 A0A8V0ZH54 A0A1D5NWP2 A0A8V0XM58 A0A8V0YRG2 A0A8V0ZF83 Q9I946 A0A8V0ZKI8 A0A3Q2TU24 A0A8V0YEQ1 O12971 A0A8V0YDT4 A0A8V0X9N1 A0A8V1A9R2 A0A8V1AB05 A0A1D5P655 A0A8V0X5K9 A0A8V0ZES4 A0A8V0Y070 A0A8V0XX41 A0A8V0YMM6 A0A8V0YY70 A0A8V1AJV5 A0A8V0YLT1 A0A8V0YIE9 A0A8V0ZQP1 A0A8V0Z4M1 Q76KB2
Biological Process,positive regulation of cell differentiation,5,GO:0045597,49,276,389,2734,1.25,0.08400260786449026,1.08,A0A8V0Y0V1 P11602 A0A8V0YNQ0 A0A8V0X4D8 A0A8V0ZWX9 A0A8V1AG56 Q98938 A0A8V0ZI29 A0A8V0YM05 A0A8V1AFP7 A0A8V1A9A7 A0A3Q3A4U3 A0A8V0YGN8 A0A8V0YDT5 A0A8V0XRN3 A0A1D5NYG2 A0A8V0XYR2 A0A8V0YC57 A0A8V0XGL8 A0A8V1ABC8 E1BYF1 A0A8V0X5U3 A0A8V0YLN5 A0A8V0Y7C8 A0A8V0X852 A0A8V1A7R0 A0A1D5P1F1 Q6JHU8 A0A1D5P0D7 A0A8V1AK88 A0A8V0ZE58 A0A8V0XWZ8 A0A8V0Y1A4 A0A3Q2TT95 Q00649 A0A8V0XJ84 A0A8V0Y2E5 A0A8V1ABC9 A0A8V0ZKI8 A0A8V0ZB91 A0A1D5P655 A0A8V1AJI2 A0A8V0ZTG6 A0A1D5PT01 A0A8V0YDD6 A0A8V0YLT1 A0A8V0Z4M1 A0A8V0YRG2 A0A8V0ZQS2
Biological Process,humoral immune response,3,GO:0006959,15,70,389,2734,1.51,0.08408369251429498,1.08,A0A8V0ZZD4 A0A8V0ZZJ1 A0A8V1A3D7 A0A8V1A8N2 A0A8V0YAR4 A0A8V0ZQJ4 A0A8V1A9R2 A0A8V1ABC8 E1C733 A0A8V0XEJ0 A0A8V0ZZH6 P01875 A0A8V0ZVP0 A0A8V0ZEJ3 A0A8V0YR09
Biological Process,organic acid catabolic process,4,GO:0016054,5,71,389,2734,0.49,0.08534501543854034,1.07,A0A1D5PNB8 E1BYF1 A0A8V0Y9F8 A0A1L1RSD2 A0A8V0XMD4
Biological Process,regulation of actin filament polymerization,7,GO:0030833,5,71,389,2734,0.49,0.08534501543854034,1.07,A0A1D5P655 E1C733 Q00649 A0A8V0XUK6 A0A8V0X852
Biological Process,carboxylic acid catabolic process,5,GO:0046395,5,71,389,2734,0.49,0.08534501543854034,1.07,A0A1D5PNB8 E1BYF1 A0A8V0Y9F8 A0A1L1RSD2 A0A8V0XMD4
Biological Process,programmed cell death,3,GO:0012501,19,191,389,2734,0.7,0.08556461658859857,1.07,A0A8V0X4D8 A0A8V0XCI3 A0A8V1A9A7 A0A8V0YEZ4 A0A8V0ZSG8 A0A8V1ABC8 A0A8V0YW57 A0A8V0X852 A0A8V0YRF2 A0A1D5PC37 A0A8V0ZA56 A0A1D5P0D7 A0A8V0ZE58 A0A8V1ABC9 Q05744 A0A8V0YAR4 A0A8V0ZDZ5 A0A8V0XFB5 A0A8V0YWM3
Biological Process,neuron projection development,6,GO:0031175,50,281,389,2734,1.25,0.08613688543657065,1.06,A0A8V1AG56 A0A8V0X4D8 Q98938 A0A8V0ZBR8 A0A8V0ZI29 A0A8V0XRC4 A0A1D5NW03 A0A3Q3A4U3 P33005 A0A1D5NTR5 A0A8V0YVT3 A0A8V0YDT5 A0A8V0YXG4 A0A1D5PIZ5 A0A1D5NYG2 A0A8V0Y8L6 A0A8V0Y4G8 A0A8V1AAN6 A0A8V0YB43 A0A8V0Z8V4 A0A8V0YUF6 A0A8V0ZKS6 A0A8V0ZSX0 A0A8V0ZSX6 A0A8V1ACD6 A0A8V1AAH7 A0A1D5P0D7 Q0PVE4 A0A8V0ZZU1 F1NEZ4 A0A8V0XDM2 A0A8V0YRN1 A0A8V0YE20 A0A1D5PNL3 A0A8V0Y9F8 A0A8V0YBD7 A0A8V1ABC9 A0A8V0ZF83 A0A8V1ADF6 A0A8V0ZB91 A0A1D5P655 A0A8V1AB05 A0A8V1AB67 A0A8V0Y413 A0A8V0YY70 A0A8V0Y070 A0A1D5PT01 A0A8V1AJV5 A0A8V0Z4M1 A0A8V0YRG2
Biological Process,mammary gland development,5,GO:0030879,9,36,389,2734,1.76,0.08681893451570796,1.06,A0A8V0ZKI8 A0A8V1AG56 A0A8V0XUJ8 A0A8V1A9A7 E1C733 A0A3Q3A4U3 A0A8V0XJ84 A0A8V0Z4M1 A0A8V1A3H9
Biological Process,positive regulation of secretion by cell,5,GO:1903532,11,125,389,2734,0.62,0.08739460163200377,1.06,A0A8V1AG56 P11602 A0A8V1AB67 A0A8V0YY90 A0A8V0XJ84 A0A8V1ABC9 A0A8V0Z9Y8 A0A8V0YPA6 A0A1D5P1F1 A0A8V0XYR2 A0A1D5PC37
Biological Process,small molecule catabolic process,3,GO:0044282,11,126,389,2734,0.61,0.08813355260994804,1.05,A0A8V0ZWX9 A0A8V0XCX4 A0A8V0YJV4 A0A1D5PNB8 A0A8V0YZJ3 A0A8V1A9A7 E1BYF1 A0A8V0Y9F8 A0A8V1A4P2 A0A1L1RSD2 A0A8V0XMD4
Biological Process,mesenchymal cell differentiation,4,GO:0048762,11,47,389,2734,1.64,0.08815390210702606,1.05,A0A8V0ZKI8 A0A8V1AG56 A0A8V0XDM2 A0A8V0ZTP1 A0A8V0YDD6 A0A8V0XJ84 A0A8V0Y2E5 A0A8V1ACD6 A0A8V0Z4M1 A0A8V0XYR2 A0A8V1ADF6
Biological Process,limb development,4,GO:0060173,11,47,389,2734,1.64,0.08815390210702606,1.05,A0A8V0YNQ0 A0A8V0ZKI8 A0A8V1AG56 A0A8V0YEQ1 Q98938 A0A8V0ZHK9 A0A8V1A9A7 A0A8V0XK27 A0A8V0XM58 Q76KB2 P02460
Biological Process,leukocyte activation,2,GO:0045321,31,287,389,2734,0.76,0.0892787368261778,1.05,A0A8V1AFE7 A0A8V0ZWX9 A0A8V0XXM5 A0A8V0XCI3 A0A8V0YW12 A0A8V0XYR2 A0A8V0ZEJ3 E1BS94 A0A8V0YB43 A0A3Q2U2N5 A0A8V0XGY8 A0A8V0ZSG8 A0A8V1ABC8 A0A8V0YLN5 A0A8V0YW57 A0A8V0ZSX6 A0A1L1RSD2 A0A8V1A7R0 A0A8V0ZZU1 A0A8V0XDM2 A0A8V0Z1E9 A0A8V0YZJ3 A0A8V0ZY42 A0A8V0Z086 A0A8V0YR09 Q05744 O12971 A0A8V1AFH0 A0A8V1A9R2 A0A8V1AB67 A0A1D5P655
Biological Process,positive regulation of cytoskeleton organization,7,GO:0051495,7,88,389,2734,0.56,0.08940159024704258,1.05,A0A1D5P655 E1C733 A0A8V0X5U3 A0A8V0XJ84 A0A8V0X852 A0A8V0ZPH9 A0A8V0XYR2
Biological Process,response to xenobiotic stimulus,3,GO:0009410,7,90,389,2734,0.55,0.08985481674412366,1.05,A0A8V0ZWX9 A0A8V1AHJ8 A0A8V0X637 A0A8V0Y9F8 A0A8V0Z4M1 A0A8V0XYR2 A0A8V0Y513
Biological Process,regulation of ERK1 and ERK2 cascade,7,GO:0070372,16,75,389,2734,1.5,0.09133247954608832,1.04,Q5ZMG0 A0A3Q2TU24 A0A8V0Y0F3 A0A8V0XB58 A0A8V0Y290 A0A8V0ZB91 A0A8V0YDT4 A0A8V0ZE58 E1C733 A0A8V0YDD6 A0A8V1AJV5 A0A8V0XRN3 A0A8V1ABC9 A0A8V0Z4M1 A0A8V0YRG2 Q9I946
Biological Process,corpus callosum development,3,GO:0022038,3,8,389,2734,2.64,0.09235541400097015,1.03,A0A8V1AB05 A0A8V0ZHK9 A0A8V0YRG2
Biological Process,face morphogenesis,3,GO:0060325,3,8,389,2734,2.64,0.09235541400097015,1.03,A0A8V0ZKI8 A0A8V0XGV7 A0A8V0XJ84
Biological Process,estrous cycle,3,GO:0044849,3,8,389,2734,2.64,0.09235541400097015,1.03,A0A8V0YNQ0 A0A8V0Y2E5 A0A8V1AG56
Biological Process,heparin metabolic process,4,GO:0030202,3,8,389,2734,2.64,0.09235541400097015,1.03,F1NGB8 A0A8V0Y8L6 A0A8V0ZBJ8
Biological Process,regulation of membrane lipid distribution,3,GO:0097035,3,8,389,2734,2.64,0.09235541400097015,1.03,A0A3Q2U2N5 A0A8V0YU83 A0A8V0YWM3
Biological Process,negative regulation of protein dephosphorylation,8,GO:0035308,3,8,389,2734,2.64,0.09235541400097015,1.03,A0A8V0YNQ0 A0A8V1AJI2 A0A8V0X643
Biological Process,secondary palate development,4,GO:0062009,3,8,389,2734,2.64,0.09235541400097015,1.03,A0A8V1AG56 A0A8V0YM05 A0A8V0XJ84
Biological Process,astral microtubule organization,4,GO:0030953,3,8,389,2734,2.64,0.09235541400097015,1.03,A0A8V0ZE30 A0A1D5PBU5 A0A8V0X5U3
Biological Process,tooth mineralization,5,GO:0034505,3,8,389,2734,2.64,0.09235541400097015,1.03,A0A8V0ZF99 A0A1D5NWP2 A0A8V0ZES4
Biological Process,dopaminergic neuron differentiation,5,GO:0071542,3,8,389,2734,2.64,0.09235541400097015,1.03,A0A8V0Z4M1 A0A8V0ZKI8 A0A8V1AG56
Biological Process,regulation of dauer larval development,7,GO:0061065,3,8,389,2734,2.64,0.09235541400097015,1.03,A0A8V0YHH6 A0A8V0XK27 A0A8V0X4D8
Biological Process,galactose metabolic process,5,GO:0006012,3,8,389,2734,2.64,0.09235541400097015,1.03,A0A8V1A4P2 A0A8V0YZJ3 A0A8V0ZI47
Biological Process,negative regulation of carbohydrate metabolic process,5,GO:0045912,3,8,389,2734,2.64,0.09235541400097015,1.03,A0A8V1A7R0 A0A8V0YY90 A0A8V1A3H9
Biological Process,unidimensional cell growth,3,GO:0009826,3,8,389,2734,2.64,0.09235541400097015,1.03,A0A8V0ZKI8 A0A8V0ZAU8 A0A8V1A9A7
Biological Process,amnioserosa formation,3,GO:0007378,3,8,389,2734,2.64,0.09235541400097015,1.03,A0A8V0ZF83 A0A8V0YMM6 A0A8V0Y070
Biological Process,regulation of the force of heart contraction,3,GO:0002026,3,8,389,2734,2.64,0.09235541400097015,1.03,A0A8V0ZTA5 A0A8V0XB58 A0A8V1ABC9
Biological Process,negative regulation of sodium ion transmembrane transporter activity,6,GO:2000650,3,8,389,2734,2.64,0.09235541400097015,1.03,A0A8V1AJV5 A0A8V0XB58 A0A8V0ZRU9
Biological Process,negative regulation of alpha-beta T cell activation,8,GO:0046636,3,8,389,2734,2.64,0.09235541400097015,1.03,A0A8V1A9R2 A0A8V0ZZG2 Q98938
Biological Process,positive regulation of bone remodeling,6,GO:0046852,3,8,389,2734,2.64,0.09235541400097015,1.03,A0A8V0ZKI8 A0A8V0YLT1 A0A8V1ABC9
Biological Process,negative regulation of sodium ion transmembrane transport,7,GO:1902306,3,8,389,2734,2.64,0.09235541400097015,1.03,A0A8V1AJV5 A0A8V0XB58 A0A8V0ZRU9
Biological Process,neutrophil chemotaxis,5,GO:0030593,3,8,389,2734,2.64,0.09235541400097015,1.03,A0A8V1ABC8 E1C733 A0A8V1ABC9
Biological Process,ectodermal placode development,3,GO:0071696,3,8,389,2734,2.64,0.09235541400097015,1.03,A0A8V0ZKI8 A0A8V0YM05 A0A8V0YMM6
Biological Process,negative regulation of type I interferon production,6,GO:0032480,3,8,389,2734,2.64,0.09235541400097015,1.03,A0A8V1AB05 A0A8V0ZZG2 A0A8V1AJ90
Biological Process,regulation of endothelial cell differentiation,6,GO:0045601,3,8,389,2734,2.64,0.09235541400097015,1.03,A0A8V0ZTG6 A0A8V0Z4M1 A0A8V0XJ84
Biological Process,positive regulation of bone resorption,5,GO:0045780,3,8,389,2734,2.64,0.09235541400097015,1.03,A0A8V0ZKI8 A0A8V0YLT1 A0A8V1ABC9
Biological Process,amelogenesis,3,GO:0097186,3,8,389,2734,2.64,0.09235541400097015,1.03,A0A8V0ZF99 A0A1D5NWP2 A0A8V0ZES4
Biological Process,regulation of macrophage cytokine production,6,GO:0010935,3,8,389,2734,2.64,0.09235541400097015,1.03,A0A8V1AG56 A0A8V0XJ84 A0A8V0ZB91
Biological Process,cellular response to misfolded protein,5,GO:0071218,3,8,389,2734,2.64,0.09235541400097015,1.03,Q5ZIB0 A0A8V0XQS7 A0A8V0ZW46
Biological Process,regulation of epithelial cell proliferation,5,GO:0050678,19,92,389,2734,1.45,0.09274075763882784,1.03,A0A8V0YNQ0 A0A8V1AG56 Q98938 A0A8V1AJT2 A0A3Q3A4U3 A0A8V0YVT3 A0A1D5NZT1 A0A8V0YPA6 A0A8V1A3H9 E1C733 A0A8V0Y5K2 A0A8V1A7R0 A0A8V0XJ84 A0A8V0Y2E5 A0A8V0ZH54 A0A8V1ABC9 A0A8V0ZKI8 A0A8V0Y413 A0A8V0Z4M1
Biological Process,regulation of tissue remodeling,4,GO:0034103,7,27,389,2734,1.82,0.0932522443377219,1.03,A0A8V0ZKI8 A0A8V0Y413 A0A8V1A9A7 A0A8V0YLT1 A0A8V1ABC9 A0A8V0Z4M1 A0A8V0ZQS2
Biological Process,positive regulation of inflammatory response,6,GO:0050729,7,27,389,2734,1.82,0.0932522443377219,1.03,Q5ZMG0 P11602 A0A8V1AG56 A0A8V1AFH0 A0A8V1ABC8 A0A8V1ABC9 A0A8V0YR09
Biological Process,bone development,4,GO:0060348,11,48,389,2734,1.61,0.09354084410688514,1.03,A0A8V0Y0V1 A0A3Q2TU24 Q98938 A0A8V0YM05 A0A8V1A9A7 A0A1D5NZT1 A0A8V0XJ84 A0A8V0Y2E5 Q6JHU8 Q9I946 P02460
Biological Process,adult behavior,3,GO:0030534,4,61,389,2734,0.46,0.09456178745998745,1.02,A0A8V0ZSX0 A0A1D5P1F1 A0A1D5PNL3 A0A3Q2UGW3
Biological Process,meiotic cell cycle,2,GO:0051321,4,60,389,2734,0.47,0.09458854332760701,1.02,A0A8V0YW57 A0A8V0ZW33 R4GH52 A0A1D5PBU5
Biological Process,translational initiation,3,GO:0006413,4,60,389,2734,0.47,0.09458854332760701,1.02,A0A8V1ACS0 A0A1D5PNG3 A0A8V0Z4J0 A0A8V0XPN5
Biological Process,peptide secretion,5,GO:0002790,4,60,389,2734,0.47,0.09458854332760701,1.02,A0A8V0YB43 A0A8V0ZZU1 A0A8V0XYR2 A0A8V0ZX23
Biological Process,regulation of DNA-binding transcription factor activity,3,GO:0051090,16,76,389,2734,1.48,0.09462674352747114,1.02,A0A8V0ZKI8 A0A8V1ACS0 A0A8V1AG56 A0A8V0ZZG2 A0A8V0ZSG8 Q98938 A0A8V1ABC8 A0A1D5PNL3 A0A8V1A9A7 E1BYF1 A0A8V0ZSX6 A0A8V0Z4M1 A0A1D5P1F1 A0A8V0XYR2 A0A8V0Z4J0 A0A8V1AJ90
Biological Process,negative regulation of biological process,3,GO:0048519,144,1118,389,2734,0.91,0.0951345947688951,1.02,Q5ZMG0 A0A8V0ZWX9 A0A8V1A9L3 A0A8V1AEJ4 A0A8V1AJT2 A0A8V0Z4R1 Q90YI1 A0A1D5NTR5 A0A8V0YEZ4 A0A8V0YDT5 C7G540 A0A8V0YW12 A0A8V0YB43 A0A8V1ACS0 A0A8V0Z8V4 A0A8V0ZZG2 A0A8V1ABC8 A0A8V0XXW6 A0A1L1RX77 A0A8V0XPE8 A0A8V0YW57 A0A8V1ACD6 A0A8V1A7R0 A0A8V0ZKV3 A0A8V0YY90 A0A8V0XJ84 A0A1D5NWP2 A0A3Q2TU24 A0A8V0ZJ97 A0A8V1AB05 A0A8V1A9R2 A0A8V0ZDZ5 A0A8V0ZHK9 A0A8V0Y070 A0A8V0ZX23 A0A8V0ZQS2 A0A8V1AG56 A0A1D5PCU0 A0A8V0YM05 A0A8V1A9A7 A0A3Q3A4U3 A0A8V0XUK6 A0A8V1ACU1 A0A8V0ZC57 P02460 A0A8V0Y0F3 A0A8V0X637 E1BYF1 A0A8V0ZRU9 A0A8V0YRF2 A0A1D5NZN4 A0A8V0Y5K2 A0A8V1AAH7 Q0PVE4 A0A8V0Y7Y9 A0A8V1AA32 A0A8V0ZE58 A0A8V0XPN5 Q00649 A0A8V1ABC9 A0A8V0YF22 A0A8V0ZE30 A0A8V0YRK4 E1BQI2 A0A8V0YR09 A0A1D5PBU5 A0A8V0Y413 A0A8V0YJV4 A0A8V0X5K9 A0A8V0YMM6 A0A8V0YY70 A0A8V1AJI2 A0A8V1AJV5 Q5ZKV5 A0A8V0YRG2 A0A8V1A653 A0A8V0Y0V1 A0A8V0X4D8 A0A8V0ZI29 A0A8V1AFP7 A0A8V0YXG4 A0A1L1RP76 A0A8V0YPA6 A0A8V0XFL3 A0A8V0X643 A0A8V0Z4J0 A0A8V0YC57 A0A8V0ZSG8 A0A8V0ZKS6 A0A8V0ZTA5 A0A8V0ZSX6 A0A1D5PE57 A0A1D5PC37 A0A8V0Z438 A0A8V0XWZ8 A0A8V0ZY91 A0A8V0Y1A4 A0A8V0YBD7 A0A8V0ZF83 A0A8V0ZKI8 O12971 A0A8V0YDT4 A0A1D5P655 A0A8V0ZTG6 A0A8V0XK27 A0A8V0Z9Y8 A0A8V0Z4M1 A0A8V0YNQ0 Q98938 A0A8V0Y999 A0A8V0ZW33 A0A8V1A2P5 A0A1D5NZT1 A0A8V0XUJ8 A0A8V0Y290 A0A8V0X097 A0A8V0XYR2 A0A8V0YMR1 A0A8V0ZIZ5 A0A8V1A3H9 A0A8V1AAN6 A0A8V0XGL8 A0A8V0YLX0 A0A8V0YQ88 A0A3Q2UGW3 A0A8V0YGQ5 A0A8V0X852 A0A1D5PNG3 A0A1D5P1F1 Q6JHU8 A0A8V1AJ90 A0A8V0XB58 A0A8V0ZZU1 A0A8V0Z2J4 Q5ZJ58 A0A3Q2TT95 A0A8V0ZH54 A0A8V0XAF8 A0A8V1A3S8 A0A8V0Z9Z7 A0A8V0Y614 A0A8V0YDD6 A0A8V0XFB5 A0A8V0ZPH9
Biological Process,regulation of hydrolase activity,4,GO:0051336,38,339,389,2734,0.79,0.09656160421102664,1.02,A0A8V0Y0V1 P11602 A0A8V0YNQ0 A0A8V0X4D8 A0A8V1AG56 A0A8V0YBZ6 Q98938 A0A8V0XRC4 A0A3Q3A4U3 A0A8V0XRN3 A0A1L1RP76 A0A8V0YPA6 A0A8V0ZEJ3 A0A8V0X643 Q5ZHX2 E1C733 A0A8V0YW57 A0A8V0X852 A0A8V0YRF2 A0A8V1A7R0 A0A8V1AAH7 A0A8V0ZA56 A0A8V0WZJ4 A0A8V0XB58 A0A8V0Y7Y9 A0A8V0ZE58 A0A8V0XAF8 A0A8V0YDT4 A0A8V1AB67 A0A8V0ZDZ5 A0A8V0YY70 A0A8V1AJI2 A0A8V0Y614 A0A8V0YDD6 A0A8V0Z4M1 A0A8V0ZPH9 A0A8V1A653 A0A8V0YWM3
Biological Process,carbohydrate metabolic process,3,GO:0005975,29,154,389,2734,1.32,0.09658939957324764,1.02,A0A8V0XCX4 A0A8V1A9A7 A0A8V0Y8L6 A0A8V0YC98 E1BS94 A0A8V0ZY61 A0A8V0X2C5 A0A8V0Y7C8 A0A8V1A4P2 A0A1L1RSD2 E1C2T4 A0A8V0ZI47 Q8AWB4 A0A8V0YS46 A0A8V0WZJ4 A0A8V0ZLV3 A0A1D5PJE0 A0A8V0Z1E9 A0A8V0YZJ3 A0A8V0Z086 A0A8V0ZBJ8 A0A8V0Y2E5 A0A8V0Z832 F1NGB8 O12971 A0A8V0YJV4 A0A8V1ACQ8 A0A8V0Y6W2 A0A8V0XMD4
Biological Process,apoptotic process,4,GO:0006915,15,156,389,2734,0.68,0.09827630897980655,1.01,A0A8V0ZSG8 Q05744 A0A8V0YAR4 A0A8V0ZDZ5 A0A8V0YWM3 A0A8V0ZE58 A0A8V1A9A7 A0A8V1ABC8 A0A8V0YW57 A0A8V0YEZ4 A0A8V0X852 A0A8V0YRF2 A0A8V1ABC9 A0A1D5PC37 A0A1D5P0D7
Biological Process,regulation of protein deacetylation,7,GO:0090311,2,4,389,2734,3.51,0.09952006368895519,1.0,A0A8V0Z4M1 A0A8V0XB58
Biological Process,positive regulation of urine volume,5,GO:0035810,2,4,389,2734,3.51,0.09952006368895519,1.0,A0A8V0XYR2 A0A8V0Y2E5
Biological Process,negative regulation of T cell apoptotic process,9,GO:0070233,2,4,389,2734,3.51,0.09952006368895519,1.0,A0A8V1A9R2 A0A8V0ZWX9
Biological Process,embryonic neurocranium morphogenesis,4,GO:0048702,2,4,389,2734,3.51,0.09952006368895519,1.0,A0A8V0YS46 A0A8V0XJ84
Biological Process,mediolateral intercalation,6,GO:0060031,2,4,389,2734,3.51,0.09952006368895519,1.0,A0A8V1AG56 A0A8V1A9R2
Biological Process,imaginal disc lineage restriction,3,GO:0035161,2,4,389,2734,3.51,0.09952006368895519,1.0,Q98938 O12971
Biological Process,positive regulation of hair follicle development,5,GO:0051798,2,4,389,2734,3.51,0.09952006368895519,1.0,A0A8V1AG56 A0A8V0X5U3
Biological Process,forebrain morphogenesis,3,GO:0048853,2,4,389,2734,3.51,0.09952006368895519,1.0,A0A8V1AG56 A0A8V0Z8V4
Biological Process,insulin processing,4,GO:0030070,2,4,389,2734,3.51,0.09952006368895519,1.0,A0A8V0ZP32 A0A8V0X4D8
Biological Process,cell elongation involved in imaginal disc-derived wing morphogenesis,4,GO:0090254,2,4,389,2734,3.51,0.09952006368895519,1.0,A0A8V0ZKI8 A0A8V1A9A7
Biological Process,olfactory bulb interneuron development,5,GO:0021891,2,4,389,2734,3.51,0.09952006368895519,1.0,A0A8V1AG56 A0A3Q3A4U3
Biological Process,branch elongation of an epithelium,5,GO:0060602,2,4,389,2734,3.51,0.09952006368895519,1.0,A0A8V1AG56 A0A8V1AAN6
Biological Process,regulation of neurotrophin TRK receptor signaling pathway,5,GO:0051386,2,4,389,2734,3.51,0.09952006368895519,1.0,A0A1D5P655 A0A8V0ZI29
Biological Process,synaptic vesicle membrane organization,5,GO:0048499,2,4,389,2734,3.51,0.09952006368895519,1.0,A0A1D5NTR5 A0A1D5NYG2
Biological Process,interleukin-7-mediated signaling pathway,5,GO:0038111,2,4,389,2734,3.51,0.09952006368895519,1.0,A0A8V1A9R2 A0A8V1A7R0
Biological Process,regulation of histone deacetylation,8,GO:0031063,2,4,389,2734,3.51,0.09952006368895519,1.0,A0A8V0Z4M1 A0A8V0XB58
Biological Process,response to interleukin-7,5,GO:0098760,2,4,389,2734,3.51,0.09952006368895519,1.0,A0A8V1A9R2 A0A8V1A7R0
Biological Process,negative regulation of gluconeogenesis,6,GO:0045721,2,4,389,2734,3.51,0.09952006368895519,1.0,A0A8V0YY90 A0A8V1A3H9
Biological Process,cellular response to interleukin-7,6,GO:0098761,2,4,389,2734,3.51,0.09952006368895519,1.0,A0A8V1A9R2 A0A8V1A7R0
Biological Process,thalamus development,3,GO:0021794,2,4,389,2734,3.51,0.09952006368895519,1.0,A0A8V0YNQ0 A0A8V0ZKI8
Biological Process,olfactory bulb interneuron differentiation,5,GO:0021889,2,4,389,2734,3.51,0.09952006368895519,1.0,A0A8V1AG56 A0A3Q3A4U3
Biological Process,protein sulfation,5,GO:0006477,2,4,389,2734,3.51,0.09952006368895519,1.0,A0A8V0YS46 A0A8V0ZX23
Biological Process,regulation of short-term neuronal synaptic plasticity,5,GO:0048172,2,4,389,2734,3.51,0.09952006368895519,1.0,A0A8V1AB67 A0A3Q2TYT2
Biological Process,positive regulation of lipopolysaccharide-mediated signaling pathway,6,GO:0031666,2,4,389,2734,3.51,0.09952006368895519,1.0,A0A8V0YAR4 A0A8V1ABC9
Biological Process,protein K48-linked ubiquitination,10,GO:0070936,2,4,389,2734,3.51,0.09952006368895519,1.0,A0A8V0ZZG2 A0A8V0YFD4
Biological Process,cardiac atrium development,4,GO:0003230,2,4,389,2734,3.51,0.09952006368895519,1.0,A0A8V1AG56 A0A8V0ZE58
Biological Process,otic placode formation,4,GO:0043049,2,4,389,2734,3.51,0.09952006368895519,1.0,A0A8V0YM05 A0A8V0YMM6
Biological Process,"regulation of substrate-dependent cell migration, cell attachment to substrate",6,GO:1904235,2,4,389,2734,3.51,0.09952006368895519,1.0,A0A8V0YDD6 A0A8V0YDT4
Biological Process,intracellular sterol transport,5,GO:0032366,2,4,389,2734,3.51,0.09952006368895519,1.0,A0A8V0ZKI8 A0A8V0Y9F8
Biological Process,negative regulation of smooth muscle cell apoptotic process,8,GO:0034392,2,4,389,2734,3.51,0.09952006368895519,1.0,A0A8V0ZKI8 A0A8V0XYR2
Biological Process,positive regulation of hair cycle,5,GO:0042635,2,4,389,2734,3.51,0.09952006368895519,1.0,A0A8V1AG56 A0A8V0X5U3
Biological Process,cardiac atrium morphogenesis,4,GO:0003209,2,4,389,2734,3.51,0.09952006368895519,1.0,A0A8V1AG56 A0A8V0ZE58
Biological Process,"positive regulation of substrate-dependent cell migration, cell attachment to substrate",7,GO:1904237,2,4,389,2734,3.51,0.09952006368895519,1.0,A0A8V0YDD6 A0A8V0YDT4
Biological Process,intracellular cholesterol transport,6,GO:0032367,2,4,389,2734,3.51,0.09952006368895519,1.0,A0A8V0ZKI8 A0A8V0Y9F8
Biological Process,interneuron axon guidance,9,GO:0097376,2,4,389,2734,3.51,0.09952006368895519,1.0,A0A1D5PT01 A0A8V0ZBR8
Biological Process,leg disc pattern formation,5,GO:0035223,2,4,389,2734,3.51,0.09952006368895519,1.0,A0A8V0ZKI8 A0A8V1A9A7
Biological Process,postsynaptic membrane assembly,6,GO:0097104,2,4,389,2734,3.51,0.09952006368895519,1.0,A0A3Q2UGW3 A0A8V0Y9F8
Biological Process,positive regulation of endothelial cell chemotaxis by VEGF-activated vascular endothelial growth factor receptor signaling pathway,7,GO:0038033,2,4,389,2734,3.51,0.09952006368895519,1.0,A0A8V0Z4M1 Q00649
Biological Process,positive regulation of T cell differentiation in thymus,9,GO:0033089,2,4,389,2734,3.51,0.09952006368895519,1.0,A0A8V0ZWX9 Q98938
Biological Process,negative regulation of non-canonical Wnt signaling pathway,7,GO:2000051,2,4,389,2734,3.51,0.09952006368895519,1.0,A0A8V0ZKI8 A0A1D5NZT1
Biological Process,negative regulation of BMP signaling pathway,6,GO:0030514,4,13,389,2734,2.16,0.10089361033460024,1.0,A0A8V1AG56 A0A8V0YMM6 A0A3Q2TT95 A0A1D5NZN4
Biological Process,face development,3,GO:0060324,4,13,389,2734,2.16,0.10089361033460024,1.0,A0A8V0ZKI8 A0A8V0XGV7 A0A8V0XJ84 A0A8V1AG56
Biological Process,granulocyte migration,4,GO:0097530,4,13,389,2734,2.16,0.10089361033460024,1.0,A0A8V0Z4M1 A0A8V1ABC8 E1C733 A0A8V1ABC9
Biological Process,negative regulation of axon regeneration,6,GO:0048681,4,13,389,2734,2.16,0.10089361033460024,1.0,A0A8V0ZKS6 A0A8V0YDT5 A0A8V1AB05 A0A8V0ZI29
Biological Process,protein autoprocessing,6,GO:0016540,4,13,389,2734,2.16,0.10089361033460024,1.0,A0A8V0XBI2 A0A8V0XE95 A0A8V0ZRU9 Q98938
Biological Process,head morphogenesis,3,GO:0060323,4,13,389,2734,2.16,0.10089361033460024,1.0,A0A8V0ZKI8 A0A8V0XGV7 A0A8V0XJ84 Q98938
Biological Process,positive regulation of protein-containing complex assembly,6,GO:0031334,6,79,389,2734,0.53,0.10117514628386735,0.99,A0A1D5P655 E1C733 A0A8V0X5U3 A0A8V0X852 A0A8V0Z4M1 A0A8V0ZE30
Biological Process,positive regulation of cell population proliferation,5,GO:0008284,38,211,389,2734,1.27,0.10159272104164206,0.99,A0A8V0YNQ0 A0A8V0ZWX9 A0A8V1AG56 Q98938 A0A8V1AJT2 A0A8V1A9A7 A0A8V0YVT3 A0A8V0YPA6 A0A8V0XYR2 A0A8V1AAN6 A0A8V1A3H9 A0A8V0XGY8 A0A8V0XGL8 A0A8V1ABC8 E1C733 A0A8V0Y5K2 A0A8V1A7R0 A0A1D5P1F1 A0A8V0XB58 A0A8V0XDM2 A0A8V1A3N1 A0A8V0ZE58 A0A8V0XWZ8 A0A8V0Y1A4 A0A8V0XJ84 A0A8V0Y2E5 A0A8V1ABC9 Q9I946 A0A8V0ZKI8 A0A3Q2TU24 A0A8V0YDT4 A0A8V1A9R2 A0A8V0Y413 A0A8V0YJV4 A0A8V0YMM6 A0A8V0YDD6 A0A8V0Z4M1 A0A8V0ZPH9
Biological Process,positive regulation of cell communication,5,GO:0010647,74,442,389,2734,1.18,0.1020179793364555,0.99,Q5ZMG0 A0A8V0Y0V1 A0A8V0YNQ0 A0A8V0X4D8 A0A8V0ZWX9 A0A8V1AG56 Q98938 A0A8V1AJT2 A0A3Q3A4U3 A0A8V0YVT3 A0A8V0YXG4 A0A1D5NZT1 A0A8V0XRN3 A0A8V0ZFG7 A0A8V0YPA6 A0A8V0Y8L6 A0A8V0XYR2 A0A8V0Z4J0 A0A8V0ZEJ3 A0A8V1ACS0 A0A8V0ZKS6 A0A8V1ABC8 A0A8V0ZTA5 E1C733 A0A8V1AFC3 E1BYF1 A0A1L1RX77 A0A8V0X5U3 A0A8V0ZSX6 A0A3Q2TYT2 A0A8V0YRF2 A0A1D5PE57 A0A8V0X1T3 A0A8V1A7R0 A0A1D5P1F1 A0A8V0Y5K2 A0A8V1AJ90 A0A1D5PC37 A0A1D5P0D7 A0A8V0YS46 A0A8V0Z307 A0A8V0XB58 A0A8V1A3N1 A0A8V0ZE58 A0A1D5PNL3 A0A8V0ZBJ8 A0A8V0YY90 A0A8V0XJ84 A0A8V1ABC9 A0A8V0ZF83 A0A8V0YRK4 Q9I946 A0A8V0YR09 A0A8V0XAF8 A0A8V0ZKI8 F1NGB8 A0A3Q2TU24 A0A8V0ZB91 O12971 A0A1D5P655 A0A8V0YAR4 A0A8V1A9R2 A0A8V0ZDZ5 A0A8V0YJV4 A0A8V0YMM6 A0A8V0Y070 A0A8V1AJI2 A0A8V0XK27 A0A8V1AJV5 A0A8V0YLT1 A0A8V0XFB5 A0A8V0Z9Y8 A0A8V0Z4M1 A0A8V0YRG2
Biological Process,negative regulation of cell cycle,5,GO:0045786,6,80,389,2734,0.53,0.10211344758085036,0.99,A0A8V0Y999 A0A8V0ZW33 A0A8V0Z9Z7 A0A8V0YW57 A0A8V1AJV5 A0A8V0YRK4
Biological Process,leukocyte activation involved in immune response,3,GO:0002366,26,243,389,2734,0.75,0.10256764688222791,0.99,A0A8V1AFE7 A0A8V0ZWX9 A0A8V0XXM5 A0A8V0XCI3 A0A8V0YW12 E1BS94 A0A8V0YB43 A0A3Q2U2N5 A0A8V1ABC8 A0A8V0YLN5 A0A8V0YW57 A0A8V0ZSX6 A0A1L1RSD2 A0A8V1A7R0 A0A8V0ZZU1 A0A8V0XDM2 A0A8V0Z1E9 A0A8V0YZJ3 A0A8V0ZY42 A0A8V0Z086 A0A8V0YR09 Q05744 O12971 A0A8V1AFH0 A0A8V1AB67 A0A1D5P655
Biological Process,regulation of protein-containing complex disassembly,5,GO:0043244,3,50,389,2734,0.42,0.10314661379854465,0.99,A0A8V0YGN8 Q00649 A0A8V0X852
Biological Process,cell activation involved in immune response,3,GO:0002263,26,246,389,2734,0.74,0.10314870824105918,0.99,A0A8V1AFE7 A0A8V0ZWX9 A0A8V0XXM5 A0A8V0XCI3 A0A8V0YW12 E1BS94 A0A8V0YB43 A0A3Q2U2N5 A0A8V1ABC8 A0A8V0YLN5 A0A8V0YW57 A0A8V0ZSX6 A0A1L1RSD2 A0A8V1A7R0 A0A8V0ZZU1 A0A8V0XDM2 A0A8V0Z1E9 A0A8V0YZJ3 A0A8V0ZY42 A0A8V0Z086 A0A8V0YR09 Q05744 O12971 A0A8V1AFH0 A0A8V1AB67 A0A1D5P655
Biological Process,response to ammonium ion,4,GO:0060359,3,51,389,2734,0.41,0.1036289561440929,0.98,A0A8V0ZWX9 A0A8V0ZY91 A0A8V0X637
Biological Process,protein maturation,4,GO:0051604,17,81,389,2734,1.48,0.1037762769386961,0.98,A0A8V0XF68 A0A8V0X4D8 A0A8V0XA92 A0A8V1A8E4 Q98938 A0A8V1AFH0 A0A8V0XBI2 A0A8V0Y070 A0A8V0ZP32 A0A8V0XK27 A0A8V0ZRU9 A0A8V0Y218 A0A8V0YF22 A0A8V0XE95 P28687 A0A8V0ZF83 A0A8V0ZA56
Biological Process,pattern recognition receptor signaling pathway,5,GO:0002221,7,28,389,2734,1.76,0.10486547158830996,0.98,A0A8V1ACS0 A0A8V0ZZG2 A0A8V1AFH0 A0A8V1ABC8 A0A1D5PNL3 A0A8V0Z4J0 A0A8V0YR09
Biological Process,positive regulation of binding,4,GO:0051099,3,52,389,2734,0.41,0.10524556973566498,0.98,A0A8V1AG56 A0A8V0YRK4 O12971
Biological Process,negative regulation of intracellular signal transduction,6,GO:1902532,16,162,389,2734,0.69,0.10558542342962464,0.98,A0A8V1A9L3 A0A8V0Y0F3 A0A8V0ZZG2 A0A8V0ZSG8 A0A8V0X637 A0A8V0YDT4 A0A8V0ZTA5 A0A1L1RX77 Q00649 A0A8V0YDT5 A0A8V1AJV5 A0A8V1ABC9 A0A8V0YPA6 A0A8V0Y290 A0A8V0YRG2 A0A8V0YC57
Biological Process,osteoblast differentiation,4,GO:0001649,6,21,389,2734,2.01,0.10564769283752908,0.98,Q98938 A0A8V0YM05 A0A8V0ZE58 A0A8V1A9A7 A0A8V0YMM6 A0A1D5NZT1
Biological Process,fibroblast growth factor receptor signaling pathway,6,GO:0008543,6,21,389,2734,2.01,0.10564769283752908,0.98,A0A8V0ZY61 A0A8V0YS46 A0A8V0Z2J4 A0A8V0Y5K2 A0A8V0YXG4 P33005
Biological Process,positive regulation of osteoblast differentiation,6,GO:0045669,6,21,389,2734,2.01,0.10564769283752908,0.98,Q98938 A0A8V0YM05 A0A8V0ZE58 A0A8V1A9A7 A0A8V0XRN3 A0A8V0Z4M1
Biological Process,mesenchymal cell development,4,GO:0014031,6,21,389,2734,2.01,0.10564769283752908,0.98,A0A8V0XDM2 A0A8V0ZTP1 A0A8V0YDD6 A0A8V1ACD6 A0A8V0XYR2 A0A8V1ADF6
Biological Process,neural crest cell development,5,GO:0014032,6,21,389,2734,2.01,0.10564769283752908,0.98,A0A8V0XDM2 A0A8V0ZTP1 A0A8V0YDD6 A0A8V1ACD6 A0A8V0XYR2 A0A8V1ADF6
Biological Process,mammary gland epithelium development,5,GO:0061180,6,21,389,2734,2.01,0.10564769283752908,0.98,A0A8V0ZKI8 A0A8V1AG56 E1C733 A0A8V1A9A7 A0A3Q3A4U3 A0A8V1A3H9
Biological Process,mammary gland morphogenesis,5,GO:0060443,6,21,389,2734,2.01,0.10564769283752908,0.98,A0A8V0ZKI8 A0A8V1AG56 E1C733 A0A8V1A9A7 A0A3Q3A4U3 A0A8V1A3H9
Biological Process,regulation of cell cycle process,5,GO:0010564,16,164,389,2734,0.69,0.10574465392971447,0.98,A0A8V1AG56 A0A8V0ZDK0 A0A8V0XB58 A0A1D5PBU5 A0A8V0ZW33 Q5ZJ58 A0A8V0Z9Z7 A0A8V1A9A7 A0A8V0Y1A4 A0A8V0X5U3 A0A8V0ZTA5 A0A8V0YW57 A0A8V0XTW4 A0A8V0YRK4 A0A8V0XYR2 A0A8V0YC57
Biological Process,biosynthetic process,2,GO:0009058,80,653,389,2734,0.86,0.10832729928067422,0.97,A0A8V1A9L3 P11602 A0A8V0ZWX9 A0A8V0Z4R1 A0A8V0ZY61 A0A8V1ACS0 A0A8V0ZG46 A0A8V1ABC8 A0A1L1RX77 A0A8V1A4P2 A0A8V1A7R0 A0A8V0Z0B9 A0A8V0Y9F8 A0A8V0XAN3 A0A8V0YYQ9 F1NGB8 A0A8V0ZQS2 A0A1D5PCU0 A0A8V0XCX4 A0A8V0XDL7 A0A8V0X637 E1C3Z8 A0A3Q2TTB3 E1BYF1 A0A8V0XK73 E1C2T4 A0A8V0ZG43 A0A8V0Z6S1 A0A8V1AK88 A0A1D5PJE0 A0A8V0ZW46 A0A8V0XPN5 A0A8V0Y513 A0A1D5P201 A0A8V0YJV4 A0A8V1ACQ8 Q76KB2 A0A8V0XMD4 Q5ZIB0 A0A8V0X4D8 A0A1D5PNB8 A0A8V0ZYM1 A0A8V0XMA2 A0A8V0YXG4 A0A8V0Y8L6 A0A8V0Z4J0 A0A8V0YC57 A0A8V1AHJ8 Q8AWB4 A0A8V0Z865 O12971 A0A8V0ZFH4 A0A8V0Y6W2 A0A8V0YQC4 A0A8V0XQS7 Q98938 A0A8V0XRC4 A0A8V0ZR84 A0A1D5PA74 A0A8V0XYR2 A0A8V0ZIZ5 A0A8V0ZWH1 A0A8V0WZN3 A0A8V0Y7C8 A0A8V0Z1C5 A0A8V0XT35 A0A8V0ZYN6 A0A1D5PNG3 A0A1D5P1F1 A0A8V1AJ90 A0A8V0YS46 A0A8V0WZJ4 A0A8V0X6J5 Q5ZJ58 A0A3Q2UEL1 A0A8V1A2F4 A0A8V0ZBJ8 A0A8V0Y2E5 A0A8V0Y218 R4GH52
Biological Process,embryonic organ morphogenesis,4,GO:0048562,17,83,389,2734,1.44,0.10923549997127058,0.96,A0A8V0ZKI8 A0A8V1AG56 A0A8V0YS46 A0A8V0YEQ1 A0A8V0XDM2 Q98938 A0A8V0X9N1 A0A8V0YM05 A0A8V0YMM6 A0A8V0YVT3 A0A8V1AJV5 A0A8V0XJ84 A0A8V0XKU5 A0A8V0XM58 A0A8V0YRG2 A0A8V0XYR2 P02460
Biological Process,ATP biosynthetic process,8,GO:0006754,2,40,389,2734,0.35,0.10996292661902368,0.96,A0A1D5PCU0 A0A8V0Z1C5
Biological Process,adherens junction organization,6,GO:0034332,2,40,389,2734,0.35,0.10996292661902368,0.96,A0A8V0ZTP1 Q0PVE4
Biological Process,modulation of process of another organism,2,GO:0035821,2,40,389,2734,0.35,0.10996292661902368,0.96,A0A8V0ZSX6 E1C733
Biological Process,embryonic morphogenesis,3,GO:0048598,45,256,389,2734,1.24,0.11037246269084154,0.96,A0A8V1AG56 Q98938 A0A8V0YM05 A0A8V0XDL7 A0A8V1A9A7 A0A1D5NTR5 A0A8V0YVT3 A0A8V0ZHL4 A0A1D5NYG2 A0A8V0Y8L6 A0A8V0XYR2 P02460 A0A8V0Z8V4 A0A1D5PQV0 A0A8V0YHH6 A0A8V0XKU5 A0A8V1AAH7 A0A1D5P0D7 A0A8V0YS46 Q0PVE4 A0A8V0ZZU1 A0A8V0XDM2 A0A8V0ZTP1 A0A8V0ZE58 A0A8V0ZBJ8 A0A8V0XJ84 A0A8V0XM58 A0A8V0ZF83 A0A8V0ZKI8 F1NGB8 A0A8V0YEQ1 A0A8V0ZJ97 A0A1D5P655 A0A8V0YDT4 A0A8V0X9N1 A0A8V1A9R2 A0A8V1AFR2 A0A8V0ZHK9 A0A8V0YMM6 A0A8V0Y070 A0A8V0XK27 A0A8V0YDD6 A0A8V1AJV5 P33005 A0A8V0YRG2
Biological Process,ribosome biogenesis,5,GO:0042254,2,41,389,2734,0.34,0.11129420797491722,0.95,A0A1D5PNG3 A0A8V1A6A3
Biological Process,regulation of protein depolymerization,6,GO:1901879,2,41,389,2734,0.34,0.11129420797491722,0.95,Q00649 A0A8V0X852
Biological Process,regulation of catalytic activity,3,GO:0050790,64,533,389,2734,0.84,0.11187102075309441,0.95,A0A8V0Y0V1 P11602 A0A8V0YNQ0 A0A8V0X4D8 A0A8V1AG56 A0A8V0YBZ6 Q98938 A0A8V0XRC4 A0A8V1A9A7 A0A3Q3A4U3 A0A8V0XRN3 A0A1L1RP76 A0A8V0YPA6 A0A8V0XUJ8 A0A8V0ZC57 A0A8V0XYR2 A0A8V0X643 A0A8V0Z4J0 A0A8V0ZEJ3 A0A8V1ACS0 A0A8V0ZDK0 Q5ZHX2 A0A8V1A3H9 A0A8V0X637 E1C733 A0A1L1RX77 A0A8V0YW57 A0A8V0X852 A0A8V0YRF2 A0A8V0X1T3 A0A8V1A7R0 A0A8V1AAH7 A0A8V0ZA56 A0A8V0WZJ4 A0A8V0XB58 Q0PVE4 A0A8V0Y7Y9 A0A8V1A3N1 A0A8V0ZE58 A0A1D5PNL3 A0A8V0Z086 Q00649 A0A8V0XJ84 A0A8V0ZH54 A0A8V1ABC9 Q9I946 A0A8V0XAF8 A0A8V0ZKI8 A0A3Q2TU24 A0A8V1A3S8 A0A8V0YDT4 A0A8V1A9R2 A0A8V1AB67 A0A8V0ZDZ5 A0A8V0YY70 A0A8V1AJI2 A0A8V0Y614 A0A8V0YDD6 A0A8V1AJV5 A0A8V0Z4M1 A0A8V0ZPH9 A0A8V0YRG2 A0A8V1A653 A0A8V0YWM3
Biological Process,RNA localization,3,GO:0006403,5,68,389,2734,0.52,0.11380442295734292,0.94,A0A8V0XA92 A0A8V1A6A3 A0A8V0ZH54 A0A8V0Z9Y8 A0A1D5PNG3
Biological Process,positive regulation of intracellular transport,5,GO:0032388,5,68,389,2734,0.52,0.11380442295734292,0.94,A0A8V0WZJ4 A0A8V0YY70 A0A8V0X5U3 A0A8V0YGN8 A0A8V0YVT3
Biological Process,regulation of protein binding,4,GO:0043393,5,68,389,2734,0.52,0.11380442295734292,0.94,A0A8V1AG56 O12971 A0A8V0ZI29 A0A8V0ZRU9 A0A8V0YRK4
Biological Process,organelle fusion,5,GO:0048284,2,42,389,2734,0.33,0.1140691751091209,0.94,A0A8V0ZZU1 A0A1D5PC37
Biological Process,odontogenesis of dentin-containing tooth,5,GO:0042475,6,22,389,2734,1.92,0.11441870318720608,0.94,A0A8V0ZKI8 A0A8V0ZTP1 A0A8V0ZES4 A0A8V0ZF99 A0A8V0YLT1 A0A1D5NWP2
Biological Process,basement membrane organization,6,GO:0071711,6,22,389,2734,1.92,0.11441870318720608,0.94,A0A8V0ZBR8 A0A8V1AFH0 Q5ZJ58 A0A8V0ZYM1 A0A1D5NTR5 A0A1D5NYG2
Biological Process,collagen fibril organization,5,GO:0030199,6,22,389,2734,1.92,0.11441870318720608,0.94,A0A8V0ZHL4 R4GH52 A0A1D5PE57 Q6JHU8 A0A8V0XXK8 P02460
Biological Process,regulation of molecular function,2,GO:0065009,85,688,389,2734,0.87,0.11467360519348099,0.94,P11602 A0A8V0YEZ4 A0A8V0ZEJ3 A0A8V1ACS0 A0A8V0ZZG2 A0A8V1ABC8 A0A1L1RX77 A0A8V0YW57 A0A8V1ACD6 A0A8V1A7R0 A0A8V0ZA56 A0A8V1A3N1 A0A1D5PNL3 A0A8V0Z086 A0A8V0YY90 A0A8V0XJ84 A0A1D5NWP2 A0A3Q2TU24 A0A8V1A9R2 A0A8V1AB67 A0A8V0ZDZ5 A0A8V1AG56 A0A8V1A9A7 A0A3Q3A4U3 A0A8V0XRN3 A0A8V0ZC57 A0A8V0X637 E1BYF1 A0A8V0ZRU9 A0A8V0YRF2 A0A8V0X1T3 A0A1D5P7Y2 A0A8V1AAH7 A0A1D5P0D7 Q0PVE4 A0A8V0Y7Y9 A0A8V0ZE58 Q00649 A0A8V1ABC9 A0A8V0YRK4 A0A8V1ADF6 A0A8V1AFH0 A0A8V0YY70 A0A8V1AJI2 A0A8V1AJV5 A0A8V0YRG2 A0A8V1A653 A0A8V0Y0V1 A0A8V0X4D8 A0A8V0YBZ6 A0A8V0ZI29 A0A8V1AFP7 A0A1L1RP76 A0A8V0YPA6 A0A8V0X643 A0A8V0Z4J0 A0A8V0ZDK0 A0A8V0ZSG8 E1C733 A0A8V0ZSX6 A0A8V0ZY91 A0A8V0ZKI8 O12971 A0A8V0YDT4 A0A8V0Z4M1 A0A8V0YNQ0 Q98938 A0A8V0XRC4 A0A8V0XUJ8 A0A8V0XYR2 A0A8V1A3H9 Q5ZHX2 A0A8V0X852 A0A1D5P1F1 A0A8V1AJ90 A0A8V0WZJ4 A0A8V0XB58 A0A8V0ZH54 Q9I946 A0A8V0XAF8 A0A8V1A3S8 A0A8V0Y614 A0A8V0YDD6 A0A8V0ZPH9 A0A8V0YWM3
Biological Process,positive regulation of protein secretion,6,GO:0050714,5,70,389,2734,0.5,0.11592124263862993,0.94,A0A8V1AG56 P11602 A0A8V0YY90 A0A8V0XJ84 A0A8V0Z9Y8
Biological Process,negative regulation of endopeptidase activity,7,GO:0010951,7,85,389,2734,0.58,0.11621701085406086,0.93,A0A8V0X4D8 A0A8V0Y614 A0A8V0X852 A0A8V0YRF2 A0A8V0Z4M1 A0A8V0YPA6 A0A8V1A653
Biological Process,regulation of secretion by cell,4,GO:1903530,21,201,389,2734,0.73,0.11636664584650558,0.93,A0A8V1AG56 P11602 A0A8V1A9A7 A0A8V0YGN8 A0A8V0YPA6 A0A8V0XYR2 A0A8V0YB43 A0A8V0ZKS6 A0A3Q2TYT2 A0A1D5P1F1 Q6JHU8 A0A1D5PC37 A0A8V0ZY91 A0A8V0YY90 A0A8V0XJ84 A0A8V1ABC9 A0A8V1A3S8 A0A8V0YDT4 A0A8V1AB67 A0A8V0YDD6 A0A8V0Z9Y8
Biological Process,skeletal system morphogenesis,4,GO:0048705,12,55,389,2734,1.53,0.11665969775077964,0.93,A0A8V0ZKI8 A0A8V0YEQ1 A0A8V0YS46 Q98938 A0A8V0X9N1 A0A8V1A9A7 A0A1D5NZT1 A0A8V0YIE9 A0A8V0XJ84 A0A8V0Y2E5 A0A8V0Z4M1 P02460
Biological Process,negative regulation of peptidase activity,6,GO:0010466,7,87,389,2734,0.57,0.117021736479138,0.93,A0A8V0X4D8 A0A8V0Y614 A0A8V0X852 A0A8V0YRF2 A0A8V0Z4M1 A0A8V0YPA6 A0A8V1A653
Biological Process,regulation of autophagy,6,GO:0010506,7,87,389,2734,0.57,0.117021736479138,0.93,A0A1L1RX77 A0A8V0YGN8 Q00649 A0A8V0ZSX6 A0A8V1ACU1 Q5ZHL0 A0A8V0YRK4
Biological Process,regulation of lipid metabolic process,5,GO:0019216,7,87,389,2734,0.57,0.117021736479138,0.93,A0A8V0YB43 A0A3Q2TU24 A0A8V1AK88 Q5ZJ58 A0A8V0ZE58 A0A8V0Y9F8 A0A1D5PNG3
Biological Process,negative regulation of angiogenesis,6,GO:0016525,8,32,389,2734,1.76,0.11935990789955589,0.92,A0A8V0YNQ0 A0A8V0Y0F3 A0A8V0Y413 A0A8V0Y1A4 A0A1L1RX77 A0A8V0YXG4 A0A8V0Y290 A0A8V0YRK4
Biological Process,polysaccharide metabolic process,4,GO:0005976,8,32,389,2734,1.76,0.11935990789955589,0.92,F1NGB8 A0A8V0YS46 A0A8V0ZBJ8 A0A8V0X2C5 A0A8V1A4P2 A0A8V0Y2E5 E1C2T4 A0A8V0Y8L6
Biological Process,homeostatic process,1,GO:0042592,46,394,389,2734,0.82,0.11969499164965704,0.92,P11602 Q98938 A0A8V0YM05 A0A8V1AFP7 A0A8V1A9A7 A0A3Q3A4U3 A0A8V0YVT3 A0A8V0YPA6 A0A8V0XYR2 A0A3Q2U2N6 A0A8V0YFB8 P02460 Q5ZHL0 A0A8V0ZKS6 A0A1D5PQV0 E1C733 A0A1L1RX77 A0A8V0ZSX6 A0A8V0ZRU9 A0A8V1A4P2 A0A8V0YRF2 A0A8V0YLZ5 A0A8V1A7R0 A0A1D5P0D7 A0A8V0XB58 A0A3Q2UEL1 E1BQB4 A0A8V0Y2E5 A0A8V0ZH54 A0A8V1ABC9 A0A1D5NWP2 A0A8V0XX49 A0A8V0YYQ9 A0A8V0XXK8 A0A8V0Y513 A0A8V0XAF8 A0A8V0ZKI8 A0A8V1AFH0 A0A8V1A9R2 A0A8V0YJV4 A0A8V0ZES4 A0A8V0XLN9 A0A8V0YDD6 A0A8V1AJV5 A0A8V0YLT1 A0A8V0Z4M1
Biological Process,regulation of cellular response to stress,4,GO:0080135,18,178,389,2734,0.71,0.119738117528252,0.92,A0A8V1AG56 A0A8V0ZZG2 A0A8V0Z307 A0A8V0ZI29 A0A8V0ZKS6 A0A8V1AB05 A0A8V0ZW33 A0A8V1ABC8 A0A1D5PNL3 A0A1D5P0D7 Q00649 A0A8V0YDT5 A0A8V0ZSX6 A0A1D5PT01 A0A8V0Z4M1 A0A8V0YRK4 A0A8V0XYR2 E1BQI2
Biological Process,positive regulation of signaling,4,GO:0023056,74,446,389,2734,1.17,0.12009187705829977,0.92,Q5ZMG0 A0A8V0Y0V1 A0A8V0YNQ0 A0A8V0X4D8 A0A8V0ZWX9 A0A8V1AG56 Q98938 A0A8V1AJT2 A0A3Q3A4U3 A0A8V0YVT3 A0A8V0YXG4 A0A1D5NZT1 A0A8V0XRN3 A0A8V0ZFG7 A0A8V0YPA6 A0A8V0Y8L6 A0A8V0XYR2 A0A8V0Z4J0 A0A8V0ZEJ3 A0A8V1ACS0 A0A8V0ZKS6 A0A8V1ABC8 A0A8V0ZTA5 E1C733 A0A8V1AFC3 E1BYF1 A0A1L1RX77 A0A8V0X5U3 A0A8V0ZSX6 A0A3Q2TYT2 A0A8V0YRF2 A0A1D5PE57 A0A8V0X1T3 A0A8V1A7R0 A0A1D5P1F1 A0A8V0Y5K2 A0A8V1AJ90 A0A1D5PC37 A0A1D5P0D7 A0A8V0YS46 A0A8V0Z307 A0A8V0XB58 A0A8V1A3N1 A0A8V0ZE58 A0A1D5PNL3 A0A8V0ZBJ8 A0A8V0YY90 A0A8V0XJ84 A0A8V1ABC9 A0A8V0ZF83 A0A8V0YRK4 Q9I946 A0A8V0YR09 A0A8V0XAF8 A0A8V0ZKI8 F1NGB8 A0A3Q2TU24 A0A8V0ZB91 O12971 A0A1D5P655 A0A8V0YAR4 A0A8V1A9R2 A0A8V0ZDZ5 A0A8V0YJV4 A0A8V0YMM6 A0A8V0Y070 A0A8V1AJI2 A0A8V0XK27 A0A8V1AJV5 A0A8V0YLT1 A0A8V0XFB5 A0A8V0Z9Y8 A0A8V0Z4M1 A0A8V0YRG2
Biological Process,organic substance biosynthetic process,3,GO:1901576,79,641,389,2734,0.87,0.12111732085055935,0.92,A0A8V1A9L3 P11602 A0A8V0ZWX9 A0A8V0Z4R1 A0A8V0ZY61 A0A8V1ACS0 A0A8V0ZG46 A0A8V1ABC8 A0A1L1RX77 A0A8V1A4P2 A0A8V1A7R0 A0A8V0Z0B9 A0A8V0Y9F8 A0A8V0XAN3 A0A8V0YYQ9 F1NGB8 A0A8V0ZQS2 A0A1D5PCU0 A0A8V0XCX4 A0A8V0XDL7 A0A8V0X637 E1C3Z8 A0A3Q2TTB3 E1BYF1 A0A8V0XK73 E1C2T4 A0A8V0ZG43 A0A8V0Z6S1 A0A8V1AK88 A0A1D5PJE0 A0A8V0ZW46 A0A8V0XPN5 A0A8V0Y513 A0A1D5P201 A0A8V0YJV4 A0A8V1ACQ8 Q76KB2 A0A8V0XMD4 Q5ZIB0 A0A8V0X4D8 A0A1D5PNB8 A0A8V0ZYM1 A0A8V0XMA2 A0A8V0YXG4 A0A8V0Y8L6 A0A8V0Z4J0 A0A8V0YC57 A0A8V1AHJ8 Q8AWB4 A0A8V0Z865 O12971 A0A8V0ZFH4 A0A8V0Y6W2 A0A8V0YQC4 A0A8V0XQS7 Q98938 A0A8V0XRC4 A0A8V0ZR84 A0A1D5PA74 A0A8V0XYR2 A0A8V0ZIZ5 A0A8V0ZWH1 A0A8V0WZN3 A0A8V0Y7C8 A0A8V0Z1C5 A0A8V0XT35 A0A8V0ZYN6 A0A1D5PNG3 A0A1D5P1F1 A0A8V1AJ90 A0A8V0YS46 A0A8V0WZJ4 A0A8V0X6J5 Q5ZJ58 A0A3Q2UEL1 A0A8V1A2F4 A0A8V0ZBJ8 A0A8V0Y2E5 A0A8V0Y218
Biological Process,regulation of actin cytoskeleton organization,5,GO:0032956,12,130,389,2734,0.65,0.12116669767505692,0.92,A0A3Q2TU24 A0A1D5P655 A0A8V0X5K9 A0A8V0YY70 E1C733 Q00649 A0A8V0XUK6 A0A8V0XJ84 A0A8V0XZQ1 A0A8V0X852 A0A8V0ZPH9 A0A8V0XYR2
Biological Process,carbohydrate derivative catabolic process,4,GO:1901136,15,72,389,2734,1.46,0.12151880348666626,0.92,A0A8V1A9L3 A0A8V0ZWX9 A0A8V0Z1E9 A0A8V0XRC4 A0A1D5PNB8 A0A8V0YZJ3 A0A1L1RX77 A0A8V0YLN5 A0A8V0YXG4 A0A8V0Z086 A0A8V0ZIF0 A0A1L1RSD2 A0A8V0YC98 E1BS94 A0A8V0YC57
Biological Process,positive regulation of hydrolase activity,5,GO:0051345,22,209,389,2734,0.74,0.1221942139864784,0.91,A0A8V0Y0V1 A0A8V1AG56 A0A8V0YBZ6 Q98938 A0A3Q3A4U3 A0A8V0XRN3 A0A8V0ZEJ3 Q5ZHX2 E1C733 A0A8V0YW57 A0A8V1A7R0 A0A8V1AAH7 A0A8V0Y7Y9 A0A8V0ZE58 A0A8V0XAF8 A0A8V0YDT4 A0A8V1AB67 A0A8V0ZDZ5 A0A8V0YDD6 A0A8V0Z4M1 A0A8V0ZPH9 A0A8V0YWM3
Biological Process,sensory organ morphogenesis,4,GO:0090596,29,155,389,2734,1.31,0.12254808381833524,0.91,A0A8V0YNQ0 A0A8V1AG56 A0A8V1A9L3 Q98938 A0A8V0ZI29 A0A8V0YM05 A0A8V1A9A7 A0A1D5NTR5 A0A8V0YDT5 A0A1D5NYG2 A0A8V0XYR2 P02460 A0A8V0Y7C8 A0A8V1A7R0 A0A8V0ZMU3 A0A8V1AAH7 A0A1D5P0D7 A0A8V0ZKI8 A0A8V0YEQ1 O12971 A0A1D5P655 A0A8V1AB05 A0A8V1A9R2 A0A8V0X5K9 A0A8V0YY70 A0A8V0YMM6 A0A8V1AJV5 A0A8V0Z4M1 A0A8V0YRG2
Biological Process,organic substance catabolic process,3,GO:1901575,54,455,389,2734,0.83,0.12279148096147835,0.91,A0A8V1A9L3 P11602 A0A8V0ZWX9 Q5ZIB0 A0A8V0XCX4 A0A8V0XRC4 A0A1D5NVM6 A0A1D5PNB8 A0A8V1A9A7 A0A8V0YXG4 A0A8V0ZIF0 A0A8V0ZFG7 A0A8V0YC98 A0A8V0Z4J0 E1BS94 A0A8V0YC57 A0A8V1ACS0 A0A8V0ZZG2 A0A8V0ZG46 A0A8V0X637 E1BYF1 A0A1L1RX77 A0A8V0ZP32 A0A8V0X2C5 A0A8V0YLN5 A0A8V0ZRU9 A0A8V1A4P2 A0A1L1RSD2 A0A1D5P1F1 A0A8V1AJ90 A0A8V0XA92 A0A8V0ZLV3 A0A8V0ZW46 A0A8V0Z1E9 A0A1D5PNL3 A0A8V0YZJ3 A0A8V0ZY42 A0A8V0XPN5 A0A8V0XWZ8 A0A8V0Y9F8 A0A8V0Z086 A0A8V0ZH54 A0A8V0YF22 A0A8V0ZE30 A0A8V0Y513 Q05744 A0A8V1AFH0 A0A8V0YJV4 A0A8V0XQS7 A0A8V0Z9Y8 Q5ZKV5 A0A8V0XMD4 A0A8V0YFD4 A0A8V0YWM3
Biological Process,regulation of alpha-beta T cell differentiation,8,GO:0046637,3,9,389,2734,2.34,0.12443768868786913,0.91,A0A8V1A9R2 A0A8V0ZWX9 Q98938
Biological Process,microvillus organization,6,GO:0032528,3,9,389,2734,2.34,0.12443768868786913,0.91,A0A8V1AJV5 A0A1D5P0X0 E1BQI2
Biological Process,MyD88-dependent toll-like receptor signaling pathway,7,GO:0002755,3,9,389,2734,2.34,0.12443768868786913,0.91,A0A8V1ACS0 A0A8V1ABC8 A0A8V0Z4J0
Biological Process,chondroitin sulfate catabolic process,5,GO:0030207,3,9,389,2734,2.34,0.12443768868786913,0.91,A0A1L1RX77 A0A8V0XRC4 A0A8V0YLN5
Biological Process,regulation of lipoprotein lipase activity,6,GO:0051004,3,9,389,2734,2.34,0.12443768868786913,0.91,P11602 A0A8V0X4D8 A0A8V0ZA56
Biological Process,somatic stem cell population maintenance,3,GO:0035019,3,9,389,2734,2.34,0.12443768868786913,0.91,A0A8V0ZPH9 A0A8V1A7R0 A0A8V1A9A7
Biological Process,protein localization to peroxisome,6,GO:0072662,3,9,389,2734,2.34,0.12443768868786913,0.91,A0A8V1ACS0 A0A8V0Z4J0 A0A8V0YFD4
Biological Process,central complex development,3,GO:0048036,3,9,389,2734,2.34,0.12443768868786913,0.91,A0A3Q3A4U3 A0A1D5NTR5 A0A1D5NYG2
Biological Process,fin development,4,GO:0033333,3,9,389,2734,2.34,0.12443768868786913,0.91,A0A8V0YMM6 A0A8V0Y070 A0A8V0YDT4
Biological Process,mitochondrion distribution,4,GO:0048311,3,9,389,2734,2.34,0.12443768868786913,0.91,A0A8V0Y8L6 A0A8V0YS46 A0A8V0XCX4
Biological Process,hyaluronan metabolic process,7,GO:0030212,3,9,389,2734,2.34,0.12443768868786913,0.91,A0A8V0Z4M1 A0A8V0Y2E5 A0A1L1RSD2
Biological Process,embryonic eye morphogenesis,5,GO:0048048,3,9,389,2734,2.34,0.12443768868786913,0.91,A0A8V0ZKI8 A0A8V1AG56 Q98938
Biological Process,positive regulation of heart contraction,6,GO:0045823,3,9,389,2734,2.34,0.12443768868786913,0.91,A0A8V0ZWX9 A0A8V0XYR2 A0A8V0ZY91
Biological Process,protein targeting to peroxisome,5,GO:0006625,3,9,389,2734,2.34,0.12443768868786913,0.91,A0A8V1ACS0 A0A8V0Z4J0 A0A8V0YFD4
Biological Process,salivary gland boundary specification,5,GO:0007432,3,9,389,2734,2.34,0.12443768868786913,0.91,A0A8V0Z8V4 A0A8V0ZKS6 A0A3Q3A4U3
Biological Process,establishment of protein localization to peroxisome,5,GO:0072663,3,9,389,2734,2.34,0.12443768868786913,0.91,A0A8V1ACS0 A0A8V0Z4J0 A0A8V0YFD4
Biological Process,"regulation of epithelial cell migration, open tracheal system",5,GO:2000274,3,9,389,2734,2.34,0.12443768868786913,0.91,A0A8V0Z8V4 Q98938 A0A3Q3A4U3
Biological Process,collagen and cuticulin-based cuticle development,4,GO:0040002,3,9,389,2734,2.34,0.12443768868786913,0.91,A0A8V0ZX23 A0A8V0ZHL4 E1BQI2
Biological Process,response to misfolded protein,4,GO:0051788,3,9,389,2734,2.34,0.12443768868786913,0.91,Q5ZIB0 A0A8V0XQS7 A0A8V0ZW46
Biological Process,fucose metabolic process,5,GO:0006004,3,9,389,2734,2.34,0.12443768868786913,0.91,Q8AWB4 E1BS94 O12971
Biological Process,peroxisomal transport,4,GO:0043574,3,9,389,2734,2.34,0.12443768868786913,0.91,A0A8V1ACS0 A0A8V0Z4J0 A0A8V0YFD4
Biological Process,follicle cell of egg chamber stalk formation,3,GO:0030713,3,9,389,2734,2.34,0.12443768868786913,0.91,A0A8V1A9R2 A0A3Q2UEL1 Q98938
Biological Process,protein quality control for misfolded or incompletely synthesized proteins,6,GO:0006515,3,9,389,2734,2.34,0.12443768868786913,0.91,Q5ZIB0 A0A8V0XQS7 A0A8V0ZW46
Biological Process,regulation of phospholipid biosynthetic process,6,GO:0071071,3,9,389,2734,2.34,0.12443768868786913,0.91,A0A8V0YB43 A0A3Q2TU24 Q5ZJ58
Biological Process,semi-lunar valve development,4,GO:1905314,3,9,389,2734,2.34,0.12443768868786913,0.91,A0A8V0Y290 A0A8V0Y0F3 A0A3Q3A4U3
Biological Process,regulation of sensory neuron axon guidance,6,GO:1905489,3,9,389,2734,2.34,0.12443768868786913,0.91,A0A8V0Z8V4 A0A8V0ZKS6 A0A3Q3A4U3
Biological Process,fucosylation,3,GO:0036065,3,9,389,2734,2.34,0.12443768868786913,0.91,A0A8V0XMA2 Q8AWB4 O12971
Biological Process,organonitrogen compound metabolic process,3,GO:1901564,172,1309,389,2734,0.92,0.12502960819638567,0.9,A0A8V1A9L3 A0A8V0ZWX9 A0A8V1A3D7 A0A8V1A4K1 A0A8V0YDT5 A0A8V0XEJ0 A0A8V0YW12 A0A8V0YIV5 A0A8V0ZY61 A0A8V1ACS0 A0A8V0ZZG2 A0A8V0ZG46 A0A8V0YPH9 A0A8V1ABC8 A0A1L1RX77 A0A8V0XPE8 A0A8V0YW57 A0A8V0X2C5 A0A8V0Z0B9 A0A8V0ZA56 A0A8V0X783 A0A8V0Y4Q2 A0A1L1RZ23 A0A8V0ZZD4 A0A8V1A3N1 A0A8V0ZKV3 A0A1D5PNL3 A0A8V0Z086 A0A8V0Y9F8 A0A8V0Z832 A0A8V0YYQ9 F1NGB8 A0A3Q2TU24 A0A8V1AB05 A0A8V1A9R2 A0A8V1AB67 A0A8V0Y070 A0A8V0ZX23 P28687 A0A8V1AG56 A0A1D5PCU0 E1C744 A0A8V0XBI2 A0A8V0XXM5 A0A8V0YM05 A0A8V0XDL7 E1BS94 P02460 A0A8V0X637 E1C3Z8 E1BYF1 A0A8V0ZP32 A0A8V0XK73 A0A8V0ZRU9 A0A3Q2TYT2 A0A1L1RSD2 A0A8V0YRF2 E1C2T4 A0A1D5NZN4 A0A8V0XA12 A0A1D5P0D7 A0A8V0Z6S1 A0A8V0XA92 A0A1D5PJE0 A0A8V0ZW46 A0A8V0ZE58 A0A8V0YZJ3 A0A8V0XPN5 A0A8V1ABC9 A0A8V0YF22 A0A8V0YSI0 A0A8V0YRK4 A0A8V0ZVP0 A0A8V1ADF6 A0A8V0Y513 A0A8V0ZZJ1 Q05744 A0A8V1AFH0 A0A1D5P201 A0A8V0YJV4 A0A8V1ACQ8 A0A1D5PT01 Q5ZKV5 A0A8V0YRG2 Q76KB2 Q5ZIB0 A0A8V0X4D8 A0A8V0ZI29 A0A1D5NVM6 A0A1D5PNB8 A0A8V0XMA2 A0A8V0YXG4 A0A8V0ZHL4 A0A8V0ZIF0 A0A1L1RP76 A0A8V0XE95 A0A8V0YC98 A0A8V0Y8L6 A0A8V0X643 A0A8V0Z4J0 A0A8V0YC57 A0A8V0ZDK0 A0A8V1AHJ8 A0A8V1A8E4 A0A8V0ZSG8 A0A8V0ZQJ4 A0A8V0ZTA5 E1C733 A0A8V0YLN5 A0A8V0ZSX6 A0A1D5PE57 Q8AWB4 A0A8V0Z1E9 A0A8V0XWZ8 A0A8V0Y1A4 A0A8V0ZY42 A0A8V0Z865 A0A8V0ZF83 O12971 A0A8V0YDT4 A0A8V0ZTG6 A0A8V0Y6W2 A0A8V0XK27 A0A8V0ZFH4 A0A8V0YQC4 A0A8V0XQS7 A0A8V0Z9Y8 A0A8V0Z4M1 P01875 A0A8V0YFD4 Q98938 A0A8V0XRC4 A0A8V0XL09 A0A8V0ZR84 A0A8V0ZFG7 A0A1D5PA74 A0A8V1AAN6 A0A8V0ZIZ5 A0A8V0ZWH1 A0A8V0ZNH3 A0A8V1A8N2 A0A8V0WZN3 A0A8V0Y7C8 A0A8V0Z1C5 A0A8V0XT35 A0A8V0ZYN6 A0A1D5PNG3 A0A1D5P1F1 Q6JHU8 A0A8V1AJ90 A0A8V0XF68 A0A8V0YS46 A0A8V0WZJ4 A0A8V0XB58 A0A8V0ZZU1 A0A8V0XDM2 A0A8V0X6J5 A0A8V0YDG8 A0A3Q2UEL1 A0A8V1A2F4 A0A8V0Z2J4 A0A8V0ZBJ8 A0A8V0Y2E5 A0A8V0ZH54 A0A8V0Y218 A0A8V0ZZH6 A0A8V0YDD6 R4GH52 F1NSM7 A0A8V1AN12 A0A8V0ZPH9 A0A8V0YWM3
Biological Process,positive regulation of fibroblast proliferation,6,GO:0048146,6,23,389,2734,1.83,0.1256010120327661,0.9,A0A8V1AG56 A0A3Q2TU24 A0A8V0YDT4 A0A8V0YDD6 A0A1D5P1F1 Q9I946
Biological Process,artery development,4,GO:0060840,6,23,389,2734,1.83,0.1256010120327661,0.9,A0A8V0YS46 A0A1D5PE57 A0A8V0XDM2 A0A3Q3A4U3 A0A8V0XPE8 A0A8V0Z4M1
Biological Process,inner ear morphogenesis,4,GO:0042472,6,23,389,2734,1.83,0.1256010120327661,0.9,A0A8V1AG56 A0A8V0YM05 A0A8V0YMM6 A0A8V1AJV5 A0A8V0YRG2 P02460
Biological Process,negative regulation of blood vessel morphogenesis,5,GO:2000181,8,33,389,2734,1.7,0.12594591591512247,0.9,A0A8V0YNQ0 A0A8V0Y0F3 A0A8V0Y413 A0A8V0Y1A4 A0A1L1RX77 A0A8V0YXG4 A0A8V0Y290 A0A8V0YRK4
Biological Process,chondroitin sulfate metabolic process,4,GO:0030204,8,33,389,2734,1.7,0.12594591591512247,0.9,A0A8V0WZJ4 A0A8V0XRC4 A0A1L1RX77 A0A8V0YLN5 A0A8V0ZBJ8 A0A1D5PA74 E1C2T4 A0A8V0YIV5
Biological Process,odontogenesis,4,GO:0042476,8,33,389,2734,1.7,0.12594591591512247,0.9,A0A8V0ZKI8 A0A8V0ZTP1 A0A8V0ZES4 A0A8V0Y1A4 A0A8V0ZF99 A0A8V0YLT1 A0A8V0XJ84 A0A1D5NWP2
Biological Process,positive regulation of chemokine production,6,GO:0032722,4,14,389,2734,2.01,0.12611847384534322,0.9,A0A8V1AG56 P11602 A0A8V1ABC8 A0A8V0YR09
Biological Process,positive regulation of cardiac muscle hypertrophy,6,GO:0010613,4,14,389,2734,2.01,0.12611847384534322,0.9,A0A8V0XYR2 A0A8V1AK88 A0A8V0XB58 A0A8V1ABC9
Biological Process,membrane assembly,5,GO:0071709,4,14,389,2734,2.01,0.12611847384534322,0.9,A0A3Q2UGW3 A0A8V0Y9F8 A0A8V0YDT5 A0A8V0XUK6
Biological Process,peptide cross-linking,5,GO:0018149,4,14,389,2734,2.01,0.12611847384534322,0.9,A0A1L1RX77 A0A8V0YDD6 A0A1D5PE57 A0A8V0YIV5
Biological Process,positive regulation of muscle hypertrophy,5,GO:0014742,4,14,389,2734,2.01,0.12611847384534322,0.9,A0A8V0XYR2 A0A8V1AK88 A0A8V0XB58 A0A8V1ABC9
Biological Process,negative regulation of neuron projection regeneration,5,GO:0070571,4,14,389,2734,2.01,0.12611847384534322,0.9,A0A8V0ZKS6 A0A8V0YDT5 A0A8V1AB05 A0A8V0ZI29
Biological Process,regulation of homotypic cell-cell adhesion,6,GO:0034110,4,14,389,2734,2.01,0.12611847384534322,0.9,A0A1D5NTR5 A0A8V1A2P5 A0A8V1ABC9 A0A1D5NYG2
Biological Process,cellular anatomical entity morphogenesis,3,GO:0032989,62,366,389,2734,1.19,0.1262054706913017,0.9,A0A8V1AG56 A0A8V0X4D8 Q98938 A0A8V0ZBR8 A0A8V0ZI29 A0A1D5NW03 A0A8V0XDL7 A0A8V1A2P5 A0A8V1A9A7 A0A3Q3A4U3 A0A1D5NTR5 A0A8V0YVT3 A0A8V0YDT5 A0A8V0YXG4 A0A1D5NYG2 A0A8V0Y8L6 A0A8V1ACU1 A0A8V0Y4G8 A0A8V0YB43 A0A8V0Z8V4 A0A8V0YUF6 A0A8V0ZKS6 A0A8V0Y722 A0A8V0ZSX0 A0A8V0ZSX6 A0A8V1ACD6 A0A8V0XKU5 A0A8V0ZAU8 A0A8V1AAH7 A0A1D5P0D7 Q0PVE4 A0A8V0ZZU1 F1NEZ4 A0A8V0ZTP1 A0A8V0YRN1 A0A8V0YE20 A0A3Q2UEL1 A0A1D5PNL3 A0A8V0Y9F8 A0A8V0YBD7 A0A8V0Z4M1 A0A8V1ABC9 A0A1D5PLP1 A0A8V0ZF83 A0A8V1ADF6 A0A8V0ZKI8 A0A8V0YEQ1 A0A8V0ZB91 A0A8V1A3S8 A0A1D5P655 A0A8V1AB05 A0A8V1A9R2 A0A8V1AB67 A0A8V0Y413 A0A8V0YY70 A0A8V0Y070 A0A1D5PT01 A0A8V0YDD6 A0A8V1AJV5 P33005 A0A8V0ZPH9 A0A8V0YRG2
Biological Process,regulation of proteolysis involved in protein catabolic process,7,GO:1903050,4,57,389,2734,0.49,0.12768870140280533,0.89,A0A8V0XM58 A0A8V0YRK4 A0A8V0Y7Y9 A0A1L1RP76
Biological Process,mitochondrial transport,4,GO:0006839,4,57,389,2734,0.49,0.12768870140280533,0.89,A0A8V0XF68 A0A8V1A7R0 R4GGQ4 A0A8V0ZSX0
Biological Process,myeloid cell differentiation,4,GO:0030099,4,57,389,2734,0.49,0.12768870140280533,0.89,A0A8V0Z4M1 A0A8V1A9R2 A0A8V0YM05 A0A8V0YLT1
Biological Process,respiratory system development,4,GO:0060541,29,158,389,2734,1.29,0.12773990771010224,0.89,A0A8V0YNQ0 A0A8V0ZWX9 A0A8V1AG56 Q98938 A0A8V0ZW33 A0A3Q3A4U3 A0A8V0XUJ8 A0A8V1AAN6 A0A8V0Z8V4 A0A8V0Y7C8 A0A1D5NZN4 A0A8V1AAH7 A0A8V0YS46 Q0PVE4 A0A8V0ZTP1 A0A8V0Z2J4 A0A8V0ZT48 A0A8V0XJ84 A0A8V0Z4M1 A0A8V0XX49 A0A8V0ZKI8 A0A3Q2TU24 A0A8V1A4I0 A0A8V1AB67 A0A8V1A9R2 A0A8V0ZHK9 A0A8V0YIE9 Q5ZHL0 Q76KB2
Biological Process,tube development,3,GO:0035295,70,419,389,2734,1.17,0.12820385431305098,0.89,A0A8V0YNQ0 A0A8V0ZWX9 A0A8V1AG56 Q98938 A0A8V0XRC4 A0A8V0YM05 A0A8V0ZW33 A0A8V1A9A7 A0A3Q3A4U3 A0A1D5NTR5 A0A8V0YVT3 A0A8V0YXG4 A0A8V0XRN3 A0A1D5NYG2 A0A8V0XFL3 A0A8V0XUJ8 A0A8V0Y8L6 A0A8V0XYR2 A0A8V1AAN6 A0A8V1A3H9 P02460 A0A8V0ZDK0 A0A8V0Z8V4 A0A8V0ZZG2 Q5ZHL0 A0A8V0ZSG8 A0A8V0Y722 E1C733 A0A8V0XK73 A0A8V0Y7C8 A0A8V0XKU5 A0A1D5NZN4 A0A1D5PE57 Q8AWB4 A0A1D5P0D7 A0A8V0YS46 A0A8V0WZJ4 A0A8V0XA92 A0A8V0ZZU1 Q0PVE4 A0A8V0XDM2 A0A8V0ZTP1 A0A3Q2UEL1 A0A8V0ZE58 A0A8V0XJ84 A0A8V0Y2E5 A0A8V0ZH54 A0A1D5NWP2 A0A8V0XM58 A0A8V0XX49 A0A8V0YRG2 A0A8V0ZF83 Q9I946 A0A8V0Y513 A0A8V0ZKI8 F1NGB8 A0A3Q2TU24 A0A8V0YEQ1 A0A8V1A4I0 O12971 A0A8V1A9R2 A0A8V1AB67 A0A8V0YJV4 A0A8V0YY70 A0A8V0YMM6 A0A8V0Y070 A0A8V0ZHK9 A0A8V0ZQP1 A0A8V0Z4M1 Q76KB2
Biological Process,mitotic cell cycle phase transition,4,GO:0044772,4,59,389,2734,0.48,0.1290191806768578,0.89,A0A8V0ZFG7 A0A8V0YRK4 A0A8V0XB58 A0A8V0X643
Biological Process,alpha-amino acid metabolic process,4,GO:1901605,4,59,389,2734,0.48,0.1290191806768578,0.89,A0A8V0Y513 A0A8V0ZHL4 A0A1D5PNB8 E1BYF1
Biological Process,meiotic cell cycle process,2,GO:1903046,4,59,389,2734,0.48,0.1290191806768578,0.89,A0A8V0YW57 A0A8V0ZW33 R4GH52 A0A1D5PBU5
Biological Process,reproductive structure development,3,GO:0048608,30,162,389,2734,1.3,0.13051549955283337,0.88,A0A8V1AG56 A0A8V0ZWX9 Q98938 A0A3Q3A4U3 A0A1D5NTR5 A0A1D5NYG2 A0A8V1AAN6 A0A8V0ZDK0 A0A8V0Z8V4 A0A8V0XGL8 A0A8V0ZKS6 A0A1L1RX77 A0A8V0YW57 A0A1D5NZN4 A0A8V0XF68 Q0PVE4 A0A8V0ZZU1 A0A8V0ZE58 A0A8V0ZY91 A0A8V0Y1A4 A0A8V0ZH54 A0A8V1ABC9 A0A8V0ZKI8 A0A3Q2TU24 A0A8V0YEQ1 O12971 A0A8V0ZES4 A0A8V0ZQP1 A0A8V0Z4M1 Q76KB2
Biological Process,cellular biosynthetic process,3,GO:0044249,75,611,389,2734,0.86,0.1305268587708889,0.88,A0A8V1A9L3 P11602 A0A1D5PCU0 A0A8V0X4D8 A0A8V0XCX4 A0A8V0ZWX9 Q98938 Q5ZIB0 A0A8V0XRC4 A0A8V0XDL7 A0A1D5PNB8 A0A8V0Z4R1 A0A8V0ZYM1 A0A8V0XMA2 A0A8V0ZR84 A0A1D5PA74 A0A8V0Y8L6 A0A8V0XYR2 A0A8V0Z4J0 A0A8V0ZIZ5 A0A8V0YC57 A0A8V0ZWH1 A0A8V0ZY61 A0A8V1ACS0 A0A8V1AHJ8 A0A8V0ZG46 A0A8V0X637 A0A8V0WZN3 E1C3Z8 A0A3Q2TTB3 E1BYF1 A0A1L1RX77 A0A8V0Y7C8 A0A8V0XK73 A0A8V0Z1C5 A0A8V0XT35 A0A8V1A4P2 E1C2T4 A0A8V0ZYN6 A0A1D5PNG3 Q8AWB4 A0A8V1A7R0 A0A1D5P1F1 A0A8V1AJ90 A0A8V0Z0B9 A0A8V0ZG43 A0A8V0YS46 A0A8V0WZJ4 A0A8V0Z6S1 A0A8V1AK88 A0A1D5PJE0 A0A8V0ZW46 A0A8V0X6J5 Q5ZJ58 A0A3Q2UEL1 A0A8V1A2F4 A0A8V0XPN5 A0A8V0ZBJ8 A0A8V0Z865 A0A8V0Y2E5 A0A8V0XAN3 A0A8V0Y218 A0A8V0YYQ9 A0A8V0Y513 F1NGB8 O12971 A0A1D5P201 A0A8V0YJV4 A0A8V1ACQ8 A0A8V0ZFH4 A0A8V0Y6W2 A0A8V0YQC4 A0A8V0XQS7 Q76KB2 A0A8V0ZQS2
Biological Process,hemostasis,4,GO:0007599,8,92,389,2734,0.61,0.13098876534019188,0.88,A0A3Q2TU24 A0A8V0YDT4 A0A8V1A2P5 A0A8V0ZTG6 A0A8V1ABC9 A0A1D5PE57 A0A8V0YSI0 Q9I946
Biological Process,cellular response to nutrient levels,4,GO:0031669,13,60,389,2734,1.52,0.1313195244843903,0.88,A0A8V0YNQ0 A0A8V0XDM2 A0A8V0ZSG8 A0A8V0Y7Y9 A0A8V0XCI3 A0A8V0YWM3 A0A8V0Y1A4 A0A8V1AMI7 A0A8V0XPE8 A0A8V0ZSX6 A0A8V0ZRU9 A0A1D5P1F1 P02460
Biological Process,eye photoreceptor cell differentiation,6,GO:0001754,13,60,389,2734,1.52,0.1313195244843903,0.88,A0A8V0YNQ0 Q98938 A0A8V0ZI29 A0A8V1AB05 A0A8V1A9R2 A0A8V0YY70 A0A8V0ZMU3 A0A1D5NTR5 A0A8V0YDT5 A0A1D5NYG2 A0A8V0Z4M1 A0A8V1A7R0 A0A1D5P0D7
Biological Process,neuron recognition,3,GO:0008038,13,60,389,2734,1.52,0.1313195244843903,0.88,A0A8V1AG56 A0A8V0Z8V4 A0A8V0X4D8 A0A8V0ZKS6 A0A8V0ZF83 A0A8V0Y070 A0A3Q3A4U3 A0A8V0Y9F8 A0A1D5NTR5 A0A8V0YXG4 A0A8V0YBD7 A0A1D5NYG2 A0A8V0YRG2
Biological Process,reproductive system development,4,GO:0061458,30,163,389,2734,1.29,0.1317656887036433,0.88,A0A8V1AG56 A0A8V0ZWX9 Q98938 A0A3Q3A4U3 A0A1D5NTR5 A0A1D5NYG2 A0A8V1AAN6 A0A8V0ZDK0 A0A8V0Z8V4 A0A8V0XGL8 A0A8V0ZKS6 A0A1L1RX77 A0A8V0YW57 A0A1D5NZN4 A0A8V0XF68 Q0PVE4 A0A8V0ZZU1 A0A8V0ZE58 A0A8V0ZY91 A0A8V0Y1A4 A0A8V0ZH54 A0A8V1ABC9 A0A8V0ZKI8 A0A3Q2TU24 A0A8V0YEQ1 O12971 A0A8V0ZES4 A0A8V0ZQP1 A0A8V0Z4M1 Q76KB2
Biological Process,regulation of cell cycle,4,GO:0051726,28,256,389,2734,0.77,0.1321608648280805,0.88,A0A8V1AG56 Q98938 A0A8V0Y999 A0A8V0ZW33 A0A8V1A9A7 A0A8V1ACU1 A0A8V0XYR2 A0A8V0ZEJ3 A0A8V0YC57 A0A8V0ZDK0 A0A8V0ZTA5 A0A8V0X5U3 A0A8V0YW57 A0A8V0X1T3 A0A8V1A7R0 A0A1D5P1F1 A0A8V0XB58 Q5ZJ58 A0A1D5PNL3 A0A8V0Y1A4 A0A8V1ABC9 A0A8V0YRK4 A0A8V0ZKI8 A0A1D5PBU5 O12971 A0A8V0Z9Z7 A0A8V1AJV5 A0A8V0XTW4
Biological Process,positive regulation of peptide secretion,6,GO:0002793,6,76,389,2734,0.55,0.13273990794096238,0.88,A0A8V1AG56 P11602 A0A8V0YY90 A0A8V0XJ84 A0A8V0YPA6 A0A8V0Z9Y8
Biological Process,response to insulin,5,GO:0032868,6,76,389,2734,0.55,0.13273990794096238,0.88,A0A8V0YB43 A0A1D5P655 A0A8V0Y1N7 A0A8V0ZRU9 Q5ZHL0 A0A1D5PNG3
Biological Process,protein folding,2,GO:0006457,8,95,389,2734,0.59,0.1328190260872462,0.88,A0A1D5P1F1 A0A8V0ZW46 A0A8V0YGQ5 Q00649 A0A8V0XQS7 Q6JHU8 A0A8V0Z6M9 A0A3Q2U2N6
Biological Process,protein targeting,4,GO:0006605,8,95,389,2734,0.59,0.1328190260872462,0.88,A0A8V0XF68 A0A8V1ACS0 A0A8V0XDM2 A0A8V0XPN5 R4GGQ4 P28687 A0A8V0Z4J0 A0A8V0YFD4
Biological Process,ribonucleoprotein complex biogenesis,4,GO:0022613,6,77,389,2734,0.55,0.13399917786448595,0.87,A0A8V0ZJ97 A0A8V1A6A3 A0A8V0XPN5 A0A8V0XXW6 A0A8V0ZSX6 A0A1D5PNG3
Biological Process,regulation of actin filament length,5,GO:0030832,6,77,389,2734,0.55,0.13399917786448595,0.87,A0A1D5P655 E1C733 Q00649 A0A8V0XUK6 A0A8V0XZQ1 A0A8V0X852
Biological Process,male gamete generation,4,GO:0048232,17,167,389,2734,0.72,0.1371762701734382,0.86,A0A8V0XF68 A0A1L1RZ23 A0A8V0YS46 A0A8V0WZJ4 A0A8V1ALE0 A0A1D5PBU5 A0A8V0ZI29 A0A8V1AB05 Q5ZJ58 A0A8V0WZN3 A0A8V0ZTA5 A0A8V0YW57 A0A8V0YDT5 A0A8V0YIE9 A0A8V0Z7D4 A0A8V0YPA6 A0A1D5NZN4
Biological Process,anterograde trans-synaptic signaling,6,GO:0098916,11,119,389,2734,0.65,0.1386148546646886,0.86,A0A8V0ZKI8 A0A1D5PCU0 A0A8V0XB58 A0A8V1ALE0 A0A8V0ZBR8 A0A8V1AB67 A0A8V0ZSX0 A0A1D5NTR5 A0A8V0YEZ4 A0A3Q2TYT2 A0A1D5NYG2
Biological Process,chemical synaptic transmission,7,GO:0007268,11,119,389,2734,0.65,0.1386148546646886,0.86,A0A8V0ZKI8 A0A1D5PCU0 A0A8V0XB58 A0A8V1ALE0 A0A8V0ZBR8 A0A8V1AB67 A0A8V0ZSX0 A0A1D5NTR5 A0A8V0YEZ4 A0A3Q2TYT2 A0A1D5NYG2
Biological Process,positive regulation of mitotic cell cycle,6,GO:0045931,10,46,389,2734,1.53,0.13873893516114397,0.86,A0A8V0ZDK0 A0A1D5PNL3 A0A8V1A9A7 A0A8V0Y1A4 A0A8V0X5U3 A0A8V0ZTA5 A0A8V1ABC9 A0A8V1ACU1 A0A1D5P1F1 A0A8V0XYR2
Biological Process,positive regulation of nuclear division,7,GO:0051785,6,24,389,2734,1.76,0.1390323648796059,0.86,A0A8V1AG56 A0A8V0ZDK0 A0A8V0ZTA5 A0A8V1A9A7 A0A8V0X5U3 A0A8V0XYR2
Biological Process,stem cell development,4,GO:0048864,6,24,389,2734,1.76,0.1390323648796059,0.86,A0A8V0XDM2 A0A8V0ZTP1 A0A8V0YDD6 A0A8V1ACD6 A0A8V0XYR2 A0A8V1ADF6
Biological Process,bone morphogenesis,4,GO:0060349,6,24,389,2734,1.76,0.1390323648796059,0.86,Q98938 A0A8V1A9A7 A0A1D5NZT1 A0A8V0XJ84 A0A8V0Y2E5 P02460
Biological Process,negative regulation of ion transmembrane transporter activity,5,GO:0032413,6,24,389,2734,1.76,0.1390323648796059,0.86,A0A8V0XB58 A0A8V0ZY91 A0A8V1AJV5 A0A8V0ZRU9 A0A8V1ABC9 A0A8V0YRG2
Biological Process,collagen metabolic process,2,GO:0032963,6,24,389,2734,1.76,0.1390323648796059,0.86,A0A8V0X4D8 Q05744 A0A8V1AFH0 R4GH52 A0A8V0ZX23 Q6JHU8
Biological Process,calcium-mediated signaling,5,GO:0019722,6,24,389,2734,1.76,0.1390323648796059,0.86,A0A8V0XB58 A0A1D5NTR5 A0A1D5NWP2 A0A8V1ABC9 A0A1D5P1F1 A0A8V0XYR2
Biological Process,leg disc development,5,GO:0035218,6,24,389,2734,1.76,0.1390323648796059,0.86,A0A8V0ZKI8 A0A8V0ZZG2 A0A8V0ZZU1 Q98938 O12971 A0A8V1A9A7
Biological Process,regulation of actin filament-based process,4,GO:0032970,14,144,389,2734,0.68,0.14011673261466978,0.85,A0A3Q2TU24 A0A8V0XB58 A0A1D5P655 A0A8V0XCI3 A0A8V0X5K9 A0A8V0YY70 E1C733 Q00649 A0A8V0XUK6 A0A8V0XJ84 A0A8V0XZQ1 A0A8V0X852 A0A8V0ZPH9 A0A8V0XYR2
Biological Process,behavior,2,GO:0007610,30,270,389,2734,0.78,0.14159632326503543,0.85,A0A8V0YNQ0 A0A1D5PNB8 A0A8V1A9A7 A0A8V0ZFG7 A0A3Q2U2N5 A0A8V0ZSG8 A0A3Q2UGW3 A0A8V0ZTA5 A0A8V0ZSX0 A0A8V0ZSX6 A0A3Q2TYT2 A0A8V1A7R0 A0A1D5P1F1 A0A8V0WZJ4 A0A8V0XB58 A0A1D5PNL3 A0A8V0Z086 A0A8V0Y9F8 A0A8V0YPB9 A0A8V1ABC9 A0A8V0YRK4 A0A8V0ZKI8 A0A8V0YEQ1 A0A1D5PBU5 A0A8V1A9R2 A0A8V1AB67 A0A8V0Y413 A0A8V0YY70 A0A8V0XK27 A0A8V0YRG2
Biological Process,mitotic nuclear division,4,GO:0140014,3,47,389,2734,0.45,0.14180391489658,0.85,A0A8V0ZDK0 A0A8V0ZW33 A0A1D5PBU5
Biological Process,male sex differentiation,4,GO:0046661,13,63,389,2734,1.45,0.1444548937501711,0.84,A0A8V1AG56 A0A3Q2TU24 A0A8V0ZZU1 A0A8V0ZKS6 A0A1D5NZN4 A0A8V0YM05 A0A8V0ZY91 A0A1D5NTR5 A0A8V0YW57 A0A8V0ZH54 A0A1D5NYG2 P33005 A0A8V0ZQP1
Biological Process,protein modification by small protein conjugation,7,GO:0032446,13,63,389,2734,1.45,0.1444548937501711,0.84,A0A8V1ACS0 A0A8V0ZZG2 A0A8V1A4K1 A0A8V0ZSG8 A0A8V0YPH9 A0A1D5PNL3 A0A8V0ZFG7 A0A1L1RP76 A0A8V0YRF2 Q5ZKV5 A0A8V0Z4J0 A0A8V0YFD4 A0A8V1AJ90
Biological Process,border follicle cell migration,4,GO:0007298,3,49,389,2734,0.43,0.14467548277949013,0.84,A0A8V1A9R2 Q0PVE4 A0A8V0ZZU1
Biological Process,digestive system development,4,GO:0055123,19,99,389,2734,1.35,0.14484863266118975,0.84,A0A8V1AG56 A0A8V0ZWX9 Q98938 A0A1D5NTR5 A0A8V0YXG4 A0A1D5NYG2 A0A8V0Y8L6 A0A8V0Z8V4 A0A1D5PE57 A0A8V0WZJ4 A0A8V0XJ84 A0A8V0XM58 Q9I946 A0A8V0Y513 F1NGB8 A0A3Q2TU24 A0A8V0YEQ1 A0A8V1A9R2 A0A8V0ZQP1
Biological Process,response to stress,2,GO:0006950,98,774,389,2734,0.89,0.1451416885546114,0.84,Q5ZMG0 P11602 A0A8V0ZWX9 A0A8V1A4K1 A0A8V1AEJ4 A0A8V1AJT2 A0A8V0YEZ4 A0A8V0XEJ0 A0A8V0YW12 A0A8V0ZEJ3 A0A8V1ACS0 A0A8V0ZZG2 A0A8V1ABC8 A0A1L1RX77 A0A8V0XPE8 A0A8V0YW57 A0A8V1A7R0 A0A8V1A3N1 A0A1D5PNL3 A0A8V0Y9F8 A0A8V0XJ84 A0A8V0YYQ9 F1NGB8 A0A3Q2TU24 A0A8V1A9R2 A0A8V1AG56 A0A1D5PCU0 A0A8V0XXM5 A0A8V0XUK6 E1BS94 A0A3Q2TTB3 E1BYF1 A0A8V0ZRU9 A0A8V0ZXC9 A0A8V0YRF2 E1C2T4 A0A8V1AAH7 A0A8V0Y7Y9 A0A8V0ZW46 A0A8V0ZE58 Q00649 A0A8V0Z7D4 A0A8V1ABC9 A0A8V0YSI0 A0A8V0YRK4 A0A8V0Y513 A0A8V0YR09 Q05744 A0A8V0Y413 A0A8V0YJV4 A0A8V0YLT1 A0A8V0YRG2 Q5ZIB0 A0A8V1A803 A0A8V0ZI29 A0A8V1AFP7 A0A1D5PNB8 A0A8V0YXG4 A0A8V0Z4J0 A0A8V1AHJ8 A0A8V0ZSG8 A0A8V0ZTA5 E1C733 A0A8V1AMI7 A0A8V0ZSX6 A0A8V0Z888 A0A1D5PE57 A0A8V0ZAU8 A0A1D5PC37 A0A8V0YPB9 O12971 A0A8V0YDT4 A0A8V0ZTG6 A0A8V0ZFH4 A0A8V0XQS7 A0A8V0Z4M1 P01875 A0A8V0YNQ0 A0A8V0XRC4 A0A8V0XCI3 A0A8V0ZW33 A0A8V1A2P5 A0A8V0XYR2 A0A8V1AAN6 A0A8V0XGL8 A0A8V0YQ88 A0A1D5P1F1 A0A8V1AJ90 A0A8V0XF68 A0A8V0XB58 A0A8V0XDM2 A0A8V0YE20 A0A8V0Y2E5 Q9I946 A0A8V0YU83 A0A8V0Y614 A0A8V0YDD6 A0A8V0YWM3
Biological Process,regulation of response to stress,4,GO:0080134,42,359,389,2734,0.82,0.14544436580850179,0.84,Q5ZMG0 P11602 A0A8V0ZWX9 A0A8V1AG56 A0A8V0ZI29 A0A8V0ZW33 A0A8V1AFP7 A0A8V1A2P5 A0A8V1A8R6 A0A8V0YDT5 A0A8V0XUK6 A0A8V0XYR2 A0A8V0Z4J0 A0A8V0ZIZ5 A0A8V1ACS0 A0A8V0ZZG2 A0A8V0ZKS6 A0A8V1A8N2 A0A8V1ABC8 A0A8V0ZP32 A0A8V0ZSX6 A0A8V1AKH4 A0A8V0X852 A0A8V0YRF2 A0A1D5P0D7 A0A8V0Z307 A0A8V1AA32 A0A1D5PNL3 Q00649 A0A8V0YY90 A0A8V1ABC9 A0A8V0YRK4 E1BQI2 A0A8V0YR09 A0A3Q2TU24 A0A8V0ZJ97 A0A8V0ZB91 A0A8V1AFH0 A0A8V1AB05 A0A8V0ZTG6 A0A1D5PT01 A0A8V0Z4M1
Biological Process,vesicle localization,3,GO:0051648,9,101,389,2734,0.63,0.14551147609900966,0.84,A0A8V0XDM2 A0A8V1AFR2 A0A8V1AB67 A0A1D5P0X0 A0A8V0YVT3 A0A8V0XTW4 A0A8V0Z9Y8 A0A8V0XM58 A0A8V0YSI0
Biological Process,positive regulation of locomotion,4,GO:0040017,37,209,389,2734,1.24,0.1484798561286456,0.83,A0A8V0Y0V1 A0A8V1AG56 A0A8V0X4D8 A0A8V0Y4R7 A0A1D5NTR5 A0A8V0YXG4 A0A1D5NZT1 A0A1D5NYG2 A0A8V0XYR2 A0A8V0Z8V4 A0A3Q2U2N5 A0A8V0ZSG8 A0A8V0ZKS6 E1C733 A0A8V0X852 A0A8V0Y5K2 A0A1D5P1F1 A0A8V1AAH7 A0A1L1RZ23 A0A8V0XB58 A0A8V1A9U7 A0A8V0ZE58 A0A8V0XWZ8 A0A8V0Y1A4 Q00649 A0A8V0XJ84 A0A8V0Y2E5 A0A8V1ABC9 A0A8V0YRK4 Q9I946 A0A8V0YR09 A0A3Q2TU24 A0A8V0YDT4 A0A8V0Y413 A0A8V0YDD6 A0A8V0Z4M1 A0A8V0ZPH9
Biological Process,head development,3,GO:0060322,42,243,389,2734,1.21,0.1500576368365321,0.82,A0A8V0YNQ0 A0A8V1AG56 A0A8V0XCX4 Q98938 A0A8V1A2P5 A0A3Q3A4U3 A0A1D5NTR5 A0A8V0YVT3 A0A8V0YXG4 A0A1D5NYG2 A0A8V0Y8L6 P02460 A0A8V0ZDK0 A0A8V0Z8V4 A0A3Q2UGW3 A0A8V0ZTA5 A0A8V0ZSX0 A0A8V0YLN5 A0A8V0XKU5 A0A1D5PE57 A0A8V0XGV7 A0A1D5P1F1 A0A8V0XF68 A0A8V0YS46 A0A8V0ZKV3 A0A8V0ZT48 A0A8V0YPB9 A0A8V0XJ84 A0A8V0Y103 A0A1D5PDV9 A0A8V0XM58 A0A8V0ZKI8 A0A8V0ZB91 A0A8V1AB05 A0A8V0ZHK9 A0A8V0Z9Z7 A0A8V0YY70 A0A8V0YMM6 A0A8V0X370 A0A8V0XK27 A0A8V0YIE9 A0A8V0YRG2
Biological Process,positive regulation of supramolecular fiber organization,6,GO:1902905,7,82,389,2734,0.6,0.1500765401334071,0.82,A0A1D5P655 E1C733 A0A8V0X5U3 A0A8V0XJ84 A0A8V0X852 A0A8V0ZPH9 A0A8V0XYR2
Biological Process,establishment of protein localization to membrane,4,GO:0090150,7,83,389,2734,0.59,0.15029433582041118,0.82,A0A8V0YB43 A0A8V1ACS0 A0A8V0XDM2 A0A8V0XPN5 R4GGQ4 A0A8V0XTW4 A0A8V0Z4J0
Biological Process,dorsal/ventral neural tube patterning,5,GO:0021904,2,5,389,2734,2.81,0.15060711979047633,0.82,A0A8V0YVT3 A0A8V0YEQ1
Biological Process,S-adenosylmethionine metabolic process,3,GO:0046500,2,5,389,2734,2.81,0.15060711979047633,0.82,A0A1D5PNB8 A0A8V0Z4R1
Biological Process,hindbrain radial glia guided cell migration,5,GO:0021932,2,5,389,2734,2.81,0.15060711979047633,0.82,A0A8V0ZKI8 A0A8V0XKU5
Biological Process,peptidyl-proline hydroxylation,6,GO:0019511,2,5,389,2734,2.81,0.15060711979047633,0.82,A0A8V0ZHL4 Q6JHU8
Biological Process,positive regulation of cell migration by vascular endothelial growth factor signaling pathway,7,GO:0038089,2,5,389,2734,2.81,0.15060711979047633,0.82,A0A8V0Z4M1 Q00649
Biological Process,lipid translocation,4,GO:0034204,2,5,389,2734,2.81,0.15060711979047633,0.82,A0A3Q2U2N5 A0A8V0YU83
Biological Process,calcium-independent cell-matrix adhesion,5,GO:0007161,2,5,389,2734,2.81,0.15060711979047633,0.82,A0A8V0YDD6 A0A8V0ZHX5
Biological Process,positive regulation of alpha-beta T cell differentiation,9,GO:0046638,2,5,389,2734,2.81,0.15060711979047633,0.82,A0A8V0ZWX9 Q98938
Biological Process,response to muscle stretch,4,GO:0035994,2,5,389,2734,2.81,0.15060711979047633,0.82,Q00649 A0A8V0XYR2
Biological Process,pericardium morphogenesis,4,GO:0003344,2,5,389,2734,2.81,0.15060711979047633,0.82,A0A8V0ZKI8 A0A8V1AG56
Biological Process,negative regulation of receptor binding,6,GO:1900121,2,5,389,2734,2.81,0.15060711979047633,0.82,A0A8V0ZRU9 A0A8V0ZI29
Biological Process,"phagocytosis, recognition",3,GO:0006910,2,5,389,2734,2.81,0.15060711979047633,0.82,P01875 A0A8V0XEJ0
Biological Process,histamine transport,5,GO:0051608,2,5,389,2734,2.81,0.15060711979047633,0.82,A0A8V0ZWX9 A0A8V0XYR2
Biological Process,endocardial cushion formation,3,GO:0003272,2,5,389,2734,2.81,0.15060711979047633,0.82,A0A8V0XJ84 A0A3Q3A4U3
Biological Process,cellular response to aldehyde,4,GO:0110096,2,5,389,2734,2.81,0.15060711979047633,0.82,A0A8V0YJV4 A0A8V0YWM3
Biological Process,trunk segmentation,5,GO:0035290,2,5,389,2734,2.81,0.15060711979047633,0.82,A0A8V1ACD6 Q98938
Biological Process,response to methylmercury,4,GO:0051597,2,5,389,2734,2.81,0.15060711979047633,0.82,A0A8V0XXM5 A0A8V0YLN5
Biological Process,UDP-glucosylation,5,GO:0097359,2,5,389,2734,2.81,0.15060711979047633,0.82,A0A8V0XQS7 A0A8V0ZW46
Biological Process,tendon development,5,GO:0035989,2,5,389,2734,2.81,0.15060711979047633,0.82,A0A8V0YNQ0 A0A8V0Y413
Biological Process,lateral ventricle development,3,GO:0021670,2,5,389,2734,2.81,0.15060711979047633,0.82,A0A8V0ZHK9 A0A8V0X370
Biological Process,embryonic forelimb morphogenesis,6,GO:0035115,2,5,389,2734,2.81,0.15060711979047633,0.82,A0A8V0ZKI8 A0A8V0ZHK9
Biological Process,embryonic hindlimb morphogenesis,6,GO:0035116,2,5,389,2734,2.81,0.15060711979047633,0.82,A0A8V0ZKI8 A0A8V0ZHK9
Biological Process,radial glial cell differentiation,5,GO:0060019,2,5,389,2734,2.81,0.15060711979047633,0.82,A0A8V0ZKI8 A0A8V1A7R0
Biological Process,post-embryonic body morphogenesis,4,GO:0040032,2,5,389,2734,2.81,0.15060711979047633,0.82,A0A1D5NTR5 A0A1D5NYG2
Biological Process,"nucleotide-excision repair, preincision complex assembly",7,GO:0006294,2,5,389,2734,2.81,0.15060711979047633,0.82,A0A8V1ACS0 A0A8V0Z4J0
Biological Process,forelimb morphogenesis,5,GO:0035136,2,5,389,2734,2.81,0.15060711979047633,0.82,A0A8V0ZKI8 A0A8V0ZHK9
Biological Process,hindlimb morphogenesis,5,GO:0035137,2,5,389,2734,2.81,0.15060711979047633,0.82,A0A8V0ZKI8 A0A8V0ZHK9
Biological Process,regulation of neurotransmitter uptake,6,GO:0051580,2,5,389,2734,2.81,0.15060711979047633,0.82,A0A8V0X5K9 A0A3Q2TYT2
Biological Process,activation of phospholipase C activity,9,GO:0007202,2,5,389,2734,2.81,0.15060711979047633,0.82,A0A8V0Z4M1 A0A8V0ZEJ3
Biological Process,negative regulation of behavior,5,GO:0048521,2,5,389,2734,2.81,0.15060711979047633,0.82,A0A8V0ZWX9 A0A8V1AEJ4
Biological Process,negative regulation of glycoprotein biosynthetic process,7,GO:0010561,2,5,389,2734,2.81,0.15060711979047633,0.82,A0A8V1A9R2 A0A8V0YF22
Biological Process,plus-end-directed vesicle transport along microtubule,6,GO:0072383,2,5,389,2734,2.81,0.15060711979047633,0.82,A0A8V0YVT3 A0A8V0XTW4
Biological Process,negative regulation of mesenchymal cell proliferation,6,GO:0072201,2,5,389,2734,2.81,0.15060711979047633,0.82,A0A8V0YNQ0 A0A8V1AG56
Biological Process,thyroid gland development,5,GO:0030878,2,5,389,2734,2.81,0.15060711979047633,0.82,A0A8V0Z4M1 A0A8V0Y4Q2
Biological Process,growth hormone receptor signaling pathway via JAK-STAT,7,GO:0060397,2,5,389,2734,2.81,0.15060711979047633,0.82,A0A8V1A9R2 A0A8V1A7R0
Biological Process,regulation of blood vessel endothelial cell proliferation involved in sprouting angiogenesis,7,GO:1903587,2,5,389,2734,2.81,0.15060711979047633,0.82,A0A8V0Z4M1 A0A8V0Y5K2
Biological Process,positive regulation of leukocyte apoptotic process,7,GO:2000108,2,5,389,2734,2.81,0.15060711979047633,0.82,A0A8V1AG56 A0A8V1A9R2
Biological Process,negative regulation of lymphocyte apoptotic process,8,GO:0070229,2,5,389,2734,2.81,0.15060711979047633,0.82,A0A8V1A9R2 A0A8V0ZWX9
Biological Process,endoplasmic reticulum mannose trimming,8,GO:1904380,2,5,389,2734,2.81,0.15060711979047633,0.82,A0A8V0XQS7 A0A8V0ZW46
Biological Process,retina vasculature morphogenesis in camera-type eye,3,GO:0061299,2,5,389,2734,2.81,0.15060711979047633,0.82,A0A8V0Z4M1 A0A8V1A9A7
Biological Process,global genome nucleotide-excision repair,7,GO:0070911,2,5,389,2734,2.81,0.15060711979047633,0.82,A0A8V1ACS0 A0A8V0Z4J0
Biological Process,female sex determination,4,GO:0030237,2,5,389,2734,2.81,0.15060711979047633,0.82,A0A8V0XBI2 A0A8V0XE95
Biological Process,establishment of neuroblast polarity,4,GO:0045200,2,5,389,2734,2.81,0.15060711979047633,0.82,A0A8V0YB43 Q0PVE4
Biological Process,azole transmembrane transport,3,GO:0045117,2,5,389,2734,2.81,0.15060711979047633,0.82,A0A8V0ZWX9 A0A8V0XYR2
Biological Process,histamine secretion,5,GO:0001821,2,5,389,2734,2.81,0.15060711979047633,0.82,A0A8V0ZWX9 A0A8V0XYR2
Biological Process,regulation of negative chemotaxis,5,GO:0050923,2,5,389,2734,2.81,0.15060711979047633,0.82,A0A8V0Z8V4 A0A3Q3A4U3
Biological Process,intracellular transport of virus,3,GO:0075733,2,5,389,2734,2.81,0.15060711979047633,0.82,A0A8V1ACS0 A0A8V0Z4J0
Biological Process,tangential migration from the subventricular zone to the olfactory bulb,6,GO:0022028,2,5,389,2734,2.81,0.15060711979047633,0.82,A0A8V0Z8V4 A0A3Q3A4U3
Biological Process,regulation of chemokine-mediated signaling pathway,6,GO:0070099,2,5,389,2734,2.81,0.15060711979047633,0.82,A0A8V0XYR2 A0A3Q3A4U3
Biological Process,positive regulation of cell growth involved in cardiac muscle cell development,6,GO:0061051,2,5,389,2734,2.81,0.15060711979047633,0.82,A0A8V1AK88 A0A8V0XYR2
Biological Process,cellular response to carbon dioxide,5,GO:0071244,2,5,389,2734,2.81,0.15060711979047633,0.82,A0A8V1AEJ4 A0A8V0YLT1
Biological Process,error-free translesion synthesis,8,GO:0070987,2,5,389,2734,2.81,0.15060711979047633,0.82,A0A8V1ACS0 A0A8V0Z4J0
Biological Process,T cell activation involved in immune response,5,GO:0002286,2,5,389,2734,2.81,0.15060711979047633,0.82,A0A8V1A7R0 A0A8V0ZSX6
Biological Process,regulation of mammary gland epithelial cell proliferation,6,GO:0033599,2,5,389,2734,2.81,0.15060711979047633,0.82,A0A8V1A3H9 A0A3Q3A4U3
Biological Process,phospholipid translocation,5,GO:0045332,2,5,389,2734,2.81,0.15060711979047633,0.82,A0A3Q2U2N5 A0A8V0YU83
Biological Process,negative regulation of phospholipid biosynthetic process,7,GO:0071072,2,5,389,2734,2.81,0.15060711979047633,0.82,A0A8V0YB43 A0A3Q2TU24
Biological Process,cuticle development involved in collagen and cuticulin-based cuticle molting cycle,5,GO:0042338,2,5,389,2734,2.81,0.15060711979047633,0.82,A0A8V0ZHL4 A0A8V0ZX23
Biological Process,plus-end-directed organelle transport along microtubule,5,GO:0072386,2,5,389,2734,2.81,0.15060711979047633,0.82,A0A8V0YVT3 A0A8V0XTW4
Biological Process,positive regulation of cell-substrate adhesion,6,GO:0010811,13,64,389,2734,1.43,0.15081640092725568,0.82,A0A8V0YNQ0 A0A8V0Y0F3 A0A8V0Y290 A0A8V0YDT4 A0A8V1A9U7 A0A8V0ZE58 A0A8V0XWZ8 A0A3Q2TT95 A0A8V0YDD6 A0A8V0XRN3 A0A8V0Y2E5 A0A8V0Z4M1 A0A8V0ZPH9
Biological Process,development of primary sexual characteristics,3,GO:0045137,20,104,389,2734,1.35,0.15100937715997623,0.82,A0A8V1AG56 Q98938 A0A3Q3A4U3 A0A1D5NTR5 A0A1D5NYG2 A0A8V0ZDK0 A0A8V0Z8V4 A0A8V0ZKS6 A0A8V0YW57 A0A1D5NZN4 A0A8V0XF68 Q0PVE4 A0A8V0ZY91 A0A8V0Y1A4 A0A8V1ABC9 A0A3Q2TU24 A0A8V0YEQ1 O12971 A0A8V0ZES4 A0A8V0Z4M1
Biological Process,gonad development,4,GO:0008406,20,104,389,2734,1.35,0.15100937715997623,0.82,A0A8V1AG56 Q98938 A0A3Q3A4U3 A0A1D5NTR5 A0A1D5NYG2 A0A8V0ZDK0 A0A8V0Z8V4 A0A8V0ZKS6 A0A8V0YW57 A0A1D5NZN4 A0A8V0XF68 Q0PVE4 A0A8V0ZY91 A0A8V0Y1A4 A0A8V1ABC9 A0A3Q2TU24 A0A8V0YEQ1 O12971 A0A8V0ZES4 A0A8V0Z4M1
Biological Process,regulation of small GTPase mediated signal transduction,6,GO:0051056,5,66,389,2734,0.53,0.151605562154112,0.82,A0A8V0XB58 A0A8V0YBZ6 A0A3Q3A4U3 A0A1D5PE57 A0A8V0YRG2
Biological Process,immune system process,1,GO:0002376,78,627,389,2734,0.87,0.15223694065282384,0.82,A0A8V0ZWX9 A0A8V1A3D7 A0A8V0YVT3 A0A8V0XEJ0 A0A8V0YW12 A0A8V0ZEJ3 A0A8V0YB43 A0A8V1ACS0 A0A3Q2U2N5 A0A8V0ZZG2 A0A8V1ABC8 A0A8V0YW57 A0A8V1A7R0 A0A8V0ZZD4 A0A1D5PNL3 A0A8V0Z086 A0A8V0XJ84 A0A8V0ZB91 A0A8V0YAR4 A0A8V1A9R2 A0A8V1AB67 A0A8V0Y070 A0A8V0ZQS2 A0A8V1AG56 A0A8V1AFE7 A0A8V0XXM5 A0A8V0YM05 A0A8V1A9A7 A0A8V0XUK6 E1BS94 A0A3Q2TYT2 A0A1L1RSD2 A0A1D5NZN4 A0A8V1AAH7 A0A8V1AA32 A0A8V0YZJ3 A0A8V1ABC9 A0A8V0ZVP0 A0A8V0YR09 A0A8V0ZZJ1 A0A1D5PBU5 Q05744 A0A8V1AFH0 A0A8V0YMM6 A0A8V0YLT1 A0A8V0YRG2 A0A8V0Y0V1 A0A1D5PNB8 A0A8V0Z4J0 A0A8V0ZSG8 A0A8V0ZQJ4 E1C733 A0A8V0YLN5 A0A8V0ZSX6 A0A8V0Z888 A0A8V0Z1E9 A0A8V0ZY42 A0A1D5PLP1 O12971 A0A1D5P655 A0A8V0Y6W2 A0A8V0Z9Y8 A0A8V0Z4M1 P01875 Q98938 A0A8V0XCI3 A0A8V0Y4R7 A0A8V0XYR2 A0A8V0XGY8 A0A8V0XGL8 A0A8V1A8N2 A0A8V0Y7C8 A0A8V1AJ90 A0A8V0XB58 A0A8V0ZZU1 A0A8V0XDM2 A0A8V0ZZH6 A0A8V0YDD6
Biological Process,actin filament-based process,2,GO:0030029,23,214,389,2734,0.76,0.15295234942099958,0.82,A0A8V0XDL7 A0A8V0ZYM1 A0A8V0YGN8 A0A8V0YXG4 A0A8V0YG88 A0A8V0XGL8 E1C733 A0A8V0X852 A0A8V0ZAU8 A0A8V1AAH7 A0A8V0XB58 A0A8V0ZBA3 Q5ZJ58 A0A1D5P0X0 A0A3Q2UEL1 A0A8V0ZY91 A0A1D5PLP1 E1BQI2 A0A3Q2TU24 A0A1D5P655 A0A8V1A9R2 A0A8V0XZQ1 A0A8V1AJV5
Biological Process,response to carbohydrate,4,GO:0009743,5,67,389,2734,0.52,0.15354856625998103,0.81,A0A8V0XAF8 P11602 A0A8V0YDD6 A0A8V1ABC9 A0A8V0Z4M1
Biological Process,animal organ formation,3,GO:0048645,6,25,389,2734,1.69,0.1545437276762935,0.81,A0A8V0Z8V4 A0A8V0XDM2 A0A8V0ZKS6 Q98938 A0A3Q3A4U3 A0A8V0Z4M1
Biological Process,regulation of dendritic spine development,4,GO:0060998,6,25,389,2734,1.69,0.1545437276762935,0.81,A0A8V1A3S8 A0A8V0ZI29 A0A8V1AB05 A0A8V0YDT5 A0A8V0YRK4 A0A8V0YMR1
Biological Process,dorsal closure,5,GO:0007391,2,37,389,2734,0.38,0.1550480499666233,0.81,A0A8V0ZZU1 A0A8V1AAH7
Biological Process,regulation of cell division,4,GO:0051302,2,37,389,2734,0.38,0.1550480499666233,0.81,A0A8V0XTW4 A0A1D5PBU5
Biological Process,G2/M transition of mitotic cell cycle,5,GO:0000086,2,37,389,2734,0.38,0.1550480499666233,0.81,A0A8V0ZFG7 A0A8V0X643
Biological Process,regulation of ubiquitin-dependent protein catabolic process,5,GO:2000058,2,37,389,2734,0.38,0.1550480499666233,0.81,A0A8V0XM58 A0A8V0YRK4
Biological Process,monocarboxylic acid catabolic process,6,GO:0072329,2,37,389,2734,0.38,0.1550480499666233,0.81,A0A8V0Y9F8 A0A8V0XMD4
Biological Process,organelle membrane fusion,6,GO:0090174,2,36,389,2734,0.39,0.15510747538201974,0.81,A0A8V0ZZU1 A0A1D5PC37
Biological Process,mitochondrial respiratory chain complex assembly,6,GO:0033108,2,36,389,2734,0.39,0.15510747538201974,0.81,A0A8V0XF68 A0A8V0YWM3
Biological Process,protein homotetramerization,8,GO:0051289,2,36,389,2734,0.39,0.15510747538201974,0.81,A0A8V0YGQ5 E1BYF1
Biological Process,glucose metabolic process,5,GO:0006006,2,36,389,2734,0.39,0.15510747538201974,0.81,A0A8V1A4P2 A0A8V1A9A7
Biological Process,regulation of response to oxidative stress,5,GO:1902882,2,36,389,2734,0.39,0.15510747538201974,0.81,Q00649 A0A8V0ZIZ5
Biological Process,regulation of axonogenesis,5,GO:0050770,17,86,389,2734,1.39,0.15590317269428194,0.81,A0A8V0Y0V1 A0A8V1AG56 A0A8V0Z8V4 A0A8V0XGL8 A0A8V0ZB91 A0A8V0ZI29 A0A8V0ZKS6 A0A8V1AB05 A0A1D5P655 A0A3Q3A4U3 A0A8V0YGN8 A0A8V0YDD6 A0A8V0YDT5 A0A8V1ACD6 A0A8V0Z4M1 A0A8V0YRG2 A0A8V0YMR1
Biological Process,regulation of hemopoiesis,4,GO:1903706,14,68,389,2734,1.45,0.1565078980721873,0.81,A0A8V0ZWX9 A0A8V0ZZG2 Q98938 A0A8V1A9R2 A0A8V1ABC8 A0A1D5NZN4 A0A8V0XUK6 A0A8V0YLT1 A0A8V0X852 A0A8V1ABC9 A0A8V0Z4M1 A0A1D5PNG3 A0A8V1A7R0 A0A8V0ZQS2
Biological Process,response to alkaloid,5,GO:0043279,2,38,389,2734,0.37,0.15684650601150504,0.8,A0A8V0ZWX9 A0A8V0X637
Biological Process,cell cycle G2/M phase transition,4,GO:0044839,2,38,389,2734,0.37,0.15684650601150504,0.8,A0A8V0ZFG7 A0A8V0X643
Biological Process,centrosome cycle,3,GO:0007098,2,38,389,2734,0.37,0.15684650601150504,0.8,A0A8V0YVT3 A0A8V0ZDK0
Biological Process,response to alcohol,4,GO:0097305,10,108,389,2734,0.65,0.1590086708377876,0.8,A0A8V0ZKI8 A0A8V1AHJ8 A0A8V0XXM5 A0A8V0ZTA5 A0A8V0Y1A4 A0A8V0YDD6 A0A8V1ABC9 A0A8V0YPA6 A0A8V1A7R0 A0A8V0YWM3
Biological Process,pericardium development,5,GO:0060039,3,10,389,2734,2.11,0.15984340110863923,0.8,A0A8V0ZKI8 A0A8V0ZHK9 A0A8V1AG56
Biological Process,imaginal disc-derived leg segmentation,6,GO:0036011,3,10,389,2734,2.11,0.15984340110863923,0.8,A0A8V0ZZG2 A0A8V0ZZU1 O12971
Biological Process,B cell activation involved in immune response,5,GO:0002312,3,10,389,2734,2.11,0.15984340110863923,0.8,A0A8V0YW57 A0A8V0ZWX9 O12971
Biological Process,regulation of neutrophil chemotaxis,6,GO:0090022,3,10,389,2734,2.11,0.15984340110863923,0.8,A0A8V0Y413 A0A8V0XYR2 A0A8V0YR09
Biological Process,appendage segmentation,5,GO:0035285,3,10,389,2734,2.11,0.15984340110863923,0.8,A0A8V0ZZG2 A0A8V0ZZU1 O12971
Biological Process,regulation of non-canonical Wnt signaling pathway,6,GO:2000050,3,10,389,2734,2.11,0.15984340110863923,0.8,A0A8V0ZKI8 A0A1D5NZT1 A0A8V1AG56
Biological Process,neutrophil migration,5,GO:1990266,3,10,389,2734,2.11,0.15984340110863923,0.8,A0A8V1ABC8 E1C733 A0A8V1ABC9
Biological Process,regulation of long-term synaptic potentiation,4,GO:1900271,3,10,389,2734,2.11,0.15984340110863923,0.8,A0A8V1AB67 A0A8V0YRG2 A0A8V0ZSX6
Biological Process,negative regulation of sodium ion transport,6,GO:0010766,3,10,389,2734,2.11,0.15984340110863923,0.8,A0A8V1AJV5 A0A8V0XB58 A0A8V0ZRU9
Biological Process,protein hydroxylation,5,GO:0018126,3,10,389,2734,2.11,0.15984340110863923,0.8,A0A8V0ZHL4 R4GH52 Q6JHU8
Biological Process,neuron cell-cell adhesion,4,GO:0007158,3,10,389,2734,2.11,0.15984340110863923,0.8,A0A3Q2UGW3 A0A8V0Y9F8 A0A8V0XX41
Biological Process,axis elongation,4,GO:0003401,3,10,389,2734,2.11,0.15984340110863923,0.8,A0A8V0ZKI8 A0A8V1AG56 A0A8V1AAN6
Biological Process,cytolysis,2,GO:0019835,3,10,389,2734,2.11,0.15984340110863923,0.8,A0A8V1A8R6 A0A8V1AKH4 A0A8V1A8N2
Biological Process,icosanoid biosynthetic process,6,GO:0046456,3,10,389,2734,2.11,0.15984340110863923,0.8,A0A1D5P1F1 A0A8V0XYR2 A0A8V0ZIZ5
Biological Process,response to lipoprotein particle,3,GO:0055094,3,10,389,2734,2.11,0.15984340110863923,0.8,P11602 A0A8V1ABC8 A0A8V1A2P5
Biological Process,neutral lipid catabolic process,5,GO:0046461,3,10,389,2734,2.11,0.15984340110863923,0.8,A0A8V0Y9F8 P11602 A0A8V0Y513
Biological Process,dicarboxylic acid transport,7,GO:0006835,3,10,389,2734,2.11,0.15984340110863923,0.8,A0A8V1AB67 A0A8V1AM47 A0A8V0XDM2
Biological Process,neuron apoptotic process,5,GO:0051402,3,10,389,2734,2.11,0.15984340110863923,0.8,A0A8V0YWM3 A0A8V0ZSG8 A0A8V0YRF2
Biological Process,acylglycerol catabolic process,6,GO:0046464,3,10,389,2734,2.11,0.15984340110863923,0.8,A0A8V0Y9F8 P11602 A0A8V0Y513
Biological Process,regulation of nematode pharyngeal pumping,7,GO:0043051,3,10,389,2734,2.11,0.15984340110863923,0.8,A0A8V1AB67 A0A8V1AEJ4 A0A3Q2TYT2
Biological Process,positive regulation of receptor internalization,7,GO:0002092,3,10,389,2734,2.11,0.15984340110863923,0.8,A0A8V0Z4M1 A0A8V0ZRU9 A0A8V0Z9Y8
Biological Process,defecation,4,GO:0030421,3,10,389,2734,2.11,0.15984340110863923,0.8,A0A1D5NTR5 A0A8V1AEJ4 A0A1D5NYG2
Biological Process,regulation of hematopoietic progenitor cell differentiation,5,GO:1901532,3,10,389,2734,2.11,0.15984340110863923,0.8,A0A8V0Z4M1 A0A8V1ABC8 A0A8V0ZZG2
Biological Process,regulation of lymphocyte apoptotic process,7,GO:0070228,3,10,389,2734,2.11,0.15984340110863923,0.8,A0A8V1AG56 A0A8V1A9R2 A0A8V0ZWX9
Biological Process,regulation of endopeptidase activity,6,GO:0052548,13,132,389,2734,0.69,0.16006571948535064,0.8,A0A8V0XAF8 A0A8V0X4D8 A0A8V0ZDZ5 A0A8V0ZE58 A0A3Q3A4U3 A0A8V0Y614 A0A8V0X852 A0A8V0YRF2 A0A8V0Z4M1 A0A8V0YPA6 A0A8V1A7R0 A0A8V1A653 A0A8V0YWM3
Biological Process,positive regulation of secretion,5,GO:0051047,13,132,389,2734,0.69,0.16006571948535064,0.8,A0A8V1AG56 P11602 A0A8V1AB67 A0A8V0ZY91 A0A8V0YY90 A0A8V0XJ84 A0A8V0X852 A0A8V0Z9Y8 A0A8V1ABC9 A0A8V0YPA6 A0A1D5P1F1 A0A8V0XYR2 A0A1D5PC37
Biological Process,calcium-ion regulated exocytosis,5,GO:0017156,2,39,389,2734,0.36,0.1604334652744189,0.79,A0A8V1AB67 A0A8V0X852
Biological Process,ERBB signaling pathway,6,GO:0038127,2,39,389,2734,0.36,0.1604334652744189,0.79,A0A8V1ABC9 A0A8V0X852
Biological Process,regulation of cardiac muscle hypertrophy,5,GO:0010611,5,18,389,2734,1.95,0.16307016541854752,0.79,A0A8V1AK88 A0A8V0XB58 A0A8V1ABC9 A0A8V0XYR2 A0A8V0XXK8
Biological Process,glucosamine-containing compound metabolic process,5,GO:1901071,5,18,389,2734,1.95,0.16307016541854752,0.79,F1NGB8 A0A8V0ZBJ8 A0A8V0ZXC9 A0A8V0Y8L6 A0A8V0YYQ9
Biological Process,leukocyte chemotaxis,3,GO:0030595,5,18,389,2734,1.95,0.16307016541854752,0.79,A0A8V1ABC8 E1C733 A0A8V1ABC9 A0A8V0Z4M1 A0A8V0YR09
Biological Process,neuron projection regeneration,4,GO:0031102,5,18,389,2734,1.95,0.16307016541854752,0.79,A0A8V0XDM2 A0A8V0ZI29 A0A8V0XRC4 A0A8V0YE20 A0A8V1AAN6
Biological Process,negative regulation of ERK1 and ERK2 cascade,8,GO:0070373,5,18,389,2734,1.95,0.16307016541854752,0.79,A0A8V0Y0F3 A0A8V0YDT4 A0A8V1AJV5 A0A8V0Y290 A0A8V0YRG2
Biological Process,smoothened signaling pathway,4,GO:0007224,9,40,389,2734,1.58,0.16573496531855159,0.78,F1NGB8 A0A8V0YEQ1 A0A8V1A4I0 Q98938 A0A8V0Y722 A0A8V0YVT3 A0A1D5NZT1 A0A8V0XKU5 A0A8V0XM58
Biological Process,cartilage development,4,GO:0051216,9,40,389,2734,1.58,0.16573496531855159,0.78,A0A8V0YNQ0 A0A8V0ZKI8 Q98938 A0A8V0YM05 A0A8V0ZE58 A0A1D5NZT1 A0A8V1ABC9 A0A8V0XYR2 P02460
Biological Process,positive regulation of multicellular organismal process,4,GO:0051240,76,465,389,2734,1.15,0.16597204546952365,0.78,Q5ZMG0 P11602 A0A8V0Y0V1 A0A8V0X4D8 A0A8V0YNQ0 A0A8V0ZWX9 Q98938 A0A8V0ZI29 A0A8V1AG56 A0A8V0YM05 A0A8V1AJT2 A0A8V1A9A7 A0A3Q3A4U3 A0A8V0YGN8 A0A1D5NZT1 A0A8V0YXG4 A0A8V0YDT5 A0A8V0XRN3 A0A8V0ZHL4 A0A8V0YPA6 A0A1D5NYG2 A0A8V0XYR2 A0A8V1A3H9 A0A8V0YC57 A0A8V0ZZG2 A0A8V0XGL8 A0A8V0ZSG8 A0A8V0ZKS6 A0A8V1ABC8 E1C733 E1BYF1 A0A8V0X5U3 A0A8V0YW57 A0A8V0Y7C8 A0A8V0ZSX6 A0A8V0YHH6 A0A8V0YLN5 A0A8V0X852 A0A8V0Y5K2 A0A8V1A7R0 A0A1D5P1F1 Q6JHU8 A0A1D5P0D7 A0A8V1AK88 A0A8V0XB58 F1NEZ4 A0A8V0ZE58 A0A1D5PNL3 A0A8V0XWZ8 A0A8V0ZY91 A0A8V0Y1A4 A0A3Q2TT95 Q00649 A0A8V0XJ84 A0A8V0Y2E5 A0A8V1ABC9 A0A1D5NWP2 A0A1D5PDV9 A0A8V0YRG2 A0A8V0YRK4 A0A8V0YR09 A0A8V0ZKI8 A0A3Q2TU24 A0A8V0ZB91 A0A1D5P655 A0A8V0X5K9 A0A8V0ZES4 A0A8V1AJI2 A0A1D5PT01 A0A8V0XK27 A0A8V0YDD6 A0A8V0YLT1 A0A8V0Z4M1 A0A8V0ZPH9 Q76KB2 A0A8V0ZQS2
Biological Process,protein localization to membrane,4,GO:0072657,17,165,389,2734,0.72,0.1667963231116248,0.78,A0A8V0YB43 A0A8V0ZKI8 A0A8V1ACS0 A0A8V0X4D8 A0A8V0YEQ1 A0A8V0XDM2 A0A8V0ZTP1 A0A8V0ZHK9 A0A8V0YY70 A0A8V0XPN5 A0A8V1AJV5 R4GGQ4 A0A8V0XTW4 A0A8V0XUK6 A0A8V0XM58 A0A8V0Z4J0 E1BQI2
Biological Process,morphogenesis of embryonic epithelium,4,GO:0016331,8,89,389,2734,0.63,0.16696717882928425,0.78,A0A8V0ZKI8 A0A8V1AG56 Q0PVE4 A0A8V0ZZU1 A0A8V0XDM2 A0A8V0ZTP1 A0A8V0YRG2 A0A8V1AAH7
Biological Process,regulation of membrane potential,3,GO:0042391,8,89,389,2734,0.63,0.16696717882928425,0.78,A0A8V0YNQ0 A0A8V0XB58 A0A3Q2UGW3 A0A8V0XCI3 A0A8V0ZY91 A0A1L1RX77 A0A8V0Z1C5 A0A8V0XYR2
Biological Process,regulation of microtubule-based process,4,GO:0032886,8,90,389,2734,0.62,0.16704064480219782,0.78,A0A8V1A9L3 A0A1L1RZ23 A0A1D5PBU5 Q5ZJ58 A0A8V0YY70 A0A8V0X5U3 A0A8V0YVT3 A0A8V0YRK4
Biological Process,coagulation,2,GO:0050817,8,90,389,2734,0.62,0.16704064480219782,0.78,A0A3Q2TU24 A0A8V0YDT4 A0A8V1A2P5 A0A8V0ZTG6 A0A8V1ABC9 A0A1D5PE57 A0A8V0YSI0 Q9I946
Biological Process,regulation of protein polymerization,6,GO:0032271,8,90,389,2734,0.62,0.16704064480219782,0.78,A0A8V1A9L3 A0A1D5PBU5 A0A1D5P655 E1C733 A0A8V0X5U3 Q00649 A0A8V0XUK6 A0A8V0X852
Biological Process,regulation of cellular component biogenesis,4,GO:0044087,42,358,389,2734,0.82,0.16743923271154038,0.78,A0A8V1AG56 A0A8V1A9L3 A0A8V0X4D8 A0A8V1A449 A0A8V0ZI29 A0A8V0ZYM1 A0A1D5NTR5 A0A8V0YDT5 A0A8V0XUK6 A0A8V0Y290 A0A8V0XYR2 A0A8V0Y0F3 A0A8V0Z8V4 E1C733 A0A8V0X5U3 A0A8V0X852 A0A8V0ZAU8 Q0PVE4 A0A8V0XB58 F1NEZ4 A0A8V0ZBA3 Q5ZJ58 A0A8V0ZE58 A0A8V0XWZ8 Q00649 A0A8V0XJ84 A0A8V0Y2E5 A0A8V1ABC9 A0A1D5PDV9 A0A8V0XAN3 A0A8V0ZE30 A0A8V0YRK4 A0A1D5PBU5 A0A1D5P655 A0A8V1AB05 A0A8V1A9R2 A0A8V0X5K9 A0A8V0YY70 A0A8V1AJI2 A0A8V0Z4M1 A0A8V0ZPH9 A0A8V0YRG2
Biological Process,cell migration,3,GO:0016477,53,314,389,2734,1.19,0.16904347085103377,0.77,A0A8V1AG56 Q98938 A0A8V0ZBR8 A0A8V0ZI29 A0A8V0XRC4 A0A8V0YM05 A0A8V1A9A7 A0A8V0Y4R7 A0A3Q3A4U3 P33005 A0A1D5NTR5 A0A8V0YXG4 A0A8V0YDT5 A0A1D5PIZ5 A0A1D5NYG2 A0A8V0YW12 A0A8V0Y290 A0A8V0Y8L6 A0A8V0ZDK0 A0A8V0Z8V4 A0A8V0Y0F3 A0A8V0ZKS6 A0A8V1ABC8 E1C733 A0A8V0YLN5 A0A8V1ACD6 A0A8V0XKU5 A0A8V0ZAU8 A0A8V1AAH7 A0A8V0YS46 A0A8V1AK88 A0A8V0XA92 A0A8V0ZZU1 Q0PVE4 A0A8V0XDM2 A0A8V0ZTP1 A0A8V0YE20 A0A3Q2UEL1 A0A8V0ZE58 A0A8V0XWZ8 A0A8V1ABC9 A0A8V1ADF6 A0A8V0YR09 A0A8V0ZKI8 A0A1D5P655 A0A8V0YDT4 A0A8V1AB05 A0A8V1A9R2 A0A8V0Y413 A0A8V0YMM6 A0A8V0YDD6 A0A8V0Z4M1 A0A8V0ZQS2
Biological Process,regulation of gene expression,6,GO:0010468,77,617,389,2734,0.88,0.16919001560933428,0.77,A0A8V1AJT2 A0A1D5NTR5 A0A8V0YW12 A0A8V1ACS0 A0A8V0ZZG2 A0A8V1ABC8 A0A8V0X5U3 A0A1L1RX77 A0A8V0XXW6 A0A8V1A7R0 A0A8V0ZA56 A0A1D5PNL3 A0A8V0Y9F8 A0A8V0XJ84 A0A8V0ZJ97 A0A8V1A9R2 A0A8V0Y070 A0A8V1AG56 A0A8V0YM05 A0A8V1A9A7 A0A3Q3A4U3 A0A8V1A8R6 A0A8V0XRN3 P02460 A0A8V0Y0F3 E1BYF1 A0A8V0ZP32 A0A8V1AKH4 A0A8V0YRF2 A0A1D5NZN4 A0A8V0X1T3 A0A1D5P0D7 A0A8V1AA32 A0A8V0ZE58 A0A8V0XPN5 Q00649 A0A8V1ABC9 A0A8V0XM58 A0A8V0ZE30 A0A8V0YMM6 A0A8V0YRG2 A0A8V0Y0V1 A0A8V0X4D8 A0A8V0XFL3 A0A8V0Z4J0 A0A8V0ZSG8 A0A8V0ZKS6 A0A8V0ZSX6 Q8AWB4 A0A8V0Z438 A0A8V0ZY91 A0A8V0ZF83 A0A8V0ZKI8 A0A1D5P655 A0A8V0YDT4 A0A8V0Z4M1 Q98938 A0A8V0Y999 A0A8V0ZW33 A0A8V0ZFG7 A0A8V0Y290 A0A8V0XYR2 A0A8V1AAN6 A0A8V1A3H9 A0A8V0XGL8 A0A8V1A8N2 A0A1D5PQV0 A0A8V1AFC3 A0A8V0YHH6 A0A1D5PNG3 A0A1D5P1F1 A0A8V1AJ90 A0A8V0XB58 A0A3Q2TT95 A0A8V0XAF8 A0A8V0Z9Z7 A0A8V0YDD6
Biological Process,regulation of inflammatory response,5,GO:0050727,18,92,389,2734,1.38,0.16958913867483152,0.77,Q5ZMG0 P11602 A0A8V0ZWX9 A0A8V1AG56 A0A8V0ZB91 A0A8V1A8N2 A0A8V1AFH0 A0A8V1AA32 A0A8V1ABC8 A0A8V1AFP7 A0A8V0ZTG6 A0A8V0ZP32 A0A8V0YY90 A0A8V1A8R6 A0A8V1AKH4 A0A8V1ABC9 A0A8V0YRF2 A0A8V0YR09
Biological Process,anatomical structure morphogenesis,2,GO:0009653,130,830,389,2734,1.1,0.1708122538140565,0.77,A0A8V1A9L3 A0A8V0ZWX9 A0A1D5NTR5 A0A8V0YVT3 A0A8V0YDT5 A0A1D5NYG2 A0A8V0YB43 A0A8V0Z8V4 A0A8V0ZZG2 A0A8V0Y722 A0A1L1RX77 A0A8V1ACD6 A0A8V1A7R0 A0A1L1RZ23 F1NEZ4 A0A8V0ZTP1 A0A1D5PNL3 A0A8V0Y9F8 A0A8V0XJ84 A0A1D5NWP2 F1NGB8 A0A3Q2TU24 A0A8V0YEQ1 A0A8V0ZJ97 A0A8V0ZB91 A0A8V1AB05 A0A8V1A9R2 A0A8V1AB67 A0A8V0ZHK9 A0A8V0Y070 A0A8V1AG56 A0A8V0YM05 A0A8V0XDL7 A0A8V1A9A7 A0A3Q3A4U3 A0A8V0XRN3 A0A8V1ACU1 P02460 A0A8V0Y0F3 A0A8V0YUF6 A0A8V0XK73 A0A8V0ZSX0 A0A8V0ZF99 A0A8V0XGV7 A0A8V1AAH7 A0A1D5P0D7 Q0PVE4 A0A8V0XA92 A0A8V0ZE58 A0A8V1ABC9 A0A8V0XM58 A0A8V1ADF6 A0A8V1AFR2 A0A8V0Y413 A0A8V0X5K9 A0A8V0YY70 A0A8V0YMM6 A0A1D5PT01 A0A8V1AJV5 A0A8V0YLT1 A0A8V0ZQP1 P33005 A0A8V0YRG2 Q76KB2 A0A8V0Y0V1 A0A8V0X4D8 A0A8V0ZBR8 A0A8V0ZI29 A0A8V0ZYM1 A0A8V0YXG4 A0A8V0ZHL4 A0A8V0XFL3 A0A8V0Y8L6 A0A8V0ZSG8 A0A8V0ZKS6 E1C733 A0A8V0ZSX6 A0A8V0XKU5 A0A1D5PE57 A0A8V0ZAU8 Q8AWB4 A0A8V0ZMU3 A0A8V0YRN1 A0A8V0Y1A4 A0A8V0YBD7 A0A1D5PLP1 A0A8V0ZF83 A0A8V0ZKI8 O12971 A0A8V0YDT4 A0A8V0X9N1 A0A1D5P655 A0A8V0ZES4 A0A8V0XX41 A0A8V0XK27 A0A8V0YIE9 A0A8V0Z9Y8 A0A8V0Z4M1 A0A8V0YNQ0 Q98938 A0A8V0ZW33 A0A1D5NW03 A0A8V1A2P5 A0A1D5NZT1 A0A8V0XUJ8 A0A8V0Y290 A0A8V0XYR2 A0A8V0Y4G8 A0A8V1A3H9 A0A8V1AAN6 A0A8V0XGY8 A0A1D5PQV0 A0A8V0Y7C8 A0A8V0YHH6 A0A8V0YS46 A0A8V0WZJ4 A0A8V0ZZU1 A0A8V0XDM2 A0A8V0YE20 A0A3Q2UEL1 A0A8V0Z2J4 A0A8V0ZBJ8 A0A8V0Y2E5 A0A8V0ZH54 A0A8V0XX49 Q9I946 A0A8V1A3S8 A0A8V0YDD6 Q5ZHL0 A0A8V0ZPH9
Biological Process,regulation of macroautophagy,7,GO:0016241,4,54,389,2734,0.52,0.17114188743881856,0.77,A0A1L1RX77 A0A8V0YGN8 Q5ZHL0 A0A8V1ACU1
Biological Process,regulation of proteasomal protein catabolic process,6,GO:0061136,4,54,389,2734,0.52,0.17114188743881856,0.77,A0A8V0XM58 A0A8V0YRK4 A0A8V0Y7Y9 A0A1L1RP76
Biological Process,apoptotic signaling pathway,3,GO:0097190,4,54,389,2734,0.52,0.17114188743881856,0.77,A0A8V0YEZ4 A0A8V0YW57 A0A8V1ABC9 A0A8V0YWM3
Biological Process,neurotransmitter transport,4,GO:0006836,4,54,389,2734,0.52,0.17114188743881856,0.77,A0A8V1AB67 A0A8V0XYR2 A0A3Q2TYT2 A0A8V0ZWX9
Biological Process,carbohydrate derivative metabolic process,3,GO:1901135,69,421,389,2734,1.15,0.17232024865575285,0.76,A0A8V1A9L3 A0A1D5PCU0 A0A8V0ZWX9 Q5ZIB0 Q98938 A0A8V0XXM5 A0A8V0XRC4 A0A8V0XDL7 A0A1D5PNB8 A0A8V0XMA2 A0A8V0YXG4 A0A8V0ZR84 A0A8V0ZIF0 A0A1D5PA74 A0A8V0Y8L6 A0A8V0YC98 E1BS94 P02460 A0A8V0YC57 A0A8V0ZWH1 A0A8V0ZY61 A0A8V0YIV5 A0A8V0ZG46 A0A8V0X637 A0A8V0WZN3 E1C3Z8 A0A1L1RX77 A0A8V0YW57 A0A8V0Y7C8 A0A8V0X2C5 A0A8V0Z1C5 A0A8V0XT35 A0A1L1RSD2 E1C2T4 A0A8V0ZYN6 A0A8V0YLN5 Q8AWB4 A0A8V0ZXC9 A0A8V0Z0B9 A0A8V0ZA56 A0A8V0YS46 A0A8V0WZJ4 A0A8V0Z6S1 A0A1D5PJE0 A0A8V0ZW46 A0A8V0Z1E9 A0A3Q2UEL1 A0A8V1A2F4 A0A8V0YZJ3 A0A8V0Z086 A0A8V0Y9F8 A0A8V0ZBJ8 A0A8V0Y2E5 A0A8V0Y218 A0A8V0Z832 A0A8V0YYQ9 F1NGB8 O12971 A0A1D5P201 A0A8V0YJV4 A0A8V1ACQ8 A0A8V0ZFH4 A0A8V0Y6W2 A0A8V0XQS7 A0A8V0ZX23 A0A8V0Z4M1 Q76KB2 A0A8V0XMD4 A0A8V0YWM3
Biological Process,stem cell differentiation,4,GO:0048863,9,41,389,2734,1.54,0.17267269256512113,0.76,A0A8V0ZKI8 A0A8V0XDM2 A0A8V0ZTP1 A0A8V0ZY42 A0A3Q3A4U3 A0A8V0YDD6 A0A8V1ACD6 A0A8V0XYR2 A0A8V1ADF6
Biological Process,actin filament-based movement,3,GO:0030048,9,41,389,2734,1.54,0.17267269256512113,0.76,A0A8V0XB58 A0A8V0XGL8 A0A8V1A9R2 A0A1D5P0X0 A0A8V0XDL7 A0A8V0ZY91 A0A8V0XZQ1 A0A8V0YG88 A0A8V0X852
Biological Process,tissue remodeling,2,GO:0048771,7,29,389,2734,1.7,0.17350190687146927,0.76,A0A8V0ZKI8 Q98938 A0A8V1AFH0 A0A8V1A9A7 R4GH52 A0A8V0XJ84 A0A8V0Z4M1
Biological Process,spinal cord development,3,GO:0021510,7,29,389,2734,1.7,0.17350190687146927,0.76,A0A8V0YNQ0 A0A8V0Z8V4 A0A8V1AB05 A0A8V0YMM6 A0A3Q3A4U3 A0A8V0XK27 A0A8V0Z888
Biological Process,cellular modified amino acid metabolic process,3,GO:0006575,6,74,389,2734,0.57,0.17454109542384458,0.76,A0A8V0Y4Q2 A0A8V1AHJ8 A0A8V0XDM2 A0A1D5PNB8 E1BYF1 A0A8V0ZHL4
Biological Process,coronary vasculature development,4,GO:0060976,5,19,389,2734,1.85,0.1748827051858705,0.76,A0A8V0YS46 A0A3Q3A4U3 A0A8V0XPE8 A0A8V0XK27 A0A8V0Z4M1
Biological Process,regulation of histone modification,8,GO:0031056,5,19,389,2734,1.85,0.1748827051858705,0.76,A0A8V0XB58 Q5ZJ58 A0A1D5PNL3 A0A8V1AFC3 A0A8V0Z4M1
Biological Process,gastrulation with mouth forming first,5,GO:0001703,5,19,389,2734,1.85,0.1748827051858705,0.76,A0A8V0XDL7 A0A8V0YMM6 A0A1D5PQV0 A0A8V0Y070 A0A8V0ZF83
Biological Process,purine-containing compound catabolic process,5,GO:0072523,5,19,389,2734,1.85,0.1748827051858705,0.76,A0A8V1A9L3 A0A8V0ZWX9 A0A8V0ZG46 A0A1D5PNB8 A0A8V0YC57
Biological Process,positive regulation of mitotic nuclear division,7,GO:0045840,5,19,389,2734,1.85,0.1748827051858705,0.76,A0A8V0ZDK0 A0A8V0ZTA5 A0A8V1A9A7 A0A8V0X5U3 A0A8V0XYR2
Biological Process,gastrulation involving germ band extension,6,GO:0010004,5,19,389,2734,1.85,0.1748827051858705,0.76,A0A8V0XDL7 A0A8V0YMM6 A0A1D5PQV0 A0A8V0Y070 A0A8V0ZF83
Biological Process,regulation of fat cell differentiation,5,GO:0045598,5,19,389,2734,1.85,0.1748827051858705,0.76,A0A8V0ZKI8 A0A8V1AG56 A0A8V1AFP7 A0A8V1A9A7 A0A8V0Z4M1
Biological Process,cellular response to nutrient,4,GO:0031670,5,19,389,2734,1.85,0.1748827051858705,0.76,A0A8V0YNQ0 A0A8V0XDM2 A0A8V0Y1A4 A0A8V0XPE8 P02460
Biological Process,digestive tract development,4,GO:0048565,18,94,389,2734,1.35,0.17524567592644869,0.76,A0A8V1AG56 A0A8V0ZWX9 A0A8V0Z8V4 A0A8V0WZJ4 F1NGB8 A0A3Q2TU24 Q98938 A0A8V0Y8L6 A0A8V1A9R2 A0A1D5NTR5 A0A8V0YXG4 A0A8V0XM58 A0A8V0XJ84 A0A1D5NYG2 A0A1D5PE57 A0A8V0ZQP1 Q9I946 A0A8V0Y513
Biological Process,cell activation,2,GO:0001775,38,327,389,2734,0.82,0.17664607579556563,0.75,A0A8V1AFE7 A0A8V0ZWX9 A0A8V0XXM5 A0A8V0XCI3 A0A8V1A2P5 A0A8V0YW12 A0A8V0XYR2 A0A8V0ZEJ3 E1BS94 A0A8V0YB43 A0A3Q2U2N5 A0A8V0XGY8 A0A8V0ZSG8 A0A8V1ABC8 A0A8V0YLN5 A0A8V0YW57 A0A8V0ZSX6 A0A1L1RSD2 A0A1D5PE57 A0A8V1A7R0 A0A8V0ZZU1 A0A8V0XDM2 A0A8V0Z1E9 A0A8V0YZJ3 A0A8V0ZY42 A0A8V0Z086 A0A8V0XJ84 A0A8V1ABC9 A0A8V0YR09 A0A3Q2TU24 Q05744 O12971 A0A8V1AFH0 A0A8V1A9R2 A0A8V1AB67 A0A1D5P655 A0A8V0YDD6 A0A8V0ZX23
Biological Process,carbohydrate derivative biosynthetic process,4,GO:1901137,42,244,389,2734,1.21,0.17822280579984967,0.75,Q5ZIB0 A0A1D5PCU0 A0A8V0ZWX9 Q98938 A0A8V0XRC4 A0A8V0XDL7 A0A8V0XMA2 A0A8V0YXG4 A0A8V0ZR84 A0A1D5PA74 A0A8V0Y8L6 A0A8V0ZWH1 A0A8V0ZY61 A0A8V0WZN3 E1C3Z8 A0A1L1RX77 A0A8V0Z1C5 A0A8V0XT35 E1C2T4 A0A8V0ZYN6 Q8AWB4 A0A8V0Z0B9 A0A8V0YS46 A0A8V0WZJ4 A0A8V0Z6S1 A0A1D5PJE0 A0A8V0ZW46 A0A3Q2UEL1 A0A8V1A2F4 A0A8V0ZBJ8 A0A8V0Y2E5 A0A8V0Y218 A0A8V0YYQ9 F1NGB8 O12971 A0A1D5P201 A0A8V1ACQ8 A0A8V0ZFH4 A0A8V0Y6W2 A0A8V0XQS7 Q76KB2 A0A8V0XMD4
Biological Process,gastrulation,4,GO:0007369,18,95,389,2734,1.33,0.17919923255622422,0.75,A0A8V0ZKI8 A0A8V1AG56 A0A8V0YS46 A0A8V0Z8V4 Q0PVE4 A0A8V1AFR2 A0A8V1A9R2 A0A8V0YM05 A0A8V0XDL7 A0A1D5PQV0 A0A8V0Y070 A0A8V1A9A7 A0A8V0YMM6 A0A8V0ZBJ8 A0A8V0YDD6 A0A8V0YHH6 A0A8V0Y8L6 A0A8V0ZF83
Biological Process,regulation of peptidase activity,5,GO:0052547,15,146,389,2734,0.72,0.18078039113097985,0.74,A0A8V0XAF8 A0A8V0X4D8 A0A8V0YDT4 A0A8V0ZDZ5 A0A8V0ZE58 A0A3Q3A4U3 A0A8V0Y614 A0A8V0YDD6 A0A8V0X852 A0A8V0YRF2 A0A8V0Z4M1 A0A8V0YPA6 A0A8V1A7R0 A0A8V1A653 A0A8V0YWM3
Biological Process,positive regulation of transferase activity,5,GO:0051347,15,147,389,2734,0.72,0.18114024706028253,0.74,A0A8V1ACS0 A0A8V1AG56 A0A3Q2TU24 A0A8V1A3S8 A0A8V1A3N1 A0A8V1A9R2 A0A8V0ZE58 A0A1D5PNL3 A0A8V0X1T3 A0A3Q3A4U3 A0A8V0XJ84 A0A8V0Z4M1 A0A8V0XYR2 A0A8V0Z4J0 Q9I946
Biological Process,embryonic limb morphogenesis,5,GO:0030326,7,30,389,2734,1.64,0.18193862257720556,0.74,A0A8V0ZKI8 A0A8V1AG56 A0A8V0YEQ1 Q98938 A0A8V0ZHK9 A0A8V1A9A7 A0A8V0XK27
Biological Process,actin-mediated cell contraction,4,GO:0070252,7,30,389,2734,1.64,0.18193862257720556,0.74,A0A8V0XB58 A0A8V0XGL8 A0A8V1A9R2 A0A8V0XDL7 A0A8V0ZY91 A0A8V0XZQ1 A0A8V0X852
Biological Process,nematode larval development,4,GO:0002119,9,96,389,2734,0.66,0.18301996265320963,0.74,A0A8V1AG56 A0A1D5PCU0 A0A8V0ZJ97 A0A8V0WZJ4 A0A8V1AEJ4 A0A1D5NZT1 A0A8V0XK27 A0A8V0YXG4 A0A8V0ZE30
Biological Process,trans-synaptic signaling,5,GO:0099537,12,121,389,2734,0.7,0.1842689037679335,0.73,A0A8V0ZKI8 A0A1D5PCU0 A0A8V0XB58 A0A8V1ALE0 A0A8V0ZBR8 A0A8V1AB67 A0A8V0ZSX0 A0A1D5NTR5 A0A8V0YEZ4 A0A3Q2TYT2 A0A1D5NYG2 A0A8V0YRG2
Biological Process,synaptic signaling,4,GO:0099536,12,121,389,2734,0.7,0.1842689037679335,0.73,A0A8V0ZKI8 A0A1D5PCU0 A0A8V0XB58 A0A8V1ALE0 A0A8V0ZBR8 A0A8V1AB67 A0A8V0ZSX0 A0A1D5NTR5 A0A8V0YEZ4 A0A3Q2TYT2 A0A1D5NYG2 A0A8V0YRG2
Biological Process,developmental cell growth,3,GO:0048588,12,59,389,2734,1.43,0.18548778676548344,0.73,A0A8V1AG56 A0A8V0Z8V4 A0A8V0XB58 A0A8V0ZZU1 A0A8V0ZI29 A0A1D5P655 A0A8V1AB05 A0A8V0ZB91 A0A8V0YDT5 A0A8V0ZSX6 A0A8V1ACD6 P33005
Biological Process,connective tissue development,4,GO:0061448,12,59,389,2734,1.43,0.18548778676548344,0.73,A0A8V0YNQ0 A0A8V0ZKI8 Q98938 A0A8V0Y413 A0A8V0YM05 A0A8V0ZE58 A0A8V1A9A7 A0A1D5NZT1 A0A8V1ABC9 A0A8V0XUJ8 A0A8V0XYR2 P02460
Biological Process,microtubule bundle formation,4,GO:0001578,12,59,389,2734,1.43,0.18548778676548344,0.73,A0A1L1RZ23 A0A8V0XLH4 A0A8V0Z6B9 A0A1D5PBU5 A0A8V1A6Y8 A0A8V0ZT48 A0A8V0X5U3 A0A8V0Z4U2 A0A8V0X370 A0A8V0Y1N7 A0A8V0YIE9 A0A8V0ZLV6
Biological Process,regulation of leukocyte migration,4,GO:0002685,12,59,389,2734,1.43,0.18548778676548344,0.73,Q5ZMG0 A0A8V0ZWX9 A0A8V1AG56 A0A8V0Y0F3 A0A8V0Y290 A0A8V0Y413 A0A8V1ABC8 A0A8V0Y4R7 A0A8V0Z4M1 A0A8V0XYR2 A0A8V1A3H9 A0A8V0YR09
Biological Process,blood vessel development,3,GO:0001568,23,125,389,2734,1.29,0.18872264263006755,0.72,Q98938 A0A8V0YM05 A0A8V1A9A7 A0A3Q3A4U3 A0A8V0XYR2 A0A8V0ZSG8 Q76KB2 A0A8V0XPE8 A0A1D5PE57 A0A1D5P1F1 Q8AWB4 A0A1D5P0D7 A0A8V0YS46 A0A8V0XA92 A0A8V0XDM2 A0A8V0ZTP1 A0A8V0ZE58 A0A8V0Y2E5 A0A3Q2TU24 A0A8V0Y070 A0A8V0XK27 A0A8V0Z4M1 A0A8V0YRG2
Biological Process,positive regulation of tumor necrosis factor production,7,GO:0032760,5,20,389,2734,1.76,0.18979293273269576,0.72,Q5ZMG0 A0A8V1AG56 A0A8V1ABC8 Q00649 A0A8V0YR09
Biological Process,regulation of muscle adaptation,4,GO:0043502,5,20,389,2734,1.76,0.18979293273269576,0.72,A0A8V1AK88 A0A8V0XB58 A0A8V1ABC9 A0A8V0XYR2 A0A8V0XXK8
Biological Process,regulation of phosphoprotein phosphatase activity,6,GO:0043666,5,20,389,2734,1.76,0.18979293273269576,0.72,A0A8V0YNQ0 A0A8V0WZJ4 A0A8V0XRC4 A0A8V1AJI2 A0A8V0X643
Biological Process,amino sugar metabolic process,4,GO:0006040,5,20,389,2734,1.76,0.18979293273269576,0.72,F1NGB8 A0A8V0ZBJ8 A0A8V0ZXC9 A0A8V0Y8L6 A0A8V0YYQ9
Biological Process,response to cold,3,GO:0009409,5,20,389,2734,1.76,0.18979293273269576,0.72,P11602 A0A8V1AFP7 Q00649 A0A8V0ZSX6 A0A8V0Z4M1
Biological Process,regulation of muscle hypertrophy,6,GO:0014743,5,20,389,2734,1.76,0.18979293273269576,0.72,A0A8V1AK88 A0A8V0XB58 A0A8V1ABC9 A0A8V0XYR2 A0A8V0XXK8
Biological Process,positive regulation of tumor necrosis factor superfamily cytokine production,6,GO:1903557,5,20,389,2734,1.76,0.18979293273269576,0.72,Q5ZMG0 A0A8V1AG56 A0A8V1ABC8 Q00649 A0A8V0YR09
Biological Process,neuromuscular junction development,6,GO:0007528,9,43,389,2734,1.47,0.19112362390425172,0.72,A0A8V0XB58 A0A8V0ZI29 A0A8V1AB05 A0A1D5PNL3 A0A3Q2TVX1 A0A1D5NTR5 A0A8V0YDT5 A0A1D5NYG2 A0A8V1AAN6
Biological Process,positive regulation of filopodium assembly,7,GO:0051491,7,31,389,2734,1.59,0.1924809381232891,0.72,Q0PVE4 A0A8V0ZI29 A0A1D5P655 A0A8V1AB05 A0A1D5NTR5 A0A8V0YDT5 A0A8V0XJ84
Biological Process,cell chemotaxis,4,GO:0060326,7,31,389,2734,1.59,0.1924809381232891,0.72,Q98938 A0A8V1ABC8 A0A8V0XWZ8 E1C733 A0A8V1ABC9 A0A8V0Z4M1 A0A8V0YR09
Biological Process,negative regulation of phosphate metabolic process,7,GO:0045936,28,156,389,2734,1.26,0.1930281319410822,0.71,A0A8V0Y0V1 A0A8V0YNQ0 A0A8V1A9A7 A0A1L1RP76 A0A8V0YPA6 A0A8V0Y290 A0A8V0ZC57 A0A8V0X643 A0A8V0YB43 A0A8V0Y0F3 A0A8V0ZZG2 A0A8V0X637 A0A8V0ZTA5 A0A1L1RX77 A0A8V1A7R0 Q0PVE4 Q5ZJ58 Q00649 A0A8V0ZH54 A0A8V1ABC9 A0A8V0ZKI8 A0A3Q2TU24 A0A8V1A3S8 A0A8V0YDT4 A0A8V1AJI2 A0A8V1AJV5 A0A8V0ZPH9 A0A8V0YRG2
Biological Process,negative regulation of phosphorus metabolic process,6,GO:0010563,28,156,389,2734,1.26,0.1930281319410822,0.71,A0A8V0Y0V1 A0A8V0YNQ0 A0A8V1A9A7 A0A1L1RP76 A0A8V0YPA6 A0A8V0Y290 A0A8V0ZC57 A0A8V0X643 A0A8V0YB43 A0A8V0Y0F3 A0A8V0ZZG2 A0A8V0X637 A0A8V0ZTA5 A0A1L1RX77 A0A8V1A7R0 Q0PVE4 Q5ZJ58 Q00649 A0A8V0ZH54 A0A8V1ABC9 A0A8V0ZKI8 A0A3Q2TU24 A0A8V1A3S8 A0A8V0YDT4 A0A8V1AJI2 A0A8V1AJV5 A0A8V0ZPH9 A0A8V0YRG2
Biological Process,lipid metabolic process,3,GO:0006629,30,261,389,2734,0.81,0.19338074035757455,0.71,P11602 A0A8V0XCX4 A0A8V0XXM5 A0A8V0XDL7 A0A8V1A9A7 A0A8V0ZYM1 A0A8V0YXG4 A0A8V0YC98 A0A8V0XYR2 A0A8V0YC57 A0A8V0X637 A0A8V0WZN3 A0A8V0ZRU9 A0A8V0Z1C5 A0A8V1A3H7 A0A1D5P1F1 A0A8V1AK88 A0A8V0X6J5 Q5ZJ58 A0A8V0XWZ8 A0A8V0YZJ3 A0A8V0Z086 A0A8V0Y9F8 A0A8V0XAN3 A0A8V0YYQ9 A0A8V0YU83 A0A8V0Y513 A0A3Q2TU24 A0A8V0YJV4 A0A8V0ZQS2
Biological Process,post-Golgi vesicle-mediated transport,4,GO:0006892,3,44,389,2734,0.48,0.19353439277919732,0.71,A0A8V0YB43 A0A8V0YG88 A0A8V0XTW4
Biological Process,ncRNA processing,7,GO:0034470,3,44,389,2734,0.48,0.19353439277919732,0.71,A0A1D5PNG3 A0A8V0ZJ97 A0A8V1A6A3
Biological Process,ribonucleoside bisphosphate metabolic process,6,GO:0033875,3,44,389,2734,0.48,0.19353439277919732,0.71,A0A8V0Y9F8 A0A3Q2UEL1 A0A8V0ZX23
Biological Process,RNA biosynthetic process,5,GO:0032774,3,44,389,2734,0.48,0.19353439277919732,0.71,A0A8V0ZG43 A0A8V1A7R0 A0A3Q2TTB3
Biological Process,nucleoside bisphosphate metabolic process,5,GO:0033865,3,44,389,2734,0.48,0.19353439277919732,0.71,A0A8V0Y9F8 A0A3Q2UEL1 A0A8V0ZX23
Biological Process,purine nucleoside bisphosphate metabolic process,5,GO:0034032,3,44,389,2734,0.48,0.19353439277919732,0.71,A0A8V0Y9F8 A0A3Q2UEL1 A0A8V0ZX23
Biological Process,establishment of RNA localization,3,GO:0051236,3,44,389,2734,0.48,0.19353439277919732,0.71,A0A1D5PNG3 A0A8V0XA92 A0A8V0Z9Y8
Biological Process,nucleic acid transport,6,GO:0050657,3,44,389,2734,0.48,0.19353439277919732,0.71,A0A1D5PNG3 A0A8V0XA92 A0A8V0Z9Y8
Biological Process,RNA transport,4,GO:0050658,3,44,389,2734,0.48,0.19353439277919732,0.71,A0A1D5PNG3 A0A8V0XA92 A0A8V0Z9Y8
Biological Process,regulation of viral life cycle,4,GO:1903900,3,44,389,2734,0.48,0.19353439277919732,0.71,A0A8V0ZSX6 A0A1D5NVM6 A0A8V1AJ90
Biological Process,vesicle-mediated transport in synapse,3,GO:0099003,7,81,389,2734,0.61,0.19428584914504987,0.71,A0A8V0YS46 A0A8V0ZZU1 A0A3Q2UGW3 A0A8V1AB67 A0A8V0Y9F8 A0A8V0Z9Y8 A0A8V0Y8L6
Biological Process,regulation of organelle assembly,5,GO:1902115,7,81,389,2734,0.61,0.19428584914504987,0.71,A0A8V1A449 A0A1D5PBU5 A0A8V1AJI2 A0A8V0X5U3 A0A8V0ZE30 A0A8V0YRK4 A0A8V0XYR2
Biological Process,urogenital system development,4,GO:0001655,23,127,389,2734,1.27,0.19455384933117892,0.71,A0A8V1AG56 A0A8V0XRC4 A0A8V0YM05 A0A8V0ZW33 A0A8V0YVT3 A0A8V0XRN3 A0A8V1AAN6 A0A8V0Y722 A0A1L1RX77 A0A8V0ZRU9 A0A1D5NZN4 A0A8V0XA92 A0A8V0ZTP1 A0A8V0Y1A4 A0A8V0Y2E5 A0A8V0ZHK9 A0A8V0YJV4 A0A8V0YY70 A0A8V0YMM6 A0A8V0Z9Z7 A0A8V0YLT1 A0A8V0Z4M1 A0A8V0YRG2
Biological Process,meiotic nuclear division,3,GO:0140013,3,45,389,2734,0.47,0.19463986892204993,0.71,A0A8V0ZW33 R4GH52 A0A1D5PBU5
Biological Process,negative regulation of hydrolase activity,5,GO:0051346,13,128,389,2734,0.71,0.19630912601816952,0.71,A0A8V0Y0V1 A0A8V0YNQ0 A0A8V0X4D8 A0A8V0YRF2 A0A8V0YY70 A0A8V1AJI2 A0A8V0Y614 A0A8V0X852 A0A1L1RP76 A0A8V0Z4M1 A0A8V0YPA6 A0A8V0X643 A0A8V1A653
Biological Process,central nervous system development,4,GO:0007417,52,312,389,2734,1.17,0.19652436278260188,0.71,A0A8V0YNQ0 A0A8V1AG56 A0A8V0XCX4 Q98938 A0A8V0XXM5 A0A8V0XRC4 A0A8V1A2P5 A0A3Q3A4U3 A0A1D5NTR5 A0A8V0YVT3 A0A8V0YXG4 A0A1D5NYG2 A0A8V0Y8L6 P02460 A0A8V0ZDK0 A0A8V0Z8V4 A0A8V0YUF6 A0A8V0XGL8 A0A3Q2UGW3 A0A8V0ZTA5 A0A8V0ZSX0 A0A8V0YLN5 A0A8V1ACD6 A0A8V0XKU5 A0A8V0Z888 A0A1D5PE57 A0A8V1A7R0 A0A1D5P1F1 A0A8V1AAH7 A0A8V0XF68 A0A8V0YS46 A0A8V0YRN1 A0A8V0ZKV3 A0A8V0ZT48 A0A8V0YPB9 A0A8V0Y103 A0A1D5PDV9 A0A8V1ABC9 A0A8V0XM58 Q9I946 A0A8V0ZKI8 A0A8V0ZB91 A0A8V1AB05 A0A8V0ZHK9 A0A8V0Z9Z7 A0A8V0YY70 A0A8V0YMM6 A0A8V0X370 A0A8V0XK27 A0A8V0YIE9 A0A8V0YRG2 A0A8V1A653
Biological Process,regulation of blood pressure,3,GO:0008217,3,46,389,2734,0.46,0.1973863122121411,0.7,A0A8V0XYR2 A0A8V0XA92 A0A8V1A9A7
Biological Process,ovulation,3,GO:0030728,3,11,389,2734,1.92,0.19782915534906184,0.7,A0A8V0XF68 A0A1D5NWP2 A0A8V0Y1A4
Biological Process,ventral cord development,4,GO:0007419,3,11,389,2734,1.92,0.19782915534906184,0.7,A0A8V0YRN1 A0A8V0YUF6 A0A3Q3A4U3
Biological Process,peroxisome organization,5,GO:0007031,3,11,389,2734,1.92,0.19782915534906184,0.7,A0A8V1ACS0 A0A8V0Z4J0 A0A8V0YFD4
Biological Process,ventricular septum morphogenesis,4,GO:0060412,3,11,389,2734,1.92,0.19782915534906184,0.7,A0A8V1AG56 A0A8V0Z2J4 A0A3Q3A4U3
Biological Process,inner ear receptor cell stereocilium organization,7,GO:0060122,3,11,389,2734,1.92,0.19782915534906184,0.7,A0A8V0YVT3 A0A8V1AJV5 A0A8V0YY70
Biological Process,"regulation of synaptic transmission, GABAergic",6,GO:0032228,3,11,389,2734,1.92,0.19782915534906184,0.7,A0A8V1AB67 A0A3Q2TYT2 A0A8V0YLT1
Biological Process,regulation of platelet activation,5,GO:0010543,3,11,389,2734,1.92,0.19782915534906184,0.7,A0A3Q2TU24 A0A8V1A2P5 A0A8V1ABC9
Biological Process,positive regulation of lymphocyte differentiation,7,GO:0045621,3,11,389,2734,1.92,0.19782915534906184,0.7,A0A8V0ZWX9 A0A8V0ZQS2 Q98938
Biological Process,regulation of membrane protein ectodomain proteolysis,6,GO:0051043,3,11,389,2734,1.92,0.19782915534906184,0.7,A0A8V1A653 A0A8V0X4D8 A0A1D5PC37
Biological Process,polarized epithelial cell differentiation,5,GO:0030859,3,11,389,2734,1.92,0.19782915534906184,0.7,A0A8V0YB43 A0A8V1AJV5 A0A8V1AG56
Biological Process,negative regulation of leukocyte mediated immunity,6,GO:0002704,3,11,389,2734,1.92,0.19782915534906184,0.7,A0A8V1A9R2 A0A8V0XUK6 A0A8V1AA32
Biological Process,positive regulation of tissue remodeling,5,GO:0034105,3,11,389,2734,1.92,0.19782915534906184,0.7,A0A8V0ZKI8 A0A8V0YLT1 A0A8V1ABC9
Biological Process,cellular response to lipoprotein particle stimulus,3,GO:0071402,3,11,389,2734,1.92,0.19782915534906184,0.7,P11602 A0A8V1ABC8 A0A8V1A2P5
Biological Process,torso signaling pathway,6,GO:0008293,3,11,389,2734,1.92,0.19782915534906184,0.7,A0A8V0ZF83 A0A8V0YMM6 A0A8V0Y070
Biological Process,regulation of cardiac muscle cell differentiation,6,GO:2000725,3,11,389,2734,1.92,0.19782915534906184,0.7,A0A8V1AK88 A0A8V0XYR2 A0A8V0XXK8
Biological Process,lipid modification,4,GO:0030258,5,61,389,2734,0.58,0.19801483427247935,0.7,A0A3Q2TU24 A0A8V0XCX4 Q5ZJ58 A0A8V0ZYM1 A0A1D5P1F1
Biological Process,chromatin organization,6,GO:0006325,5,62,389,2734,0.57,0.19806154933303172,0.7,A0A8V0ZDK0 A0A8V0ZSG8 A0A8V1A9R2 A0A1D5PNL3 A0A8V1ABC9
Biological Process,nucleobase-containing compound catabolic process,4,GO:0034655,10,105,389,2734,0.67,0.19872453089407724,0.7,A0A8V1ACS0 A0A8V0ZWX9 A0A8V1A9L3 A0A8V0ZG46 A0A8V0YC57 A0A1D5PNB8 A0A8V0XPN5 A0A8V0ZE30 A0A8V0Z4J0 A0A8V0YWM3
Biological Process,cell cycle phase transition,3,GO:0044770,5,63,389,2734,0.56,0.19932787891585252,0.7,A0A8V0XB58 A0A8V0ZW33 A0A8V0ZFG7 A0A8V0YRK4 A0A8V0X643
Biological Process,regulation of protein localization to membrane,6,GO:1905475,5,63,389,2734,0.56,0.19932787891585252,0.7,A0A8V0YNQ0 A0A8V0XB58 A0A8V0YY70 A0A8V0Z9Y8 A0A8V0YRG2
Biological Process,vasculature development,4,GO:0001944,24,132,389,2734,1.28,0.2003528140437586,0.7,Q98938 A0A8V0YM05 A0A8V1A9A7 A0A3Q3A4U3 A0A8V0XYR2 A0A8V0ZSG8 Q76KB2 A0A8V0XPE8 A0A1D5PE57 Q8AWB4 A0A1D5P1F1 A0A1D5P0D7 A0A8V0XF68 A0A8V0YS46 A0A8V0XA92 A0A8V0XDM2 A0A8V0ZTP1 A0A8V0ZE58 A0A8V0Y2E5 A0A3Q2TU24 A0A8V0Y070 A0A8V0XK27 A0A8V0Z4M1 A0A8V0YRG2
Biological Process,regulation of response to external stimulus,4,GO:0032101,40,235,389,2734,1.2,0.20425552661527296,0.69,Q5ZMG0 P11602 A0A8V0ZWX9 A0A8V1AG56 A0A8V0ZI29 A0A8V1AFP7 A0A8V1A2P5 A0A3Q3A4U3 A0A8V1A8R6 A0A8V0YDT5 A0A8V0XYR2 A0A8V1A3H9 A0A8V0Z8V4 A0A8V0ZZG2 A0A8V0ZKS6 A0A8V1A8N2 A0A8V1ABC8 A0A8V0ZTA5 A0A8V0ZP32 A0A8V0ZSX6 A0A8V1ACD6 A0A8V1AKH4 A0A8V0YRF2 A0A8V1AA32 Q00649 A0A8V0YY90 A0A8V1ABC9 A0A8V0YR09 A0A3Q2TU24 A0A8V0ZJ97 A0A8V0ZB91 A0A8V0YAR4 A0A8V1AFH0 A0A8V1AB05 A0A8V0Y413 A0A8V0ZTG6 A0A1D5PT01 A0A8V0YDD6 A0A8V0Z4M1 A0A8V0YRG2
Biological Process,positive regulation of DNA repair,5,GO:0045739,2,6,389,2734,2.34,0.2054101087011728,0.69,A0A8V0ZW33 A0A1D5PNL3
Biological Process,positive regulation of T cell migration,8,GO:2000406,2,6,389,2734,2.34,0.2054101087011728,0.69,A0A8V1AG56 A0A8V0Y4R7
Biological Process,endocardial cushion morphogenesis,5,GO:0003203,2,6,389,2734,2.34,0.2054101087011728,0.69,A0A8V0XJ84 A0A3Q3A4U3
Biological Process,cellular defense response,4,GO:0006968,2,6,389,2734,2.34,0.2054101087011728,0.69,A0A8V0XUK6 A0A8V0YR09
Biological Process,chronic inflammatory response,5,GO:0002544,2,6,389,2734,2.34,0.2054101087011728,0.69,A0A1D5PNB8 E1C733
Biological Process,positive regulation of digestive system process,5,GO:0060456,2,6,389,2734,2.34,0.2054101087011728,0.69,A0A8V0ZY91 A0A8V0YPA6
Biological Process,positive regulation of myeloid leukocyte differentiation,7,GO:0002763,2,6,389,2734,2.34,0.2054101087011728,0.69,A0A8V0YLT1 A0A8V1ABC9
Biological Process,growth hormone receptor signaling pathway,6,GO:0060396,2,6,389,2734,2.34,0.2054101087011728,0.69,A0A8V1A9R2 A0A8V1A7R0
Biological Process,hyperosmotic salinity response,5,GO:0042538,2,6,389,2734,2.34,0.2054101087011728,0.69,A0A8V0ZSX6 A0A8V0YJV4
Biological Process,prostaglandin metabolic process,7,GO:0006693,2,6,389,2734,2.34,0.2054101087011728,0.69,A0A1D5P1F1 A0A8V0XYR2
Biological Process,otic vesicle formation,5,GO:0030916,2,6,389,2734,2.34,0.2054101087011728,0.69,A0A8V0YM05 A0A8V0YMM6
Biological Process,positive regulation of lymphocyte migration,7,GO:2000403,2,6,389,2734,2.34,0.2054101087011728,0.69,A0A8V1AG56 A0A8V0Y4R7
Biological Process,ribonucleoside catabolic process,6,GO:0042454,2,6,389,2734,2.34,0.2054101087011728,0.69,A0A8V0ZWX9 A0A1D5PNB8
Biological Process,interleukin-15-mediated signaling pathway,5,GO:0035723,2,6,389,2734,2.34,0.2054101087011728,0.69,A0A8V1A9R2 A0A8V1A7R0
Biological Process,prostanoid metabolic process,6,GO:0006692,2,6,389,2734,2.34,0.2054101087011728,0.69,A0A1D5P1F1 A0A8V0XYR2
Biological Process,negative regulation of bone resorption,7,GO:0045779,2,6,389,2734,2.34,0.2054101087011728,0.69,A0A8V0Z4M1 A0A8V0ZQS2
Biological Process,negative regulation of alpha-beta T cell differentiation,9,GO:0046639,2,6,389,2734,2.34,0.2054101087011728,0.69,A0A8V1A9R2 Q98938
Biological Process,regulation of cellular response to vascular endothelial growth factor stimulus,5,GO:1902547,2,6,389,2734,2.34,0.2054101087011728,0.69,A0A1L1RX77 A0A3Q3A4U3
Biological Process,cellular response to interleukin-15,6,GO:0071350,2,6,389,2734,2.34,0.2054101087011728,0.69,A0A8V1A9R2 A0A8V1A7R0
Biological Process,prostaglandin biosynthetic process,8,GO:0001516,2,6,389,2734,2.34,0.2054101087011728,0.69,A0A1D5P1F1 A0A8V0XYR2
Biological Process,induction of positive chemotaxis,7,GO:0050930,2,6,389,2734,2.34,0.2054101087011728,0.69,A0A8V0Z4M1 A0A8V1ABC9
Biological Process,positive regulation of osteoblast proliferation,6,GO:0033690,2,6,389,2734,2.34,0.2054101087011728,0.69,A0A8V0ZE58 A0A8V1A9A7
Biological Process,smooth muscle tissue development,5,GO:0048745,2,6,389,2734,2.34,0.2054101087011728,0.69,A0A1D5PE57 Q98938
Biological Process,negative regulation of production of molecular mediator of immune response,6,GO:0002701,2,6,389,2734,2.34,0.2054101087011728,0.69,A0A8V1A9R2 A0A8V0XJ84
Biological Process,positive regulation of macrophage cytokine production,7,GO:0060907,2,6,389,2734,2.34,0.2054101087011728,0.69,A0A8V1AG56 A0A8V0ZB91
Biological Process,negative regulation of cytokine production involved in immune response,6,GO:0002719,2,6,389,2734,2.34,0.2054101087011728,0.69,A0A8V1A9R2 A0A8V0XJ84
Biological Process,positive regulation of epidermis development,5,GO:0045684,2,6,389,2734,2.34,0.2054101087011728,0.69,A0A8V1AG56 A0A8V0X5U3
Biological Process,regulation of hair follicle development,5,GO:0051797,2,6,389,2734,2.34,0.2054101087011728,0.69,A0A8V1AG56 A0A8V0X5U3
Biological Process,hepatocyte growth factor receptor signaling pathway,6,GO:0048012,2,6,389,2734,2.34,0.2054101087011728,0.69,A0A8V1A3H9 A0A8V1A3N1
Biological Process,negative regulation of vascular endothelial growth factor receptor signaling pathway,6,GO:0030948,2,6,389,2734,2.34,0.2054101087011728,0.69,A0A8V0Y290 A0A8V0Y0F3
Biological Process,purine ribonucleoside catabolic process,7,GO:0046130,2,6,389,2734,2.34,0.2054101087011728,0.69,A0A8V0ZWX9 A0A1D5PNB8
Biological Process,cellular hyperosmotic salinity response,6,GO:0071475,2,6,389,2734,2.34,0.2054101087011728,0.69,A0A8V0ZSX6 A0A8V0YJV4
Biological Process,pharyngeal system development,4,GO:0060037,2,6,389,2734,2.34,0.2054101087011728,0.69,A0A8V0YM05 A0A8V0XDM2
Biological Process,regulation of nitric-oxide synthase biosynthetic process,6,GO:0051769,2,6,389,2734,2.34,0.2054101087011728,0.69,A0A8V1A9R2 A0A8V0XYR2
Biological Process,response to water deprivation,3,GO:0009414,2,6,389,2734,2.34,0.2054101087011728,0.69,A0A8V0YJV4 A0A8V1A2P5
Biological Process,Roundabout signaling pathway,4,GO:0035385,2,6,389,2734,2.34,0.2054101087011728,0.69,A0A8V0Z8V4 A0A3Q3A4U3
Biological Process,prostanoid biosynthetic process,7,GO:0046457,2,6,389,2734,2.34,0.2054101087011728,0.69,A0A1D5P1F1 A0A8V0XYR2
Biological Process,response to interleukin-15,5,GO:0070672,2,6,389,2734,2.34,0.2054101087011728,0.69,A0A8V1A9R2 A0A8V1A7R0
Biological Process,TRIF-dependent toll-like receptor signaling pathway,8,GO:0035666,2,6,389,2734,2.34,0.2054101087011728,0.69,A0A8V1ACS0 A0A8V0Z4J0
Biological Process,compartment pattern specification,5,GO:0007386,2,6,389,2734,2.34,0.2054101087011728,0.69,Q98938 O12971
Biological Process,purine nucleoside catabolic process,6,GO:0006152,2,6,389,2734,2.34,0.2054101087011728,0.69,A0A8V0ZWX9 A0A1D5PNB8
Biological Process,positive regulation of release of cytochrome c from mitochondria,8,GO:0090200,2,6,389,2734,2.34,0.2054101087011728,0.69,A0A8V0XAF8 A0A8V0ZDZ5
Biological Process,cAMP metabolic process,7,GO:0046058,2,6,389,2734,2.34,0.2054101087011728,0.69,A0A8V1A9L3 A0A8V0YC57
Biological Process,regulation of establishment of planar polarity involved in neural tube closure,7,GO:0090178,2,6,389,2734,2.34,0.2054101087011728,0.69,A0A8V0ZKI8 A0A8V1AG56
Biological Process,adenosine metabolic process,7,GO:0046085,2,6,389,2734,2.34,0.2054101087011728,0.69,A0A8V0ZWX9 A0A8V0ZG46
Biological Process,stress granule assembly,7,GO:0034063,2,6,389,2734,2.34,0.2054101087011728,0.69,A0A8V0ZSX6 A0A8V0XPN5
Biological Process,galactose catabolic process,6,GO:0019388,2,6,389,2734,2.34,0.2054101087011728,0.69,A0A8V1A4P2 A0A8V0YZJ3
Biological Process,triglyceride catabolic process,7,GO:0019433,2,6,389,2734,2.34,0.2054101087011728,0.69,P11602 A0A8V0Y513
Biological Process,peptide cross-linking via chondroitin 4-sulfate glycosaminoglycan,5,GO:0019800,2,6,389,2734,2.34,0.2054101087011728,0.69,A0A1L1RX77 A0A8V0YIV5
Biological Process,sulfur amino acid biosynthetic process,5,GO:0000097,2,6,389,2734,2.34,0.2054101087011728,0.69,A0A1D5PNB8 E1BYF1
Biological Process,membrane protein intracellular domain proteolysis,6,GO:0031293,2,6,389,2734,2.34,0.2054101087011728,0.69,A0A8V0XBI2 A0A8V0XE95
Biological Process,protein deacetylation,6,GO:0006476,2,6,389,2734,2.34,0.2054101087011728,0.69,A0A8V0YS46 A0A8V0ZSG8
Biological Process,embryonic retina morphogenesis in camera-type eye,4,GO:0060059,2,6,389,2734,2.34,0.2054101087011728,0.69,A0A8V0ZKI8 A0A1D5P0D7
Biological Process,positive regulation of alpha-beta T cell activation,8,GO:0046635,2,6,389,2734,2.34,0.2054101087011728,0.69,A0A8V0ZWX9 Q98938
Biological Process,negative regulation of cAMP-mediated signaling,7,GO:0043951,2,6,389,2734,2.34,0.2054101087011728,0.69,A0A8V1A9L3 A0A8V0YC57
Biological Process,unsaturated fatty acid biosynthetic process,6,GO:0006636,2,6,389,2734,2.34,0.2054101087011728,0.69,A0A1D5P1F1 A0A8V0XYR2
Biological Process,zymogen inhibition,9,GO:0097341,2,6,389,2734,2.34,0.2054101087011728,0.69,A0A8V0X4D8 A0A8V0YRF2
Biological Process,positive regulation of p38MAPK cascade,8,GO:1900745,2,6,389,2734,2.34,0.2054101087011728,0.69,A0A8V0Z4M1 A0A1D5P0D7
Biological Process,otic vesicle morphogenesis,5,GO:0071600,2,6,389,2734,2.34,0.2054101087011728,0.69,A0A8V0YM05 A0A8V0YMM6
Biological Process,regulation of vascular endothelial growth factor signaling pathway,5,GO:1900746,2,6,389,2734,2.34,0.2054101087011728,0.69,A0A1L1RX77 A0A3Q3A4U3
Biological Process,regulation of smooth muscle cell apoptotic process,7,GO:0034391,2,6,389,2734,2.34,0.2054101087011728,0.69,A0A8V0ZKI8 A0A8V0XYR2
Biological Process,intracellular lipid transport,4,GO:0032365,2,6,389,2734,2.34,0.2054101087011728,0.69,A0A8V0ZKI8 A0A8V0Y9F8
Biological Process,commissural neuron axon guidance,9,GO:0071679,2,6,389,2734,2.34,0.2054101087011728,0.69,A0A8V0Z4M1 A0A8V0YRG2
Biological Process,regulation of mitotic spindle elongation,6,GO:0032888,2,6,389,2734,2.34,0.2054101087011728,0.69,Q5ZJ58 A0A8V0X5U3
Biological Process,imaginal disc-derived leg joint morphogenesis,4,GO:0016348,2,6,389,2734,2.34,0.2054101087011728,0.69,A0A8V0ZZG2 A0A8V0ZZU1
Biological Process,positive regulation of mitotic sister chromatid segregation,8,GO:0062033,2,6,389,2734,2.34,0.2054101087011728,0.69,A0A8V0ZDK0 A0A8V0X5U3
Biological Process,regulation of epithelial tube formation,5,GO:1905276,2,6,389,2734,2.34,0.2054101087011728,0.69,A0A8V0ZKI8 A0A8V1AG56
Biological Process,positive regulation of actin nucleation,7,GO:0051127,2,6,389,2734,2.34,0.2054101087011728,0.69,A0A1D5P655 A0A8V0X852
Biological Process,insulin metabolic process,4,GO:1901142,2,6,389,2734,2.34,0.2054101087011728,0.69,A0A8V0ZP32 A0A8V0X4D8
Biological Process,neural crest cell migration involved in autonomic nervous system development,7,GO:1901166,2,6,389,2734,2.34,0.2054101087011728,0.69,A0A8V0YDD6 A0A8V1ACD6
Biological Process,parturition,3,GO:0007567,2,6,389,2734,2.34,0.2054101087011728,0.69,A0A8V0XUJ8 A0A8V0XYR2
Biological Process,establishment of endothelial intestinal barrier,7,GO:0090557,2,6,389,2734,2.34,0.2054101087011728,0.69,A0A8V1AB05 A0A8V1ABC8
Biological Process,regulation of hair cycle,4,GO:0042634,2,6,389,2734,2.34,0.2054101087011728,0.69,A0A8V1AG56 A0A8V0X5U3
Biological Process,regulation of cell population proliferation,4,GO:0042127,62,380,389,2734,1.15,0.20623207678443128,0.69,A0A8V0YNQ0 A0A8V0ZWX9 A0A8V1AG56 Q98938 A0A8V0ZI29 A0A8V1AJT2 A0A8V1A2P5 A0A8V1A9A7 A0A3Q3A4U3 Q90YI1 A0A8V0YVT3 A0A1D5NZT1 A0A8V0XUK6 A0A8V0YEZ4 C7G540 A0A8V0YPA6 A0A8V0YW12 A0A8V0XYR2 A0A8V1AAN6 A0A8V1A3H9 A0A8V0ZZG2 A0A8V0XGL8 A0A8V0XGY8 A0A8V1ABC8 E1C733 E1BYF1 A0A8V0XXW6 A0A8V0Z1C5 A0A8V0X852 A0A8V0YRF2 A0A8V0Y5K2 A0A8V1A7R0 A0A1D5P1F1 Q6JHU8 A0A1D5P0D7 A0A8V0XB58 A0A8V0ZZU1 A0A8V0XDM2 A0A8V1A3N1 A0A8V0ZTP1 A0A8V0Z2J4 A0A8V0ZE58 A0A8V0XWZ8 A0A8V0Y1A4 A0A8V0XJ84 A0A8V0Y2E5 A0A8V0ZH54 A0A8V1ABC9 Q9I946 A0A8V0ZKI8 A0A3Q2TU24 A0A8V0YDT4 A0A8V1A9R2 A0A8V0Y413 A0A8V0YJV4 A0A8V0YMM6 A0A8V0YDD6 A0A8V1AJV5 A0A8V0XFB5 A0A8V0Z4M1 A0A8V0ZPH9 A0A8V0ZQS2
Biological Process,muscle structure development,3,GO:0061061,22,201,389,2734,0.77,0.20727829813012452,0.68,A0A8V1AG56 Q98938 A0A8V0ZCA3 A0A3Q2TVX1 A0A8V0YXG4 A0A8V0XRN3 A0A8V0ZKS6 A0A1L1RX77 A0A1D5PE57 A0A8V0ZAU8 A0A8V1AAH7 A0A1D5P0D7 A0A8V0XB58 A0A8V0ZTP1 A0A8V0Z2J4 A0A1D5NWP2 A0A1D5PLP1 A0A8V0YYQ9 A0A8V0Y413 A0A8V0ZFH4 A0A8V0XZQ1 A0A8V0Z4M1
Biological Process,Rab protein signal transduction,6,GO:0032482,5,21,389,2734,1.67,0.20745270588438763,0.68,A0A8V0YB43 A0A8V0ZZU1 A0A8V1AB67 A0A8V0YGN8 A0A3Q2TYT2
Biological Process,regulation of protein localization to cell surface,6,GO:2000008,5,21,389,2734,1.67,0.20745270588438763,0.68,A0A8V0X4D8 Q98938 A0A8V0X5K9 A0A1D5PNL3 A0A1D5PC37
Biological Process,genitalia development,4,GO:0048806,5,21,389,2734,1.67,0.20745270588438763,0.68,A0A8V0ZKI8 A0A8V1AG56 A0A8V0ZZU1 A0A8V0ZH54 A0A8V0ZQP1
Biological Process,regulation of extracellular matrix organization,5,GO:1903053,5,21,389,2734,1.67,0.20745270588438763,0.68,A0A8V0YB43 A0A8V0Y0F3 A0A1L1RX77 A0A8V0Y2E5 A0A8V0Y290
Biological Process,outflow tract morphogenesis,3,GO:0003151,5,21,389,2734,1.67,0.20745270588438763,0.68,A0A8V1AG56 A0A8V0Z8V4 A0A8V0XDM2 A0A3Q3A4U3 A0A8V0Z4M1
Biological Process,response to amino acid,4,GO:0043200,10,48,389,2734,1.46,0.207544782947273,0.68,A0A8V0YNQ0 A0A8V1AHJ8 A0A8V0YWM3 A0A8V0YW57 A0A8V0YEZ4 A0A8V0Z1C5 A0A1D5PE57 A0A8V0XYR2 Q9I946 A0A8V0Y513
Biological Process,regulation of dendrite development,4,GO:0050773,13,66,389,2734,1.38,0.21011254213054917,0.68,A0A8V0Y0V1 A0A8V0X4D8 A0A8V1A3S8 A0A8V0ZI29 A0A8V0ZKS6 A0A8V1AB05 A0A1D5P655 A0A3Q3A4U3 A0A8V0YGN8 A0A8V0YDT5 A0A8V0YRK4 A0A8V0YMR1 E1BQI2
Biological Process,cellular response to extracellular stimulus,3,GO:0031668,13,66,389,2734,1.38,0.21011254213054917,0.68,A0A8V0YNQ0 A0A8V0XDM2 A0A8V0ZSG8 A0A8V0Y7Y9 A0A8V0XCI3 A0A8V0YWM3 A0A8V0Y1A4 A0A8V1AMI7 A0A8V0XPE8 A0A8V0ZSX6 A0A8V0ZRU9 A0A1D5P1F1 P02460
Biological Process,blood coagulation,3,GO:0007596,8,86,389,2734,0.65,0.2113314433266401,0.68,A0A3Q2TU24 A0A8V0YDT4 A0A8V1A2P5 A0A8V0ZTG6 A0A8V1ABC9 A0A1D5PE57 A0A8V0YSI0 Q9I946
Biological Process,ameboidal-type cell migration,4,GO:0001667,25,139,389,2734,1.26,0.21152934056902634,0.67,A0A8V1AG56 Q98938 A0A8V0ZI29 A0A8V0YM05 A0A8V1A9A7 A0A3Q3A4U3 A0A8V0YDT5 A0A8V0Z8V4 A0A8V0YLN5 A0A8V1ACD6 A0A8V0YS46 Q0PVE4 A0A8V0ZZU1 A0A8V0XDM2 A0A8V0ZTP1 A0A3Q2UEL1 A0A8V1ADF6 A0A8V0ZKI8 A0A1D5P655 A0A8V0YDT4 A0A8V1AB05 A0A8V1A9R2 A0A8V0YMM6 A0A8V0YDD6 A0A8V0Z4M1
Biological Process,regulation of proteolysis,6,GO:0030162,28,245,389,2734,0.8,0.21278036181965054,0.67,A0A8V0X4D8 Q98938 A0A8V0Y999 A0A3Q3A4U3 A0A8V1A8R6 A0A1L1RP76 A0A8V0YPA6 A0A8V0ZZG2 A0A8V1A8N2 A0A8V0ZP32 A0A8V1AKH4 A0A8V0X852 A0A8V0YRF2 A0A8V1A7R0 A0A1D5PC37 A0A8V0Y7Y9 A0A8V1AA32 A0A8V0ZE58 A0A8V0XM58 A0A8V0YRK4 A0A8V0XAF8 A0A8V0YDT4 A0A8V0ZDZ5 A0A8V0Y614 A0A8V0YDD6 A0A8V0Z4M1 A0A8V1A653 A0A8V0YWM3
Biological Process,cellular homeostasis,2,GO:0019725,23,207,389,2734,0.78,0.21385037169924948,0.67,A0A3Q3A4U3 A0A8V0YPA6 A0A8V0XYR2 A0A3Q2U2N6 A0A8V0YFB8 A0A1D5PQV0 E1C733 A0A8V0ZSX6 A0A8V1A4P2 A0A8V0XB58 A0A1D5NWP2 A0A8V1ABC9 A0A8V0XX49 A0A8V0YYQ9 A0A8V0XAF8 A0A8V0ZKI8 A0A8V1A9R2 A0A8V0ZES4 A0A8V0XLN9 A0A8V0YDD6 A0A8V1AJV5 A0A8V0YLT1 Q5ZHL0
Biological Process,signal transduction,2,GO:0007165,132,851,389,2734,1.09,0.21432451478480016,0.67,P11602 A0A8V1AJT2 A0A1D5NTR5 A0A8V0YVT3 A0A8V0YDT5 A0A8V0YEZ4 A0A8V0XEJ0 A0A8V0YW12 A0A8V0ZEJ3 A0A8V0YB43 A0A8V0ZY61 A0A8V0Z8V4 A0A8V0ZZG2 A0A8V1ACS0 A0A8V1ABC8 A0A8V0Y722 A0A1L1RX77 A0A8V0XPE8 A0A8V0YW57 A0A8V1ACD6 A0A8V1A7R0 A0A8V0Y4Q2 A0A8V1A3N1 A0A8V0ZTP1 A0A1D5PNL3 A0A8V0XJ84 A0A1D5NWP2 F1NGB8 A0A3Q2TU24 A0A8V0YEQ1 A0A8V0ZB91 A0A8V1AB05 A0A8V1A9R2 A0A8V1AB67 A0A8V0ZDZ5 A0A8V0Y070 A0A8V0ZQS2 A0A8V1AG56 A0A8V0YM05 A0A8V1A9A7 A0A3Q3A4U3 A0A8V0XUK6 A0A8V0X637 E1BYF1 A0A3Q2TYT2 A0A8V0ZXC9 A0A8V0Y5K2 A0A1D5P7Y2 A0A1D5P0D7 A0A8V0ZW46 A0A8V0ZE58 Q00649 A0A1D5PDV9 A0A8V1ABC9 A0A8V0XM58 A0A8V0YRK4 A0A8V1ADF6 E1BQI2 A0A8V0YR09 A0A8V1AFH0 A0A8V0YJV4 A0A8V0YMM6 A0A8V1AJI2 A0A1D5PT01 A0A8V1AJV5 A0A8V0YLT1 P33005 A0A8V0YRG2 A0A8V1A653 A0A8V0Y0V1 A0A8V0X4D8 A0A8V0YBZ6 A0A8V0ZI29 A0A8V0ZYM1 A0A8V0YGN8 A0A8V0YXG4 A0A1D5PIZ5 A0A8V0Y8L6 A0A8V0Z4J0 A0A8V0YC57 A0A8V0ZKS6 A0A8V0ZTA5 E1C733 A0A8V1AMI7 A0A8V0ZSX6 A0A8V0XKU5 A0A1D5PE57 Q8AWB4 A0A8V0XZV7 A0A8V0ZY91 A0A8V0Y1A4 A0A8V0ZF83 A0A8V0ZKI8 O12971 A0A1D5P655 A0A8V0XQS7 A0A8V0Z9Y8 A0A8V0Z4M1 P01875 A0A8V1AL54 A0A3Q2U3T5 A0A8V0YNQ0 Q98938 A0A8V1A2P5 A0A1D5NZT1 A0A8V0XWF0 A0A8V0XUJ8 A0A8V0XYR2 A0A8V1A3H9 A0A8V0XGL8 A0A8V0YQ88 A0A8V1AFC3 A0A8V0YHH6 A0A8V0Y1N7 A0A8V0X852 A0A1D5P1F1 A0A8V1AJ90 A0A8V0YS46 A0A8V0XB58 A0A8V0ZZU1 A0A8V0XDM2 A0A8V0X6J5 A0A8V0Z2J4 Q5ZJ58 A0A8V1A2F4 A0A8V0ZBJ8 Q9I946 A0A8V1A4I0 A0A8V0YDD6 Q5ZHL0 A0A8V0ZPH9 A0A8V0YWM3
Biological Process,pattern specification process,2,GO:0007389,42,248,389,2734,1.19,0.21479479310680744,0.67,A0A8V0YNQ0 A0A8V1AG56 Q98938 A0A8V0YM05 A0A8V1A9A7 A0A3Q3A4U3 A0A8V0YVT3 A0A8V0ZFG7 A0A8V0XYR2 A0A8V0Z8V4 A0A8V0ZZG2 A0A8V0ZKS6 A0A8V1ABC8 A0A8V0XK73 A0A8V0Y1N7 A0A8V1ACD6 A0A8V0XKU5 A0A8V0Z888 Q8AWB4 A0A1D5P0D7 A0A1L1RZ23 A0A8V0YS46 Q0PVE4 A0A8V0ZZU1 A0A8V0XDM2 Q5ZJ58 A0A8V1A2F4 A0A8V0ZH54 A0A8V0XM58 A0A8V0ZF83 A0A8V0ZKI8 A0A8V0YEQ1 A0A8V1A4I0 O12971 A0A8V1A9R2 A0A8V0ZHK9 A0A8V0YY70 A0A8V0YMM6 A0A8V0Y070 A0A8V0X370 A0A8V0XK27 A0A8V0ZQP1
Biological Process,regulation of smoothened signaling pathway,5,GO:0008589,10,49,389,2734,1.43,0.214816807437688,0.67,F1NGB8 A0A8V0YS46 Q98938 A0A8V0Y999 A0A8V0ZHK9 A0A8V0YMM6 A0A8V0ZBJ8 A0A1D5NZT1 A0A8V0XK27 A0A8V0Y8L6
Biological Process,cell-cell adhesion via plasma-membrane adhesion molecules,4,GO:0098742,10,49,389,2734,1.43,0.214816807437688,0.67,A0A1D5PZV7 A0A8V0ZI29 A0A8V0XCI3 A0A1D5NW03 A0A8V0Z2J4 A0A3Q3A4U3 A0A1D5NTR5 A0A8V0YDT5 A0A8V0Y103 A0A1D5NYG2
Biological Process,photoreceptor cell development,5,GO:0042461,10,49,389,2734,1.43,0.214816807437688,0.67,A0A8V0ZI29 A0A8V1AB05 A0A1D5PNL3 A0A8V0Y722 A0A1D5NTR5 A0A8V0YDT5 A0A8V0XKU5 A0A1D5NYG2 A0A8V0Z4M1 A0A8V0ZMU3
Biological Process,regulation of mRNA processing,7,GO:0050684,2,33,389,2734,0.43,0.2169803343320483,0.66,A0A8V0Z438 A0A8V0XXW6
Biological Process,regulation of protein tyrosine kinase activity,7,GO:0061097,2,33,389,2734,0.43,0.2169803343320483,0.66,A0A8V1A3S8 A0A8V0ZH54
Biological Process,apical junction assembly,7,GO:0043297,2,33,389,2734,0.43,0.2169803343320483,0.66,Q0PVE4 A0A8V0XX41
Biological Process,nuclear export,6,GO:0051168,2,33,389,2734,0.43,0.2169803343320483,0.66,A0A1D5PNG3 A0A8V0Z307
Biological Process,"retrograde vesicle-mediated transport, Golgi to endoplasmic reticulum",4,GO:0006890,2,33,389,2734,0.43,0.2169803343320483,0.66,A0A8V0YVT3 A0A1D5PBU5
Biological Process,negative regulation of binding,4,GO:0051100,2,33,389,2734,0.43,0.2169803343320483,0.66,A0A8V0ZRU9 A0A8V0ZI29
Biological Process,molting cycle process,2,GO:0022404,2,33,389,2734,0.43,0.2169803343320483,0.66,A0A8V0ZTP1 A0A3Q2TU24
Biological Process,DNA conformation change,6,GO:0071103,2,34,389,2734,0.41,0.2171317904457399,0.66,A0A8V0ZDK0 A0A8V0YWM3
Biological Process,amino acid catabolic process,4,GO:0009063,2,34,389,2734,0.41,0.2171317904457399,0.66,A0A1D5PNB8 E1BYF1
Biological Process,negative regulation of RNA metabolic process,6,GO:0051253,19,174,389,2734,0.77,0.21817647133720944,0.66,A0A8V0Y0V1 A0A8V1AG56 A0A8V0ZW33 A0A8V0YM05 A0A1D5NTR5 A0A8V0XFL3 A0A8V0Y290 A0A8V0YW12 A0A8V0XYR2 A0A8V0Z4J0 A0A8V1ACS0 A0A8V0Y0F3 A0A8V0ZSG8 A0A8V1ABC8 A0A8V1A7R0 A0A8V0Z438 A0A8V0ZE30 A0A8V0Z9Z7 A0A8V0Z4M1
Biological Process,transmembrane transport,2,GO:0055085,19,175,389,2734,0.76,0.2183322702092665,0.66,A0A1D5PCU0 R4GGQ4 A0A8V0Z4J0 A0A3Q2U2N6 A0A8V0YFB8 A0A8V1ACS0 A0A3Q2U2N5 A0A8V0YLZ5 A0A8V0ZY91 A0A8V0Z5R3 A0A1D5NWP2 A0A8V0YU83 A0A8V0Z249 A0A8V0ZKI8 F1P4D6 A0A8V0ZES4 A0A8V0XLN9 A0A8V1AM47 Q5ZHL0
Biological Process,epithelial cell differentiation,4,GO:0030855,29,253,389,2734,0.81,0.2189579021069598,0.66,A0A8V0YNQ0 A0A8V1AG56 A0A8V0X4D8 Q98938 A0A8V0ZI29 A0A8V0XCI3 A0A8V0XDL7 A0A8V0YDT5 A0A8V0YB43 A0A8V1AHJ8 A0A8V0XGL8 A0A8V1ABC8 A0A8V0XK73 A0A8V0ZA56 Q0PVE4 A0A8V0ZZU1 A0A8V0ZTP1 A0A3Q2UEL1 A0A8V0ZT48 A0A8V0Y9F8 A0A8V0ZE30 A0A8V0Y513 A0A1D5P655 A0A8V1AB05 A0A8V1A9R2 A0A8V0YY70 A0A8V0Y070 A0A8V1AJV5 A0A8V0Z4M1
Biological Process,post-translational protein modification,5,GO:0043687,15,144,389,2734,0.73,0.21948664360602224,0.66,E1C744 A0A8V0XRC4 A0A8V1AB67 A0A8V0ZE58 A0A8V0ZKV3 A0A8V0ZY42 A0A8V0ZTG6 A0A8V0XPE8 A0A8V0YDD6 A0A8V0ZRU9 A0A8V0ZFG7 F1NSM7 A0A1D5NZN4 A0A8V1AAN6 E1BS94
Biological Process,monoatomic ion transmembrane transport,3,GO:0034220,15,144,389,2734,0.73,0.21948664360602224,0.66,A0A1D5PCU0 A0A3Q2U2N5 A0A8V0YU83 A0A8V0Z249 A0A8V0ZES4 A0A8V0ZY91 A0A8V0XLN9 A0A8V0Z5R3 F1P4D6 A0A8V1AM47 A0A1D5NWP2 Q5ZHL0 A0A8V0YLZ5 A0A3Q2U2N6 A0A8V0YFB8
Biological Process,response to organic substance,3,GO:0010033,96,749,389,2734,0.9,0.2195058484061378,0.66,P11602 A0A8V0ZWX9 A0A8V1AEJ4 A0A8V1AJT2 A0A8V0Z4R1 A0A8V0YEZ4 A0A8V0YB43 A0A8V0ZY61 A0A8V1ACS0 A0A8V0YPH9 A0A8V1ABC8 A0A1L1RX77 A0A8V0XPE8 A0A8V0YW57 A0A8V1A7R0 A0A8V0Y4Q2 A0A8V1A3N1 A0A8V0ZTP1 A0A1D5PNL3 A0A8V0XJ84 A0A8V0Z249 F1NGB8 A0A3Q2TU24 A0A8V0ZJ97 A0A8V1A9R2 A0A8V0ZQS2 A0A8V1AG56 A0A8V0XXM5 A0A8V0YM05 A0A8V0XRN3 P02460 A0A8V0X637 E1BYF1 A0A8V0ZP32 A0A8V0ZSX0 A0A8V0ZRU9 A0A8V0ZXC9 A0A8V0Y5K2 A0A1D5P0D7 A0A8V0ZW46 Q00649 A0A8V1ABC9 A0A8V0Y513 A0A8V0YR09 A0A8V1AFH0 A0A8V0YJV4 A0A8V0YMM6 A0A8V0YLT1 P33005 A0A8V1A653 Q5ZIB0 A0A8V0X4D8 A0A8V0YXG4 A0A8V0YPA6 A0A8V0Z4J0 A0A8V0YC57 A0A8V1AHJ8 A0A8V0ZKS6 A0A8V0ZTA5 E1C733 A0A8V1AMI7 A0A8V0YLN5 A0A8V0ZSX6 A0A1D5PE57 A0A8V0ZY91 A0A8V0Y1A4 A0A8V0ZKI8 A0A1D5P655 A0A8V0XQS7 A0A8V0Z4M1 A0A8V0YNQ0 A0A8V0Y999 A0A8V0ZW33 A0A8V1A2P5 A0A8V0XUJ8 A0A8V0XYR2 A0A8V0XGL8 A0A8V1AFC3 A0A8V0YHH6 A0A8V0Y1N7 A0A8V0Z1C5 A0A8V0X852 A0A1D5PNG3 A0A1D5P1F1 A0A8V1AJ90 A0A8V0YS46 A0A8V0XB58 A0A8V0XDM2 A0A8V0Z2J4 A0A8V0Y2E5 Q9I946 A0A8V0XAF8 A0A8V0YDD6 A0A8V0XFB5 Q5ZHL0 A0A8V0YWM3
Biological Process,regulation of proteasomal ubiquitin-dependent protein catabolic process,6,GO:0032434,2,35,389,2734,0.4,0.21952553089508156,0.66,A0A8V0XM58 A0A8V0YRK4
Biological Process,protein polymerization,6,GO:0051258,2,35,389,2734,0.4,0.21952553089508156,0.66,A0A8V0XGL8 A0A8V0X852
Biological Process,oogenesis,4,GO:0048477,24,215,389,2734,0.78,0.22155503773204063,0.65,Q98938 A0A8V0ZI29 A0A8V0ZYM1 A0A8V0YDT5 A0A8V0XFL3 A0A8V0YC57 A0A8V0YB43 Q0PVE4 A0A8V0ZZU1 Q5ZJ58 A0A3Q2UEL1 A0A8V0ZH54 A0A8V0ZE30 A0A1D5PLP1 A0A8V0ZF83 A0A1D5P655 Q05744 O12971 A0A8V1A9R2 A0A8V1AB05 A0A8V0X5K9 A0A8V0YMM6 A0A8V0Y070 A0A8V0YRG2
Biological Process,regulation of cell size,5,GO:0008361,17,91,389,2734,1.31,0.2215764916057259,0.65,A0A8V0Y0V1 A0A8V1AG56 A0A8V0Z8V4 A0A8V0ZB91 A0A8V0ZI29 A0A8V0ZKS6 A0A8V1AB05 A0A1D5P655 A0A8V0YGN8 A0A8V0YDD6 A0A8V0YDT5 A0A8V0ZSX6 A0A8V1ACD6 A0A8V1AJV5 A0A8V0Z4M1 A0A8V0YMR1 A0A8V0XYR2
Biological Process,negative regulation of apoptotic signaling pathway,6,GO:2001234,6,68,389,2734,0.62,0.22261024613696961,0.65,A0A8V0ZDZ5 E1BYF1 Q00649 A0A8V0Z4M1 A0A8V0ZC57 P02460
Biological Process,limb morphogenesis,4,GO:0035108,8,36,389,2734,1.56,0.22405061329172685,0.65,A0A8V0ZKI8 A0A8V1AG56 A0A8V0YEQ1 Q98938 A0A8V0ZHK9 A0A8V1A9A7 A0A8V0XK27 P02460
Biological Process,glycosaminoglycan catabolic process,6,GO:0006027,8,36,389,2734,1.56,0.22405061329172685,0.65,A0A8V0XRC4 A0A8V0YZJ3 A0A1L1RX77 A0A8V0YLN5 A0A8V0YXG4 A0A8V0ZIF0 A0A1L1RSD2 E1BS94
Biological Process,negative regulation of proteolysis,7,GO:0045861,12,118,389,2734,0.71,0.2261789380250943,0.65,A0A8V0X4D8 A0A8V0Y7Y9 Q98938 A0A8V1AA32 A0A8V0Y999 A0A8V0Y614 A0A8V0Z4M1 A0A8V0X852 A0A8V0YRF2 A0A1L1RP76 A0A8V0YPA6 A0A8V1A653
Biological Process,supramolecular fiber organization,4,GO:0097435,20,182,389,2734,0.77,0.2268615741086873,0.64,A0A8V0ZYM1 A0A1D5NTR5 A0A8V0YXG4 A0A8V0ZHL4 A0A8V0YG88 A0A1D5NYG2 P02460 A0A8V0XGL8 E1C733 A0A8V0X5U3 A0A8V0X852 A0A1D5PE57 A0A8V0ZAU8 Q6JHU8 A0A1D5P0X0 A0A8V0ZE30 A0A1D5PLP1 A0A8V0XXK8 A0A1D5PBU5 R4GH52
Biological Process,positive regulation of biological process,3,GO:0048518,166,1245,389,2734,0.94,0.22692898411031143,0.64,Q5ZMG0 P11602 A0A8V0ZWX9 A0A8V1A9L3 A0A8V1A3D7 A0A8V1AJT2 A0A1D5NTR5 A0A8V0YVT3 A0A8V0YDT5 A0A8V0XEJ0 A0A1D5NYG2 A0A8V0ZEJ3 A0A8V0YB43 A0A8V1ACS0 A0A8V0Z8V4 A0A3Q2U2N5 A0A8V0ZZG2 A0A8V1ABC8 A0A8V0X5U3 A0A1L1RX77 A0A8V0XPE8 A0A8V0YW57 A0A8V1A7R0 A0A1L1RZ23 A0A8V0ZZD4 F1NEZ4 A0A8V1A3N1 A0A1D5PNL3 A0A8V0YY90 A0A8V0XJ84 A0A1D5NWP2 F1NGB8 A0A3Q2TU24 A0A8V0ZB91 A0A8V0YAR4 A0A8V1AB05 A0A8V1A9R2 A0A8V1AB67 A0A8V0ZDZ5 A0A8V0Y070 A0A8V0ZQS2 A0A8V1AG56 A0A1D5PCU0 A0A8V0YM05 A0A8V1A9A7 A0A3Q3A4U3 A0A8V0XUK6 A0A8V0XRN3 A0A8V1ACU1 A0A8V0Y0F3 A0A8V0X637 E1BYF1 A0A8V0ZRU9 A0A3Q2TYT2 A0A8V0YRF2 A0A1D5NZN4 A0A8V0X1T3 A0A8V0Y5K2 A0A8V1AAH7 A0A1D5P0D7 A0A8V1AK88 Q0PVE4 A0A8V0Z307 A0A8V1AA32 A0A8V0ZE58 Q00649 A0A1D5PDV9 A0A8V1ABC9 A0A8V0XM58 A0A8V0ZE30 A0A8V0YRK4 A0A8V0ZVP0 E1BQI2 A0A8V0YR09 A0A8V0ZZJ1 A0A8V1AFH0 A0A1D5P201 A0A8V0Y413 A0A8V0YJV4 A0A8V0X5K9 A0A8V0YMM6 A0A8V0YY70 A0A8V1AJI2 A0A1D5PT01 A0A8V1AJV5 A0A8V0YLT1 A0A8V0YRG2 Q76KB2 A0A8V0Y0V1 A0A8V0X4D8 A0A8V0YBZ6 A0A8V0ZI29 A0A1D5NVM6 A0A8V1AFP7 A0A8V0YGN8 A0A8V0YXG4 A0A8V0ZHL4 A0A8V0YPA6 A0A8V0XFL3 A0A8V0Y8L6 A0A8V0Z4J0 A0A8V0YC57 A0A8V0ZDK0 A0A8V0ZSG8 A0A8V0ZKS6 A0A8V0ZQJ4 A0A8V0ZTA5 E1C733 A0A8V0YLN5 A0A8V0ZSX6 A0A1D5PE57 A0A1D5PC37 A0A8V0ZBA3 A0A8V0XWZ8 A0A8V0ZY91 A0A8V0Y1A4 A0A1D5PLP1 A0A8V0ZF83 A0A8V0ZKI8 O12971 A0A8V0YDT4 A0A1D5P655 A0A8V0ZES4 A0A8V0ZTG6 A0A8V0XK27 A0A8V0Z9Y8 A0A8V0Z4M1 P01875 A0A8V0YNQ0 Q98938 A0A8V0ZW33 A0A8V0Y4R7 A0A1D5NZT1 A0A8V0ZFG7 A0A8V0Y290 A0A8V0XYR2 A0A8V1AAN6 A0A8V1A3H9 A0A8V0XGY8 A0A8V0XGL8 A0A8V1A8N2 A0A8V1AFC3 A0A8V0Y7C8 A0A8V0YHH6 A0A8V0X852 A0A1D5PNG3 A0A1D5P1F1 Q6JHU8 A0A8V1AJ90 A0A8V0YS46 A0A8V0WZJ4 A0A8V0XB58 A0A8V0XDM2 A0A8V1A9U7 Q5ZJ58 A0A3Q2TT95 A0A8V0ZBJ8 A0A8V0Y2E5 A0A8V0ZZH6 Q9I946 A0A8V0XAF8 A0A8V1A3S8 A0A8V0YDD6 A0A8V0XFB5 A0A8V0ZPH9 A0A8V0YWM3
Biological Process,negative regulation of nucleobase-containing compound metabolic process,6,GO:0045934,20,183,389,2734,0.77,0.2274300206487581,0.64,A0A8V0Y0V1 A0A8V1AG56 A0A8V0ZW33 A0A8V0YM05 A0A1D5NTR5 A0A8V0XFL3 A0A8V0Y290 A0A8V0YW12 A0A8V0XYR2 A0A8V0Z4J0 A0A8V1ACS0 A0A8V0Y0F3 A0A8V0ZSG8 A0A8V1ABC8 A0A8V0YW57 A0A8V1A7R0 A0A8V0Z438 A0A8V0ZE30 A0A8V0Z9Z7 A0A8V0Z4M1
Biological Process,response to progesterone,5,GO:0032570,5,22,389,2734,1.6,0.22751870662330076,0.64,A0A8V0YNQ0 A0A8V1AFC3 A0A8V0XJ84 A0A8V0Z4M1 A0A1D5P1F1
Biological Process,regulation of myeloid leukocyte differentiation,6,GO:0002761,5,22,389,2734,1.6,0.22751870662330076,0.64,A0A8V0XUK6 A0A8V0YLT1 A0A8V1ABC9 A0A1D5NZN4 A0A8V0ZQS2
Biological Process,negative regulation of leukocyte differentiation,6,GO:1902106,5,22,389,2734,1.6,0.22751870662330076,0.64,Q98938 A0A8V1A9R2 A0A8V0XUK6 A0A1D5NZN4 A0A8V0ZQS2
Biological Process,positive chemotaxis,4,GO:0050918,5,22,389,2734,1.6,0.22751870662330076,0.64,A0A8V1AG56 Q98938 A0A1D5NTR5 A0A1D5NYG2 A0A8V0Z4M1
Biological Process,BMP signaling pathway,7,GO:0030509,5,22,389,2734,1.6,0.22751870662330076,0.64,A0A8V0YM05 A0A8V0YMM6 A0A8V0YHH6 A0A8V0XJ84 A0A1D5P0D7
Biological Process,cellular response to fatty acid,5,GO:0071398,5,22,389,2734,1.6,0.22751870662330076,0.64,A0A8V0Y1A4 A0A8V0YDD6 Q00649 A0A8V0XYR2 A0A8V0Y513
Biological Process,regulation of reactive oxygen species metabolic process,5,GO:2000377,4,51,389,2734,0.55,0.227587637358512,0.64,A0A8V0XAF8 A0A1D5PNG3 A0A8V1A7R0 A0A8V0XYR2
Biological Process,RNA catabolic process,5,GO:0006401,4,52,389,2734,0.54,0.22823716554079956,0.64,A0A8V1ACS0 A0A8V0Z4J0 A0A8V0XPN5 A0A8V0ZE30
Biological Process,protein targeting to membrane,5,GO:0006612,4,52,389,2734,0.54,0.22823716554079956,0.64,A0A8V1ACS0 A0A8V0XDM2 A0A8V0Z4J0 A0A8V0XPN5
Biological Process,protein localization to cell periphery,5,GO:1990778,9,94,389,2734,0.67,0.22920698894890856,0.64,A0A8V0YB43 A0A8V0ZKI8 A0A8V0ZTP1 A0A8V0ZHK9 A0A8V0YY70 A0A8V1AJV5 A0A8V0XTW4 A0A8V0XM58 E1BQI2
Biological Process,response to lipid,4,GO:0033993,31,266,389,2734,0.82,0.2299583586397449,0.64,A0A8V0YNQ0 A0A8V1AG56 A0A8V0YEZ4 A0A8V0XYR2 P02460 A0A8V0XGL8 A0A8V1ABC8 A0A8V0ZTA5 A0A8V1AFC3 A0A1L1RX77 A0A8V0XPE8 A0A8V0ZP32 A0A8V0ZSX0 A0A8V0Z1C5 A0A8V1A7R0 A0A1D5P1F1 A0A8V0Y4Q2 A0A8V0Y1A4 Q00649 A0A8V0XJ84 A0A8V1ABC9 A0A8V0YR09 A0A8V0XAF8 A0A8V0ZKI8 A0A8V0Y513 A0A3Q2TU24 A0A8V0YDD6 A0A8V0YLT1 A0A8V0Z4M1 A0A8V1A653 A0A8V0YWM3
Biological Process,response to monosaccharide,5,GO:0034284,4,53,389,2734,0.53,0.23037831915997037,0.64,A0A8V0XAF8 P11602 A0A8V0YDD6 A0A8V0Z4M1
Biological Process,nucleobase-containing small molecule biosynthetic process,4,GO:0034404,4,53,389,2734,0.53,0.23037831915997037,0.64,A0A8V1A9L3 A0A8V0ZWX9 A0A8V0ZG46 A0A8V0YC57
Biological Process,positive regulation of NF-kappaB transcription factor activity,5,GO:0051092,8,37,389,2734,1.52,0.23058837702707152,0.64,A0A8V1ACS0 A0A8V1AG56 A0A8V1ABC8 A0A1D5PNL3 E1BYF1 A0A1D5P1F1 A0A8V0Z4J0 A0A8V1AJ90
Biological Process,negative regulation of vasculature development,5,GO:1901343,8,37,389,2734,1.52,0.23058837702707152,0.64,A0A8V0YNQ0 A0A8V0Y0F3 A0A8V0Y413 A0A8V0Y1A4 A0A1L1RX77 A0A8V0YXG4 A0A8V0Y290 A0A8V0YRK4
Biological Process,negative regulation of cellular component organization,5,GO:0051129,26,227,389,2734,0.81,0.23430640203784586,0.63,A0A8V0YNQ0 A0A8V1AG56 A0A8V0ZI29 A0A8V0YXG4 A0A8V0YDT5 A0A8V0Y290 A0A8V0YMR1 A0A8V0Y0F3 A0A8V0Z8V4 A0A8V0XGL8 A0A8V0ZKS6 A0A1L1RX77 A0A8V0YW57 A0A8V0ZRU9 A0A8V1ACD6 A0A8V0X852 A0A1D5PC37 Q5ZJ58 Q00649 A0A8V0YRK4 A0A1D5PBU5 A0A8V0YDT4 A0A8V1AB05 A0A8V0Z9Z7 A0A8V1AJI2 A0A8V0YRG2
Biological Process,positive regulation of intracellular signal transduction,6,GO:1902533,39,230,389,2734,1.19,0.2359523160786062,0.63,Q5ZMG0 A0A8V0Y0V1 A0A8V0ZWX9 A0A8V1AG56 A0A8V1AJT2 A0A3Q3A4U3 A0A8V0XRN3 A0A8V0XYR2 A0A8V0Z4J0 A0A8V1ACS0 A0A8V1ABC8 A0A8V0ZTA5 E1C733 E1BYF1 A0A1L1RX77 A0A1D5PE57 A0A8V0X1T3 A0A8V1A7R0 A0A1D5P1F1 A0A8V1AJ90 A0A1D5P0D7 A0A8V0YS46 A0A8V0Z307 A0A8V0XB58 A0A8V1A3N1 A0A1D5PNL3 A0A8V0YY90 A0A8V0XJ84 A0A8V1ABC9 Q9I946 A0A3Q2TU24 A0A8V0ZB91 A0A8V1A9R2 A0A8V0ZDZ5 A0A8V0YJV4 A0A8V1AJI2 A0A8V1AJV5 A0A8V0XFB5 A0A8V0Z4M1
Biological Process,regulation of developmental process,3,GO:0050793,111,712,389,2734,1.1,0.23603072220556037,0.63,A0A8V1A9L3 P11602 A0A8V0ZWX9 A0A8V1AJT2 A0A8V0YVT3 A0A8V0YDT5 A0A1D5NYG2 A0A8V0Z8V4 A0A8V0ZZG2 A0A8V1ABC8 A0A8V0X5U3 A0A1L1RX77 A0A8V0YW57 A0A8V1ACD6 A0A8V1A7R0 A0A1L1RZ23 A0A8V0Y4Q2 F1NEZ4 A0A1D5PNL3 A0A8V0XJ84 A0A1D5NWP2 A0A8V0XXK8 A0A3Q2TU24 A0A8V0ZB91 A0A8V1AB05 A0A8V1A9R2 A0A8V0ZX23 A0A8V0ZQS2 A0A8V1AG56 A0A8V0YM05 A0A8V1A9A7 A0A3Q3A4U3 A0A8V0XUK6 A0A8V0XRN3 A0A8V0Y0F3 E1BYF1 A0A1D5NZN4 A0A8V0Y5K2 A0A8V1AAH7 A0A1D5P0D7 A0A8V1AK88 A0A8V0ZW46 A0A8V0ZE58 Q00649 A0A1D5PDV9 A0A8V1ABC9 A0A8V0YRK4 E1BQI2 A0A1D5PBU5 A0A8V0Y413 A0A8V0X5K9 A0A8V0YMM6 A0A8V1AJI2 A0A1D5PT01 A0A8V1AJV5 A0A8V0YLT1 A0A8V0YRG2 Q76KB2 A0A8V0Y0V1 A0A8V0X4D8 A0A8V0ZI29 A0A8V1AFP7 A0A8V0ZYM1 A0A8V0YGN8 A0A8V0YXG4 A0A8V0ZHL4 A0A8V0YC57 A0A8V0ZSG8 A0A8V0ZKS6 E1C733 A0A8V0YLN5 A0A8V0ZSX6 A0A1D5PE57 A0A8V0XWZ8 A0A8V0Y1A4 A0A8V0ZKI8 O12971 A0A8V0YDT4 A0A1D5P655 A0A8V0ZES4 A0A8V0ZTG6 A0A8V0XK27 A0A8V0XQS7 A0A8V0Z9Y8 A0A8V0Z4M1 A0A8V0YNQ0 Q98938 A0A1D5NZT1 A0A8V0XUJ8 A0A8V0Y290 A0A8V0XYR2 A0A8V0YMR1 A0A8V1A3H9 A0A8V0XGL8 A0A8V0YQ88 A0A8V0Y7C8 A0A8V0YHH6 A0A8V0X852 A0A1D5PNG3 A0A1D5P1F1 Q6JHU8 A0A8V0YS46 A0A8V0XB58 Q5ZJ58 A0A3Q2TT95 A0A8V0Y2E5 A0A8V0YU83 A0A8V1A3S8 A0A8V0Z9Z7 A0A8V0YDD6 A0A8V0ZPH9
Biological Process,neuron development,4,GO:0048666,54,329,389,2734,1.15,0.23856871868612117,0.62,A0A8V1AG56 A0A8V0X4D8 Q98938 A0A8V0ZBR8 A0A8V0ZI29 A0A8V0XRC4 A0A1D5NW03 A0A3Q3A4U3 A0A1D5NTR5 A0A8V0YVT3 A0A8V0YDT5 A0A8V0YXG4 A0A1D5PIZ5 A0A1D5NYG2 A0A8V0Y8L6 A0A8V0Y4G8 A0A8V1AAN6 A0A8V0YB43 A0A8V0Z8V4 A0A8V0YUF6 A0A8V0ZKS6 Q76KB2 A0A8V0Y722 A0A8V0ZSX0 A0A8V0ZSX6 A0A8V1ACD6 A0A8V0XKU5 A0A8V0ZMU3 A0A8V1AAH7 A0A1D5P0D7 Q0PVE4 A0A8V0ZZU1 F1NEZ4 A0A8V0XDM2 A0A8V0YRN1 A0A8V0YE20 A0A1D5PNL3 A0A8V0Y9F8 A0A8V0YBD7 A0A8V0Z4M1 A0A8V1ABC9 A0A8V0ZF83 A0A8V1ADF6 A0A8V0ZB91 A0A1D5P655 A0A8V1AB05 A0A8V1AB67 A0A8V0Y413 A0A8V0YY70 A0A8V0Y070 A0A1D5PT01 A0A8V1AJV5 P33005 A0A8V0YRG2
Biological Process,positive regulation of epithelial cell migration,5,GO:0010634,11,55,389,2734,1.41,0.238921030649068,0.62,A0A8V1AG56 A0A8V0ZSG8 A0A8V0XWZ8 A0A8V0Y5K2 Q00649 A0A8V0Y2E5 A0A8V0X852 A0A8V1ABC9 A0A8V0Z4M1 A0A8V0YRK4 A0A8V0XYR2
Biological Process,protein ubiquitination,8,GO:0016567,11,55,389,2734,1.41,0.238921030649068,0.62,A0A8V1ACS0 A0A8V0ZZG2 A0A8V0YPH9 A0A1D5PNL3 A0A8V0ZFG7 A0A1L1RP76 A0A8V0YRF2 Q5ZKV5 A0A8V0Z4J0 A0A8V0YFD4 A0A8V1AJ90
Biological Process,regulation of myeloid cell differentiation,5,GO:0045637,8,38,389,2734,1.48,0.23901376721482517,0.62,A0A1D5NZN4 A0A8V0XUK6 A0A8V0YLT1 A0A8V1ABC9 A0A8V0X852 A0A1D5PNG3 A0A8V1A7R0 A0A8V0ZQS2
Biological Process,regulation of endothelial cell proliferation,6,GO:0001936,8,38,389,2734,1.48,0.23901376721482517,0.62,A0A8V1AG56 A0A8V0Y413 A0A8V1AJT2 E1C733 A0A8V0Y5K2 A0A8V1ABC9 A0A8V0Z4M1 A0A8V1A7R0
Biological Process,spermatogenesis,3,GO:0007283,17,157,389,2734,0.76,0.23964669511612868,0.62,A0A8V0XF68 A0A1L1RZ23 A0A8V0YS46 A0A8V0WZJ4 A0A8V1ALE0 A0A1D5PBU5 A0A8V0ZI29 A0A8V1AB05 Q5ZJ58 A0A8V0WZN3 A0A8V0ZTA5 A0A8V0YW57 A0A8V0YDT5 A0A8V0YIE9 A0A8V0Z7D4 A0A8V0YPA6 A0A1D5NZN4
Biological Process,negative regulation of RNA biosynthetic process,7,GO:1902679,17,157,389,2734,0.76,0.23964669511612868,0.62,A0A8V0Y0V1 A0A8V1ACS0 A0A8V1AG56 A0A8V0XFL3 A0A8V0Y0F3 A0A8V0Y290 A0A8V0ZSG8 A0A8V0ZW33 A0A8V0YM05 A0A8V0Z9Z7 A0A1D5NTR5 A0A8V0Z4M1 A0A8V0YW12 A0A8V1A7R0 A0A8V0XYR2 A0A8V0Z4J0 A0A8V0ZE30
Biological Process,positive regulation of metabolic process,4,GO:0009893,79,620,389,2734,0.9,0.23978620115673088,0.62,Q5ZMG0 A0A8V1A9L3 A0A8V1AJT2 A0A8V1ACS0 A0A8V0ZZG2 A0A8V1ABC8 A0A1L1RX77 A0A8V0XPE8 A0A8V0YW57 A0A8V1A7R0 A0A8V1A3N1 A0A1D5PNL3 A0A8V0XJ84 A0A3Q2TU24 A0A8V0ZB91 A0A8V1A9R2 A0A8V0ZDZ5 A0A8V1AG56 A0A8V0YM05 A0A8V1A9A7 A0A3Q3A4U3 A0A8V0XRN3 A0A8V0Y0F3 A0A8V0X637 A0A8V0ZRU9 A0A8V0YRF2 A0A1D5NZN4 A0A8V0X1T3 A0A1D5P0D7 A0A8V1AK88 A0A8V1AA32 A0A8V0ZE58 Q00649 A0A8V1ABC9 A0A8V0XM58 A0A8V0ZE30 A0A8V0YRK4 E1BQI2 A0A8V0YR09 A0A1D5P201 A0A8V0Y413 A0A8V0YRG2 A0A8V0Y0V1 A0A8V0X4D8 A0A8V0YBZ6 A0A8V0YGN8 A0A8V0XFL3 A0A8V0Z4J0 A0A8V0ZTA5 E1C733 A0A8V0ZSX6 A0A1D5PC37 A0A8V0XWZ8 A0A1D5PLP1 A0A8V0ZKI8 A0A8V0YDT4 A0A8V0Z9Y8 A0A8V0Z4M1 Q98938 A0A8V0ZW33 A0A8V0Y290 A0A8V0XYR2 A0A8V1AAN6 A0A8V1A3H9 A0A8V0XGL8 A0A8V1AFC3 A0A8V0YHH6 A0A1D5PNG3 A0A1D5P1F1 A0A8V0YS46 A0A8V0XB58 Q5ZJ58 A0A8V0Y2E5 Q9I946 A0A8V0XAF8 A0A8V1A3S8 A0A8V0YDD6 A0A8V0XFB5 A0A8V0YWM3
Biological Process,positive regulation of cellular process,4,GO:0048522,144,1089,389,2734,0.93,0.24029723847321077,0.62,Q5ZMG0 P11602 A0A8V0ZWX9 A0A8V1A9L3 A0A8V1AJT2 A0A1D5NTR5 A0A8V0YVT3 A0A8V0YDT5 A0A8V0XEJ0 A0A1D5NYG2 A0A8V0ZEJ3 A0A8V1ACS0 A0A3Q2U2N5 A0A8V0ZZG2 A0A8V1ABC8 A0A8V0X5U3 A0A1L1RX77 A0A8V0YW57 A0A8V1A7R0 A0A1L1RZ23 F1NEZ4 A0A8V1A3N1 A0A1D5PNL3 A0A8V0YY90 A0A8V0XJ84 A0A1D5NWP2 F1NGB8 A0A3Q2TU24 A0A8V0ZB91 A0A8V0YAR4 A0A8V1AB05 A0A8V1A9R2 A0A8V1AB67 A0A8V0ZDZ5 A0A8V0Y070 A0A8V0ZQS2 A0A8V1AG56 A0A1D5PCU0 A0A8V0YM05 A0A8V1A9A7 A0A3Q3A4U3 A0A8V0XUK6 A0A8V0XRN3 A0A8V1ACU1 A0A8V0Y0F3 A0A8V0X637 E1BYF1 A0A8V0ZRU9 A0A3Q2TYT2 A0A8V0YRF2 A0A1D5NZN4 A0A8V0X1T3 A0A8V0Y5K2 A0A1D5P0D7 A0A8V1AK88 Q0PVE4 A0A8V0Z307 A0A8V0ZE58 Q00649 A0A1D5PDV9 A0A8V1ABC9 A0A8V0XM58 A0A8V0ZE30 A0A8V0YRK4 E1BQI2 A0A8V0YR09 A0A1D5P201 A0A8V0Y413 A0A8V0YJV4 A0A8V0YY70 A0A8V0YMM6 A0A8V1AJI2 A0A1D5PT01 A0A8V1AJV5 A0A8V0YLT1 A0A8V0YRG2 A0A8V0Y0V1 A0A8V0X4D8 A0A8V0ZI29 A0A8V1AFP7 A0A8V0YGN8 A0A8V0YXG4 A0A8V0YPA6 A0A8V0Y8L6 A0A8V0Z4J0 A0A8V0YC57 A0A8V0ZDK0 A0A8V0ZSG8 A0A8V0ZKS6 A0A8V0ZTA5 E1C733 A0A8V0YLN5 A0A8V0ZSX6 A0A1D5PE57 A0A1D5PC37 A0A8V0ZBA3 A0A8V0XWZ8 A0A8V0ZY91 A0A8V0Y1A4 A0A1D5PLP1 A0A8V0ZF83 A0A8V0ZKI8 O12971 A0A8V0YDT4 A0A1D5P655 A0A8V0ZTG6 A0A8V0XK27 A0A8V0Z9Y8 A0A8V0Z4M1 P01875 A0A8V0YNQ0 Q98938 A0A8V0ZW33 A0A8V0Y4R7 A0A1D5NZT1 A0A8V0ZFG7 A0A8V0Y290 A0A8V0XYR2 A0A8V1AAN6 A0A8V1A3H9 A0A8V0XGY8 A0A8V0XGL8 A0A8V1AFC3 A0A8V0Y7C8 A0A8V0YHH6 A0A8V0X852 A0A1D5PNG3 A0A1D5P1F1 Q6JHU8 A0A8V1AJ90 A0A8V0YS46 A0A8V0XB58 A0A8V0XDM2 Q5ZJ58 A0A3Q2TT95 A0A8V0ZBJ8 A0A8V0Y2E5 Q9I946 A0A8V0XAF8 A0A8V1A3S8 A0A8V0YDD6 A0A8V0XFB5 A0A8V0ZPH9 A0A8V0YWM3
Biological Process,blood vessel morphogenesis,4,GO:0048514,18,99,389,2734,1.28,0.24242270395585994,0.62,A0A3Q2TU24 A0A1D5PE57 A0A8V0XA92 A0A8V0XDM2 A0A8V0ZSG8 Q98938 A0A8V0YRG2 A0A8V0ZTP1 A0A8V0YM05 A0A8V0ZE58 Q8AWB4 A0A8V1A9A7 A0A3Q3A4U3 A0A8V0Y2E5 A0A8V0Z4M1 Q76KB2 A0A8V0XYR2 A0A1D5P0D7
Biological Process,generation of neurons,5,GO:0048699,86,542,389,2734,1.12,0.24291565931297984,0.61,A0A8V1A9L3 A0A1D5NTR5 A0A8V0YVT3 A0A8V0YDT5 A0A1D5NYG2 A0A8V0YB43 A0A8V0Z8V4 A0A8V0Y722 A0A8V1ACD6 A0A8V1A7R0 F1NEZ4 A0A1D5PNL3 A0A8V0Y9F8 A0A8V0ZB91 A0A8V1AB05 A0A8V1A9R2 A0A8V1AB67 A0A8V0Y070 A0A8V1AG56 A0A3Q3A4U3 A0A8V0YUF6 A0A8V0XK73 A0A8V0ZSX0 A0A8V0ZRU9 A0A8V1AAH7 A0A1D5P0D7 Q0PVE4 Q00649 A0A8V1ABC9 A0A8V0YRK4 A0A8V1ADF6 E1BQI2 A0A8V0Y413 A0A8V0YY70 A0A8V1AJI2 A0A1D5PT01 A0A8V1AJV5 P33005 A0A8V0YRG2 Q76KB2 A0A8V0Y0V1 A0A8V0X4D8 A0A8V0ZBR8 A0A8V0ZI29 A0A8V0YGN8 A0A8V0YXG4 A0A1D5PIZ5 A0A8V0Y8L6 A0A8V0ZSG8 A0A8V0ZKS6 A0A8V0YLN5 A0A8V0ZSX6 A0A8V0XKU5 A0A8V0Z888 A0A1D5PE57 A0A8V0ZMU3 A0A8V0YRN1 A0A8V0XWZ8 A0A8V0Y1A4 A0A8V0YBD7 A0A8V0ZF83 A0A8V0ZKI8 O12971 A0A1D5P655 A0A8V0XK27 A0A8V0Z4M1 A0A8V0YNQ0 Q98938 A0A8V0XRC4 A0A1D5NW03 A0A8V0Y4G8 A0A8V0YMR1 A0A8V1AAN6 A0A8V0XGL8 A0A3Q2UGW3 A0A8V0Y7C8 A0A1D5P1F1 Q6JHU8 A0A8V0ZZU1 A0A8V0XDM2 A0A8V0YE20 A0A3Q2TT95 A0A8V1A3S8 A0A8V0YDD6 A0A8V0XFB5 A0A8V0YWM3
Biological Process,regulation of MAPK cascade,6,GO:0043408,34,198,389,2734,1.21,0.2444537401438011,0.61,Q5ZMG0 A0A8V1AG56 A0A8V1AJT2 A0A3Q3A4U3 A0A8V0XRN3 A0A8V0Y290 A0A8V0XYR2 A0A8V0Z4J0 A0A8V1ACS0 A0A8V0Y0F3 A0A8V0ZZG2 A0A8V0X637 A0A8V1ABC8 A0A8V0ZTA5 E1C733 A0A8V0X1T3 A0A1D5P0D7 A0A8V0YS46 A0A8V0XB58 A0A8V1A3N1 A0A8V0ZE58 A0A1D5PNL3 A0A8V0XJ84 A0A8V1ABC9 Q9I946 E1BQI2 A0A3Q2TU24 A0A8V0ZB91 A0A8V0YDT4 A0A8V0YDD6 A0A8V1AJV5 A0A8V0XFB5 A0A8V0Z4M1 A0A8V0YRG2
Biological Process,positive regulation of cell migration,6,GO:0030335,28,161,389,2734,1.22,0.24447778561101635,0.61,A0A8V0Y0V1 A0A8V1AG56 A0A8V0X4D8 A0A8V0Y4R7 A0A8V0XYR2 A0A3Q2U2N5 A0A8V0ZSG8 E1C733 A0A8V0X852 A0A8V0Y5K2 A0A1D5P1F1 A0A8V0XB58 A0A8V0ZE58 A0A8V0XWZ8 A0A8V0Y1A4 Q00649 A0A8V0XJ84 A0A8V0Y2E5 A0A8V1ABC9 A0A8V0YRK4 Q9I946 A0A8V0YR09 A0A3Q2TU24 A0A8V0YDT4 A0A8V0Y413 A0A8V0YDD6 A0A8V0Z4M1 A0A8V0ZPH9
Biological Process,oocyte differentiation,3,GO:0009994,7,76,389,2734,0.65,0.24485575370817939,0.61,Q5ZJ58 A0A8V0ZF83 A0A8V0Y070 A0A8V0YMM6 A0A8V0ZH54 A0A8V0YRG2 A0A8V0YC57
Biological Process,negative regulation of cell growth,5,GO:0030308,11,56,389,2734,1.38,0.24520405395953232,0.61,A0A8V1AG56 A0A8V0Z8V4 Q98938 A0A8V0ZI29 A0A8V0ZKS6 A0A8V1AB05 E1BYF1 A0A8V0YDT5 A0A8V1ACD6 A0A8V0YMR1 Q6JHU8
Biological Process,striated muscle cell differentiation,5,GO:0051146,10,100,389,2734,0.7,0.24562228542022255,0.61,A0A8V0XB58 Q98938 A0A8V0ZKS6 A0A8V0ZAU8 A0A8V0YXG4 A0A1D5NWP2 A0A8V0Z4M1 A0A1D5PLP1 A0A8V1AAH7 A0A1D5P0D7
Biological Process,cell junction organization,4,GO:0034330,10,100,389,2734,0.7,0.24562228542022255,0.61,Q0PVE4 A0A8V0ZSG8 A0A8V0ZTP1 A0A3Q2UGW3 A0A8V1A2P5 A0A8V0XX41 A0A8V0YDD6 A0A8V0YXG4 A0A8V0XJ84 A0A8V1ABC9
Biological Process,inorganic cation transmembrane transport,4,GO:0098662,10,100,389,2734,0.7,0.24562228542022255,0.61,A0A1D5PCU0 A0A8V0ZES4 A0A8V0ZY91 A0A8V0XLN9 A0A8V1AM47 A0A1D5NWP2 Q5ZHL0 A0A8V0YLZ5 A0A3Q2U2N6 A0A8V0YFB8
Biological Process,positive regulation of MAPK cascade,7,GO:0043410,23,130,389,2734,1.24,0.24711597350673503,0.61,Q5ZMG0 A0A8V1AG56 A0A8V1AJT2 A0A3Q3A4U3 A0A8V0XRN3 A0A8V0XYR2 A0A8V0Z4J0 A0A8V1ACS0 A0A8V1ABC8 E1C733 A0A8V0X1T3 A0A1D5P0D7 A0A8V0YS46 A0A8V0XB58 A0A8V1A3N1 A0A1D5PNL3 A0A8V0XJ84 A0A8V1ABC9 Q9I946 A0A3Q2TU24 A0A8V0ZB91 A0A8V0XFB5 A0A8V0Z4M1
Biological Process,phagocytosis,4,GO:0006909,7,78,389,2734,0.63,0.24740300989014485,0.61,A0A8V0ZZU1 A0A1D5P655 A0A8V0XEJ0 A0A8V0Z888 P01875 A0A1D5PC37 A0A8V0YR09
Biological Process,aminoglycan catabolic process,5,GO:0006026,8,39,389,2734,1.44,0.24919664103904282,0.6,A0A8V0XRC4 A0A8V0YZJ3 A0A1L1RX77 A0A8V0YLN5 A0A8V0YXG4 A0A8V0ZIF0 A0A1L1RSD2 E1BS94
Biological Process,positive regulation of endothelial cell migration,6,GO:0010595,8,39,389,2734,1.44,0.24919664103904282,0.6,A0A8V1AG56 A0A8V0ZSG8 A0A8V0Y5K2 Q00649 A0A8V1ABC9 A0A8V0Z4M1 A0A8V0YRK4 A0A8V0XYR2
Biological Process,biomineral tissue development,4,GO:0031214,6,26,389,2734,1.62,0.2509849209695383,0.6,A0A8V0YNQ0 A0A8V0ZES4 A0A8V0ZF99 A0A8V0ZFG7 A0A1D5NWP2 F1NSM7
Biological Process,positive regulation of blood vessel endothelial cell migration,7,GO:0043536,6,26,389,2734,1.62,0.2509849209695383,0.6,A0A8V0ZSG8 A0A8V0Y5K2 Q00649 A0A8V1ABC9 A0A8V0Z4M1 A0A8V0YRK4
Biological Process,negative regulation of transporter activity,4,GO:0032410,6,26,389,2734,1.62,0.2509849209695383,0.6,A0A8V0XB58 A0A8V0ZY91 A0A8V1AJV5 A0A8V0ZRU9 A0A8V1ABC9 A0A8V0YRG2
Biological Process,intracellular receptor signaling pathway,3,GO:0030522,6,26,389,2734,1.62,0.2509849209695383,0.6,A0A8V1ACS0 A0A8V0ZZG2 A0A1D5PNL3 A0A8V1AFC3 A0A8V1A7R0 A0A8V0Z4J0
Biological Process,sterol metabolic process,4,GO:0016125,6,26,389,2734,1.62,0.2509849209695383,0.6,A0A8V1AK88 A0A8V1A9A7 A0A8V0Y9F8 A0A8V0ZRU9 A0A8V1A3H7 A0A8V0YU83
Biological Process,protein localization to cilium,6,GO:0061512,6,26,389,2734,1.62,0.2509849209695383,0.6,A0A8V0XAF8 A0A8V0YEQ1 A0A8V0ZHK9 A0A3Q3AST7 A0A8V0XK27 A0A8V0Z9Y8
Biological Process,sulfur compound catabolic process,4,GO:0044273,6,26,389,2734,1.62,0.2509849209695383,0.6,A0A8V0XRC4 A0A1D5PNB8 A0A8V0YZJ3 E1BYF1 A0A1L1RX77 A0A8V0YLN5
Biological Process,regulation of macromolecule metabolic process,4,GO:0060255,127,966,389,2734,0.92,0.2520702112623118,0.6,Q5ZMG0 A0A8V1A9L3 A0A8V1AJT2 A0A1D5NTR5 A0A8V0YW12 A0A8V1ACS0 A0A8V0ZZG2 A0A8V1ABC8 A0A8V0X5U3 A0A1L1RX77 A0A8V0YW57 A0A8V0XXW6 A0A8V1A7R0 A0A8V0ZA56 A0A8V1A3N1 A0A1D5PNL3 A0A8V0Y9F8 A0A8V0XJ84 A0A3Q2TU24 A0A8V0ZJ97 A0A8V0ZB91 A0A8V1A9R2 A0A8V0ZDZ5 A0A8V0Y070 A0A8V0ZQS2 A0A8V1AG56 A0A8V0YM05 A0A8V1A9A7 A0A3Q3A4U3 A0A8V1A8R6 A0A8V0XUK6 A0A8V0XRN3 A0A8V0ZC57 P02460 A0A8V0Y0F3 A0A8V0X637 E1BYF1 A0A8V0ZP32 A0A8V0ZRU9 A0A8V1AKH4 A0A8V0YRF2 A0A1D5NZN4 A0A8V0X1T3 A0A1D5P0D7 Q0PVE4 A0A8V0Y7Y9 A0A8V1AA32 A0A8V0ZE58 A0A8V0XPN5 Q00649 A0A8V1ABC9 A0A8V0YF22 A0A8V0XM58 A0A8V0ZE30 A0A8V0YRK4 E1BQI2 A0A8V0YR09 A0A1D5P201 A0A8V0Y413 A0A8V0YMM6 A0A8V1AJI2 A0A8V1AJV5 A0A8V0YRG2 A0A8V1A653 A0A8V0Y0V1 A0A8V0X4D8 A0A8V0YBZ6 A0A8V0YXG4 A0A1L1RP76 A0A8V0YPA6 A0A8V0XFL3 A0A8V0X643 A0A8V0Z4J0 A0A8V0ZSG8 A0A8V0ZKS6 A0A8V0ZTA5 E1C733 A0A8V0ZSX6 Q8AWB4 A0A1D5PC37 A0A8V0Z438 A0A8V0XWZ8 A0A8V0ZY91 A0A1D5PLP1 A0A8V0ZF83 A0A8V0ZKI8 A0A1D5P655 A0A8V0YDT4 A0A8V0Z9Y8 A0A8V0Z4M1 A0A8V0YNQ0 Q98938 A0A8V0XRC4 A0A8V0Y999 A0A8V0ZW33 A0A8V0ZFG7 A0A8V0Y290 A0A8V0XYR2 A0A8V1AAN6 A0A8V1A3H9 A0A8V0XGL8 A0A8V1A8N2 A0A1D5PQV0 A0A8V1AFC3 A0A8V0YHH6 A0A8V0X852 A0A1D5PNG3 A0A1D5P1F1 Q6JHU8 A0A8V1AJ90 A0A8V0YS46 A0A8V0WZJ4 A0A8V0XB58 A0A8V0XDM2 Q5ZJ58 A0A3Q2TT95 A0A8V0Y2E5 A0A8V0ZH54 Q9I946 A0A8V0XAF8 A0A8V1A3S8 A0A8V0Z9Z7 A0A8V0Y614 A0A8V0YDD6 A0A8V0XFB5 A0A8V0ZPH9 A0A8V0YWM3
Biological Process,convergent extension involved in gastrulation,4,GO:0060027,4,15,389,2734,1.87,0.2530789356887439,0.6,A0A8V1AG56 A0A8V1A9R2 A0A8V0YM05 A0A8V0YMM6
Biological Process,negative regulation of leukocyte migration,5,GO:0002686,4,15,389,2734,1.87,0.2530789356887439,0.6,Q5ZMG0 A0A8V0ZWX9 A0A8V0Y0F3 A0A8V0Y290
Biological Process,regulation of collagen biosynthetic process,5,GO:0032965,4,15,389,2734,1.87,0.2530789356887439,0.6,A0A8V0XPE8 A0A8V0XGL8 A0A8V0XJ84 Q98938
Biological Process,purine nucleotide catabolic process,6,GO:0006195,4,15,389,2734,1.87,0.2530789356887439,0.6,A0A8V1A9L3 A0A8V0ZWX9 A0A8V0ZG46 A0A8V0YC57
Biological Process,membrane lipid catabolic process,5,GO:0046466,4,15,389,2734,1.87,0.2530789356887439,0.6,A0A8V0Z086 A0A8V0YC98 A0A1D5P1F1 A0A8V0X637
Biological Process,response to platelet-derived growth factor,4,GO:0036119,4,15,389,2734,1.87,0.2530789356887439,0.6,A0A8V0XPE8 A0A8V0YNQ0 A0A8V0YDD6 A0A8V0Y2E5
Biological Process,peptidyl-tyrosine dephosphorylation,6,GO:0035335,4,15,389,2734,1.87,0.2530789356887439,0.6,A0A8V1AB05 A0A8V0X6J5 A0A8V0YDT5 A0A8V0ZI29
Biological Process,cellular response to platelet-derived growth factor stimulus,5,GO:0036120,4,15,389,2734,1.87,0.2530789356887439,0.6,A0A8V0XPE8 A0A8V0YNQ0 A0A8V0YDD6 A0A8V0Y2E5
Biological Process,cellular response to vascular endothelial growth factor stimulus,5,GO:0035924,4,15,389,2734,1.87,0.2530789356887439,0.6,A0A8V0Z4M1 A0A8V0YDD6 Q00649 A0A8V0Y999
Biological Process,positive regulation of cell motility,5,GO:2000147,29,169,389,2734,1.21,0.25626274773620894,0.59,A0A8V0Y0V1 A0A8V1AG56 A0A8V0X4D8 A0A8V0Y4R7 A0A8V0XYR2 A0A3Q2U2N5 A0A8V0ZSG8 E1C733 A0A8V0X852 A0A8V0Y5K2 A0A1D5P1F1 A0A1L1RZ23 A0A8V0XB58 A0A8V0ZE58 A0A8V0XWZ8 A0A8V0Y1A4 Q00649 A0A8V0XJ84 A0A8V0Y2E5 A0A8V1ABC9 A0A8V0YRK4 Q9I946 A0A8V0YR09 A0A3Q2TU24 A0A8V0YDT4 A0A8V0Y413 A0A8V0YDD6 A0A8V0Z4M1 A0A8V0ZPH9
Biological Process,protein-RNA complex organization,5,GO:0071826,5,59,389,2734,0.6,0.2581581023100058,0.59,A0A8V0ZJ97 A0A8V0XPN5 A0A8V0XXW6 A0A8V0ZSX6 A0A1D5PNG3
Biological Process,regulation of exocytosis,5,GO:0017157,5,59,389,2734,0.6,0.2581581023100058,0.59,A0A8V0YB43 A0A8V1AB67 A0A8V0YGN8 A0A3Q2TYT2 A0A8V1ABC9
Biological Process,sensory organ development,4,GO:0007423,42,254,389,2734,1.16,0.25909015873113644,0.59,A0A8V0YNQ0 A0A8V1AG56 A0A8V1A9L3 Q98938 A0A8V0ZI29 A0A8V0YM05 A0A8V1A9A7 A0A1D5NTR5 A0A8V0YVT3 A0A8V0YDT5 A0A1D5NYG2 A0A8V0XFL3 A0A8V0XYR2 P02460 A0A8V0XGL8 A0A8V0ZKS6 Q76KB2 A0A8V0Y7C8 A0A8V1A7R0 A0A8V0ZMU3 A0A8V1AAH7 A0A1D5P0D7 A0A3Q2UEL1 A0A8V0ZY91 A0A8V0XJ84 A0A1D5NWP2 A0A8V0XM58 A0A8V0ZKI8 A0A3Q2TU24 A0A8V0YEQ1 O12971 A0A1D5P655 A0A8V1AB05 A0A8V1A9R2 A0A8V0ZHK9 A0A8V0X5K9 A0A8V0YY70 A0A8V0YMM6 A0A8V1AJV5 A0A8V0XFB5 A0A8V0Z4M1 A0A8V0YRG2
Biological Process,negative regulation of response to wounding,5,GO:1903035,8,40,389,2734,1.41,0.26100304914022304,0.58,A0A3Q2TU24 A0A8V0ZKS6 A0A8V0ZI29 A0A8V1AB05 A0A8V1A2P5 A0A8V0ZTG6 A0A8V0YDT5 A0A8V0XYR2
Biological Process,central nervous system neuron differentiation,5,GO:0021953,8,40,389,2734,1.41,0.26100304914022304,0.58,A0A8V0ZKI8 A0A8V1AG56 Q98938 A0A3Q3A4U3 A0A8V0XK27 A0A8V1ABC9 A0A8V0Z888 A0A8V0YRG2
Biological Process,sphingolipid metabolic process,4,GO:0006665,8,40,389,2734,1.41,0.26100304914022304,0.58,A0A8V0X637 A0A8V0XXM5 A0A8V0WZN3 A0A8V0YZJ3 A0A8V0Z086 A0A8V0YC98 A0A1D5P1F1 A0A8V0YYQ9
Biological Process,establishment of protein localization to organelle,4,GO:0072594,11,107,389,2734,0.72,0.26119114758151163,0.58,A0A8V0XF68 A0A8V0YB43 A0A8V1ACS0 A0A8V0XDM2 A0A8V0XPN5 R4GGQ4 A0A8V0ZH54 P28687 A0A8V1A7R0 A0A8V0Z4J0 A0A8V0YFD4
Biological Process,oligosaccharide metabolic process,4,GO:0009311,6,27,389,2734,1.56,0.2614061203353636,0.58,A0A1D5PJE0 A0A8V0Z1E9 A0A8V1ACQ8 A0A8V0Z086 A0A8V0Y6W2 A0A8V0YC98
Biological Process,regulation of chromatin organization,5,GO:1902275,6,27,389,2734,1.56,0.2614061203353636,0.58,A0A8V0XB58 A0A8V1A9R2 Q5ZJ58 A0A1D5PNL3 A0A8V1AFC3 A0A8V0Z4M1
Biological Process,regulation of protein dephosphorylation,7,GO:0035304,6,27,389,2734,1.56,0.2614061203353636,0.58,A0A8V0YNQ0 A0A8V0WZJ4 A0A8V0X637 A0A8V0XRC4 A0A8V1AJI2 A0A8V0X643
Biological Process,imaginal disc-derived wing margin morphogenesis,4,GO:0008587,6,27,389,2734,1.56,0.2614061203353636,0.58,A0A8V0ZKI8 A0A8V0YS46 A0A8V0ZZG2 O12971 A0A8V1A9A7 Q76KB2
Biological Process,phosphatidylinositol biosynthetic process,6,GO:0006661,6,27,389,2734,1.56,0.2614061203353636,0.58,A0A8V0XCX4 A0A8V0X6J5 Q5ZJ58 A0A8V0ZYM1 A0A8V0XAN3 A0A8V0ZQS2
Biological Process,cyclic nucleotide metabolic process,6,GO:0009187,2,7,389,2734,2.01,0.2618443302738848,0.58,A0A8V1A9L3 A0A8V0YC57
Biological Process,"phototransduction, visible light",4,GO:0007603,2,7,389,2734,2.01,0.2618443302738848,0.58,Q5ZJ58 A0A8V1ABC9
Biological Process,mature B cell differentiation involved in immune response,6,GO:0002313,2,7,389,2734,2.01,0.2618443302738848,0.58,A0A8V0ZWX9 O12971
Biological Process,bone resorption,5,GO:0045453,2,7,389,2734,2.01,0.2618443302738848,0.58,Q98938 A0A8V1AFH0
Biological Process,energy homeostasis,3,GO:0097009,2,7,389,2734,2.01,0.2618443302738848,0.58,A0A8V1A7R0 A0A8V1AFP7
Biological Process,glycoside catabolic process,6,GO:0016139,2,7,389,2734,2.01,0.2618443302738848,0.58,A0A8V0YC98 E1BS94
Biological Process,sperm capacitation,3,GO:0048240,2,7,389,2734,2.01,0.2618443302738848,0.58,A0A8V0ZTA5 A0A8V0YPA6
Biological Process,cardiac epithelial to mesenchymal transition,6,GO:0060317,2,7,389,2734,2.01,0.2618443302738848,0.58,A0A8V0XJ84 A0A8V0Y2E5
Biological Process,plasma membrane to endosome transport,3,GO:0048227,2,7,389,2734,2.01,0.2618443302738848,0.58,A0A8V0ZZU1 A0A8V0YBZ6
Biological Process,immunoglobulin production,3,GO:0002377,2,7,389,2734,2.01,0.2618443302738848,0.58,A0A8V0Y6W2 A0A8V0YW57
Biological Process,negative regulation of phospholipid metabolic process,6,GO:1903726,2,7,389,2734,2.01,0.2618443302738848,0.58,A0A8V0YB43 A0A3Q2TU24
Biological Process,negative regulation of T cell differentiation,8,GO:0045581,2,7,389,2734,2.01,0.2618443302738848,0.58,A0A8V1A9R2 Q98938
Biological Process,mature B cell differentiation,6,GO:0002335,2,7,389,2734,2.01,0.2618443302738848,0.58,A0A8V0ZWX9 O12971
Biological Process,cell migration involved in sprouting angiogenesis,8,GO:0002042,2,7,389,2734,2.01,0.2618443302738848,0.58,A0A8V0Z4M1 A0A3Q3A4U3
Biological Process,muscle filament sliding,6,GO:0030049,2,7,389,2734,2.01,0.2618443302738848,0.58,A0A8V0XZQ1 A0A8V0XGL8
Biological Process,negative regulation of morphogenesis of an epithelium,5,GO:1905331,2,7,389,2734,2.01,0.2618443302738848,0.58,A0A8V0ZKI8 A0A8V1AG56
Biological Process,cardiac muscle cell contraction,5,GO:0086003,2,7,389,2734,2.01,0.2618443302738848,0.58,A0A8V0XB58 A0A8V0ZY91
Biological Process,protein K63-linked ubiquitination,10,GO:0070534,2,7,389,2734,2.01,0.2618443302738848,0.58,A0A8V0ZZG2 A0A1D5PNL3
Biological Process,actin-myosin filament sliding,5,GO:0033275,2,7,389,2734,2.01,0.2618443302738848,0.58,A0A8V0XZQ1 A0A8V0XGL8
Biological Process,positive regulation of endothelial cell chemotaxis,6,GO:2001028,2,7,389,2734,2.01,0.2618443302738848,0.58,A0A8V0Z4M1 Q00649
Biological Process,cranial nerve morphogenesis,3,GO:0021602,2,7,389,2734,2.01,0.2618443302738848,0.58,A0A8V0YRG2 A0A8V1ACD6
Biological Process,cell migration in hindbrain,4,GO:0021535,2,7,389,2734,2.01,0.2618443302738848,0.58,A0A8V0ZKI8 A0A8V0XKU5
Biological Process,response to water,3,GO:0009415,2,7,389,2734,2.01,0.2618443302738848,0.58,A0A8V0YJV4 A0A8V1A2P5
Biological Process,negative regulation of post-embryonic development,5,GO:0048581,2,7,389,2734,2.01,0.2618443302738848,0.58,A0A8V0XUJ8 A0A8V0X4D8
Biological Process,cell differentiation in spinal cord,4,GO:0021515,2,7,389,2734,2.01,0.2618443302738848,0.58,A0A8V0XK27 A0A8V0Z888
Biological Process,sulfation,4,GO:0051923,2,7,389,2734,2.01,0.2618443302738848,0.58,A0A8V0YS46 A0A8V0ZX23
Biological Process,response to leptin,4,GO:0044321,2,7,389,2734,2.01,0.2618443302738848,0.58,A0A8V1A7R0 A0A8V0XYR2
Biological Process,"regulation of mitotic cell cycle, embryonic",6,GO:0009794,2,7,389,2734,2.01,0.2618443302738848,0.58,A0A1D5PNL3 A0A1D5PBU5
Biological Process,outer dynein arm assembly,7,GO:0036158,2,7,389,2734,2.01,0.2618443302738848,0.58,A0A8V0X370 A0A8V0Y1N7
Biological Process,regulation of platelet aggregation,6,GO:0090330,2,7,389,2734,2.01,0.2618443302738848,0.58,A0A8V1A2P5 A0A8V1ABC9
Biological Process,spinal cord motor neuron differentiation,5,GO:0021522,2,7,389,2734,2.01,0.2618443302738848,0.58,A0A8V0XK27 A0A8V0Z888
Biological Process,cellular response to salt stress,5,GO:0071472,2,7,389,2734,2.01,0.2618443302738848,0.58,A0A8V0ZSX6 A0A8V0YJV4
Biological Process,trabecula formation,3,GO:0060343,2,7,389,2734,2.01,0.2618443302738848,0.58,A0A8V0Z4M1 A0A8V0Y1A4
Biological Process,UDP-glucose metabolic process,4,GO:0006011,2,7,389,2734,2.01,0.2618443302738848,0.58,A0A8V0XQS7 A0A8V0ZW46
Biological Process,positive regulation of myeloid leukocyte cytokine production involved in immune response,7,GO:0061081,2,7,389,2734,2.01,0.2618443302738848,0.58,A0A8V1AG56 A0A8V0ZB91
Biological Process,negative regulation of fibroblast growth factor receptor signaling pathway,6,GO:0040037,2,7,389,2734,2.01,0.2618443302738848,0.58,A0A8V1AG56 A0A8V0Z2J4
Biological Process,retina vasculature development in camera-type eye,5,GO:0061298,2,7,389,2734,2.01,0.2618443302738848,0.58,A0A8V0Z4M1 A0A8V1A9A7
Biological Process,negative regulation of glycoprotein metabolic process,7,GO:1903019,2,7,389,2734,2.01,0.2618443302738848,0.58,A0A8V1A9R2 A0A8V0YF22
Biological Process,negative regulation of adaptive immune response,6,GO:0002820,2,7,389,2734,2.01,0.2618443302738848,0.58,A0A8V1A9R2 A0A8V1AA32
Biological Process,protein homotrimerization,8,GO:0070207,2,7,389,2734,2.01,0.2618443302738848,0.58,A0A8V0Y290 A0A8V0Y0F3
Biological Process,acid secretion,5,GO:0046717,2,7,389,2734,2.01,0.2618443302738848,0.58,A0A8V1AB67 A0A8V1AJV5
Biological Process,negative regulation of adaptive immune response based on somatic recombination of immune receptors built from immunoglobulin superfamily domains,7,GO:0002823,2,7,389,2734,2.01,0.2618443302738848,0.58,A0A8V1A9R2 A0A8V1AA32
Biological Process,regulation of hemocyte proliferation,4,GO:0035206,2,7,389,2734,2.01,0.2618443302738848,0.58,A0A8V1A9R2 A0A8V1ABC9
Biological Process,bone trabecula morphogenesis,4,GO:0061430,2,7,389,2734,2.01,0.2618443302738848,0.58,A0A8V0Y0V1 A0A8V0Z4M1
Biological Process,B cell receptor signaling pathway,6,GO:0050853,2,7,389,2734,2.01,0.2618443302738848,0.58,P01875 A0A8V0XEJ0
Biological Process,"protein alpha-1,2-demannosylation",7,GO:0036508,2,7,389,2734,2.01,0.2618443302738848,0.58,A0A8V0XQS7 A0A8V0ZW46
Biological Process,protein demannosylation,6,GO:0036507,2,7,389,2734,2.01,0.2618443302738848,0.58,A0A8V0XQS7 A0A8V0ZW46
Biological Process,methionine metabolic process,5,GO:0006555,2,7,389,2734,2.01,0.2618443302738848,0.58,A0A1D5PNB8 E1BYF1
Biological Process,glycosphingolipid biosynthetic process,6,GO:0006688,2,7,389,2734,2.01,0.2618443302738848,0.58,A0A8V0WZN3 A0A8V0YYQ9
Biological Process,inductive cell migration,4,GO:0040039,2,7,389,2734,2.01,0.2618443302738848,0.58,A0A1D5NTR5 A0A1D5NYG2
Biological Process,chromosome organization involved in meiotic cell cycle,3,GO:0070192,2,7,389,2734,2.01,0.2618443302738848,0.58,A0A8V0ZW33 R4GH52
Biological Process,fluid transport,4,GO:0042044,2,7,389,2734,2.01,0.2618443302738848,0.58,A0A8V0XYR2 A0A8V0Y2E5
Biological Process,oligosaccharide catabolic process,5,GO:0009313,2,7,389,2734,2.01,0.2618443302738848,0.58,A0A8V0Z086 A0A8V0Z1E9
Biological Process,regulation of lipoprotein particle clearance,4,GO:0010984,2,7,389,2734,2.01,0.2618443302738848,0.58,A0A8V0Y9F8 A0A8V0ZRU9
Biological Process,labyrinthine layer blood vessel development,5,GO:0060716,2,7,389,2734,2.01,0.2618443302738848,0.58,Q76KB2 A0A8V0ZE58
Biological Process,positive regulation of Rho protein signal transduction,9,GO:0035025,2,7,389,2734,2.01,0.2618443302738848,0.58,A0A1D5PE57 A0A3Q3A4U3
Biological Process,photoreceptor cell outer segment organization,4,GO:0035845,2,7,389,2734,2.01,0.2618443302738848,0.58,A0A8V0Y722 A0A8V0XKU5
Biological Process,positive regulation of membrane protein ectodomain proteolysis,7,GO:0051044,2,7,389,2734,2.01,0.2618443302738848,0.58,A0A8V0X4D8 A0A1D5PC37
Biological Process,positive regulation of erythrocyte differentiation,7,GO:0045648,2,7,389,2734,2.01,0.2618443302738848,0.58,A0A8V1A7R0 A0A8V0ZQS2
Biological Process,microtubule organizing center organization,3,GO:0031023,3,41,389,2734,0.51,0.2619925406254324,0.58,A0A8V0YVT3 A0A1D5PBU5 A0A8V0ZDK0
Biological Process,cortical actin cytoskeleton organization,4,GO:0030866,3,41,389,2734,0.51,0.2619925406254324,0.58,A0A8V0YGN8 Q5ZJ58 A0A1D5P655
Biological Process,regulation of Notch signaling pathway,5,GO:0008593,12,61,389,2734,1.38,0.2628598598193218,0.58,A0A8V0XFL3 A0A8V0ZZG2 Q5ZKV5 O12971 A0A8V1A2F4 A0A3Q3A4U3 A0A8V1A7R0 A0A8V0ZH54 Q5ZHL0 A0A8V0XX49 Q8AWB4 A0A8V1AAH7
Biological Process,establishment or maintenance of cell polarity,2,GO:0007163,15,139,389,2734,0.76,0.2632887806041484,0.58,A0A8V0YB43 A0A8V1AG56 Q0PVE4 A0A8V0ZZU1 A0A1D5PBU5 A0A8V1A9R2 A0A8V0ZHK9 Q5ZJ58 A0A8V0XX41 A0A8V0ZYM1 A0A8V0X5U3 A0A8V0YVT3 A0A8V0YXG4 A0A8V1AJV5 A0A8V0ZH54
Biological Process,vesicle targeting,2,GO:0006903,3,42,389,2734,0.5,0.26356743951210604,0.58,A0A8V0YSI0 A0A8V0XDM2 A0A8V1AFR2
Biological Process,embryonic epithelial tube formation,5,GO:0001838,3,42,389,2734,0.5,0.26356743951210604,0.58,A0A8V0ZKI8 A0A8V0XDM2 A0A8V1AG56
Biological Process,regulation of secretion,5,GO:0051046,25,216,389,2734,0.81,0.2654926147926219,0.58,A0A8V1AG56 P11602 A0A8V0ZWX9 A0A8V1AEJ4 A0A8V1A9A7 A0A8V0YGN8 A0A8V0YPA6 A0A8V0XYR2 A0A8V0YB43 A0A8V0ZKS6 A0A3Q2TYT2 A0A8V0X852 A0A1D5P1F1 Q6JHU8 A0A1D5PC37 A0A8V0ZY91 A0A8V0YY90 A0A8V0XJ84 A0A8V1ABC9 A0A8V1A3S8 A0A8V0YDT4 A0A8V1AB67 A0A8V0YDD6 A0A8V1AJV5 A0A8V0Z9Y8
Biological Process,regulation of phagocytosis,6,GO:0050764,3,43,389,2734,0.49,0.26700524699446115,0.57,A0A1D5NWP2 A0A8V1AA32 A0A8V0YR09
Biological Process,positive regulation of protein localization to membrane,6,GO:1905477,3,43,389,2734,0.49,0.26700524699446115,0.57,A0A8V0YNQ0 A0A8V0YRG2 A0A8V0YY70
Biological Process,cellular response to xenobiotic stimulus,4,GO:0071466,3,43,389,2734,0.49,0.26700524699446115,0.57,A0A8V0Z4M1 A0A8V0Y9F8 A0A8V1AHJ8
Biological Process,genital disc development,5,GO:0035215,4,16,389,2734,1.76,0.2684302184775047,0.57,A0A8V0ZZU1 A0A8V0ZH54 Q98938 A0A8V0ZQP1
Biological Process,glycosyl compound catabolic process,5,GO:1901658,4,16,389,2734,1.76,0.2684302184775047,0.57,A0A8V0YC98 A0A8V0ZWX9 A0A1D5PNB8 E1BS94
Biological Process,glycerolipid catabolic process,5,GO:0046503,4,16,389,2734,1.76,0.2684302184775047,0.57,A0A8V0Y9F8 P11602 A0A8V0XWZ8 A0A8V0Y513
Biological Process,genitalia morphogenesis,3,GO:0035112,4,16,389,2734,1.76,0.2684302184775047,0.57,A0A8V0ZKI8 A0A8V0ZZU1 A0A8V0ZH54 A0A8V0ZQP1
Biological Process,regulation of protein autophosphorylation,8,GO:0031952,4,16,389,2734,1.76,0.2684302184775047,0.57,A0A8V0Z4M1 A0A3Q2TU24 Q9I946 E1BQI2
Biological Process,axonemal dynein complex assembly,6,GO:0070286,4,16,389,2734,1.76,0.2684302184775047,0.57,A0A8V1A6Y8 A0A8V0X370 A0A8V0Z6B9 A0A8V0Y1N7
Biological Process,response to vitamin D,4,GO:0033280,4,16,389,2734,1.76,0.2684302184775047,0.57,A0A8V0XPE8 A0A8V0XGL8 A0A8V0YNQ0 A0A8V0Y1A4
Biological Process,regulation of localization,3,GO:0032879,98,753,389,2734,0.91,0.27070848777496126,0.57,Q5ZMG0 P11602 A0A8V0ZWX9 A0A8V1AEJ4 A0A8V0Z4R1 A0A8V0YVT3 A0A8V0YEZ4 A0A8V0YDT5 A0A8V0YB43 A0A8V0Z8V4 A0A3Q2U2N5 A0A8V0ZZG2 A0A8V1ABC8 A0A8V0X5U3 A0A1L1RX77 A0A8V1ACD6 A0A8V1A7R0 A0A1L1RZ23 A0A1D5PNL3 A0A8V0YY90 A0A8V0XJ84 A0A1D5NWP2 A0A3Q2TU24 A0A8V1AB05 A0A8V1A9R2 A0A8V1AB67 A0A8V1AG56 A0A8V0YM05 A0A8V1A9A7 A0A3Q3A4U3 A0A8V0Y0F3 A0A8V0ZRU9 A0A3Q2TYT2 A0A8V0Y5K2 A0A1D5P7Y2 Q0PVE4 A0A8V1AA32 A0A8V0ZE58 A0A1D5P0X0 Q00649 A0A8V1ABC9 A0A8V0YRK4 E1BQI2 A0A8V0YR09 A0A1D5PBU5 A0A8V1AFH0 A0A8V0Y413 A0A8V0X5K9 A0A8V0YY70 A0A8V0YMM6 A0A8V1AJV5 A0A8V0YLT1 A0A8V0YRG2 A0A8V0Y0V1 A0A8V0X4D8 A0A8V0YBZ6 A0A8V0ZI29 A0A8V0YGN8 A0A8V0YPA6 A0A8V0XFL3 A0A8V0X643 A0A8V0ZSG8 A0A8V0ZKS6 E1C733 A0A8V0YLN5 A0A1D5PE57 A0A1D5PC37 A0A8V0XWZ8 A0A8V0ZY91 A0A8V0Y1A4 A0A1D5P655 A0A8V0YDT4 A0A8V0Z9Y8 A0A8V0Z4M1 A0A8V0YNQ0 Q98938 A0A8V0XCI3 A0A8V0Y999 A0A8V1A2P5 A0A8V0Y4R7 A0A8V0Y290 A0A8V0XYR2 A0A8V1A3H9 A0A8V0XGL8 A0A8V0X852 A0A1D5P1F1 Q6JHU8 A0A8V0WZJ4 A0A8V0XB58 A0A8V0ZZU1 Q5ZJ58 A0A8V0Y2E5 Q9I946 A0A8V1A3S8 A0A8V0YDD6 A0A8V1AM47 A0A8V0ZPH9 A0A8V0YWM3
Biological Process,macromolecule catabolic process,4,GO:0009057,32,269,389,2734,0.84,0.27079909022765974,0.57,Q5ZIB0 A0A8V0XRC4 A0A1D5NVM6 A0A8V0YXG4 A0A8V0ZIF0 A0A8V0ZFG7 A0A8V0Z4J0 E1BS94 A0A8V1ACS0 A0A8V0ZZG2 A0A1L1RX77 A0A8V0X2C5 A0A8V0YLN5 A0A8V0ZRU9 A0A1L1RSD2 A0A8V1AJ90 A0A8V0ZW46 A0A8V0Z1E9 A0A1D5PNL3 A0A8V0YZJ3 A0A8V0ZY42 A0A8V0XPN5 A0A8V0ZH54 A0A8V0YF22 A0A8V0ZE30 Q05744 A0A8V1AFH0 A0A8V0XQS7 A0A8V0Z9Y8 Q5ZKV5 A0A8V0YFD4 A0A8V0YWM3
Biological Process,response to vitamin,4,GO:0033273,9,44,389,2734,1.44,0.2722143262713099,0.57,A0A8V0YNQ0 A0A8V0ZKI8 A0A8V0ZWX9 A0A8V0XGL8 A0A8V0XDM2 A0A8V0Y1A4 A0A8V0XPE8 A0A8V0Z4M1 P02460
Biological Process,regulation of heart contraction,6,GO:0008016,9,44,389,2734,1.44,0.2722143262713099,0.57,A0A8V0ZWX9 A0A8V0XB58 A0A8V0XCI3 A0A8V0ZTA5 A0A8V0ZY91 A0A1D5NWP2 A0A8V1ABC9 A0A8V0Z4M1 A0A8V0XYR2
Biological Process,regulation of epithelial cell migration,4,GO:0010632,16,87,389,2734,1.29,0.27348105838075715,0.56,A0A8V1AG56 A0A8V0Z8V4 A0A8V0ZSG8 Q98938 A0A8V0XWZ8 A0A8V0Y5K2 A0A3Q3A4U3 A0A1L1RX77 A0A8V0YLN5 Q00649 A0A8V0Y2E5 A0A8V0X852 A0A8V1ABC9 A0A8V0Z4M1 A0A8V0YRK4 A0A8V0XYR2
Biological Process,cardiac septum development,3,GO:0003279,6,28,389,2734,1.51,0.2742389766696654,0.56,A0A8V1AG56 A0A8V0YS46 A0A8V0Z2J4 A0A8V0ZE58 A0A3Q3A4U3 A0A8V0XPE8
Biological Process,dorsal/ventral axis specification,4,GO:0009950,6,28,389,2734,1.51,0.2742389766696654,0.56,A0A8V0ZKI8 Q5ZJ58 A0A8V1A9A7 A0A8V0Y070 A0A8V0YMM6 A0A8V0ZF83
Biological Process,muscle cell differentiation,4,GO:0042692,12,115,389,2734,0.73,0.27574694424672097,0.56,A0A8V0XB58 Q98938 A0A8V0ZKS6 A0A8V0ZAU8 A0A8V0ZCA3 A0A8V0YXG4 A0A8V0XRN3 A0A1D5NWP2 A0A8V0Z4M1 A0A1D5PLP1 A0A8V1AAH7 A0A1D5P0D7
Biological Process,columnar/cuboidal epithelial cell differentiation,5,GO:0002065,12,115,389,2734,0.73,0.27574694424672097,0.56,A0A8V1AG56 Q0PVE4 A0A8V0ZZU1 Q98938 A0A8V0ZI29 A0A8V1AB05 A0A8V1A9R2 A0A1D5P655 A0A3Q2UEL1 A0A8V0YDT5 A0A8V1AJV5 A0A8V0ZE30
Biological Process,positive regulation of cellular metabolic process,5,GO:0031325,71,557,389,2734,0.9,0.277319675269458,0.56,Q5ZMG0 A0A8V0Y0V1 A0A8V1AG56 A0A8V0X4D8 A0A8V1A9L3 Q98938 A0A8V0ZW33 A0A8V0YM05 A0A8V1AJT2 A0A8V1A9A7 A0A3Q3A4U3 A0A8V0YGN8 A0A8V0XRN3 A0A8V0Y290 A0A8V0XYR2 A0A8V0Z4J0 A0A8V1ACS0 A0A8V0Y0F3 A0A8V0ZZG2 A0A8V0XGL8 A0A8V0X637 A0A8V1ABC8 A0A8V0ZTA5 E1C733 A0A8V1AFC3 A0A1L1RX77 A0A8V0YW57 A0A8V0YHH6 A0A8V0ZSX6 A0A8V0ZRU9 A0A8V0YRF2 A0A1D5NZN4 A0A1D5PNG3 A0A8V1A7R0 A0A1D5P1F1 A0A8V0X1T3 A0A1D5PC37 A0A1D5P0D7 A0A8V0YS46 A0A8V0XB58 A0A8V1A3N1 Q5ZJ58 A0A1D5PNL3 A0A8V0ZE58 A0A8V0XWZ8 Q00649 A0A8V0XJ84 A0A8V0Y2E5 A0A8V1ABC9 A0A8V0XM58 A0A1D5PLP1 A0A8V0ZE30 A0A8V0YRK4 Q9I946 E1BQI2 A0A8V0XAF8 A0A8V0YR09 A0A8V0ZKI8 A0A3Q2TU24 A0A8V0ZB91 A0A8V1A3S8 A0A8V0YDT4 A0A8V1A9R2 A0A1D5P201 A0A8V0Y413 A0A8V0ZDZ5 A0A8V0YDD6 A0A8V0XFB5 A0A8V0Z9Y8 A0A8V0Z4M1 A0A8V0YWM3
Biological Process,negative regulation of protein kinase activity,7,GO:0006469,12,64,389,2734,1.32,0.27924336660674154,0.55,A0A8V0ZKI8 Q0PVE4 A0A8V1A3S8 A0A8V0X637 A0A8V1A9A7 A0A1L1RX77 Q00649 A0A8V0ZH54 A0A8V1ABC9 A0A8V0ZC57 A0A8V0ZPH9 A0A8V0YRG2
Biological Process,germ cell development,3,GO:0007281,34,285,389,2734,0.84,0.2820002030576689,0.55,Q98938 A0A8V0ZI29 A0A8V0YM05 A0A8V0ZYM1 A0A8V0YDT5 A0A8V0YPA6 A0A8V0XFL3 A0A8V0YC57 A0A8V0YB43 A0A8V0ZTA5 A0A8V0XXW6 A0A8V0YW57 A0A1L1RZ23 A0A8V0WZJ4 A0A8V0ZZU1 Q0PVE4 Q5ZJ58 A0A3Q2UEL1 A0A8V0ZH54 A0A8V0ZE30 A0A1D5PLP1 A0A8V0ZF83 A0A8V0ZJ97 A0A1D5PBU5 Q05744 O12971 A0A8V1AB05 A0A8V1A9R2 A0A1D5P655 A0A8V0X5K9 A0A8V0YMM6 A0A8V0Y070 A0A8V0YIE9 A0A8V0YRG2
Biological Process,renal system development,4,GO:0072001,21,119,389,2734,1.24,0.2825265476749126,0.55,A0A8V1AG56 A0A8V0XRC4 A0A8V0YM05 A0A8V0ZW33 A0A8V0YVT3 A0A8V0XRN3 A0A8V0Y722 A0A1L1RX77 A0A8V0ZRU9 A0A1D5NZN4 A0A8V0XA92 A0A8V0ZTP1 A0A8V0Y1A4 A0A8V0Y2E5 A0A8V0ZHK9 A0A8V0YJV4 A0A8V0YY70 A0A8V0YMM6 A0A8V0Z9Z7 A0A8V0YLT1 A0A8V0Z4M1
Biological Process,response to ethanol,5,GO:0045471,6,65,389,2734,0.65,0.28479707218778955,0.55,A0A8V1AHJ8 A0A8V0XXM5 A0A8V0ZTA5 A0A8V1ABC9 A0A8V0YPA6 A0A8V1A7R0
Biological Process,response to temperature stimulus,3,GO:0009266,9,91,389,2734,0.7,0.2849314841361302,0.55,P11602 A0A8V1AEJ4 A0A8V1AFP7 A0A8V0ZTA5 A0A8V0YEZ4 Q00649 A0A8V0ZSX6 A0A8V0Z7D4 A0A8V0Z4M1
Biological Process,negative regulation of DNA-templated transcription,8,GO:0045892,17,155,389,2734,0.77,0.28590688640725276,0.54,A0A8V0Y0V1 A0A8V1ACS0 A0A8V1AG56 A0A8V0XFL3 A0A8V0Y0F3 A0A8V0Y290 A0A8V0ZSG8 A0A8V0ZW33 A0A8V0YM05 A0A8V0Z9Z7 A0A1D5NTR5 A0A8V0Z4M1 A0A8V0YW12 A0A8V1A7R0 A0A8V0XYR2 A0A8V0Z4J0 A0A8V0ZE30
Biological Process,positive regulation of neuron projection development,7,GO:0010976,21,120,389,2734,1.23,0.28592377806583197,0.54,A0A8V0Y0V1 A0A8V0YNQ0 A0A8V1AG56 A0A8V0X4D8 A0A8V0ZI29 A0A3Q3A4U3 A0A8V0YGN8 A0A8V0YDT5 A0A1D5NYG2 A0A8V0YLN5 A0A1D5P1F1 Q6JHU8 A0A8V0Y1A4 Q00649 A0A8V0ZKI8 A0A8V0ZB91 A0A1D5P655 A0A8V1AJI2 A0A1D5PT01 A0A8V0YDD6 A0A8V0Z4M1
Biological Process,regulation of metal ion transport,6,GO:0010959,9,92,389,2734,0.69,0.28627307919830314,0.54,A0A8V0XB58 A0A8V1A9R2 A0A8V0ZY91 A0A8V1AJV5 A0A8V0ZRU9 A0A1D5NWP2 A0A8V0YPA6 A0A1D5P7Y2 A0A8V0X643
Biological Process,positive regulation of neurogenesis,6,GO:0050769,27,156,389,2734,1.22,0.2870865471796971,0.54,A0A8V0Y0V1 A0A8V0YNQ0 A0A8V1AG56 A0A8V0X4D8 A0A8V0ZI29 A0A3Q3A4U3 A0A8V0YGN8 A0A8V0YDT5 A0A1D5NYG2 A0A8V0XGL8 A0A8V0YLN5 A0A8V0Y7C8 A0A1D5P1F1 Q6JHU8 A0A1D5P0D7 A0A8V0XWZ8 A0A8V0Y1A4 A0A3Q2TT95 Q00649 A0A8V0ZKI8 A0A8V0ZB91 A0A1D5P655 A0A8V1AJI2 A0A1D5PT01 A0A8V0YDD6 A0A8V0Z4M1 A0A8V0YRG2
Biological Process,response to organic cyclic compound,4,GO:0014070,35,292,389,2734,0.84,0.28718461951225416,0.54,A0A8V0YNQ0 A0A8V0ZWX9 A0A8V1AG56 A0A8V0YM05 A0A8V1AEJ4 A0A8V0Z4R1 A0A8V0YEZ4 A0A8V0XYR2 A0A8V0YC57 P02460 A0A8V1AHJ8 A0A8V0XGL8 A0A8V0X637 A0A8V0ZTA5 A0A8V1AFC3 A0A8V0XPE8 A0A8V0YW57 A0A8V0ZP32 A0A8V0Z1C5 A0A8V1A7R0 A0A1D5P1F1 A0A8V0XDM2 A0A8V0ZY91 A0A8V0Y1A4 A0A8V0XJ84 A0A8V1ABC9 A0A8V0Z249 A0A8V0Y513 A0A8V0ZKI8 A0A3Q2TU24 A0A8V0ZJ97 A0A8V0YDD6 A0A8V0YLT1 A0A8V0Z4M1 A0A8V0YWM3
Biological Process,regulation of cardiac muscle tissue development,6,GO:0055024,4,17,389,2734,1.65,0.2874804133290331,0.54,A0A8V0ZKI8 A0A8V1AK88 A0A8V0XYR2 A0A8V0XXK8
Biological Process,detection of chemical stimulus,3,GO:0009593,4,17,389,2734,1.65,0.2874804133290331,0.54,A0A1D5NZT1 A0A8V0XJ84 A0A1D5NWP2 A0A8V0YR09
Biological Process,embryonic cranial skeleton morphogenesis,6,GO:0048701,4,17,389,2734,1.65,0.2874804133290331,0.54,A0A8V0X9N1 A0A8V0YEQ1 A0A8V0YS46 A0A8V0XJ84
Biological Process,DNA biosynthetic process,5,GO:0071897,4,17,389,2734,1.65,0.2874804133290331,0.54,A0A8V1ACS0 A0A8V0Z4J0 A0A8V1AJ90 A0A3Q2TTB3
Biological Process,cellular response to hydrogen peroxide,5,GO:0070301,4,17,389,2734,1.65,0.2874804133290331,0.54,A0A1D5P1F1 Q00649 A0A8V0YJV4 A0A8V0YWM3
Biological Process,positive regulation of chromatin organization,6,GO:1905269,4,17,389,2734,1.65,0.2874804133290331,0.54,A0A8V0Z4M1 A0A8V1A9R2 A0A1D5PNL3 A0A8V1AFC3
Biological Process,chondrocyte differentiation,4,GO:0002062,4,17,389,2734,1.65,0.2874804133290331,0.54,A0A1D5NZT1 A0A8V1ABC9 Q98938 P02460
Biological Process,regulation of osteoclast differentiation,7,GO:0045670,4,17,389,2734,1.65,0.2874804133290331,0.54,A0A8V0XUK6 A0A8V0YLT1 A0A8V0ZQS2 A0A1D5NZN4
Biological Process,regulation of sprouting angiogenesis,6,GO:1903670,4,17,389,2734,1.65,0.2874804133290331,0.54,A0A8V0Z4M1 A0A8V0YRK4 A0A8V0ZSG8 A0A8V0Y5K2
Biological Process,myeloid leukocyte migration,3,GO:0097529,4,17,389,2734,1.65,0.2874804133290331,0.54,A0A8V0Z4M1 A0A8V1ABC8 E1C733 A0A8V1ABC9
Biological Process,SMAD protein signal transduction,4,GO:0060395,4,17,389,2734,1.65,0.2874804133290331,0.54,A0A8V0YM05 A0A8V0XJ84 A0A8V0XGL8 A0A1D5P0D7
Biological Process,positive regulation of intrinsic apoptotic signaling pathway,7,GO:2001244,4,17,389,2734,1.65,0.2874804133290331,0.54,A0A8V0Z307 A0A8V1AJV5 A0A8V1AJI2 A0A8V0XFB5
Biological Process,oocyte dorsal/ventral axis specification,4,GO:0007310,4,17,389,2734,1.65,0.2874804133290331,0.54,A0A8V0ZF83 Q5ZJ58 A0A8V0YMM6 A0A8V0Y070
Biological Process,ventricular system development,4,GO:0021591,4,17,389,2734,1.65,0.2874804133290331,0.54,A0A8V0ZHK9 A0A8V0X370 A0A8V0Z9Z7 A0A8V0ZT48
Biological Process,regulation of muscle contraction,6,GO:0006937,9,46,389,2734,1.38,0.28754818734833465,0.54,A0A8V0ZWX9 A0A8V0XB58 A0A8V0XCI3 A0A8V0ZY91 A0A8V0XRN3 A0A1D5NWP2 A0A8V1ABC9 A0A1D5P1F1 A0A8V0XYR2
Biological Process,chaeta development,5,GO:0022416,6,29,389,2734,1.45,0.289226073047637,0.54,A0A1D5P655 A0A3Q2UEL1 A0A1D5NTR5 A0A1D5NWP2 A0A1D5NYG2 Q76KB2
Biological Process,negative regulation of monoatomic ion transmembrane transport,6,GO:0034766,6,29,389,2734,1.45,0.289226073047637,0.54,A0A8V0XB58 A0A8V0ZY91 A0A8V1AJV5 A0A8V0ZRU9 A0A8V1ABC9 A0A8V0YRG2
Biological Process,glial cell migration,4,GO:0008347,6,29,389,2734,1.45,0.289226073047637,0.54,A0A8V0Z8V4 A0A8V0ZKS6 Q98938 A0A8V0XRC4 A0A8V0YE20 A0A8V0YDD6
Biological Process,long-term memory,5,GO:0007616,6,29,389,2734,1.45,0.289226073047637,0.54,A0A8V0ZKI8 A0A8V0XB58 A0A8V0ZSG8 A0A8V1A9R2 A0A8V1A9A7 A0A8V0ZSX6
Biological Process,response to radiation,3,GO:0009314,13,121,389,2734,0.76,0.28959805478106343,0.54,A0A8V0YNQ0 A0A8V0XGL8 Q5ZJ58 A0A8V0X5K9 E1C733 A0A3Q2TTB3 A0A8V0Z4R1 A0A8V0YW57 A0A8V0ZSX6 A0A8V0ZFG7 A0A8V1ABC9 A0A1D5PE57 P02460
Biological Process,chromosome organization,5,GO:0051276,13,123,389,2734,0.74,0.2900187027145711,0.54,A0A8V1ACS0 A0A8V0ZDK0 A0A1D5PBU5 A0A8V0ZSG8 A0A8V1A9R2 A0A8V0ZW33 A0A8V0Z9Z7 A0A1D5PNL3 A0A8V0YW57 R4GH52 A0A8V1ABC9 A0A8V0Z4J0 A0A8V0YWM3
Biological Process,cellular component organization or biogenesis,2,GO:0071840,193,1426,389,2734,0.95,0.2978277065426037,0.53,P11602 A0A8V1A6A3 A0A8V0Z4R1 A0A1D5NTR5 A0A8V0YVT3 A0A8V0YDT5 R4GGQ4 A0A8V0XEJ0 A0A1D5NYG2 A0A8V0YT63 A0A8V0Z6M9 A0A8V0YB43 A0A8V1ACS0 A0A8V0Z8V4 A0A3Q2U2N5 A0A8V0Z6L1 A0A8V0Y722 A0A8V0X5U3 A0A1L1RX77 A0A8V0YW57 A0A8V0XXW6 A0A8V1ACD6 A0A8V1A7R0 A0A1L1RZ23 A0A8V0Z6B9 F1NEZ4 A0A8V0ZTP1 A0A1D5PNL3 A0A8V0ZT48 A0A8V0Y9F8 A0A8V0XJ84 A0A8V0XXK8 A0A3Q2TU24 A0A8V0YEQ1 A0A8V0ZJ97 A0A8V0ZB91 A0A8V1AB05 A0A8V1A9R2 A0A8V1AB67 A0A8V0ZHK9 A0A8V0Y070 A0A8V0ZX23 A0A8V1AG56 A0A8V0XCX4 A0A8V1A449 A0A8V0XDL7 A0A8V1A9A7 A0A3Q3A4U3 A0A3Q2TVX1 A0A8V0XUK6 A0A8V0XRN3 A0A8V1ACU1 P02460 A0A8V0Y0F3 A0A8V0Y8G8 A0A8V0YUF6 A0A3Q3AST7 A0A3Q2TTB3 E1BYF1 A0A8V0ZSX0 A0A8V0XK73 A0A3Q2TYT2 A0A8V1AAH7 A0A1D5P0D7 A0A1D5PRH9 A0A8V0XLH4 Q0PVE4 A0A8V0Y7Y9 A0A8V1AA32 A0A8V0ZE58 A0A1D5P0X0 A0A8V0XPN5 A0A8V0Z4U2 Q00649 A0A8V0Z7D4 A0A8V1ABC9 A0A8V0XM58 A0A8V0ZE30 A0A8V0YA97 A0A8V0YRK4 A0A8V0YSI0 A0A8V1ADF6 E1BQI2 A0A1D5PBU5 Q05744 A0A8V1AFH0 A0A8V1AFR2 A0A8V0Y413 A0A8V0X5K9 A0A8V0YY70 A0A1D5PT01 A0A8V1AJV5 A0A8V0XTW4 P33005 Q5ZKV5 A0A8V0YRG2 A0A8V0ZLV6 A0A8V0Y0V1 A0A8V0X4D8 A0A8V1A803 A0A8V0ZBR8 A0A8V0ZI29 A0A1D5NVM6 A0A8V0ZYM1 A0A8V0YGN8 A0A8V0YXG4 A0A1D5PIZ5 A0A8V0ZHL4 A0A8V0YG88 A0A8V0XFL3 A0A8V0Y8L6 A0A8V0Z4J0 A0A8V0ZDK0 A0A8V0ZSG8 A0A8V0ZKS6 A0A8V0ZHX5 E1C733 A0A8V0YLN5 A0A8V0ZSX6 A0A8V0XKU5 A0A1D5PE57 A0A8V0ZAU8 A0A1D5PC37 A0A8V0ZBA3 A0A8V0YRN1 A0A8V0ZY42 F1NJI3 A0A8V0ZGF6 A0A8V0YBD7 A0A8V0Z865 A0A1D5PLP1 A0A8V0ZF83 A0A8V0ZKI8 A0A1D5P655 A0A8V0YDT4 A0A8V0XX41 A0A8V0X370 A0A8V0XK27 A0A8V0XZQ1 A0A8V0YIE9 A0A8V0Z9Y8 A0A8V0Z4M1 P01875 A0A8V0YFD4 Q98938 A0A8V1A6Y8 A0A8V0XRC4 A0A1D5NW03 A0A8V0ZW33 A0A8V1A2P5 A0A1D5NZT1 A0A8V0XUJ8 A0A8V0Y290 A0A8V0XYR2 A0A8V0Y4G8 A0A8V0Z4P8 A0A8V0YMR1 A0A8V1AAN6 A0A8V0XGL8 A0A3Q2UGW3 A0A8V0YGQ5 A0A8V0Y7C8 A0A8V0Y1N7 A0A8V0Z1C5 A0A8V0X852 A0A1D5PNG3 Q6JHU8 A0A8V0ZRN1 A0A8V0XF68 A0A8V0YS46 A0A8V0XB58 A0A8V0ZZU1 A0A8V0XDM2 A0A8V1A9U7 A0A8V0YE20 Q5ZJ58 A0A3Q2UEL1 A0A8V1A2F4 A0A8V0Z2J4 E1BQB4 A0A8V0Y2E5 A0A8V0ZH54 A0A8V0XX49 Q9I946 A0A8V0YU83 A0A8V0XAF8 A0A8V1A3S8 A0A8V1A4I0 A0A8V0Z9Z7 A0A8V0YDD6 R4GH52 A0A8V0ZPH9 A0A8V0YWM3
Biological Process,nucleobase-containing compound transport,5,GO:0015931,4,48,389,2734,0.59,0.30002965799110276,0.52,A0A1D5PNG3 A0A8V0YLZ5 A0A8V0XA92 A0A8V0Z9Y8
Biological Process,positive regulation of protein polymerization,7,GO:0032273,4,48,389,2734,0.59,0.30002965799110276,0.52,A0A1D5P655 E1C733 A0A8V0X852 A0A8V0X5U3
Biological Process,cardiac muscle tissue development,6,GO:0048738,4,48,389,2734,0.59,0.30002965799110276,0.52,A0A8V0Z4M1 A0A8V0XXK8 A0A8V0XB58 A0A8V1AG56
Biological Process,chordate embryonic development,5,GO:0043009,28,165,389,2734,1.19,0.30082704844057306,0.52,A0A8V0YNQ0 A0A8V0ZWX9 A0A8V1AG56 Q98938 A0A8V0XCI3 A0A8V0YM05 A0A8V0YVT3 A0A8V0Y8L6 A0A8V0XYR2 P02460 A0A8V0XGL8 A0A8V0YW57 A0A8V0Y7C8 A0A8V0XKU5 Q8AWB4 A0A1D5P0D7 A0A8V0YS46 A0A8V0XDM2 A0A8V0ZE58 A0A8V0XJ84 A0A8V0ZKI8 A0A8V0YEQ1 O12971 A0A8V0X9N1 A0A8V0ZHK9 A0A8V0YMM6 A0A8V0Z4M1 Q76KB2
Biological Process,mRNA catabolic process,6,GO:0006402,4,49,389,2734,0.57,0.301087819072321,0.52,A0A8V1ACS0 A0A8V0Z4J0 A0A8V0XPN5 A0A8V0ZE30
Biological Process,response to hexose,6,GO:0009746,4,49,389,2734,0.57,0.301087819072321,0.52,A0A8V0XAF8 P11602 A0A8V0YDD6 A0A8V0Z4M1
Biological Process,cellular aldehyde metabolic process,3,GO:0006081,2,30,389,2734,0.47,0.3011680476811,0.52,A0A8V0Z832 A0A8V1AKQ0
Biological Process,regulation of generation of precursor metabolites and energy,5,GO:0043467,2,30,389,2734,0.47,0.3011680476811,0.52,A0A1D5PNG3 A0A8V1A7R0
Biological Process,negative regulation of protein depolymerization,7,GO:1901880,2,30,389,2734,0.47,0.3011680476811,0.52,Q00649 A0A8V0X852
Biological Process,visual perception,6,GO:0007601,2,30,389,2734,0.47,0.3011680476811,0.52,A0A1D5NYG2 P02460
Biological Process,lytic vacuole organization,6,GO:0080171,2,30,389,2734,0.47,0.3011680476811,0.52,A0A8V0YLN5 A0A1D5PC37
Biological Process,lysosome organization,7,GO:0007040,2,30,389,2734,0.47,0.3011680476811,0.52,A0A8V0YLN5 A0A1D5PC37
Biological Process,vesicle fusion,6,GO:0006906,2,30,389,2734,0.47,0.3011680476811,0.52,A0A8V0ZZU1 A0A1D5PC37
Biological Process,detection of external stimulus,3,GO:0009581,2,31,389,2734,0.45,0.3016919654256815,0.52,Q5ZJ58 A0A8V1ABC9
Biological Process,positive regulation of phagocytosis,6,GO:0050766,2,31,389,2734,0.45,0.3016919654256815,0.52,A0A1D5NWP2 A0A8V0YR09
Biological Process,negative regulation of protein-containing complex disassembly,6,GO:0043242,2,31,389,2734,0.45,0.3016919654256815,0.52,Q00649 A0A8V0X852
Biological Process,response to hormone,3,GO:0009725,38,312,389,2734,0.86,0.30171187265028493,0.52,A0A8V0YNQ0 A0A8V1AG56 A0A8V0Z4R1 A0A8V0YEZ4 A0A8V0YPA6 A0A8V0XUJ8 A0A8V0XYR2 P02460 A0A8V0YB43 A0A8V1AHJ8 Q5ZHL0 A0A8V0XGL8 A0A8V0ZTA5 A0A8V1AFC3 A0A8V0XPE8 A0A8V0ZP32 A0A8V0Y1N7 A0A8V0Z1C5 A0A8V0ZRU9 A0A1D5PNG3 A0A8V1A7R0 A0A1D5P1F1 A0A8V0ZY91 A0A8V0Y1A4 Q00649 A0A8V0XJ84 A0A8V1ABC9 A0A8V0Y513 A0A3Q2TU24 A0A1D5P655 A0A8V1AFH0 A0A8V1A9R2 A0A8V0YJV4 A0A8V0YDD6 A0A8V0YLT1 A0A8V0Z4M1 A0A8V1A653 A0A8V0YWM3
Biological Process,gamete generation,3,GO:0007276,47,378,389,2734,0.87,0.30314574753590384,0.52,Q98938 A0A8V0ZI29 A0A8V0YM05 A0A8V0ZYM1 A0A1D5NTR5 A0A8V0YDT5 A0A8V0YPA6 A0A1D5NYG2 A0A8V0XFL3 A0A8V0Y8L6 A0A8V0YC57 A0A8V0YB43 A0A8V0ZDK0 A0A8V1ALE0 A0A8V0WZN3 A0A8V0ZTA5 A0A8V0XXW6 A0A8V0YW57 A0A1D5NZN4 A0A8V0XF68 A0A1L1RZ23 A0A8V0YS46 A0A8V0WZJ4 A0A8V0ZZU1 A0A8V1AK88 Q0PVE4 Q5ZJ58 A0A3Q2UEL1 A0A8V0Y1A4 A0A8V0Z7D4 A0A8V0ZH54 A0A1D5NWP2 A0A8V0ZE30 A0A1D5PLP1 A0A8V0ZF83 A0A8V0ZJ97 A0A1D5PBU5 Q05744 O12971 A0A8V1AB05 A0A8V1A9R2 A0A1D5P655 A0A8V0X5K9 A0A8V0YMM6 A0A8V0Y070 A0A8V0YIE9 A0A8V0YRG2
Biological Process,endosomal transport,3,GO:0016197,10,99,389,2734,0.71,0.3035887050608781,0.52,A0A8V0YB43 A0A8V1ACS0 A0A8V0ZZU1 A0A1D5NVM6 A0A1D5P0X0 A0A8V0ZH54 A0A8V0YG88 A0A8V0XFL3 A0A8V0Z4J0 A0A1D5PC37
Biological Process,regulation of viral process,3,GO:0050792,4,50,389,2734,0.56,0.30377762696377175,0.52,A0A8V0ZSX6 A0A1D5NVM6 A0A8V1AJ90 A0A8V0YDT4
Biological Process,negative regulation of protein-containing complex assembly,6,GO:0031333,4,50,389,2734,0.56,0.30377762696377175,0.52,A0A8V1AJI2 Q00649 A0A1D5PBU5 A0A8V0X852
Biological Process,regulation of multicellular organismal process,3,GO:0051239,120,784,389,2734,1.08,0.30415109524863126,0.52,Q5ZMG0 P11602 A0A8V0ZWX9 A0A8V1A9L3 A0A8V1AJT2 A0A8V0YDT5 A0A1D5NYG2 A0A8V0Z8V4 A0A8V0ZZG2 A0A8V1ABC8 A0A8V0X5U3 A0A1L1RX77 A0A8V0YW57 A0A8V1ACD6 A0A8V1A7R0 A0A1L1RZ23 A0A8V0Y4Q2 F1NEZ4 A0A1D5PNL3 A0A8V0Y9F8 A0A8V0XJ84 A0A1D5NWP2 A0A8V0XXK8 A0A3Q2TU24 A0A8V0ZB91 A0A8V1AB05 A0A8V1A9R2 A0A8V0ZX23 A0A8V0ZQS2 A0A8V1AG56 A0A8V0YM05 A0A8V1A9A7 A0A3Q3A4U3 A0A8V0XUK6 A0A8V0XRN3 A0A8V0Y0F3 E1BYF1 A0A8V0ZRU9 A0A1D5NZN4 A0A8V0Y5K2 A0A8V1AAH7 A0A1D5P0D7 A0A8V1AK88 A0A8V0ZW46 A0A8V0ZE58 Q00649 A0A1D5PDV9 A0A8V1ABC9 A0A8V0YRK4 E1BQI2 A0A8V0YR09 A0A1D5PBU5 A0A8V1AFH0 A0A8V0Y413 A0A8V0X5K9 A0A8V0YMM6 A0A8V1AJI2 A0A1D5PT01 A0A8V1AJV5 A0A8V0YLT1 A0A8V0YRG2 Q76KB2 A0A8V0Y0V1 A0A8V0X4D8 A0A8V0ZI29 A0A8V0ZYM1 A0A8V0YGN8 A0A8V0YXG4 A0A8V0ZHL4 A0A8V0YPA6 A0A8V0YC57 A0A8V0ZSG8 A0A8V0ZKS6 A0A8V0ZTA5 E1C733 A0A8V0YLN5 A0A8V0ZSX6 A0A1D5PE57 A0A8V0XWZ8 A0A8V0ZY91 A0A8V0Y1A4 A0A8V0ZKI8 O12971 A0A8V0YDT4 A0A1D5P655 A0A8V0ZES4 A0A8V0ZTG6 A0A8V0XK27 A0A8V0XQS7 A0A8V0Z9Y8 A0A8V0Z4M1 A0A8V0YNQ0 Q98938 A0A8V0XCI3 A0A8V1A2P5 A0A1D5NZT1 A0A8V0XUJ8 A0A8V0Y290 A0A8V0XYR2 A0A8V0YMR1 A0A8V1A3H9 A0A8V0XGL8 A0A8V0YQ88 A0A3Q2UGW3 A0A8V0Y7C8 A0A8V0YHH6 A0A8V0X852 A0A1D5PNG3 A0A1D5P1F1 Q6JHU8 A0A8V1AJ90 A0A8V0YS46 A0A8V0XB58 Q5ZJ58 A0A3Q2TT95 A0A8V0Y2E5 A0A8V1A3S8 A0A8V0Z9Z7 A0A8V0YDD6 A0A8V0ZPH9
Biological Process,myofibril assembly,4,GO:0030239,2,32,389,2734,0.44,0.3047829168926822,0.52,A0A1D5PLP1 A0A8V0YXG4
Biological Process,positive regulation of exocytosis,6,GO:0045921,2,32,389,2734,0.44,0.3047829168926822,0.52,A0A8V1AB67 A0A8V1ABC9
Biological Process,vesicle-mediated transport to the plasma membrane,3,GO:0098876,2,32,389,2734,0.44,0.3047829168926822,0.52,A0A8V0YB43 A0A8V0XTW4
Biological Process,kidney development,4,GO:0001822,18,100,389,2734,1.27,0.3055841502476514,0.51,A0A8V0XA92 A0A8V0ZTP1 A0A8V0XRC4 A0A8V0YM05 A0A8V0YJV4 A0A8V0Y722 A0A8V0Z9Z7 A0A8V0Y1A4 A0A8V0ZHK9 A0A1L1RX77 A0A8V0YVT3 A0A8V0ZW33 A0A8V0ZRU9 A0A8V0XRN3 A0A8V0Y2E5 A0A8V0YLT1 A0A1D5NZN4 A0A8V0Z4M1
Biological Process,eye morphogenesis,5,GO:0048592,23,132,389,2734,1.22,0.30574455737683426,0.51,A0A8V0YNQ0 A0A8V1AG56 A0A8V1A9L3 Q98938 A0A8V0ZI29 A0A8V1A9A7 A0A1D5NTR5 A0A8V0YDT5 A0A1D5NYG2 A0A8V0Y7C8 A0A8V1A7R0 A0A8V0ZMU3 A0A8V1AAH7 A0A1D5P0D7 A0A8V0ZKI8 O12971 A0A1D5P655 A0A8V1AB05 A0A8V1A9R2 A0A8V0X5K9 A0A8V0YY70 A0A8V0Z4M1 A0A8V0YRG2
Biological Process,transmembrane receptor protein tyrosine kinase signaling pathway,5,GO:0007169,29,170,389,2734,1.2,0.3066755903321068,0.51,P33005 A0A8V0YXG4 A0A8V0YW12 A0A8V0ZEJ3 A0A8V1A3H9 A0A8V0ZY61 Q5ZHL0 A0A8V0Y1N7 A0A8V0X852 A0A8V0Y5K2 A0A8V1A7R0 A0A8V0YS46 A0A8V1A3N1 A0A8V0Z2J4 Q00649 A0A8V1ABC9 A0A8V0ZF83 A0A8V1ADF6 Q9I946 A0A3Q2TU24 A0A1D5P655 A0A8V1A9R2 A0A8V0YMM6 A0A8V0Y070 A0A1D5PT01 A0A8V0Z9Y8 A0A8V0Z4M1 A0A8V0ZPH9 A0A8V0YRG2
Biological Process,positive regulation of cytokine production,5,GO:0001819,7,73,389,2734,0.67,0.3090030988445258,0.51,Q5ZMG0 P11602 A0A8V1AG56 A0A8V0ZB91 A0A8V1ABC8 Q00649 A0A8V0YR09
Biological Process,oocyte development,4,GO:0048599,7,72,389,2734,0.68,0.30902377751930993,0.51,Q5ZJ58 A0A8V0ZF83 A0A8V0Y070 A0A8V0YMM6 A0A8V0ZH54 A0A8V0YRG2 A0A8V0YC57
Biological Process,inner ear receptor cell differentiation,6,GO:0060113,4,18,389,2734,1.56,0.30959054577934586,0.51,A0A8V0YVT3 A0A8V1AJV5 A0A8V0YY70 A0A8V0XFB5
Biological Process,regulation of chemokine production,5,GO:0032642,4,18,389,2734,1.56,0.30959054577934586,0.51,A0A8V1AG56 P11602 A0A8V1ABC8 A0A8V0YR09
Biological Process,cranial skeletal system development,3,GO:1904888,4,18,389,2734,1.56,0.30959054577934586,0.51,A0A8V0X9N1 A0A8V0YEQ1 A0A8V0YS46 A0A8V0XJ84
Biological Process,regulation of collagen metabolic process,4,GO:0010712,4,18,389,2734,1.56,0.30959054577934586,0.51,A0A8V0XPE8 A0A8V0XGL8 A0A8V0XJ84 Q98938
Biological Process,sensory perception of pain,5,GO:0019233,4,18,389,2734,1.56,0.30959054577934586,0.51,A0A8V1ALE0 A0A8V0XYR2 A0A1D5PA74 A0A8V0Z888
Biological Process,platelet degranulation,4,GO:0002576,7,74,389,2734,0.66,0.31010563250323764,0.51,A0A3Q2TU24 A0A8V1A2P5 A0A8V0YPB9 A0A8V0YDD6 A0A8V0XJ84 A0A8V0Z4M1 A0A8V0YSI0
Biological Process,neurogenesis,4,GO:0022008,88,564,389,2734,1.1,0.3101393764269133,0.51,A0A8V1A9L3 A0A1D5NTR5 A0A8V0YVT3 A0A8V0YDT5 A0A1D5NYG2 A0A8V0YB43 A0A8V0Z8V4 A0A8V0Y722 A0A8V1ACD6 A0A8V1A7R0 F1NEZ4 A0A1D5PNL3 A0A8V0Y9F8 A0A8V0ZB91 A0A8V1AB05 A0A8V1A9R2 A0A8V1AB67 A0A8V0Y070 A0A8V1AG56 A0A3Q3A4U3 A0A8V0YUF6 A0A8V0XK73 A0A8V0ZSX0 A0A8V0ZRU9 A0A8V1AAH7 A0A1D5P0D7 Q0PVE4 Q00649 A0A8V1ABC9 A0A8V0YRK4 A0A8V1ADF6 E1BQI2 A0A8V0Y413 A0A8V0YY70 A0A8V1AJI2 A0A1D5PT01 A0A8V1AJV5 P33005 A0A8V0YRG2 Q76KB2 A0A8V0Y0V1 A0A8V0X4D8 A0A8V0ZBR8 A0A8V0ZI29 A0A8V0YGN8 A0A8V0YXG4 A0A1D5PIZ5 A0A8V0Y8L6 A0A8V0ZSG8 A0A8V0ZKS6 A0A8V0YLN5 A0A8V0ZSX6 A0A8V0XKU5 A0A8V0Z888 A0A1D5PE57 A0A8V0ZMU3 A0A8V0YRN1 A0A8V0XWZ8 A0A8V0Y1A4 A0A8V0YBD7 A0A8V0ZF83 A0A8V0ZKI8 O12971 A0A1D5P655 A0A8V0XX41 A0A8V0XK27 A0A8V0Z4M1 A0A8V0YNQ0 Q98938 A0A8V0XRC4 A0A1D5NW03 A0A8V1A2P5 A0A8V0Y4G8 A0A8V0YMR1 A0A8V1AAN6 A0A8V0XGL8 A0A3Q2UGW3 A0A8V0Y7C8 A0A1D5P1F1 Q6JHU8 A0A8V0ZZU1 A0A8V0XDM2 A0A8V0YE20 A0A3Q2TT95 A0A8V1A3S8 A0A8V0YDD6 A0A8V0XFB5 A0A8V0YWM3
Biological Process,negative regulation of molecular function,3,GO:0044092,32,265,389,2734,0.85,0.3102139137475396,0.51,A0A8V0Y0V1 A0A8V0YNQ0 A0A8V0X4D8 A0A8V0ZI29 A0A8V1A9A7 A0A1L1RP76 A0A8V0YPA6 A0A8V0ZC57 A0A8V0X643 A0A8V0ZZG2 A0A8V0X637 A0A1L1RX77 A0A8V0ZSX6 A0A8V0ZRU9 A0A8V0X852 A0A8V0YRF2 Q0PVE4 A0A8V0XB58 A0A8V0ZY91 Q00649 A0A8V0ZH54 A0A8V1ABC9 A0A8V0ZKI8 A0A8V1A3S8 A0A8V0YY70 A0A8V1AJI2 A0A8V0Y614 A0A8V1AJV5 A0A8V0Z4M1 A0A8V0ZPH9 A0A8V0YRG2 A0A8V1A653
Biological Process,regulation of lymphocyte proliferation,6,GO:0050670,7,33,389,2734,1.49,0.3102772005376894,0.51,A0A8V0ZWX9 A0A8V0ZZG2 Q98938 A0A8V1A9R2 A0A8V1ABC8 A0A8V0XUK6 A0A8V0ZQS2
Biological Process,regulation of canonical NF-kappaB signal transduction,6,GO:0043122,7,33,389,2734,1.49,0.3102772005376894,0.51,A0A8V1AG56 A0A8V1ABC8 A0A8V0ZDZ5 A0A1D5PNL3 E1BYF1 Q00649 A0A8V1AJ90
Biological Process,immune effector process,2,GO:0002252,40,327,389,2734,0.86,0.31117661471059355,0.51,A0A8V1AFE7 A0A8V0ZWX9 A0A8V1A3D7 A0A8V0XXM5 A0A8V0XCI3 A0A8V0XEJ0 A0A8V0YW12 E1BS94 P01875 A0A8V0YB43 A0A3Q2U2N5 A0A8V1A8N2 A0A8V0ZQJ4 A0A8V1ABC8 A0A8V0YLN5 A0A8V0YW57 A0A8V0Y7C8 A0A8V0ZSX6 A0A1L1RSD2 A0A8V1A7R0 A0A8V1AAH7 A0A8V0ZZD4 A0A8V0ZZU1 A0A8V0XDM2 A0A8V0Z1E9 A0A8V0YZJ3 A0A8V0ZY42 A0A8V0Z086 A0A8V0ZZH6 A0A8V0ZVP0 A0A8V0YR09 A0A8V0ZZJ1 Q05744 O12971 A0A8V1AFH0 A0A8V1A9R2 A0A8V1AB67 A0A1D5P655 A0A8V0YRG2 A0A8V0ZQS2
Biological Process,striated muscle tissue development,5,GO:0014706,7,75,389,2734,0.66,0.3123013533635458,0.51,A0A8V1AG56 A0A8V0XB58 A0A1L1RX77 A0A8V0Z4M1 A0A8V0ZAU8 A0A8V0XXK8 A0A1D5P0D7
Biological Process,protein localization to plasma membrane,5,GO:0072659,7,75,389,2734,0.66,0.3123013533635458,0.51,A0A8V0YB43 A0A8V0ZKI8 A0A8V0ZTP1 A0A8V0YY70 A0A8V1AJV5 A0A8V0XTW4 E1BQI2
Biological Process,regulation of immune response,4,GO:0050776,36,218,389,2734,1.16,0.3125517367156636,0.51,A0A8V1AG56 A0A8V0ZWX9 A0A8V1A3D7 A0A8V1A8R6 A0A8V0YDT5 A0A8V0XUK6 A0A8V0XEJ0 A0A8V0Z4J0 P02460 A0A8V1ACS0 A0A8V0ZZG2 A0A8V1A8N2 A0A8V0ZQJ4 A0A8V1ABC8 A0A8V0ZTA5 A0A8V0ZP32 A0A8V0YW57 A0A8V0ZSX6 A0A8V1AKH4 A0A8V0YRF2 A0A1D5PE57 A0A8V0ZZD4 A0A8V1AA32 A0A1D5PNL3 A0A8V0XJ84 A0A8V0ZZH6 A0A8V0ZVP0 A0A8V0YR09 A0A8V0ZZJ1 A0A8V0ZB91 A0A1D5P655 A0A8V1AFH0 A0A8V1AB05 A0A8V1A9R2 P01875 A0A8V0ZQS2
Biological Process,cilium organization,5,GO:0044782,29,173,389,2734,1.18,0.31268177129230224,0.5,A0A8V1A6Y8 A0A8V0YVT3 A0A1D5NZT1 A0A8V0Y8G8 A0A8V0Z6L1 A0A8V0Y722 A0A3Q3AST7 A0A8V0Y1N7 A0A8V0X852 A0A8V0XKU5 A0A1L1RZ23 A0A8V0XLH4 A0A8V0Z6B9 A0A8V0ZTP1 A0A8V1A2F4 A0A8V0ZT48 E1BQB4 A0A8V0Z4U2 A0A8V0XM58 A0A8V0XAF8 A0A8V0YEQ1 A0A1D5PBU5 A0A8V1A4I0 A0A8V0ZHK9 A0A8V0YY70 A0A8V0X370 A0A8V0XK27 A0A8V0YIE9 A0A8V0ZLV6
Biological Process,response to toxic substance,3,GO:0009636,20,174,389,2734,0.81,0.3144354921308771,0.5,A0A8V0ZWX9 A0A8V0XXM5 A0A8V0ZW33 A0A8V0YPA6 A0A8V0XYR2 P02460 A0A8V1ACS0 A0A8V1AHJ8 A0A8V0ZTA5 A0A8V0ZSX0 A0A8V0ZSX6 A0A1D5P1F1 A0A8V1A7R0 A0A8V0Y9F8 Q00649 A0A8V1ABC9 A0A8V0Y513 A0A8V0XAF8 A0A8V0YJV4 A0A8V0YWM3
Biological Process,regulation of anatomical structure size,3,GO:0090066,26,220,389,2734,0.83,0.31513649610635375,0.5,A0A8V0Y0V1 A0A8V1AG56 A0A8V0ZI29 A0A8V0YGN8 A0A8V0YDT5 A0A8V0XUK6 A0A8V0XYR2 A0A8V0YMR1 A0A8V0Z8V4 A0A8V0ZKS6 E1C733 A0A8V0ZSX6 A0A3Q2TYT2 A0A8V1ACD6 A0A8V0X852 Q00649 A0A8V0Y513 A0A8V0XAF8 A0A8V0ZB91 A0A1D5P655 A0A8V1AB05 A0A8V0YDD6 A0A8V1AJV5 A0A8V0XZQ1 A0A8V0Z9Y8 A0A8V0Z4M1
Biological Process,regulation of body fluid levels,3,GO:0050878,15,138,389,2734,0.76,0.31605820198427054,0.5,A0A8V0ZWX9 A0A1D5PE57 A0A3Q2TU24 A0A8V0YDT4 A0A8V0YSI0 A0A8V0YJV4 A0A8V1A2P5 A0A8V0ZTG6 A0A8V0Y2E5 A0A8V1ABC9 A0A8V0YPA6 A0A8V0Z4M1 A0A8V0YRG2 A0A8V0XYR2 Q9I946
Biological Process,positive regulation of cell adhesion,5,GO:0045785,24,139,389,2734,1.21,0.31767715831825083,0.5,A0A8V0YNQ0 A0A8V0ZWX9 A0A8V1AG56 Q98938 A0A3Q3A4U3 A0A1D5NTR5 A0A8V0XRN3 A0A1D5NYG2 A0A8V0Y290 A0A8V0Y0F3 A0A8V0Z8V4 A0A1D5NZN4 A0A8V1A9U7 A0A8V0ZE58 A0A8V0XWZ8 A0A3Q2TT95 A0A8V0Y2E5 A0A8V1ABC9 A0A8V0YDT4 A0A8V1A9R2 A0A8V0YMM6 A0A8V0YDD6 A0A8V0Z4M1 A0A8V0ZPH9
Biological Process,glycolipid metabolic process,5,GO:0006664,7,34,389,2734,1.45,0.31800094333681445,0.5,A0A8V0X637 A0A8V0XXM5 A0A8V0WZN3 A0A8V0YZJ3 A0A8V0Z086 A0A8V0YC98 A0A8V0YYQ9
Biological Process,positive regulation of smooth muscle cell proliferation,6,GO:0048661,7,34,389,2734,1.45,0.31800094333681445,0.5,A0A8V0XB58 A0A8V1ABC8 A0A8V0YJV4 A0A8V0Y1A4 A0A8V1ABC9 A0A8V0Z4M1 A0A8V0XYR2
Biological Process,regulation of mononuclear cell proliferation,6,GO:0032944,7,34,389,2734,1.45,0.31800094333681445,0.5,A0A8V0ZWX9 A0A8V0ZZG2 Q98938 A0A8V1A9R2 A0A8V1ABC8 A0A8V0XUK6 A0A8V0ZQS2
Biological Process,negative regulation of platelet activation,6,GO:0010544,2,8,389,2734,1.76,0.31834063569790566,0.5,A0A3Q2TU24 A0A8V1A2P5
Biological Process,cysteine metabolic process,5,GO:0006534,2,8,389,2734,1.76,0.31834063569790566,0.5,A0A1D5PNB8 E1BYF1
Biological Process,pteridine-containing compound metabolic process,4,GO:0042558,2,8,389,2734,1.76,0.31834063569790566,0.5,A0A8V1A9L3 A0A8V0XDM2
Biological Process,positive regulation of fibroblast growth factor receptor signaling pathway,6,GO:0045743,2,8,389,2734,1.76,0.31834063569790566,0.5,A0A8V0Y5K2 Q98938
Biological Process,establishment or maintenance of neuroblast polarity,3,GO:0045196,2,8,389,2734,1.76,0.31834063569790566,0.5,A0A8V0YB43 Q0PVE4
Biological Process,regulation of lipopolysaccharide-mediated signaling pathway,5,GO:0031664,2,8,389,2734,1.76,0.31834063569790566,0.5,A0A8V0YAR4 A0A8V1ABC9
Biological Process,canonical NF-kappaB signal transduction,4,GO:0007249,2,8,389,2734,1.76,0.31834063569790566,0.5,A0A8V1ACS0 A0A8V0Z4J0
Biological Process,positive regulation of macrophage activation,6,GO:0043032,2,8,389,2734,1.76,0.31834063569790566,0.5,A0A8V1AG56 A0A8V0YR09
Biological Process,transcription-coupled nucleotide-excision repair,7,GO:0006283,2,8,389,2734,1.76,0.31834063569790566,0.5,A0A8V1ACS0 A0A8V0Z4J0
Biological Process,cell migration involved in heart development,4,GO:0060973,2,8,389,2734,1.76,0.31834063569790566,0.5,A0A8V0Z4M1 A0A8V0XDM2
Biological Process,regulation of extrinsic apoptotic signaling pathway in absence of ligand,7,GO:2001239,2,8,389,2734,1.76,0.31834063569790566,0.5,A0A8V1A9R2 P02460
Biological Process,brown fat cell differentiation,5,GO:0050873,2,8,389,2734,1.76,0.31834063569790566,0.5,A0A8V1AFP7 A0A8V1AEM5
Biological Process,muscle cell migration,4,GO:0014812,2,8,389,2734,1.76,0.31834063569790566,0.5,A0A8V0Y413 A0A8V0ZAU8
Biological Process,regulation of gluconeogenesis,6,GO:0006111,2,8,389,2734,1.76,0.31834063569790566,0.5,A0A8V0YY90 A0A8V1A3H9
Biological Process,regulation of B cell proliferation,7,GO:0030888,2,8,389,2734,1.76,0.31834063569790566,0.5,A0A8V0ZWX9 A0A8V0ZQS2
Biological Process,positive regulation of epithelial cell differentiation,6,GO:0030858,2,8,389,2734,1.76,0.31834063569790566,0.5,A0A8V0ZTG6 A0A8V0X5U3
Biological Process,regulation of T cell differentiation in thymus,8,GO:0033081,2,8,389,2734,1.76,0.31834063569790566,0.5,A0A8V0ZWX9 Q98938
Biological Process,inner dynein arm assembly,7,GO:0036159,2,8,389,2734,1.76,0.31834063569790566,0.5,A0A8V1A6Y8 A0A8V0Z6B9
Biological Process,regulation of ovulation,4,GO:0060278,2,8,389,2734,1.76,0.31834063569790566,0.5,A0A8V0YXG4 A0A8V0XB58
Biological Process,epithelial cell-cell adhesion,4,GO:0090136,2,8,389,2734,1.76,0.31834063569790566,0.5,A0A8V0Y413 Q98938
Biological Process,regulation of synaptic vesicle recycling,5,GO:1903421,2,8,389,2734,1.76,0.31834063569790566,0.5,A0A1D5P655 A0A8V0Z9Y8
Biological Process,regulation of intracellular estrogen receptor signaling pathway,6,GO:0033146,2,8,389,2734,1.76,0.31834063569790566,0.5,A0A8V0ZE30 A0A8V1AFC3
Biological Process,response to vitamin E,4,GO:0033197,2,8,389,2734,1.76,0.31834063569790566,0.5,A0A8V0ZWX9 P02460
Biological Process,response to carbon dioxide,4,GO:0010037,2,8,389,2734,1.76,0.31834063569790566,0.5,A0A8V1AEJ4 A0A8V0YLT1
Biological Process,"regulation of synaptic transmission, cholinergic",6,GO:0032222,2,8,389,2734,1.76,0.31834063569790566,0.5,A0A1D5P1F1 A0A8V0YBD7
Biological Process,plasma membrane fusion,6,GO:0045026,2,8,389,2734,1.76,0.31834063569790566,0.5,A0A8V1A2P5 A0A8V0ZX23
Biological Process,response to acidic pH,4,GO:0010447,2,8,389,2734,1.76,0.31834063569790566,0.5,A0A8V0YEZ4 A0A8V1AFH0
Biological Process,response to insecticide,4,GO:0017085,2,8,389,2734,1.76,0.31834063569790566,0.5,A0A8V1ACS0 A0A8V0ZSX6
Biological Process,"positive regulation of phagocytosis, engulfment",7,GO:0060100,2,8,389,2734,1.76,0.31834063569790566,0.5,A0A1D5NWP2 A0A8V0YR09
Biological Process,negative regulation of reactive oxygen species biosynthetic process,6,GO:1903427,2,8,389,2734,1.76,0.31834063569790566,0.5,A0A8V0XAF8 A0A8V1A7R0
Biological Process,regulation of megakaryocyte differentiation,6,GO:0045652,2,8,389,2734,1.76,0.31834063569790566,0.5,A0A1D5PNG3 A0A8V0X852
Biological Process,positive regulation of membrane invagination,6,GO:1905155,2,8,389,2734,1.76,0.31834063569790566,0.5,A0A1D5NWP2 A0A8V0YR09
Biological Process,notochord development,5,GO:0030903,2,8,389,2734,1.76,0.31834063569790566,0.5,A0A8V1AG56 P02460
Biological Process,negative regulation of bone remodeling,6,GO:0046851,2,8,389,2734,1.76,0.31834063569790566,0.5,A0A8V0Z4M1 A0A8V0ZQS2
Biological Process,negative regulation of interleukin-6 production,6,GO:0032715,2,8,389,2734,1.76,0.31834063569790566,0.5,A0A8V0ZQS2 A0A8V0YR09
Biological Process,cellular response to growth hormone stimulus,6,GO:0071378,2,8,389,2734,1.76,0.31834063569790566,0.5,A0A8V1A9R2 A0A8V1A7R0
Biological Process,regulation of spindle elongation,5,GO:0032887,2,8,389,2734,1.76,0.31834063569790566,0.5,Q5ZJ58 A0A8V0X5U3
Biological Process,cellular response to low-density lipoprotein particle stimulus,4,GO:0071404,2,8,389,2734,1.76,0.31834063569790566,0.5,P11602 A0A8V1A2P5
Biological Process,cellular response to prostaglandin E stimulus,6,GO:0071380,2,8,389,2734,1.76,0.31834063569790566,0.5,A0A8V0YDD6 A0A8V0Y1A4
Biological Process,superoxide metabolic process,4,GO:0006801,2,8,389,2734,1.76,0.31834063569790566,0.5,A0A8V0XF68 A0A8V0XYR2
Biological Process,protein localization to non-motile cilium,7,GO:0097499,2,8,389,2734,1.76,0.31834063569790566,0.5,A0A8V0ZHK9 A0A8V0Z9Y8
Biological Process,regulation of endothelial cell chemotaxis,5,GO:2001026,2,8,389,2734,1.76,0.31834063569790566,0.5,A0A8V0Z4M1 Q00649
Biological Process,regulation of T cell migration,7,GO:2000404,2,8,389,2734,1.76,0.31834063569790566,0.5,A0A8V1AG56 A0A8V0Y4R7
Biological Process,meiosis I,4,GO:0007127,2,8,389,2734,1.76,0.31834063569790566,0.5,R4GH52 A0A1D5PBU5
Biological Process,positive regulation of interleukin-1 beta production,7,GO:0032731,2,8,389,2734,1.76,0.31834063569790566,0.5,A0A8V1AG56 Q00649
Biological Process,low-density lipoprotein receptor particle metabolic process,5,GO:0032799,2,8,389,2734,1.76,0.31834063569790566,0.5,A0A8V0ZRU9 A0A8V0Z9Y8
Biological Process,positive regulation of long-term synaptic potentiation,5,GO:1900273,2,8,389,2734,1.76,0.31834063569790566,0.5,A0A8V0YRG2 A0A8V0ZSX6
Biological Process,oocyte maturation,3,GO:0001556,2,8,389,2734,1.76,0.31834063569790566,0.5,A0A8V0YRG2 A0A8V0YC57
Biological Process,regulation of ruffle assembly,7,GO:1900027,2,8,389,2734,1.76,0.31834063569790566,0.5,A0A8V0XAN3 A0A1D5P655
Biological Process,low-density lipoprotein particle receptor catabolic process,5,GO:0032802,2,8,389,2734,1.76,0.31834063569790566,0.5,A0A8V0ZRU9 A0A8V0Z9Y8
Biological Process,positive regulation of heterotypic cell-cell adhesion,7,GO:0034116,2,8,389,2734,1.76,0.31834063569790566,0.5,A0A1D5NTR5 A0A1D5NYG2
Biological Process,regulation of lamellipodium morphogenesis,6,GO:2000392,2,8,389,2734,1.76,0.31834063569790566,0.5,A0A8V0XWZ8 A0A8V0X852
Biological Process,glycosylceramide metabolic process,5,GO:0006677,2,8,389,2734,1.76,0.31834063569790566,0.5,A0A8V0YC98 A0A8V0WZN3
Biological Process,positive regulation of cardiac muscle cell differentiation,6,GO:2000727,2,8,389,2734,1.76,0.31834063569790566,0.5,A0A8V1AK88 A0A8V0XYR2
Biological Process,monoatomic cation transmembrane transport,4,GO:0098655,11,104,389,2734,0.74,0.3184197365122535,0.5,A0A1D5PCU0 A0A3Q2U2N5 A0A8V0ZES4 A0A8V0ZY91 A0A8V0XLN9 A0A8V1AM47 A0A1D5NWP2 Q5ZHL0 A0A8V0YLZ5 A0A3Q2U2N6 A0A8V0YFB8
Biological Process,regulation of mRNA metabolic process,6,GO:1903311,10,53,389,2734,1.33,0.32089573790772763,0.49,A0A8V1ACS0 A0A8V0XGL8 A0A8V0Z438 A0A8V1ABC8 A0A8V0XXW6 Q00649 A0A8V1ABC9 A0A8V0Z4M1 A0A8V0Z4J0 A0A8V0ZE30
Biological Process,positive regulation of cellular biosynthetic process,6,GO:0031328,34,280,389,2734,0.85,0.32114708984578433,0.49,A0A8V1AG56 A0A8V1A9L3 Q98938 A0A8V0YM05 A0A8V1AJT2 A0A8V1A9A7 A0A8V0XRN3 A0A8V0Y290 A0A8V0XYR2 A0A8V0Z4J0 A0A8V1ACS0 A0A8V0Y0F3 A0A8V0XGL8 A0A8V1ABC8 A0A8V1AFC3 A0A1L1RX77 A0A8V0YHH6 A0A8V0ZSX6 A0A1D5NZN4 A0A8V0X1T3 A0A1D5PNG3 A0A8V1A7R0 A0A1D5P0D7 Q5ZJ58 A0A8V0ZE58 Q00649 A0A8V0XJ84 A0A8V0Y2E5 A0A1D5PLP1 A0A8V0YR09 A0A8V0ZKI8 A0A8V1A9R2 A0A1D5P201 A0A8V0Z4M1
Biological Process,positive regulation of gene expression,7,GO:0010628,34,280,389,2734,0.85,0.32114708984578433,0.49,A0A8V1AG56 Q98938 A0A8V0YM05 A0A8V1AJT2 A0A8V1A9A7 A0A3Q3A4U3 A0A8V0XRN3 A0A8V0Y290 A0A8V0XYR2 A0A8V0Z4J0 A0A8V1A3H9 A0A8V1AAN6 A0A8V1ACS0 A0A8V0Y0F3 A0A8V0XGL8 A0A8V1ABC8 A0A8V1AFC3 A0A1L1RX77 A0A8V0YHH6 A0A8V0ZSX6 A0A1D5NZN4 A0A8V0X1T3 A0A1D5PNG3 A0A8V1A7R0 A0A1D5P0D7 A0A8V0XB58 A0A8V0ZE58 A0A8V0XJ84 A0A8V0ZKI8 A0A8V0YDT4 A0A8V1A9R2 A0A8V0YDD6 A0A8V0Z4M1 A0A8V0YRG2
Biological Process,brain development,4,GO:0007420,38,230,389,2734,1.16,0.32342704590541527,0.49,A0A8V0YNQ0 A0A8V1AG56 A0A8V0XCX4 Q98938 A0A8V1A2P5 A0A3Q3A4U3 A0A1D5NTR5 A0A8V0YVT3 A0A8V0YXG4 A0A1D5NYG2 A0A8V0Y8L6 A0A8V0ZDK0 A0A8V0Z8V4 A0A3Q2UGW3 A0A8V0ZTA5 A0A8V0ZSX0 A0A8V0XKU5 A0A1D5PE57 A0A1D5P1F1 A0A8V0XF68 A0A8V0YS46 A0A8V0ZKV3 A0A8V0ZT48 A0A8V0YPB9 A0A8V0Y103 A0A1D5PDV9 A0A8V0XM58 A0A8V0ZKI8 A0A8V0ZB91 A0A8V1AB05 A0A8V0ZHK9 A0A8V0Z9Z7 A0A8V0YY70 A0A8V0YMM6 A0A8V0X370 A0A8V0XK27 A0A8V0YIE9 A0A8V0YRG2
Biological Process,reproductive process,1,GO:0022414,94,608,389,2734,1.09,0.32392069053213657,0.49,A0A8V0ZWX9 A0A1D5NTR5 A0A8V0YDT5 A0A1D5NYG2 A0A8V0YB43 A0A8V0Z8V4 A0A8V1ALE0 A0A8V0XXW6 A0A1L1RX77 A0A8V0YW57 A0A8V1A7R0 A0A1L1RZ23 A0A8V0Z6B9 A0A8V1A3N1 A0A8V0Y9F8 A0A8V0XJ84 A0A1D5NWP2 A0A3Q2TU24 A0A8V0YEQ1 A0A8V0ZJ97 A0A8V1AB05 A0A8V1A9R2 A0A8V1AB67 A0A8V0Y070 A0A8V0ZX23 A0A8V1AG56 A0A8V0XBI2 A0A8V0XXM5 A0A8V0YM05 A0A3Q3A4U3 E1BS94 A0A3Q2TYT2 A0A1D5NZN4 A0A8V1AK88 Q0PVE4 A0A8V1AA32 A0A8V0ZE58 Q00649 A0A8V0Z7D4 A0A8V1ABC9 A0A8V0ZE30 A0A1D5PBU5 Q05744 A0A8V0YJV4 A0A8V0X5K9 A0A8V0YMM6 A0A8V0ZQP1 P33005 A0A8V0YRG2 Q76KB2 A0A8V1A653 A0A8V0ZI29 A0A8V0ZYM1 A0A8V0YPA6 A0A8V0XE95 A0A8V0XFL3 A0A8V0Y8L6 A0A8V0YC57 A0A8V0ZDK0 A0A8V0ZKS6 A0A8V0ZTA5 A0A8V0ZSX6 A0A8V0ZY91 A0A8V0Y1A4 A0A8V0YPB9 A0A1D5PLP1 A0A8V0ZF83 A0A8V0ZKI8 O12971 A0A1D5P655 A0A8V0ZES4 A0A8V0YIE9 A0A8V0Z4M1 A0A8V0YNQ0 Q98938 A0A8V0ZW33 A0A8V1A2P5 A0A8V0XUJ8 A0A8V0XYR2 A0A8V1AAN6 A0A8V1A3H9 A0A8V0XGL8 A0A8V0WZN3 A0A1D5P1F1 A0A8V0XF68 A0A8V0YS46 A0A8V0WZJ4 A0A8V0XB58 A0A8V0ZZU1 Q5ZJ58 A0A3Q2UEL1 A0A8V0Y2E5 A0A8V0ZH54 R4GH52
Biological Process,cellular component organization,3,GO:0016043,191,1408,389,2734,0.95,0.32427117604745936,0.49,P11602 A0A8V0Z4R1 A0A1D5NTR5 A0A8V0YVT3 A0A8V0YDT5 R4GGQ4 A0A8V0XEJ0 A0A1D5NYG2 A0A8V0YT63 A0A8V0Z6M9 A0A8V0YB43 A0A8V1ACS0 A0A8V0Z8V4 A0A3Q2U2N5 A0A8V0Z6L1 A0A8V0Y722 A0A8V0X5U3 A0A1L1RX77 A0A8V0YW57 A0A8V0XXW6 A0A8V1ACD6 A0A8V1A7R0 A0A1L1RZ23 A0A8V0Z6B9 F1NEZ4 A0A8V0ZTP1 A0A1D5PNL3 A0A8V0ZT48 A0A8V0Y9F8 A0A8V0XJ84 A0A8V0XXK8 A0A3Q2TU24 A0A8V0YEQ1 A0A8V0ZJ97 A0A8V0ZB91 A0A8V1AB05 A0A8V1A9R2 A0A8V1AB67 A0A8V0ZHK9 A0A8V0Y070 A0A8V0ZX23 A0A8V1AG56 A0A8V0XCX4 A0A8V1A449 A0A8V0XDL7 A0A8V1A9A7 A0A3Q3A4U3 A0A3Q2TVX1 A0A8V0XUK6 A0A8V0XRN3 A0A8V1ACU1 P02460 A0A8V0Y0F3 A0A8V0Y8G8 A0A8V0YUF6 A0A3Q3AST7 A0A3Q2TTB3 E1BYF1 A0A8V0ZSX0 A0A8V0XK73 A0A3Q2TYT2 A0A8V1AAH7 A0A1D5P0D7 A0A1D5PRH9 A0A8V0XLH4 Q0PVE4 A0A8V0Y7Y9 A0A8V1AA32 A0A8V0ZE58 A0A1D5P0X0 A0A8V0XPN5 A0A8V0Z4U2 Q00649 A0A8V0Z7D4 A0A8V1ABC9 A0A8V0XM58 A0A8V0ZE30 A0A8V0YA97 A0A8V0YRK4 A0A8V0YSI0 A0A8V1ADF6 E1BQI2 A0A1D5PBU5 Q05744 A0A8V1AFH0 A0A8V1AFR2 A0A8V0Y413 A0A8V0X5K9 A0A8V0YY70 A0A1D5PT01 A0A8V1AJV5 A0A8V0XTW4 P33005 A0A8V0YRG2 A0A8V0ZLV6 A0A8V0Y0V1 A0A8V0X4D8 A0A8V1A803 A0A8V0ZBR8 A0A8V0ZI29 A0A1D5NVM6 A0A8V0ZYM1 A0A8V0YGN8 A0A8V0YXG4 A0A1D5PIZ5 A0A8V0ZHL4 A0A8V0YG88 A0A8V0XFL3 A0A8V0Y8L6 A0A8V0Z4J0 A0A8V0ZDK0 A0A8V0ZSG8 A0A8V0ZKS6 A0A8V0ZHX5 E1C733 A0A8V0YLN5 A0A8V0ZSX6 A0A8V0XKU5 A0A1D5PE57 A0A8V0ZAU8 A0A1D5PC37 A0A8V0ZBA3 A0A8V0YRN1 A0A8V0ZY42 F1NJI3 A0A8V0ZGF6 A0A8V0YBD7 A0A8V0Z865 A0A1D5PLP1 A0A8V0ZF83 A0A8V0ZKI8 A0A1D5P655 A0A8V0YDT4 A0A8V0XX41 A0A8V0X370 A0A8V0XK27 A0A8V0XZQ1 A0A8V0YIE9 A0A8V0Z9Y8 A0A8V0Z4M1 P01875 A0A8V0YFD4 Q98938 A0A8V1A6Y8 A0A8V0XRC4 A0A1D5NW03 A0A8V0ZW33 A0A8V1A2P5 A0A1D5NZT1 A0A8V0XUJ8 A0A8V0Y290 A0A8V0XYR2 A0A8V0Y4G8 A0A8V0Z4P8 A0A8V0YMR1 A0A8V1AAN6 A0A8V0XGL8 A0A3Q2UGW3 A0A8V0YGQ5 A0A8V0Y7C8 A0A8V0Y1N7 A0A8V0Z1C5 A0A8V0X852 A0A1D5PNG3 Q6JHU8 A0A8V0ZRN1 A0A8V0XF68 A0A8V0YS46 A0A8V0XB58 A0A8V0ZZU1 A0A8V0XDM2 A0A8V1A9U7 A0A8V0YE20 Q5ZJ58 A0A3Q2UEL1 A0A8V1A2F4 A0A8V0Z2J4 E1BQB4 A0A8V0Y2E5 A0A8V0ZH54 A0A8V0XX49 Q9I946 A0A8V0YU83 A0A8V0XAF8 A0A8V1A3S8 A0A8V1A4I0 A0A8V0Z9Z7 A0A8V0YDD6 R4GH52 A0A8V0ZPH9 A0A8V0YWM3
Biological Process,regulation of supramolecular fiber organization,5,GO:1902903,16,145,389,2734,0.78,0.3274820919714031,0.48,A0A8V1A9L3 A0A8V0Y0F3 A0A1D5PBU5 A0A1D5P655 A0A8V0YY70 E1C733 A0A8V0X5U3 A0A1L1RX77 Q00649 A0A8V0YXG4 A0A8V0XJ84 A0A8V0XUK6 A0A8V0X852 A0A8V0Y290 A0A8V0ZPH9 A0A8V0XYR2
Biological Process,liposaccharide metabolic process,4,GO:1903509,7,35,389,2734,1.41,0.3277730755250825,0.48,A0A8V0X637 A0A8V0XXM5 A0A8V0WZN3 A0A8V0YZJ3 A0A8V0Z086 A0A8V0YC98 A0A8V0YYQ9
Biological Process,regulation of leukocyte chemotaxis,5,GO:0002688,7,35,389,2734,1.41,0.3277730755250825,0.48,Q5ZMG0 A0A8V1AG56 A0A8V0Y413 A0A8V0Z4M1 A0A8V0XYR2 A0A8V1A3H9 A0A8V0YR09
Biological Process,flagellated sperm motility,3,GO:0030317,7,35,389,2734,1.41,0.3277730755250825,0.48,A0A1L1RZ23 A0A1D5PBU5 A0A8V0X370 A0A8V0Y1N7 A0A8V0YIE9 A0A8V0Z7D4 A0A8V0YT63
Biological Process,regulation of humoral immune response,5,GO:0002920,7,35,389,2734,1.41,0.3277730755250825,0.48,A0A8V1A8N2 A0A8V1AA32 A0A8V1ABC8 A0A8V0ZTA5 A0A8V0ZP32 A0A8V1A8R6 A0A8V1AKH4
Biological Process,positive regulation of receptor-mediated endocytosis,6,GO:0048260,7,35,389,2734,1.41,0.3277730755250825,0.48,A0A1D5P655 A0A8V0YGN8 A0A8V0YVT3 A0A8V0ZRU9 A0A8V1ABC9 A0A8V0Z9Y8 A0A8V0Z4M1
Biological Process,mesoderm formation,4,GO:0001707,7,35,389,2734,1.41,0.3277730755250825,0.48,A0A8V1AG56 A0A8V0YS46 A0A8V0Z8V4 A0A8V0YMM6 A0A8V0Y070 A0A8V0ZBJ8 A0A8V0YHH6
Biological Process,signaling,3,GO:0023052,144,952,389,2734,1.06,0.3291090986516867,0.48,P11602 A0A8V1AJT2 A0A1D5NTR5 A0A8V0YVT3 A0A8V0YDT5 A0A8V0YEZ4 A0A8V0XEJ0 A0A1D5NYG2 A0A8V0YW12 A0A8V0ZEJ3 A0A8V0YB43 A0A8V0ZY61 A0A8V0Z8V4 A0A8V0ZZG2 A0A8V1ACS0 A0A8V1ALE0 A0A8V1ABC8 A0A8V0Y722 A0A1L1RX77 A0A8V0XPE8 A0A8V0YW57 A0A8V0YHL6 A0A8V1ACD6 A0A8V1A7R0 A0A8V0Y4Q2 A0A8V1A3N1 A0A8V0ZTP1 A0A1D5PNL3 A0A8V0XJ84 A0A1D5NWP2 F1NGB8 A0A3Q2TU24 A0A8V0YEQ1 A0A8V0Y478 A0A8V0ZB91 A0A8V1AB05 A0A8V1A9R2 A0A8V1AB67 A0A8V0ZDZ5 A0A8V0Y070 A0A8V0ZQS2 A0A8V1AG56 A0A1D5PCU0 A0A8V0YM05 A0A8V1A9A7 A0A3Q3A4U3 A0A8V0XUK6 A0A8V0X637 E1BYF1 A0A8V0ZSX0 A0A3Q2TYT2 A0A8V0ZXC9 A0A8V0Y5K2 A0A1D5P7Y2 A0A1D5P0D7 A0A8V0XA92 A0A8V0ZW46 A0A8V0ZE58 Q00649 A0A8V0Y103 A0A1D5PDV9 A0A8V1ABC9 A0A8V0XM58 A0A8V0YRK4 A0A8V1ADF6 E1BQI2 A0A8V0YR09 A0A8V1AFH0 A0A8V0YJV4 A0A8V0YMM6 A0A8V1AJI2 A0A1D5PT01 A0A8V1AJV5 A0A8V0YLT1 P33005 A0A8V0YRG2 A0A8V1A653 A0A8V0Y0V1 A0A8V0X4D8 A0A8V0YBZ6 A0A8V0ZBR8 A0A8V0ZI29 A0A8V0ZYM1 A0A8V0YGN8 A0A8V0YXG4 A0A1D5PIZ5 A0A8V0Y8L6 A0A8V0Z4J0 A0A8V0YC57 A0A8V0ZKS6 A0A8V0ZTA5 E1C733 A0A8V1AMI7 A0A8V0ZSX6 A0A8V0XKU5 A0A1D5PE57 Q8AWB4 A0A8V0Y969 A0A8V0XZV7 A0A8V0ZY91 A0A8V0Y1A4 A0A8V0ZF83 A0A8V0ZKI8 O12971 A0A1D5P655 A0A8V0XQS7 A0A8V0Z9Y8 A0A8V0Z4M1 P01875 A0A8V1AL54 A0A3Q2U3T5 A0A8V0YNQ0 Q98938 A0A8V0XCI3 A0A8V1A2P5 A0A1D5NZT1 A0A8V0XWF0 A0A8V0XUJ8 A0A8V0XYR2 A0A8V1AAN6 A0A8V1A3H9 A0A8V0XGL8 A0A8V0YQ88 A0A8V1AFC3 A0A8V0YHH6 A0A8V0Y1N7 A0A8V0X852 A0A1D5P1F1 A0A8V1AJ90 A0A8V0YS46 A0A8V0XB58 A0A8V0ZZU1 A0A8V0XDM2 A0A8V0X6J5 A0A8V0Z2J4 Q5ZJ58 A0A8V1A2F4 A0A8V0ZBJ8 Q9I946 A0A8V1A4I0 A0A8V0YDD6 Q5ZHL0 A0A8V0ZPH9 A0A8V0YWM3
Biological Process,regulation of anatomical structure morphogenesis,4,GO:0022603,57,358,389,2734,1.12,0.3302730152757432,0.48,A0A8V0Y0V1 A0A8V0YNQ0 A0A8V0ZWX9 A0A8V0X4D8 A0A8V1AG56 Q98938 A0A8V0ZI29 A0A8V0YM05 A0A8V1AJT2 A0A3Q3A4U3 A0A8V0YGN8 A0A8V0YVT3 A0A8V0YXG4 A0A8V0YDT5 A0A8V0Y290 A0A8V0XYR2 A0A8V0YMR1 A0A8V0Y0F3 A0A8V0Z8V4 A0A8V0XGL8 A0A8V0ZSG8 A0A8V0ZKS6 E1C733 A0A1L1RX77 A0A8V1ACD6 A0A8V0X852 A0A8V0Y5K2 A0A8V1A7R0 A0A1D5P1F1 A0A1L1RZ23 A0A8V0ZE58 A0A8V0XWZ8 A0A8V0Y1A4 Q00649 A0A8V0Y2E5 A0A8V1ABC9 A0A1D5NWP2 A0A8V0YRK4 A0A8V0YU83 E1BQI2 A0A8V0ZKI8 A0A3Q2TU24 A0A8V0ZB91 A0A8V1A3S8 O12971 A0A8V0YDT4 A0A8V1AB05 A0A8V1A9R2 A0A8V0Y413 A0A1D5P655 A0A8V0YMM6 A0A8V0YDD6 A0A8V1AJV5 A0A8V0Z9Y8 A0A8V0Z4M1 A0A8V0ZPH9 A0A8V0YRG2
Biological Process,cell-cell junction organization,5,GO:0045216,8,80,389,2734,0.7,0.33077786761255656,0.48,Q0PVE4 A0A8V0ZSG8 A0A8V0ZTP1 A0A3Q2UGW3 A0A8V1A2P5 A0A8V0XX41 A0A8V0XJ84 A0A8V1ABC9
Biological Process,response to reactive oxygen species,4,GO:0000302,8,79,389,2734,0.71,0.3309059383361648,0.48,A0A8V0ZWX9 A0A8V0YJV4 A0A8V0YDD6 Q00649 A0A8V1ABC9 A0A1D5P1F1 A0A8V0XYR2 A0A8V0YWM3
Biological Process,regulation of cysteine-type endopeptidase activity,7,GO:2000116,8,79,389,2734,0.71,0.3309059383361648,0.48,A0A8V0XAF8 A0A8V0ZDZ5 A0A8V0ZE58 A0A3Q3A4U3 A0A8V0X852 A0A8V0YRF2 A0A8V0Z4M1 A0A8V0YWM3
Biological Process,cell communication,2,GO:0007154,148,979,389,2734,1.06,0.3318862356669763,0.48,P11602 A0A8V1AJT2 A0A1D5NTR5 A0A8V0YVT3 A0A8V0YDT5 A0A8V0YEZ4 A0A8V0XEJ0 A0A1D5NYG2 A0A8V0YW12 A0A8V0ZEJ3 A0A8V0YB43 A0A8V0ZY61 A0A8V0Z8V4 A0A8V0ZZG2 A0A8V1ACS0 A0A8V1ALE0 A0A8V1ABC8 A0A8V0Y722 A0A1L1RX77 A0A8V0XPE8 A0A8V0YW57 A0A8V0YHL6 A0A8V1ACD6 A0A8V1A7R0 A0A8V0Y4Q2 A0A8V1A3N1 A0A8V0ZTP1 A0A1D5PNL3 A0A8V0XJ84 A0A1D5NWP2 F1NGB8 A0A3Q2TU24 A0A8V0YEQ1 A0A8V0Y478 A0A8V0ZB91 A0A8V1AB05 A0A8V1A9R2 A0A8V1AB67 A0A8V0ZDZ5 A0A8V0Y070 A0A8V0ZQS2 A0A8V1AG56 A0A1D5PCU0 A0A8V0YM05 A0A8V1A9A7 A0A3Q3A4U3 A0A8V0XUK6 P02460 A0A8V0X637 E1BYF1 A0A8V0ZSX0 A0A8V0ZRU9 A0A3Q2TYT2 A0A8V0ZXC9 A0A8V0Y5K2 A0A1D5P7Y2 A0A1D5P0D7 A0A8V0XA92 A0A8V0Y7Y9 A0A8V0ZW46 A0A8V0ZE58 Q00649 A0A8V0Y103 A0A1D5PDV9 A0A8V1ABC9 A0A8V0XM58 A0A8V0YRK4 A0A8V1ADF6 E1BQI2 A0A8V0YR09 A0A8V1AFH0 A0A8V0YJV4 A0A8V0YMM6 A0A8V1AJI2 A0A1D5PT01 A0A8V1AJV5 A0A8V0YLT1 P33005 A0A8V0YRG2 A0A8V1A653 A0A8V0Y0V1 A0A8V0X4D8 A0A8V0YBZ6 A0A8V0ZBR8 A0A8V0ZI29 A0A8V0ZYM1 A0A8V0YGN8 A0A8V0YXG4 A0A1D5PIZ5 A0A8V0Y8L6 A0A8V0Z4J0 A0A8V0YC57 A0A8V0ZSG8 A0A8V0ZKS6 A0A8V0ZTA5 E1C733 A0A8V1AMI7 A0A8V0ZSX6 A0A8V0XKU5 A0A1D5PE57 Q8AWB4 A0A8V0Y969 A0A8V0XZV7 A0A8V0ZY91 A0A8V0Y1A4 A0A8V0ZF83 A0A8V0ZKI8 O12971 A0A1D5P655 A0A8V0XQS7 A0A8V0Z9Y8 A0A8V0Z4M1 P01875 A0A8V1AL54 A0A3Q2U3T5 A0A8V0YNQ0 Q98938 A0A8V0XCI3 A0A8V1A2P5 A0A1D5NZT1 A0A8V0XWF0 A0A8V0XUJ8 A0A8V0XYR2 A0A8V1AAN6 A0A8V1A3H9 A0A8V0XGL8 A0A8V0YQ88 A0A8V1AFC3 A0A8V0YHH6 A0A8V0Y1N7 A0A8V0X852 A0A1D5P1F1 A0A8V1AJ90 A0A8V0YS46 A0A8V0XB58 A0A8V0ZZU1 A0A8V0XDM2 A0A8V0X6J5 A0A8V0Z2J4 Q5ZJ58 A0A8V1A2F4 A0A8V0ZBJ8 Q9I946 A0A8V1A4I0 A0A8V0YDD6 Q5ZHL0 A0A8V0ZPH9 A0A8V0YWM3
Biological Process,positive regulation of organelle organization,6,GO:0010638,22,190,389,2734,0.81,0.33220968760027747,0.48,A0A8V1AG56 A0A8V1A9L3 A0A8V1A9A7 A0A8V0YGN8 A0A8V0XYR2 A0A8V0ZDK0 A0A8V0ZTA5 E1C733 A0A8V1AFC3 A0A8V0X5U3 A0A1L1RX77 A0A8V0X852 A0A1D5PNL3 A0A8V0XJ84 A0A8V0ZE30 A0A8V0XAF8 A0A1D5P655 A0A8V1A9R2 A0A8V0ZDZ5 A0A8V0YY70 A0A8V0Z4M1 A0A8V0ZPH9
Biological Process,microtubule cytoskeleton organization,3,GO:0000226,22,190,389,2734,0.81,0.33220968760027747,0.48,A0A8V1A6Y8 A0A1D5NTR5 A0A8V0YVT3 A0A1D5NYG2 A0A8V0Z4P8 A0A8V0ZDK0 A0A8V0X5U3 A0A8V0ZSX0 A0A8V0Y1N7 A0A1L1RZ23 A0A8V0XLH4 A0A8V0Z6B9 Q0PVE4 Q5ZJ58 A0A8V0ZT48 A0A8V0Z4U2 A0A8V0ZE30 A0A8V0YRK4 A0A1D5PBU5 A0A8V0X370 A0A8V0YIE9 A0A8V0ZLV6
Biological Process,chromosome segregation,3,GO:0007059,5,56,389,2734,0.63,0.33343239830281557,0.48,A0A8V0ZDK0 A0A1D5PBU5 A0A8V0ZW33 A0A8V0Z9Z7 R4GH52
Biological Process,anatomical structure homeostasis,3,GO:0060249,12,112,389,2734,0.75,0.33377853016564096,0.48,Q98938 A0A8V1AFH0 A0A8V0YJV4 A0A3Q3A4U3 P02460 E1BQB4 A0A8V0ZH54 A0A8V0Z4M1 A0A8V0YLZ5 A0A8V0YYQ9 A0A8V0XXK8 A0A1D5P0D7
Biological Process,mechanoreceptor differentiation,5,GO:0042490,4,19,389,2734,1.48,0.3341669743508799,0.48,A0A8V0YVT3 A0A8V1AJV5 A0A8V0YY70 A0A8V0XFB5
Biological Process,embryonic digit morphogenesis,4,GO:0042733,4,19,389,2734,1.48,0.3341669743508799,0.48,A0A8V0ZKI8 A0A8V1A9A7 Q98938 A0A8V1AG56
Biological Process,regulation of fibroblast growth factor receptor signaling pathway,5,GO:0040036,4,19,389,2734,1.48,0.3341669743508799,0.48,A0A8V1AG56 A0A8V0Z2J4 Q98938 A0A8V0Y5K2
Biological Process,triglyceride metabolic process,6,GO:0006641,4,19,389,2734,1.48,0.3341669743508799,0.48,A0A8V1A3H7 P11602 A0A8V0ZRU9 A0A8V0Y513
Biological Process,leg disc morphogenesis,5,GO:0007478,4,19,389,2734,1.48,0.3341669743508799,0.48,A0A8V0ZZG2 Q98938 A0A8V0ZZU1 O12971
Biological Process,response to mineralocorticoid,6,GO:0051385,4,19,389,2734,1.48,0.3341669743508799,0.48,A0A8V0ZTA5 A0A8V0XYR2 A0A8V1ABC9 A0A8V0YWM3
Biological Process,membrane biogenesis,4,GO:0044091,4,19,389,2734,1.48,0.3341669743508799,0.48,A0A3Q2UGW3 A0A8V0Y9F8 A0A8V0YDT5 A0A8V0XUK6
Biological Process,regulation of type I interferon production,5,GO:0032479,4,19,389,2734,1.48,0.3341669743508799,0.48,A0A8V1AB05 A0A8V1ABC8 A0A8V0ZZG2 A0A8V1AJ90
Biological Process,negative regulation of peptidyl-tyrosine phosphorylation,9,GO:0050732,4,19,389,2734,1.48,0.3341669743508799,0.48,A0A8V0Y0V1 A0A8V1A3S8 A0A8V0ZH54 A0A8V0YPA6
Biological Process,membrane fusion,5,GO:0061025,5,57,389,2734,0.62,0.33558694166704867,0.47,A0A8V0ZZU1 A0A8V1A2P5 A0A8V0Z7D4 A0A8V0ZX23 A0A1D5PC37
Biological Process,cellular response to insulin stimulus,6,GO:0032869,5,57,389,2734,0.62,0.33558694166704867,0.47,A0A8V0YB43 A0A1D5P655 A0A8V0Y1N7 A0A8V0ZRU9 Q5ZHL0
Biological Process,regulation of T cell activation,6,GO:0050863,5,57,389,2734,0.62,0.33558694166704867,0.47,A0A8V0ZWX9 A0A8V0ZZG2 Q98938 A0A8V1A9R2 A0A8V0XUK6
Biological Process,organonitrogen compound biosynthetic process,4,GO:1901566,57,450,389,2734,0.89,0.3371143331339986,0.47,Q5ZIB0 A0A1D5PCU0 A0A8V0ZWX9 A0A8V0X4D8 Q98938 A0A8V0XRC4 A0A8V0XDL7 A0A1D5PNB8 A0A8V0XMA2 A0A8V0YXG4 A0A8V0ZR84 A0A1D5PA74 A0A8V0Y8L6 A0A8V0Z4J0 A0A8V0ZIZ5 A0A8V0ZWH1 A0A8V0ZY61 A0A8V1ACS0 A0A8V1AHJ8 A0A8V0X637 A0A8V0WZN3 E1C3Z8 E1BYF1 A0A1L1RX77 A0A8V0XK73 A0A8V0Y7C8 A0A8V0Z1C5 A0A8V0XT35 E1C2T4 A0A8V0ZYN6 A0A1D5PNG3 Q8AWB4 A0A1D5P1F1 A0A8V0Z0B9 A0A8V0YS46 A0A8V0WZJ4 A0A8V0Z6S1 A0A1D5PJE0 A0A8V0ZW46 A0A3Q2UEL1 A0A8V1A2F4 A0A8V0XPN5 A0A8V0ZBJ8 A0A8V0Z865 A0A8V0Y2E5 A0A8V0Y218 A0A8V0YYQ9 A0A8V0Y513 F1NGB8 O12971 A0A1D5P201 A0A8V1ACQ8 A0A8V0ZFH4 A0A8V0Y6W2 A0A8V0YQC4 A0A8V0XQS7 Q76KB2
Biological Process,mesoderm development,4,GO:0007498,11,58,389,2734,1.33,0.33912380330650915,0.47,A0A8V1AG56 A0A8V0Y8L6 A0A8V0YS46 A0A8V0Z8V4 Q98938 A0A8V0YMM6 A0A8V0Y070 A0A8V0ZBJ8 A0A8V0YHH6 A0A8V0ZQP1 A0A8V0Z4M1
Biological Process,positive regulation of leukocyte activation,5,GO:0002696,11,58,389,2734,1.33,0.33912380330650915,0.47,A0A8V1AG56 A0A8V0ZWX9 Q98938 A0A8V1A9R2 A0A8V1ABC8 A0A8V0YW57 A0A8V0XUK6 A0A8V0XEJ0 P01875 A0A8V0ZQS2 A0A8V0YR09
Biological Process,sperm motility,2,GO:0097722,7,36,389,2734,1.37,0.33940807892586433,0.47,A0A1L1RZ23 A0A1D5PBU5 A0A8V0X370 A0A8V0Y1N7 A0A8V0YIE9 A0A8V0Z7D4 A0A8V0YT63
Biological Process,male gonad development,5,GO:0008584,7,36,389,2734,1.37,0.33940807892586433,0.47,A0A8V1AG56 A0A3Q2TU24 A0A1D5NZN4 A0A8V0ZY91 A0A1D5NTR5 A0A8V0YW57 A0A1D5NYG2
Biological Process,development of primary male sexual characteristics,4,GO:0046546,7,36,389,2734,1.37,0.33940807892586433,0.47,A0A8V1AG56 A0A3Q2TU24 A0A1D5NZN4 A0A8V0ZY91 A0A1D5NTR5 A0A8V0YW57 A0A1D5NYG2
Biological Process,regulation of leukocyte proliferation,5,GO:0070663,7,36,389,2734,1.37,0.33940807892586433,0.47,A0A8V0ZWX9 A0A8V0ZZG2 Q98938 A0A8V1A9R2 A0A8V1ABC8 A0A8V0XUK6 A0A8V0ZQS2
Biological Process,mesoderm morphogenesis,4,GO:0048332,7,36,389,2734,1.37,0.33940807892586433,0.47,A0A8V1AG56 A0A8V0YS46 A0A8V0Z8V4 A0A8V0YMM6 A0A8V0Y070 A0A8V0ZBJ8 A0A8V0YHH6
Biological Process,negative regulation of macromolecule biosynthetic process,6,GO:0010558,23,197,389,2734,0.82,0.3403433199949011,0.47,A0A8V0Y0V1 A0A8V1AG56 A0A8V0ZW33 A0A8V0YM05 A0A1D5NTR5 A0A8V0XFL3 A0A8V0Y290 A0A8V0YW12 A0A8V0XYR2 A0A8V0Z4J0 A0A8V1ACS0 A0A8V0Y0F3 A0A8V0ZSG8 A0A8V0ZSX6 A0A1D5PNG3 A0A8V1A7R0 A0A8V1ABC9 A0A8V0YF22 A0A8V0ZE30 A0A8V1A9R2 A0A8V0Z9Z7 A0A8V0Z4M1 A0A8V0ZQS2
Biological Process,positive regulation of cell development,6,GO:0010720,33,199,389,2734,1.17,0.3423335818133104,0.47,A0A8V0Y0V1 A0A8V0YNQ0 A0A8V1AG56 A0A8V0X4D8 Q98938 A0A8V0ZI29 A0A3Q3A4U3 A0A8V0YGN8 A0A8V0YDT5 A0A1D5NYG2 A0A8V0XYR2 A0A8V0YC57 A0A8V0XGL8 A0A8V0YLN5 A0A8V0Y7C8 A0A1D5P1F1 Q6JHU8 A0A1D5P0D7 A0A8V1AK88 A0A8V0XWZ8 A0A8V0Y1A4 A0A3Q2TT95 Q00649 A0A8V0Y2E5 A0A8V0ZKI8 A0A8V0ZB91 A0A1D5P655 A0A8V1AJI2 A0A8V0ZTG6 A0A1D5PT01 A0A8V0YDD6 A0A8V0Z4M1 A0A8V0YRG2
Biological Process,cellular response to acid chemical,4,GO:0071229,11,59,389,2734,1.31,0.34398142029400924,0.46,A0A8V1AG56 A0A1D5PE57 A0A8V0XDM2 A0A8V0Y1A4 Q00649 A0A8V0Y513 A0A8V0YDD6 A0A8V0Z4M1 A0A8V0XYR2 Q9I946 P02460
Biological Process,negative regulation of cell motility,5,GO:2000146,15,85,389,2734,1.24,0.3450144373821863,0.46,Q5ZMG0 A0A8V0YNQ0 A0A8V0ZWX9 A0A8V0Y0F3 A0A8V0Y290 A0A8V0YDT4 A0A8V0YM05 A0A8V0YMM6 A0A3Q3A4U3 A0A1L1RX77 A0A8V1AJV5 A0A1D5PE57 A0A8V0ZPH9 A0A8V1A7R0 E1BQI2
Biological Process,system process,2,GO:0003008,49,390,389,2734,0.88,0.3475283758389839,0.46,A0A8V0YNQ0 A0A8V0YM05 A0A8V1AEJ4 A0A8V1A9A7 A0A1D5NTR5 A0A8V0YVT3 R4GGQ4 A0A1D5PA74 A0A1D5NYG2 A0A8V0XYR2 P02460 A0A8V0YC57 A0A8V0Y8G8 A0A3Q2U2N5 A0A8V0XGL8 A0A8V1ALE0 A0A8V0ZSG8 A0A3Q2UGW3 A0A1D5PQV0 A0A8V0ZSX6 A0A8V0Y1N7 A0A8V0Z888 A0A8V0XF68 A0A8V0XA92 A0A8V0XB58 A0A1D5P0X0 A0A8V0ZY91 A0A8V0Z086 A0A8V0Y2E5 A0A8V0Z7D4 A0A8V1ABC9 A0A8V0YRK4 A0A8V0Y513 A0A8V0XAF8 A0A8V0ZKI8 A0A8V0YEQ1 A0A1D5P655 A0A8V0ZRE1 A0A8V1A9R2 A0A8V1AB67 A0A8V0YJV4 A0A8V0YY70 A0A8V0XX41 A0A8V0X370 A0A8V0XZQ1 A0A8V1AJV5 A0A8V0XFB5 A0A8V0Z4M1 A0A8V0YRG2
Biological Process,leukocyte mediated immunity,3,GO:0002443,31,255,389,2734,0.85,0.3475754224122143,0.46,A0A8V1AFE7 A0A8V1A3D7 A0A8V0XXM5 A0A8V0XCI3 A0A8V0XEJ0 A0A8V0YW12 E1BS94 A0A8V0YB43 A0A3Q2U2N5 A0A8V0ZQJ4 A0A8V1ABC8 A0A8V0YLN5 A0A8V0YW57 A0A1L1RSD2 A0A8V0ZZD4 A0A8V0ZZU1 A0A8V0XDM2 A0A8V0Z1E9 A0A8V0YZJ3 A0A8V0ZY42 A0A8V0Z086 A0A8V0ZZH6 A0A8V0ZVP0 A0A8V0YR09 A0A8V0ZZJ1 Q05744 A0A8V1AFH0 A0A1D5P655 A0A8V1AB67 P01875 A0A8V0ZQS2
Biological Process,epithelial cell development,4,GO:0002064,18,158,389,2734,0.8,0.34783265300956034,0.46,A0A8V1AG56 A0A8V1AHJ8 Q0PVE4 A0A8V0ZZU1 A0A8V0XGL8 Q98938 A0A8V0ZI29 A0A8V1AB05 A0A8V1A9R2 A0A8V1ABC8 A0A3Q2UEL1 A0A8V0XDL7 A0A1D5P655 A0A8V0Y070 A0A8V0ZT48 A0A8V0YDT5 A0A8V1AJV5 A0A8V0ZE30
Biological Process,positive regulation of cellular component biogenesis,5,GO:0044089,24,205,389,2734,0.82,0.34888385942553823,0.46,A0A8V0X4D8 A0A8V0ZI29 A0A1D5NTR5 A0A8V0YDT5 A0A8V0Y290 A0A8V0XYR2 A0A8V0Y0F3 E1C733 A0A8V0X5U3 A0A8V0X852 Q0PVE4 F1NEZ4 A0A8V0ZBA3 A0A8V0XWZ8 A0A8V0XJ84 A0A1D5PDV9 A0A8V1ABC9 A0A8V0ZE30 A0A1D5P655 A0A8V1AB05 A0A8V1A9R2 A0A8V0Z4M1 A0A8V0ZPH9 A0A8V0YRG2
Biological Process,system development,3,GO:0048731,186,1245,389,2734,1.05,0.3501403015942365,0.46,A0A8V1A9L3 A0A8V0ZWX9 A0A1D5NTR5 A0A8V0YVT3 A0A8V0YDT5 A0A1D5NYG2 A0A8V0ZEJ3 A0A8V0YB43 A0A8V0Z8V4 A0A8V0ZZG2 A0A8V0Y722 A0A1L1RX77 A0A8V0XPE8 A0A8V0YW57 A0A8V0YHL6 A0A8V1ACD6 A0A8V1A7R0 A0A8V0ZA56 A0A8V0Y4Q2 F1NEZ4 A0A8V0ZTP1 A0A8V0ZKV3 A0A1D5PNL3 A0A8V0ZT48 A0A8V0Y9F8 A0A8V0XJ84 A0A1D5NWP2 A0A8V0YYQ9 A0A8V0XXK8 F1NGB8 A0A3Q2TU24 A0A8V0YEQ1 A0A8V0Y478 A0A8V0ZB91 A0A8V1AB05 A0A8V1A9R2 A0A8V1AB67 A0A8V0ZHK9 A0A8V0Y070 A0A8V1AG56 A0A8V0XCX4 A0A8V0XXM5 A0A8V0YM05 A0A8V1A9A7 A0A3Q3A4U3 A0A3Q2TVX1 A0A8V0XRN3 P02460 A0A8V0Y0F3 A0A8V0YUF6 A0A8V0X637 A0A8V0XK73 A0A8V0ZSX0 A0A8V0ZF99 A0A8V0ZRU9 A0A1D5NZN4 A0A8V1AAH7 A0A1D5P0D7 A0A1D5PRH9 Q0PVE4 A0A8V0XA92 A0A8V0ZE58 Q00649 A0A8V0Y103 A0A1D5PDV9 A0A8V1ABC9 A0A8V0XM58 A0A8V0YA97 A0A8V0YRK4 A0A8V1ADF6 E1BQI2 A0A8V0Y513 A0A8V0YR09 A0A8V0Y413 A0A8V0YJV4 A0A8V0X5K9 A0A8V0YMM6 A0A8V0YY70 A0A8V1AJI2 A0A1D5PT01 A0A8V1AJV5 A0A8V0YLT1 A0A8V0ZQP1 P33005 A0A8V0YRG2 Q76KB2 A0A8V1A653 A0A8V0Y0V1 A0A8V0X4D8 A0A8V0ZBR8 A0A8V0ZI29 A0A8V0YGN8 A0A8V0YXG4 A0A1D5PIZ5 A0A8V0ZIF0 A0A8V0YG88 A0A8V0XFL3 A0A8V0Y8L6 A0A8V0ZDK0 A0A8V1AHJ8 A0A8V0ZSG8 A0A8V0ZKS6 A0A8V0ZTA5 E1C733 A0A8V0YLN5 A0A8V0ZSX6 A0A8V0XKU5 A0A8V0Z888 A0A1D5PE57 A0A8V0ZAU8 Q8AWB4 A0A8V0Y969 A0A8V0ZMU3 A0A8V0XZV7 A0A8V0YRN1 A0A8V0XWZ8 A0A8V0ZY91 A0A8V0Y1A4 A0A8V0YPB9 A0A8V0YBD7 A0A1D5PLP1 A0A8V0ZF83 A0A8V0ZKI8 O12971 A0A8V0YDT4 A0A8V0X9N1 A0A1D5P655 A0A8V0ZES4 A0A8V0XX41 A0A8V0ZTG6 A0A8V0X370 A0A8V0XK27 A0A8V0ZFH4 A0A8V0XZQ1 A0A8V0YIE9 A0A8V0Z4M1 A0A8V0YNQ0 Q98938 A0A8V0XRC4 A0A8V0XCI3 A0A1D5NW03 A0A8V0ZW33 A0A8V1A2P5 A0A1D5NZT1 A0A8V0ZFG7 A0A8V0XUJ8 A0A8V0Y290 A0A8V0XYR2 A0A8V0Y4G8 A0A8V0YMR1 A0A8V1A3H9 A0A8V1AAN6 A0A8V0XGY8 A0A8V0XGL8 A0A3Q2UGW3 A0A8V0WZN3 A0A1D5PQV0 A0A8V0Y7C8 A0A8V0Y1N7 A0A1D5P1F1 Q6JHU8 A0A8V0XF68 A0A8V0YS46 A0A8V0WZJ4 A0A8V0XB58 A0A8V0ZZU1 A0A8V0XDM2 A0A8V0YE20 Q5ZJ58 A0A3Q2UEL1 A0A8V1A2F4 A0A8V0Z2J4 A0A3Q2TT95 A0A8V0Y2E5 A0A8V0ZH54 A0A8V0XX49 Q9I946 A0A8V0XAF8 A0A8V1A3S8 A0A8V1A4I0 A0A8V0Z9Z7 A0A8V0YDD6 F1NSM7 A0A8V0XFB5 Q5ZHL0 A0A8V0YWM3
Biological Process,response to acid chemical,3,GO:0001101,21,121,389,2734,1.22,0.3501795788932919,0.46,A0A8V0YNQ0 A0A8V1AG56 A0A8V1A2P5 A0A8V0YEZ4 A0A8V0XYR2 P02460 A0A8V1AHJ8 A0A8V0YW57 A0A8V0Z1C5 A0A1D5PE57 A0A8V0XDM2 A0A8V0Y1A4 Q00649 Q9I946 A0A8V0Y513 A0A8V0ZKI8 A0A3Q2TU24 A0A8V0YJV4 A0A8V0YDD6 A0A8V0Z4M1 A0A8V0YWM3
Biological Process,viral process,1,GO:0016032,9,88,389,2734,0.72,0.3513141949403378,0.45,A0A8V1ACS0 A0A8V0X4D8 A0A8V0ZZG2 A0A1D5NVM6 A0A8V0ZYM1 A0A8V0ZSX6 A0A8V0Z9Y8 A0A8V0Z4J0 A0A8V0XAE5
Biological Process,regulation of protein localization to plasma membrane,7,GO:1903076,3,37,389,2734,0.57,0.35139682979019327,0.45,A0A8V0YRG2 A0A8V0XB58 A0A8V0Z9Y8
Biological Process,cotranslational protein targeting to membrane,6,GO:0006613,3,37,389,2734,0.57,0.35139682979019327,0.45,A0A8V1ACS0 A0A8V0Z4J0 A0A8V0XPN5
Biological Process,positive regulation of organelle assembly,6,GO:1902117,3,37,389,2734,0.57,0.35139682979019327,0.45,A0A8V0ZE30 A0A8V0XYR2 A0A8V0X5U3
Biological Process,positive regulation of actin filament polymerization,7,GO:0030838,3,37,389,2734,0.57,0.35139682979019327,0.45,A0A1D5P655 E1C733 A0A8V0X852
Biological Process,negative regulation of cysteine-type endopeptidase activity,8,GO:2000117,3,38,389,2734,0.55,0.35140485471707694,0.45,A0A8V0Z4M1 A0A8V0X852 A0A8V0YRF2
Biological Process,nucleoside metabolic process,4,GO:0009116,3,38,389,2734,0.55,0.35140485471707694,0.45,A0A8V0ZWX9 A0A8V0ZG46 A0A1D5PNB8
Biological Process,fatty acid derivative metabolic process,4,GO:1901568,3,38,389,2734,0.55,0.35140485471707694,0.45,A0A1D5P1F1 A0A8V0XYR2 A0A8V0ZIZ5
Biological Process,adult locomotory behavior,4,GO:0008344,3,38,389,2734,0.55,0.35140485471707694,0.45,A0A8V0ZSX0 A0A1D5P1F1 A0A1D5PNL3
Biological Process,"nuclear-transcribed mRNA catabolic process, nonsense-mediated decay",8,GO:0000184,3,38,389,2734,0.55,0.35140485471707694,0.45,A0A8V1ACS0 A0A8V0Z4J0 A0A8V0XPN5
Biological Process,chemical homeostasis,2,GO:0048878,32,262,389,2734,0.86,0.35343941003152735,0.45,P11602 A0A8V1A9A7 A0A8V0YPA6 A0A8V0XYR2 A0A3Q2U2N6 A0A8V0YFB8 Q5ZHL0 A0A8V0ZKS6 A0A1D5PQV0 E1C733 A0A1L1RX77 A0A8V0ZRU9 A0A8V1A4P2 A0A8V0YRF2 A0A8V1A7R0 A0A8V0XB58 A0A3Q2UEL1 A0A8V0Y2E5 A0A8V1ABC9 A0A1D5NWP2 A0A8V0XX49 A0A8V0Y513 A0A8V0XAF8 A0A8V0ZKI8 A0A8V1A9R2 A0A8V0YJV4 A0A8V0ZES4 A0A8V0XLN9 A0A8V0YDD6 A0A8V1AJV5 A0A8V0YLT1 A0A8V0Z4M1
Biological Process,negative regulation of cell cycle process,6,GO:0010948,3,39,389,2734,0.54,0.3535210833512257,0.45,A0A8V0YW57 A0A8V0YRK4 A0A8V0Z9Z7
Biological Process,lysosomal transport,5,GO:0007041,3,39,389,2734,0.54,0.3535210833512257,0.45,A0A8V0YLN5 A0A8V0ZRU9 A0A8V0XTW4
Biological Process,monoatomic ion transport,4,GO:0006811,25,210,389,2734,0.84,0.35538135079298805,0.45,A0A1D5PCU0 A0A8V0ZWX9 A0A8V0YG88 A0A8V0XYR2 A0A3Q2U2N6 A0A8V0YFB8 A0A3Q2U2N5 E1C733 A0A8V0YLZ5 A0A8V0Y4Q2 A0A8V0XB58 A0A8V0XDM2 A0A8V0ZY91 A0A8V0Z5R3 A0A1D5NWP2 A0A8V0YU83 A0A8V0Z249 F1P4D6 A0A8V1AB67 A0A8V0ZES4 A0A8V0XLN9 A0A8V1AM47 A0A8V1AJV5 A0A8V0YLT1 Q5ZHL0
Biological Process,regulation of primary metabolic process,4,GO:0080090,125,936,389,2734,0.94,0.35650478172650873,0.45,Q5ZMG0 A0A8V1A9L3 A0A8V1AJT2 A0A1D5NTR5 A0A8V0YW12 A0A8V0YB43 A0A8V1ACS0 A0A8V0ZZG2 A0A8V1ABC8 A0A8V0X5U3 A0A1L1RX77 A0A8V0YW57 A0A8V0XXW6 A0A8V1A7R0 A0A8V0ZA56 A0A8V1A3N1 A0A1D5PNL3 A0A8V0Y9F8 A0A8V0YY90 A0A8V0XJ84 A0A3Q2TU24 A0A8V0ZB91 A0A8V1A9R2 A0A8V0ZDZ5 A0A8V0Y070 A0A8V0ZQS2 A0A8V1AG56 A0A8V0YM05 A0A8V1A9A7 A0A3Q3A4U3 A0A8V1A8R6 A0A8V0XUK6 A0A8V0XRN3 A0A8V0ZC57 A0A8V0Y0F3 A0A8V0X637 E1BYF1 A0A8V0ZP32 A0A8V0ZRU9 A0A8V1AKH4 A0A8V0YRF2 A0A1D5NZN4 A0A8V0X1T3 A0A1D5P0D7 A0A8V1AK88 Q0PVE4 A0A8V0Y7Y9 A0A8V1AA32 A0A8V0ZE58 A0A8V0XPN5 Q00649 A0A8V1ABC9 A0A8V0YF22 A0A8V0XM58 A0A8V0ZE30 A0A8V0YRK4 E1BQI2 A0A8V0YR09 A0A1D5P201 A0A8V0Y413 A0A8V0YMM6 A0A8V1AJI2 A0A8V1AJV5 A0A8V0YRG2 A0A8V1A653 A0A8V0Y0V1 A0A8V0X4D8 A0A8V0YBZ6 A0A8V0YXG4 A0A1L1RP76 A0A8V0YPA6 A0A8V0XFL3 A0A8V0X643 A0A8V0Z4J0 A0A8V0ZSG8 A0A8V0ZKS6 A0A8V0ZTA5 E1C733 A0A8V0ZSX6 Q8AWB4 A0A1D5PC37 A0A8V0Z438 A0A8V0XWZ8 A0A1D5PLP1 A0A8V0ZF83 A0A8V0ZKI8 A0A1D5P655 A0A8V0YDT4 A0A8V0Z4M1 A0A8V0YNQ0 Q98938 A0A8V0XRC4 A0A8V0Y999 A0A8V0ZW33 A0A8V0ZFG7 A0A8V0Y290 A0A8V0XYR2 A0A8V1A3H9 A0A8V0XGL8 A0A8V1A8N2 A0A1D5PQV0 A0A8V1AFC3 A0A8V0YHH6 A0A8V0X852 A0A1D5PNG3 A0A1D5P1F1 Q6JHU8 A0A8V1AJ90 A0A8V0YS46 A0A8V0WZJ4 A0A8V0XB58 A0A8V0XDM2 Q5ZJ58 A0A3Q2TT95 A0A8V0Y2E5 A0A8V0ZH54 Q9I946 A0A8V0XAF8 A0A8V1A3S8 A0A8V0Z9Z7 A0A8V0Y614 A0A8V0YDD6 A0A8V0XFB5 A0A8V0ZPH9 A0A8V0YWM3
Biological Process,positive regulation of MAP kinase activity,8,GO:0043406,11,61,389,2734,1.27,0.3573894970612257,0.45,A0A8V1ACS0 A0A8V1AG56 A0A3Q2TU24 A0A8V1A3N1 A0A1D5PNL3 A0A3Q3A4U3 A0A8V0XJ84 A0A8V0Z4M1 A0A8V0XYR2 A0A8V0Z4J0 Q9I946
Biological Process,negative regulation of neuron projection development,7,GO:0010977,11,61,389,2734,1.27,0.3573894970612257,0.45,A0A8V1AG56 A0A8V0Z8V4 A0A8V0XGL8 A0A8V0ZI29 A0A8V0ZKS6 A0A8V1AB05 A0A8V0YDT5 A0A8V1ACD6 A0A8V0YRG2 A0A8V0YRK4 A0A8V0YMR1
Biological Process,regulation of ATP-dependent activity,3,GO:0043462,3,40,389,2734,0.53,0.3576324979890412,0.45,Q5ZHX2 A0A8V1AB67 A0A8V0Y7Y9
Biological Process,positive regulation of lipid metabolic process,5,GO:0045834,3,40,389,2734,0.53,0.3576324979890412,0.45,A0A8V1AK88 Q5ZJ58 A0A8V0ZE58
Biological Process,regulation of tube diameter,5,GO:0035296,3,40,389,2734,0.53,0.3576324979890412,0.45,A0A8V0XAF8 A0A8V0XYR2 A0A8V0Y513
Biological Process,positive regulation of small molecule metabolic process,5,GO:0062013,3,40,389,2734,0.53,0.3576324979890412,0.45,A0A8V1A7R0 A0A8V1AK88 A0A8V0Y2E5
Biological Process,peptidyl-amino acid modification,5,GO:0018193,28,167,389,2734,1.18,0.3596197386671353,0.44,A0A8V0ZHL4 A0A8V0YW12 A0A8V0YIV5 A0A8V0ZY61 A0A8V0ZSG8 E1BYF1 A0A1L1RX77 A0A3Q2TYT2 A0A8V0XA12 Q6JHU8 A0A1L1RZ23 A0A8V0Z6S1 A0A8V0XB58 A0A8V0ZW46 A0A8V1A3N1 A0A8V0Z2J4 A0A8V1A2F4 A0A8V1ABC9 A0A8V0YRK4 A0A8V1A9R2 A0A8V1ACQ8 A0A8V0Y6W2 A0A1D5PT01 R4GH52 A0A8V0XQS7 A0A8V0ZX23 A0A8V0ZPH9 A0A8V0YRG2
Biological Process,embryonic skeletal system morphogenesis,5,GO:0048704,5,23,389,2734,1.53,0.3607877170720175,0.44,A0A8V0YEQ1 A0A8V0YS46 A0A8V0X9N1 A0A8V0XJ84 P02460
Biological Process,cholesterol metabolic process,5,GO:0008203,5,23,389,2734,1.53,0.3607877170720175,0.44,A0A8V1AK88 A0A8V1A9A7 A0A8V0Y9F8 A0A8V0ZRU9 A0A8V1A3H7
Biological Process,regulation of heart rate,3,GO:0002027,5,23,389,2734,1.53,0.3607877170720175,0.44,A0A8V0ZWX9 A0A8V0XB58 A0A8V0XCI3 A0A8V0ZY91 A0A8V0XYR2
Biological Process,positive regulation of canonical NF-kappaB signal transduction,7,GO:0043123,5,23,389,2734,1.53,0.3607877170720175,0.44,A0A8V0ZDZ5 A0A8V1ABC8 A0A1D5PNL3 E1BYF1 A0A8V1AJ90
Biological Process,response to metal ion,4,GO:0010038,14,126,389,2734,0.78,0.3611094730817036,0.44,A0A8V1AG56 A0A8V1AHJ8 A0A8V0XB58 A0A8V0XGL8 A0A8V0ZTA5 A0A1D5PQV0 A0A8V0ZES4 A0A8V0YDD6 A0A8V0YLT1 A0A1D5NWP2 A0A1D5NZN4 A0A1D5P1F1 A0A8V0XYR2 A0A8V0Y513
Biological Process,protein modification by small protein conjugation or removal,6,GO:0070647,14,126,389,2734,0.78,0.3611094730817036,0.44,A0A8V1ACS0 A0A8V0ZZG2 A0A8V1A4K1 A0A8V0ZSG8 A0A8V0YPH9 A0A1D5PNL3 A0A8V0ZY42 A0A8V0ZFG7 A0A1L1RP76 A0A8V0YRF2 Q5ZKV5 A0A8V0Z4J0 A0A8V0YFD4 A0A8V1AJ90
Biological Process,regulation of endocytosis,5,GO:0030100,14,126,389,2734,0.78,0.3611094730817036,0.44,A0A8V1AG56 A0A8V0XFL3 A0A8V0ZZU1 A0A1D5P655 A0A8V1AA32 A0A8V0YGN8 A0A8V0YVT3 A0A8V0ZRU9 A0A1D5NWP2 A0A8V1ABC9 A0A8V0Z9Y8 A0A8V0Z4M1 A0A1D5PC37 A0A8V0YR09
Biological Process,spindle organization,3,GO:0007051,6,62,389,2734,0.68,0.361151960618408,0.44,A0A8V0ZDK0 A0A1D5PBU5 A0A8V0X5U3 A0A8V0ZE30 A0A8V0YRK4 A0A8V0Z4P8
Biological Process,response to heat,3,GO:0009408,6,63,389,2734,0.67,0.3616329912312115,0.44,A0A8V1AEJ4 A0A8V0ZTA5 A0A8V0YEZ4 Q00649 A0A8V0ZSX6 A0A8V0Z7D4
Biological Process,positive regulation of cell projection organization,6,GO:0031346,28,169,389,2734,1.16,0.36354098381865696,0.44,A0A8V0Y0V1 A0A8V0YNQ0 A0A8V1AG56 A0A8V0X4D8 A0A8V0ZI29 A0A3Q3A4U3 A0A8V0YGN8 A0A1D5NTR5 A0A8V0YDT5 A0A1D5NYG2 A0A8V0YLN5 A0A1D5P1F1 Q6JHU8 Q0PVE4 A0A8V0ZBA3 A0A8V0XWZ8 A0A8V0Y1A4 Q00649 A0A8V0XJ84 A0A8V0ZKI8 A0A8V0ZB91 A0A1D5P655 A0A8V1AB05 A0A8V0YY70 A0A8V1AJI2 A0A1D5PT01 A0A8V0YDD6 A0A8V0Z4M1
Biological Process,follicle cell of egg chamber development,3,GO:0030707,10,94,389,2734,0.75,0.3686598141650528,0.43,Q0PVE4 A0A8V0ZZU1 Q98938 A0A8V0ZI29 A0A8V1AB05 A0A8V1A9R2 A0A1D5P655 A0A3Q2UEL1 A0A8V0YDT5 A0A8V0ZE30
Biological Process,positive regulation of synaptic transmission,5,GO:0050806,8,42,389,2734,1.34,0.3713422425959307,0.43,A0A8V0YNQ0 A0A1D5P1F1 A0A8V0ZSX6 A0A8V0YLT1 A0A3Q2TYT2 A0A8V0YRG2 A0A8V0YRK4 A0A1D5PC37
Biological Process,negative regulation of leukocyte activation,5,GO:0002695,5,24,389,2734,1.46,0.37290405648840874,0.43,A0A8V0ZZG2 Q98938 A0A8V1A9R2 A0A8V0ZQS2 A0A8V0YR09
Biological Process,positive regulation of leukocyte chemotaxis,6,GO:0002690,5,24,389,2734,1.46,0.37290405648840874,0.43,A0A8V1AG56 A0A8V0Y413 A0A8V0Z4M1 A0A8V0XYR2 A0A8V0YR09
Biological Process,male anatomical structure morphogenesis,3,GO:0090598,5,24,389,2734,1.46,0.37290405648840874,0.43,A0A8V0ZZU1 A0A8V0ZKS6 A0A8V0ZH54 A0A8V0ZQP1 P33005
Biological Process,regulation of complement activation,5,GO:0030449,5,24,389,2734,1.46,0.37290405648840874,0.43,A0A8V1AA32 A0A8V1A8N2 A0A8V0ZP32 A0A8V1A8R6 A0A8V1AKH4
Biological Process,positive regulation of axon extension,6,GO:0045773,5,24,389,2734,1.46,0.37290405648840874,0.43,A0A8V1AG56 A0A8V0ZB91 A0A1D5P655 A0A8V0YDD6 A0A8V0Z4M1
Biological Process,acylglycerol metabolic process,5,GO:0006639,5,24,389,2734,1.46,0.37290405648840874,0.43,P11602 A0A8V0Y9F8 A0A8V0ZRU9 A0A8V1A3H7 A0A8V0Y513
Biological Process,antigen receptor-mediated signaling pathway,5,GO:0050851,5,24,389,2734,1.46,0.37290405648840874,0.43,A0A1D5PNL3 A0A8V0XUK6 A0A8V0XEJ0 P01875 A0A8V0ZQS2
Biological Process,toll-like receptor signaling pathway,6,GO:0002224,5,24,389,2734,1.46,0.37290405648840874,0.43,A0A8V1ACS0 A0A8V1AFH0 A0A8V1ABC8 A0A8V0Z4J0 A0A8V0YR09
Biological Process,negative regulation of cation transmembrane transport,7,GO:1904063,5,24,389,2734,1.46,0.37290405648840874,0.43,A0A8V0XB58 A0A8V0ZY91 A0A8V1AJV5 A0A8V0ZRU9 A0A8V0YRG2
Biological Process,negative regulation of Notch signaling pathway,6,GO:0045746,5,24,389,2734,1.46,0.37290405648840874,0.43,A0A8V0ZZG2 O12971 A0A8V0XFL3 Q5ZKV5 A0A8V1AAH7
Biological Process,regulation of axon regeneration,5,GO:0048679,5,24,389,2734,1.46,0.37290405648840874,0.43,A0A8V0ZKS6 A0A8V0ZI29 A0A8V1AB05 A0A1D5PT01 A0A8V0YDT5
Biological Process,neutral lipid metabolic process,4,GO:0006638,5,24,389,2734,1.46,0.37290405648840874,0.43,P11602 A0A8V0Y9F8 A0A8V0ZRU9 A0A8V1A3H7 A0A8V0Y513
Biological Process,regulation of adaptive immune response,5,GO:0002819,5,24,389,2734,1.46,0.37290405648840874,0.43,A0A8V0ZWX9 A0A8V1AA32 A0A8V1A9R2 A0A8V0YW57 A0A8V0ZSX6
Biological Process,regulation of mitotic metaphase/anaphase transition,7,GO:0030071,2,9,389,2734,1.56,0.3737414776999751,0.43,A0A8V0ZDK0 A0A8V0Z9Z7
Biological Process,smooth muscle cell differentiation,5,GO:0051145,2,9,389,2734,1.56,0.3737414776999751,0.43,A0A8V0Z4M1 A0A8V0XRN3
Biological Process,mitotic DNA integrity checkpoint signaling,5,GO:0044774,2,9,389,2734,1.56,0.3737414776999751,0.43,A0A8V0YW57 A0A8V0YRK4
Biological Process,regulation of sensory perception of pain,7,GO:0051930,2,9,389,2734,1.56,0.3737414776999751,0.43,A0A8V0XYR2 A0A8V1AFH0
Biological Process,type II interferon-mediated signaling pathway,6,GO:0060333,2,9,389,2734,1.56,0.3737414776999751,0.43,A0A8V0XB58 A0A8V1AJ90
Biological Process,mitotic DNA damage checkpoint signaling,6,GO:0044773,2,9,389,2734,1.56,0.3737414776999751,0.43,A0A8V0YW57 A0A8V0YRK4
Biological Process,positive regulation of chromosome segregation,7,GO:0051984,2,9,389,2734,1.56,0.3737414776999751,0.43,A0A8V0ZDK0 A0A8V0X5U3
Biological Process,long-term synaptic potentiation,4,GO:0060291,2,9,389,2734,1.56,0.3737414776999751,0.43,A0A8V0YNQ0 A0A8V0YRK4
Biological Process,positive regulation of meiotic cell cycle,5,GO:0051446,2,9,389,2734,1.56,0.3737414776999751,0.43,A0A8V1AG56 O12971
Biological Process,"nucleotide-excision repair, DNA damage recognition",6,GO:0000715,2,9,389,2734,1.56,0.3737414776999751,0.43,A0A8V1ACS0 A0A8V0Z4J0
Biological Process,cranial nerve development,4,GO:0021545,2,9,389,2734,1.56,0.3737414776999751,0.43,A0A8V0YRG2 A0A8V1ACD6
Biological Process,positive regulation of cardiac muscle tissue growth,7,GO:0055023,2,9,389,2734,1.56,0.3737414776999751,0.43,A0A8V1AK88 A0A8V0XYR2
Biological Process,positive regulation of protein localization to cell surface,6,GO:2000010,2,9,389,2734,1.56,0.3737414776999751,0.43,A0A1D5PC37 Q98938
Biological Process,regulation of glial cell proliferation,5,GO:0060251,2,9,389,2734,1.56,0.3737414776999751,0.43,A0A8V0YNQ0 A0A8V0XGL8
Biological Process,vitamin transport,4,GO:0051180,2,9,389,2734,1.56,0.3737414776999751,0.43,A0A8V0X783 A0A8V0XDM2
Biological Process,RNA stabilization,4,GO:0043489,2,9,389,2734,1.56,0.3737414776999751,0.43,A0A8V0Z4M1 A0A8V1ABC8
Biological Process,regulation of terminal button organization,7,GO:2000331,2,9,389,2734,1.56,0.3737414776999751,0.43,A0A1D5NTR5 A0A1D5NYG2
Biological Process,central nervous system projection neuron axonogenesis,9,GO:0021952,2,9,389,2734,1.56,0.3737414776999751,0.43,A0A8V0YRG2 Q98938
Biological Process,receptor signaling pathway via JAK-STAT,5,GO:0007259,2,9,389,2734,1.56,0.3737414776999751,0.43,A0A8V1A9R2 A0A8V1A7R0
Biological Process,positive regulation of T cell differentiation,8,GO:0045582,2,9,389,2734,1.56,0.3737414776999751,0.43,A0A8V0ZWX9 Q98938
Biological Process,basement membrane assembly,6,GO:0070831,2,9,389,2734,1.56,0.3737414776999751,0.43,A0A1D5NTR5 A0A1D5NYG2
Biological Process,lipopolysaccharide-mediated signaling pathway,4,GO:0031663,2,9,389,2734,1.56,0.3737414776999751,0.43,A0A8V1ABC8 A0A8V0YR09
Biological Process,homeostasis of number of cells within a tissue,4,GO:0048873,2,9,389,2734,1.56,0.3737414776999751,0.43,A0A8V0Z4M1 A0A8V0XXK8
Biological Process,glycosphingolipid catabolic process,6,GO:0046479,2,9,389,2734,1.56,0.3737414776999751,0.43,A0A8V0Z086 A0A8V0YC98
Biological Process,cartilage development involved in endochondral bone morphogenesis,5,GO:0060351,2,9,389,2734,1.56,0.3737414776999751,0.43,Q98938 P02460
Biological Process,response to magnesium ion,5,GO:0032026,2,9,389,2734,1.56,0.3737414776999751,0.43,A0A1D5P1F1 A0A8V0ZES4
Biological Process,ribonucleotide catabolic process,5,GO:0009261,2,9,389,2734,1.56,0.3737414776999751,0.43,A0A8V1A9L3 A0A8V0YC57
Biological Process,nucleoside catabolic process,5,GO:0009164,2,9,389,2734,1.56,0.3737414776999751,0.43,A0A8V0ZWX9 A0A1D5PNB8
Biological Process,purine ribonucleotide catabolic process,6,GO:0009154,2,9,389,2734,1.56,0.3737414776999751,0.43,A0A8V1A9L3 A0A8V0YC57
Biological Process,ceramide biosynthetic process,5,GO:0046513,2,9,389,2734,1.56,0.3737414776999751,0.43,A0A8V0WZN3 A0A8V0X637
Biological Process,ceramide catabolic process,5,GO:0046514,2,9,389,2734,1.56,0.3737414776999751,0.43,A0A8V0Z086 A0A8V0YC98
Biological Process,regulation of p38MAPK cascade,7,GO:1900744,2,9,389,2734,1.56,0.3737414776999751,0.43,A0A8V0Z4M1 A0A1D5P0D7
Biological Process,regulation of receptor binding,5,GO:1900120,2,9,389,2734,1.56,0.3737414776999751,0.43,A0A8V0ZRU9 A0A8V0ZI29
Biological Process,membrane raft organization,5,GO:0031579,2,9,389,2734,1.56,0.3737414776999751,0.43,A0A1D5PRH9 A0A8V0XUK6
Biological Process,skeletal muscle fiber development,6,GO:0048741,2,9,389,2734,1.56,0.3737414776999751,0.43,A0A8V0ZAU8 A0A1D5P0D7
Biological Process,regulation of mitochondrial membrane permeability,4,GO:0046902,2,9,389,2734,1.56,0.3737414776999751,0.43,A0A8V0ZSX0 A0A8V1A7R0
Biological Process,receptor signaling pathway via STAT,4,GO:0097696,2,9,389,2734,1.56,0.3737414776999751,0.43,A0A8V1A9R2 A0A8V1A7R0
Biological Process,positive regulation of interleukin-1 production,6,GO:0032732,2,9,389,2734,1.56,0.3737414776999751,0.43,A0A8V1AG56 Q00649
Biological Process,cellular hyperosmotic response,5,GO:0071474,2,9,389,2734,1.56,0.3737414776999751,0.43,A0A8V0ZSX6 A0A8V0YJV4
Biological Process,autophagosome maturation,6,GO:0097352,2,9,389,2734,1.56,0.3737414776999751,0.43,A0A8V0Y7Y9 A0A8V0ZH54
Biological Process,cellular response to fluid shear stress,4,GO:0071498,2,9,389,2734,1.56,0.3737414776999751,0.43,A0A8V0YLT1 A0A8V0Y2E5
Biological Process,mRNA stabilization,5,GO:0048255,2,9,389,2734,1.56,0.3737414776999751,0.43,A0A8V0Z4M1 A0A8V1ABC8
Biological Process,phagosome maturation involved in apoptotic cell clearance,6,GO:0090386,2,9,389,2734,1.56,0.3737414776999751,0.43,A0A8V0ZZU1 A0A1D5PC37
Biological Process,mesoderm migration involved in gastrulation,3,GO:0007509,2,9,389,2734,1.56,0.3737414776999751,0.43,A0A8V0YS46 A0A8V0Z8V4
Biological Process,regulation of heterotypic cell-cell adhesion,6,GO:0034114,2,9,389,2734,1.56,0.3737414776999751,0.43,A0A1D5NTR5 A0A1D5NYG2
Biological Process,autonomic nervous system development,4,GO:0048483,2,9,389,2734,1.56,0.3737414776999751,0.43,A0A8V0YDD6 A0A8V1ACD6
Biological Process,signal transduction by p53 class mediator,4,GO:0072331,2,9,389,2734,1.56,0.3737414776999751,0.43,A0A8V0YW57 A0A8V0YRK4
Biological Process,"terminal branching, open tracheal system",6,GO:0007430,2,9,389,2734,1.56,0.3737414776999751,0.43,Q5ZHL0 Q0PVE4
Biological Process,cellular response to prostaglandin stimulus,5,GO:0071379,2,9,389,2734,1.56,0.3737414776999751,0.43,A0A8V0YDD6 A0A8V0Y1A4
Biological Process,regulation of DNA repair,5,GO:0006282,2,9,389,2734,1.56,0.3737414776999751,0.43,A0A8V0ZW33 A0A1D5PNL3
Biological Process,oligosaccharide biosynthetic process,5,GO:0009312,2,9,389,2734,1.56,0.3737414776999751,0.43,A0A8V0Y6W2 A0A1D5PJE0
Biological Process,positive regulation of positive chemotaxis,6,GO:0050927,2,9,389,2734,1.56,0.3737414776999751,0.43,A0A8V0Z4M1 A0A8V1ABC9
Biological Process,endocardial cushion development,5,GO:0003197,2,9,389,2734,1.56,0.3737414776999751,0.43,A0A8V0XJ84 A0A3Q3A4U3
Biological Process,regulation of positive chemotaxis,5,GO:0050926,2,9,389,2734,1.56,0.3737414776999751,0.43,A0A8V0Z4M1 A0A8V1ABC9
Biological Process,regulation of antimicrobial humoral response,5,GO:0002759,2,9,389,2734,1.56,0.3737414776999751,0.43,A0A8V1ABC8 A0A8V0ZTA5
Biological Process,negative regulation of epithelial to mesenchymal transition,5,GO:0010719,2,9,389,2734,1.56,0.3737414776999751,0.43,A0A8V0Z4M1 A0A8V0YQ88
Biological Process,vascular endothelial growth factor signaling pathway,6,GO:0038084,2,9,389,2734,1.56,0.3737414776999751,0.43,A0A8V0Z4M1 Q00649
Biological Process,MyD88-independent toll-like receptor signaling pathway,7,GO:0002756,2,9,389,2734,1.56,0.3737414776999751,0.43,A0A8V1ACS0 A0A8V0Z4J0
Biological Process,regulation of macrophage chemotaxis,6,GO:0010758,2,9,389,2734,1.56,0.3737414776999751,0.43,Q5ZMG0 A0A8V1A3H9
Biological Process,renal water homeostasis,4,GO:0003091,2,9,389,2734,1.56,0.3737414776999751,0.43,A0A8V0YJV4 A0A8V0Y2E5
Biological Process,regulation of protein kinase C signaling,6,GO:0090036,2,9,389,2734,1.56,0.3737414776999751,0.43,A0A8V0Z4M1 A0A8V1AG56
Biological Process,response to X-ray,5,GO:0010165,2,9,389,2734,1.56,0.3737414776999751,0.43,A0A8V0YW57 P02460
Biological Process,negative regulation of lymphocyte mediated immunity,7,GO:0002707,2,9,389,2734,1.56,0.3737414776999751,0.43,A0A8V0XUK6 A0A8V1AA32
Biological Process,negative regulation of cation channel activity,6,GO:2001258,2,9,389,2734,1.56,0.3737414776999751,0.43,A0A8V0YRG2 A0A8V0ZY91
Biological Process,negative regulation of lymphocyte differentiation,7,GO:0045620,2,9,389,2734,1.56,0.3737414776999751,0.43,A0A8V1A9R2 Q98938
Biological Process,myotube cell development,5,GO:0014904,2,9,389,2734,1.56,0.3737414776999751,0.43,A0A8V0ZAU8 A0A1D5P0D7
Biological Process,regulation of B cell mediated immunity,7,GO:0002712,2,9,389,2734,1.56,0.3737414776999751,0.43,A0A8V0YW57 A0A8V1AA32
Biological Process,regulation of immunoglobulin mediated immune response,8,GO:0002889,2,9,389,2734,1.56,0.3737414776999751,0.43,A0A8V0YW57 A0A8V1AA32
Biological Process,positive regulation of kinase activity,6,GO:0033674,15,134,389,2734,0.79,0.37413217550581246,0.43,A0A8V1ACS0 A0A8V1AG56 A0A3Q2TU24 A0A8V1A3S8 A0A8V1A3N1 A0A8V1A9R2 A0A8V0ZE58 A0A1D5PNL3 A0A8V0X1T3 A0A3Q3A4U3 A0A8V0XJ84 A0A8V0Z4M1 A0A8V0XYR2 A0A8V0Z4J0 Q9I946
Biological Process,positive regulation of biosynthetic process,5,GO:0009891,36,290,389,2734,0.87,0.3751268115169032,0.43,A0A8V1AG56 A0A8V1A9L3 Q98938 A0A8V0YM05 A0A8V1AJT2 A0A8V1A9A7 A0A8V0XRN3 A0A8V0Y290 A0A8V0XYR2 A0A8V0Z4J0 A0A8V1ACS0 A0A8V0Y0F3 A0A8V0XGL8 A0A8V1ABC8 A0A8V1AFC3 A0A1L1RX77 A0A8V0XPE8 A0A8V0YHH6 A0A8V0ZSX6 A0A1D5NZN4 A0A8V0X1T3 A0A1D5PNG3 A0A8V1A7R0 A0A1D5P0D7 A0A8V1AK88 Q5ZJ58 A0A8V0ZE58 Q00649 A0A8V0XJ84 A0A8V0Y2E5 A0A1D5PLP1 A0A8V0YR09 A0A8V0ZKI8 A0A8V1A9R2 A0A1D5P201 A0A8V0Z4M1
Biological Process,female gamete generation,4,GO:0007292,28,231,389,2734,0.85,0.37632127028794715,0.42,Q98938 A0A8V0ZI29 A0A8V0ZYM1 A0A8V0YDT5 A0A8V0XFL3 A0A8V0YC57 A0A8V0YB43 A0A8V0XF68 Q0PVE4 A0A8V0ZZU1 Q5ZJ58 A0A3Q2UEL1 A0A8V0Y1A4 A0A8V0ZH54 A0A1D5NWP2 A0A8V0ZE30 A0A1D5PLP1 A0A8V0ZF83 A0A1D5PBU5 Q05744 O12971 A0A8V1AB05 A0A8V1A9R2 A0A1D5P655 A0A8V0X5K9 A0A8V0YMM6 A0A8V0Y070 A0A8V0YRG2
Biological Process,positive regulation of nervous system development,5,GO:0051962,30,181,389,2734,1.16,0.3776836079760941,0.42,A0A8V0Y0V1 A0A8V0YNQ0 A0A8V1AG56 A0A8V0X4D8 A0A8V0ZI29 A0A3Q3A4U3 A0A8V0YGN8 A0A8V0YDT5 A0A1D5NYG2 A0A8V0XGL8 A0A8V0YLN5 A0A8V0Y7C8 A0A1D5P1F1 Q6JHU8 A0A1D5P0D7 F1NEZ4 A0A8V0XWZ8 A0A8V0Y1A4 A0A3Q2TT95 Q00649 A0A1D5PDV9 A0A8V1ABC9 A0A8V0ZKI8 A0A8V0ZB91 A0A1D5P655 A0A8V1AJI2 A0A1D5PT01 A0A8V0YDD6 A0A8V0Z4M1 A0A8V0YRG2
Biological Process,regulation of filopodium assembly,7,GO:0051489,8,43,389,2734,1.31,0.3806743778250606,0.42,Q0PVE4 A0A8V0XB58 A0A8V0ZI29 A0A1D5P655 A0A8V1AB05 A0A1D5NTR5 A0A8V0YDT5 A0A8V0XJ84
Biological Process,regulation of leukocyte differentiation,5,GO:1902105,8,43,389,2734,1.31,0.3806743778250606,0.42,A0A8V0ZWX9 Q98938 A0A8V1A9R2 A0A8V0XUK6 A0A8V0YLT1 A0A8V1ABC9 A0A1D5NZN4 A0A8V0ZQS2
Biological Process,regulation of morphogenesis of an epithelium,5,GO:1905330,8,43,389,2734,1.31,0.3806743778250606,0.42,A0A8V0ZKI8 A0A1L1RZ23 A0A8V1AG56 A0A3Q2TU24 A0A8V0YM05 A0A8V0YMM6 A0A8V0Z9Y8 A0A8V0Z4M1
Biological Process,regulation of nucleobase-containing compound metabolic process,5,GO:0019219,60,466,389,2734,0.9,0.382881975971724,0.42,A0A8V0Y0V1 A0A8V1AG56 A0A8V1A9L3 Q98938 A0A8V0ZW33 A0A8V0YM05 A0A8V1AJT2 A0A8V1A9A7 A0A1D5NTR5 A0A8V0XRN3 A0A8V0ZFG7 A0A8V0YW12 A0A8V0XFL3 A0A8V0Y290 A0A8V0XYR2 A0A8V0Z4J0 A0A8V1ACS0 A0A8V0Y0F3 A0A8V0ZZG2 A0A8V0XGL8 A0A8V0ZSG8 A0A8V0ZKS6 A0A8V1ABC8 A0A8V1AFC3 E1BYF1 A0A1L1RX77 A0A8V0YW57 A0A8V0X5U3 A0A8V0ZSX6 A0A8V0XXW6 A0A8V0YHH6 A0A8V0YRF2 A0A1D5NZN4 A0A1D5PNG3 Q8AWB4 A0A8V1A7R0 A0A1D5P1F1 A0A8V0X1T3 A0A8V1AJ90 A0A1D5P0D7 A0A8V0ZA56 A0A8V0XB58 A0A8V0Z438 A0A8V0ZE58 A0A1D5PNL3 A0A3Q2TT95 Q00649 A0A8V0XJ84 A0A8V1ABC9 A0A8V0XM58 A0A1D5PLP1 A0A8V0ZF83 A0A8V0ZE30 A0A8V0ZKI8 A0A8V1A9R2 A0A8V0Z9Z7 A0A8V0YMM6 A0A8V0Y070 A0A8V0Z4M1 A0A8V0YWM3
Biological Process,process utilizing autophagic mechanism,2,GO:0061919,7,69,389,2734,0.71,0.3861589942191062,0.41,A0A8V0Y7Y9 Q05744 A0A8V0XXM5 A0A1D5NVM6 A0A8V0YLN5 A0A8V0ZH54 A0A1D5PC37
Biological Process,DNA metabolic process,5,GO:0006259,7,69,389,2734,0.71,0.3861589942191062,0.41,A0A8V1ACS0 A0A1D5PNL3 A0A3Q2TTB3 A0A8V1AJ90 A0A8V0YW57 A0A8V0Z4J0 A0A8V0YWM3
Biological Process,autophagy,3,GO:0006914,7,69,389,2734,0.71,0.3861589942191062,0.41,A0A8V0Y7Y9 Q05744 A0A8V0XXM5 A0A1D5NVM6 A0A8V0YLN5 A0A8V0ZH54 A0A1D5PC37
Biological Process,spermatid differentiation,3,GO:0048515,7,70,389,2734,0.7,0.38647300111634986,0.41,A0A1L1RZ23 A0A8V0WZJ4 A0A1D5PBU5 Q5ZJ58 A0A8V0ZTA5 A0A8V0YIE9 A0A8V0YPA6
Biological Process,regulation of tumor necrosis factor production,6,GO:0032680,5,25,389,2734,1.41,0.3875385862654648,0.41,Q5ZMG0 A0A8V1AG56 A0A8V1ABC8 Q00649 A0A8V0YR09
Biological Process,secondary alcohol metabolic process,4,GO:1902652,5,25,389,2734,1.41,0.3875385862654648,0.41,A0A8V1AK88 A0A8V1A9A7 A0A8V0Y9F8 A0A8V0ZRU9 A0A8V1A3H7
Biological Process,regulation of tumor necrosis factor superfamily cytokine production,5,GO:1903555,5,25,389,2734,1.41,0.3875385862654648,0.41,Q5ZMG0 A0A8V1AG56 A0A8V1ABC8 Q00649 A0A8V0YR09
Biological Process,regulation of protein activation cascade,7,GO:2000257,5,25,389,2734,1.41,0.3875385862654648,0.41,A0A8V1AA32 A0A8V1A8N2 A0A8V0ZP32 A0A8V1A8R6 A0A8V1AKH4
Biological Process,imaginal disc pattern formation,4,GO:0007447,5,25,389,2734,1.41,0.3875385862654648,0.41,A0A8V0ZKI8 A0A8V0ZZG2 Q98938 O12971 A0A8V1A9A7
Biological Process,regulation of sister chromatid segregation,7,GO:0033045,5,25,389,2734,1.41,0.3875385862654648,0.41,A0A8V0ZDK0 A0A8V0ZW33 A0A8V0Z9Z7 Q5ZJ58 A0A8V0X5U3
Biological Process,stress-activated MAPK cascade,5,GO:0051403,5,25,389,2734,1.41,0.3875385862654648,0.41,A0A8V1ACS0 A0A8V1AG56 A0A8V1ABC8 A0A1D5PNL3 A0A8V0Z4J0
Biological Process,tissue regeneration,3,GO:0042246,5,25,389,2734,1.41,0.3875385862654648,0.41,A0A8V0XGL8 O12971 A0A8V0ZFH4 A0A8V0ZAU8 A0A8V0YYQ9
Biological Process,regulation of neuron projection regeneration,4,GO:0070570,5,25,389,2734,1.41,0.3875385862654648,0.41,A0A8V0ZKS6 A0A8V0ZI29 A0A8V1AB05 A0A1D5PT01 A0A8V0YDT5
Biological Process,tube formation,3,GO:0035148,7,71,389,2734,0.69,0.3879302765530969,0.41,A0A8V0ZKI8 A0A8V1AG56 A0A8V0XDM2 A0A8V0YM05 A0A8V0YMM6 A0A8V0Z4M1 A0A8V0XX49
Biological Process,proteasome-mediated ubiquitin-dependent protein catabolic process,6,GO:0043161,7,71,389,2734,0.69,0.3879302765530969,0.41,A0A8V1ACS0 A0A8V0ZZG2 A0A8V0ZY42 A0A8V0ZFG7 A0A8V0Z4J0 A0A8V0YFD4 A0A8V1AJ90
Biological Process,cellular response to endogenous stimulus,3,GO:0071495,49,310,389,2734,1.11,0.38871987127259633,0.41,A0A8V0YNQ0 A0A8V1AG56 A0A8V0X4D8 A0A8V0ZW33 A0A8V0YM05 A0A8V0YEZ4 A0A8V0YXG4 A0A8V0YPA6 A0A8V0XUJ8 A0A8V0XYR2 A0A8V0Z4J0 A0A8V0YC57 A0A8V0YB43 P02460 A0A8V0ZY61 A0A8V1ACS0 Q5ZHL0 A0A8V0XGL8 A0A8V0ZKS6 A0A8V1AFC3 A0A8V0XPE8 A0A8V0YHH6 A0A8V0Y1N7 A0A8V0ZRU9 A0A8V0X852 A0A1D5PE57 A0A8V0Y5K2 A0A8V1A7R0 A0A1D5P0D7 A0A8V0YS46 A0A8V0XDM2 A0A8V0Z2J4 A0A8V0ZY91 A0A8V0Y1A4 A0A8V0XJ84 A0A8V0Y2E5 A0A8V0Z4M1 Q9I946 A0A8V0Y513 A0A3Q2TU24 A0A1D5P655 A0A8V1AFH0 A0A8V1A9R2 A0A8V0YJV4 A0A8V0YMM6 A0A8V0YDD6 A0A8V0YLT1 P33005 A0A8V0YWM3
Biological Process,cellular process involved in reproduction in multicellular organism,2,GO:0022412,39,314,389,2734,0.87,0.3902600254041284,0.41,Q98938 A0A8V0ZI29 A0A8V0YM05 A0A8V1A2P5 A0A8V0ZYM1 A0A8V0YDT5 A0A8V0YPA6 A0A8V0XFL3 A0A8V0Y8L6 A0A8V0YC57 A0A8V0YB43 A0A8V0ZDK0 A0A8V0ZTA5 A0A8V0XXW6 A0A8V0YW57 A0A1L1RZ23 A0A8V0WZJ4 A0A8V0ZZU1 A0A8V1AK88 Q0PVE4 Q5ZJ58 A0A3Q2UEL1 A0A8V0ZH54 A0A8V0ZE30 A0A1D5PLP1 A0A8V0ZF83 A0A8V0ZJ97 A0A1D5PBU5 Q05744 O12971 A0A8V1AB05 A0A8V1A9R2 A0A1D5P655 A0A8V0X5K9 A0A8V0YMM6 A0A8V0Y070 A0A8V0YIE9 A0A8V0ZX23 A0A8V0YRG2
Biological Process,female sex differentiation,4,GO:0046660,8,44,389,2734,1.28,0.39147328058024705,0.41,A0A8V0XF68 A0A8V1AG56 O12971 A0A8V0Y1A4 A0A1D5NTR5 A0A8V1ABC9 A0A1D5NYG2 A0A8V0Z4M1
Biological Process,negative regulation of monoatomic ion transport,5,GO:0043271,8,44,389,2734,1.28,0.39147328058024705,0.41,A0A8V0XB58 A0A8V0X5K9 A0A8V0ZY91 A0A8V1AJV5 A0A8V0ZRU9 A0A8V1ABC9 A0A8V0YPA6 A0A8V0YRG2
Biological Process,regulation of epidermal growth factor receptor signaling pathway,6,GO:0042058,4,45,389,2734,0.62,0.3916995536342584,0.41,A0A1D5NVM6 A0A8V0ZH54 A0A8V0ZI29 A0A8V1AAH7
Biological Process,regulation of ERBB signaling pathway,5,GO:1901184,4,46,389,2734,0.61,0.3932178751785894,0.41,A0A1D5NVM6 A0A8V0ZH54 A0A8V0ZI29 A0A8V1AAH7
Biological Process,regulation of synaptic assembly at neuromuscular junction,5,GO:0008582,4,46,389,2734,0.61,0.3932178751785894,0.41,A0A8V0X4D8 Q5ZJ58 A0A8V0XB58 A0A8V0ZYM1
Biological Process,regionalization,3,GO:0003002,32,196,389,2734,1.15,0.3955261564495754,0.4,A0A8V0YNQ0 A0A8V1AG56 Q98938 A0A8V0YM05 A0A8V1A9A7 A0A3Q3A4U3 A0A8V0YVT3 A0A8V0ZFG7 A0A8V0XYR2 A0A8V0Z8V4 A0A8V0ZZG2 A0A8V0ZKS6 A0A8V1ABC8 A0A8V1ACD6 A0A8V0XKU5 Q8AWB4 A0A1D5P0D7 A0A8V0YS46 Q0PVE4 A0A8V0ZZU1 Q5ZJ58 A0A8V0ZH54 A0A8V0ZF83 A0A8V0ZKI8 A0A8V0YEQ1 A0A8V1A4I0 O12971 A0A8V1A9R2 A0A8V0ZHK9 A0A8V0YMM6 A0A8V0Y070 A0A8V0XK27
Biological Process,regulation of heart rate by cardiac conduction,4,GO:0086091,3,12,389,2734,1.76,0.3955768916869862,0.4,A0A8V0XCI3 A0A8V0XB58 A0A8V0ZY91
Biological Process,imaginal disc-derived genitalia morphogenesis,5,GO:0048805,3,12,389,2734,1.76,0.3955768916869862,0.4,A0A8V0ZZU1 A0A8V0ZH54 A0A8V0ZQP1
Biological Process,negative regulation of osteoclast differentiation,8,GO:0045671,3,12,389,2734,1.76,0.3955768916869862,0.4,A0A8V0XUK6 A0A8V0ZQS2 A0A1D5NZN4
Biological Process,regulation of eating behavior,6,GO:1903998,3,12,389,2734,1.76,0.3955768916869862,0.4,A0A8V1AB67 A0A8V1AEJ4 A0A3Q2TYT2
Biological Process,positive regulation of cartilage development,5,GO:0061036,3,12,389,2734,1.76,0.3955768916869862,0.4,A0A8V1AG56 A0A8V0ZE58 A0A1D5P0D7
Biological Process,regulation of cardiac muscle tissue growth,6,GO:0055021,3,12,389,2734,1.76,0.3955768916869862,0.4,A0A8V1AK88 A0A8V0XYR2 A0A8V0XXK8
Biological Process,trabecula morphogenesis,3,GO:0061383,3,12,389,2734,1.76,0.3955768916869862,0.4,A0A8V0Y0V1 A0A8V0Z4M1 A0A8V0Y1A4
Biological Process,platelet-derived growth factor receptor signaling pathway,6,GO:0048008,3,12,389,2734,1.76,0.3955768916869862,0.4,A0A8V0Z4M1 A0A3Q2TU24 Q9I946
Biological Process,brain morphogenesis,4,GO:0048854,3,12,389,2734,1.76,0.3955768916869862,0.4,A0A8V1AG56 A0A8V0Z8V4 A0A8V0YIE9
Biological Process,response to folic acid,4,GO:0051593,3,12,389,2734,1.76,0.3955768916869862,0.4,A0A8V0Z4M1 A0A8V0ZKI8 A0A8V0XDM2
Biological Process,response to angiotensin,5,GO:1990776,3,12,389,2734,1.76,0.3955768916869862,0.4,A0A8V0YDD6 Q00649 A0A8V0YLT1
Biological Process,imaginal disc-derived male genitalia morphogenesis,5,GO:0048803,3,12,389,2734,1.76,0.3955768916869862,0.4,A0A8V0ZZU1 A0A8V0ZH54 A0A8V0ZQP1
Biological Process,negative regulation of lymphocyte proliferation,7,GO:0050672,3,12,389,2734,1.76,0.3955768916869862,0.4,A0A8V0ZQS2 A0A8V0ZZG2 Q98938
Biological Process,negative regulation of embryonic development,5,GO:0045992,3,12,389,2734,1.76,0.3955768916869862,0.4,A0A8V0ZKI8 A0A8V1AG56 O12971
Biological Process,positive regulation of cation channel activity,6,GO:2001259,3,12,389,2734,1.76,0.3955768916869862,0.4,A0A8V0YRG2 A0A1D5NWP2 A0A8V1AFH0
Biological Process,axon regeneration,5,GO:0031103,3,12,389,2734,1.76,0.3955768916869862,0.4,A0A8V0XRC4 A0A8V0XDM2 A0A8V1AAN6
Biological Process,regulation of interleukin-1 beta production,6,GO:0032651,3,12,389,2734,1.76,0.3955768916869862,0.4,A0A8V1AG56 Q00649 A0A1D5P1F1
Biological Process,regulation of meiotic nuclear division,5,GO:0040020,3,12,389,2734,1.76,0.3955768916869862,0.4,A0A8V1AG56 A0A8V0YW57 A0A8V0YC57
Biological Process,negative regulation of mononuclear cell proliferation,7,GO:0032945,3,12,389,2734,1.76,0.3955768916869862,0.4,A0A8V0ZQS2 A0A8V0ZZG2 Q98938
Biological Process,intraciliary retrograde transport,4,GO:0035721,3,12,389,2734,1.76,0.3955768916869862,0.4,A0A8V0XAF8 A0A8V0YEQ1 A0A8V0XK27
Biological Process,midbrain development,3,GO:0030901,3,12,389,2734,1.76,0.3955768916869862,0.4,A0A8V0ZKI8 A0A8V0YS46 A0A8V1AG56
Biological Process,glycoside metabolic process,5,GO:0016137,3,12,389,2734,1.76,0.3955768916869862,0.4,A0A8V0YC98 A0A8V0YJV4 E1BS94
Biological Process,post-embryonic genitalia morphogenesis,4,GO:0035126,3,12,389,2734,1.76,0.3955768916869862,0.4,A0A8V0ZZU1 A0A8V0ZH54 A0A8V0ZQP1
Biological Process,"zygotic determination of anterior/posterior axis, embryo",6,GO:0007354,3,12,389,2734,1.76,0.3955768916869862,0.4,A0A8V0ZF83 A0A8V0YMM6 A0A8V0Y070
Biological Process,entrainment of circadian clock,3,GO:0009649,3,12,389,2734,1.76,0.3955768916869862,0.4,A0A8V0ZW33 A0A8V0ZFG7 A0A3Q3A4U3
Biological Process,imaginal disc-derived male genitalia development,6,GO:0007485,3,12,389,2734,1.76,0.3955768916869862,0.4,A0A8V0ZZU1 A0A8V0ZH54 A0A8V0ZQP1
Biological Process,genital disc morphogenesis,5,GO:0007483,3,12,389,2734,1.76,0.3955768916869862,0.4,A0A8V0ZZU1 A0A8V0ZH54 A0A8V0ZQP1
Biological Process,imaginal disc-derived genitalia development,5,GO:0007484,3,12,389,2734,1.76,0.3955768916869862,0.4,A0A8V0ZZU1 A0A8V0ZH54 A0A8V0ZQP1
Biological Process,reproduction,1,GO:0000003,95,621,389,2734,1.08,0.3957944264288994,0.4,A0A8V0ZWX9 A0A1D5NTR5 A0A8V0YDT5 A0A1D5NYG2 A0A8V0YB43 A0A8V0Z8V4 A0A8V1ALE0 A0A8V0XXW6 A0A1L1RX77 A0A8V0YW57 A0A8V1A7R0 A0A1L1RZ23 A0A8V0Z6B9 A0A8V1A3N1 A0A8V0Y9F8 A0A8V0XJ84 A0A1D5NWP2 A0A3Q2TU24 A0A8V0YEQ1 A0A8V0ZJ97 A0A8V1AB05 A0A8V1A9R2 A0A8V1AB67 A0A8V0Y070 A0A8V0ZX23 A0A8V1AG56 A0A8V0XBI2 A0A8V0XXM5 A0A8V0YM05 A0A3Q3A4U3 E1BS94 A0A3Q2TYT2 A0A1D5NZN4 A0A8V1AK88 Q0PVE4 A0A8V1AA32 A0A8V0ZE58 Q00649 A0A8V0Z7D4 A0A8V1ABC9 A0A8V0ZE30 A0A1D5PBU5 Q05744 A0A8V0YJV4 A0A8V0X5K9 A0A8V0YMM6 A0A8V0ZQP1 P33005 A0A8V0YRG2 Q76KB2 A0A8V1A653 A0A8V0ZI29 A0A8V0ZYM1 A0A8V0YPA6 A0A8V0XE95 A0A8V0XFL3 A0A8V0Y8L6 A0A8V0YC57 A0A8V0ZDK0 A0A8V0ZKS6 A0A8V0ZTA5 A0A8V0ZSX6 A0A8V0ZY91 A0A8V0Y1A4 A0A8V0YPB9 A0A1D5PLP1 A0A8V0ZF83 A0A8V0ZKI8 O12971 A0A1D5P655 A0A8V0ZES4 A0A8V0YIE9 A0A8V0Z4M1 A0A8V0YNQ0 Q98938 A0A8V0ZW33 A0A8V1A2P5 A0A8V0XUJ8 A0A8V0XYR2 A0A8V1AAN6 A0A8V1A3H9 A0A8V0XGL8 A0A8V0WZN3 A0A1D5P1F1 A0A8V0XF68 A0A8V0YS46 A0A8V0WZJ4 A0A8V0XB58 A0A8V0ZZU1 Q5ZJ58 A0A3Q2UEL1 A0A8V0Y2E5 A0A8V0ZH54 A0A8V0Y614 R4GH52
Biological Process,response to glucose,7,GO:0009749,4,47,389,2734,0.6,0.3964182093863442,0.4,A0A8V0XAF8 P11602 A0A8V0YDD6 A0A8V0Z4M1
Biological Process,nuclear-transcribed mRNA catabolic process,7,GO:0000956,4,47,389,2734,0.6,0.3964182093863442,0.4,A0A8V1ACS0 A0A8V0Z4J0 A0A8V0XPN5 A0A8V0ZE30
Biological Process,branching morphogenesis of an epithelial tube,4,GO:0048754,13,74,389,2734,1.23,0.3987772458688297,0.4,A0A8V0ZKI8 A0A8V1AG56 Q5ZHL0 Q0PVE4 Q98938 A0A8V0ZTP1 A0A8V0ZW33 A0A8V1A9A7 E1C733 A0A8V0XRN3 A0A8V0Z4M1 A0A8V0XYR2 A0A8V1AAN6
Biological Process,regulation of immune system process,3,GO:0002682,52,330,389,2734,1.11,0.40085961886382204,0.4,Q5ZMG0 A0A8V0ZWX9 A0A8V1AG56 A0A8V1A3D7 Q98938 A0A8V0Y4R7 A0A8V1A8R6 A0A8V0YDT5 A0A8V0XUK6 A0A8V0XEJ0 A0A8V0Y290 A0A8V0XYR2 A0A8V0Z4J0 A0A8V1A3H9 P02460 A0A8V1ACS0 A0A8V0Y0F3 A0A8V0ZZG2 A0A8V1A8N2 A0A8V0ZQJ4 A0A8V1ABC8 A0A8V0ZTA5 A0A8V0ZP32 A0A8V0YW57 A0A8V0ZSX6 A0A8V1AKH4 A0A8V0X852 A0A8V0YRF2 A0A1D5NZN4 A0A1D5PNG3 A0A8V1A7R0 A0A1D5PE57 A0A8V0ZZD4 A0A8V1AA32 A0A1D5PNL3 A0A8V0XJ84 A0A8V1ABC9 A0A8V0ZZH6 A0A8V0ZVP0 A0A8V0YR09 A0A8V0ZJ97 A0A8V0ZB91 A0A8V0ZZJ1 A0A1D5P655 A0A8V1AFH0 A0A8V1AB05 A0A8V1A9R2 A0A8V0Y413 A0A8V0YLT1 A0A8V0Z4M1 P01875 A0A8V0ZQS2
Biological Process,positive regulation of lymphocyte activation,6,GO:0051251,9,48,389,2734,1.32,0.40121096735311806,0.4,A0A8V0ZWX9 Q98938 A0A8V1A9R2 A0A8V1ABC8 A0A8V0YW57 A0A8V0XUK6 A0A8V0XEJ0 P01875 A0A8V0ZQS2
Biological Process,regulation of apoptotic signaling pathway,5,GO:2001233,12,110,389,2734,0.77,0.40212579282693495,0.4,A0A8V0XAF8 A0A8V0Z307 A0A8V1A9R2 A0A8V0ZDZ5 A0A8V1AJI2 E1BYF1 Q00649 A0A8V1AJV5 A0A8V0XFB5 A0A8V0Z4M1 A0A8V0ZC57 P02460
Biological Process,inorganic ion transmembrane transport,3,GO:0098660,12,110,389,2734,0.77,0.40212579282693495,0.4,A0A1D5PCU0 A0A3Q2U2N5 A0A8V0ZES4 A0A8V0ZY91 A0A8V0XLN9 A0A8V0Z5R3 A0A8V1AM47 A0A1D5NWP2 Q5ZHL0 A0A8V0YLZ5 A0A3Q2U2N6 A0A8V0YFB8
Biological Process,activation of immune response,2,GO:0002253,19,111,389,2734,1.2,0.4040049879068771,0.39,A0A8V1A3D7 A0A8V0XUK6 A0A8V0XEJ0 A0A8V0Z4J0 A0A8V1ACS0 A0A8V0ZZG2 A0A8V1A8N2 A0A8V0ZQJ4 A0A8V1ABC8 A0A8V0ZZD4 A0A1D5PNL3 A0A8V0ZZH6 A0A8V0ZVP0 A0A8V0YR09 A0A8V0ZZJ1 A0A1D5P655 A0A8V1AFH0 P01875 A0A8V0ZQS2
Biological Process,regulation of cartilage development,5,GO:0061035,5,26,389,2734,1.35,0.4043244709082491,0.39,A0A8V1AG56 Q98938 A0A8V0ZE58 A0A8V0X852 A0A1D5P0D7
Biological Process,somatic stem cell division,4,GO:0048103,5,26,389,2734,1.35,0.4043244709082491,0.39,A0A8V0YB43 A0A8V0ZKI8 Q0PVE4 Q98938 A0A8V1A9R2
Biological Process,Notch signaling pathway,4,GO:0007219,5,26,389,2734,1.35,0.4043244709082491,0.39,A0A8V0ZZG2 O12971 A0A8V1A2F4 Q8AWB4 A0A8V1A653
Biological Process,small molecule biosynthetic process,3,GO:0044283,18,153,389,2734,0.83,0.4066024159036813,0.39,A0A8V1A9L3 P11602 A0A8V0ZWX9 A0A8V1AK88 A0A8V0ZG46 A0A8V0YC57 A0A8V0XRC4 A0A8V0YJV4 E1C3Z8 A0A1D5PNB8 E1BYF1 A0A1L1RX77 A0A8V0Y9F8 A0A8V0Y2E5 A0A1D5P1F1 A0A8V0XYR2 A0A8V0ZIZ5 A0A8V0Y513
Biological Process,second-messenger-mediated signaling,4,GO:0019932,9,49,389,2734,1.29,0.4074995918759107,0.39,A0A8V0XB58 A0A1D5NTR5 A0A8V1AJV5 A0A1D5NWP2 A0A8V1ABC9 A0A8V0XUJ8 A0A1D5P1F1 A0A8V0XYR2 A0A8V0YC57
Biological Process,negative regulation of catalytic activity,4,GO:0043086,25,206,389,2734,0.85,0.407948031589058,0.39,A0A8V0Y0V1 A0A8V0YNQ0 A0A8V0X4D8 A0A8V1A9A7 A0A1L1RP76 A0A8V0YPA6 A0A8V0ZC57 A0A8V0X643 A0A8V0X637 A0A1L1RX77 A0A8V0X852 A0A8V0YRF2 Q0PVE4 Q00649 A0A8V0ZH54 A0A8V1ABC9 A0A8V0ZKI8 A0A8V1A3S8 A0A8V0YY70 A0A8V1AJI2 A0A8V0Y614 A0A8V0Z4M1 A0A8V0ZPH9 A0A8V0YRG2 A0A8V1A653
Biological Process,negative regulation of protein modification process,7,GO:0031400,26,157,389,2734,1.16,0.4094055389276646,0.39,A0A8V0Y0V1 A0A8V0YNQ0 Q98938 A0A8V1A9A7 A0A8V0YPA6 A0A8V0Y290 A0A8V0ZC57 A0A8V0X643 A0A8V0Y0F3 A0A8V0ZZG2 A0A8V0X637 A0A8V0ZTA5 A0A1L1RX77 Q6JHU8 Q0PVE4 Q5ZJ58 Q00649 A0A8V0ZH54 A0A8V1ABC9 A0A8V0ZKI8 A0A8V1A3S8 A0A8V0YDT4 A0A8V1AJI2 A0A8V1AJV5 A0A8V0ZPH9 A0A8V0YRG2
Biological Process,regulation of protein serine/threonine kinase activity,7,GO:0071900,19,113,389,2734,1.18,0.4098589981029962,0.39,A0A8V1AG56 A0A8V1A9A7 A0A3Q3A4U3 A0A8V0XYR2 A0A8V0Z4J0 A0A8V1A3H9 A0A8V1ACS0 A0A8V0X637 A0A8V0X1T3 A0A8V1A3N1 A0A1D5PNL3 Q00649 A0A8V0XJ84 A0A8V1ABC9 Q9I946 A0A8V0ZKI8 A0A3Q2TU24 A0A8V0Z4M1 A0A8V0YRG2
Biological Process,negative regulation of metabolic process,4,GO:0009892,71,545,389,2734,0.92,0.4109096960666839,0.39,A0A8V0Y0V1 A0A8V0YNQ0 A0A8V1AG56 A0A8V0X4D8 Q98938 A0A8V0Y999 A0A8V0YM05 A0A8V0ZW33 A0A8V1A9A7 A0A3Q3A4U3 A0A1D5NTR5 A0A8V0YXG4 A0A1L1RP76 A0A8V0YPA6 A0A8V0YW12 A0A8V0XFL3 A0A8V0Y290 A0A8V0ZC57 A0A8V0XYR2 A0A8V0X643 A0A8V0Z4J0 A0A8V1A3H9 A0A8V0YB43 A0A8V1ACS0 A0A8V0Y0F3 A0A8V0ZZG2 A0A8V0ZSG8 A0A8V0X637 A0A8V1ABC8 A0A8V0ZQS2 A0A8V0ZTA5 A0A1L1RX77 A0A8V0YW57 A0A8V0ZSX6 A0A8V0ZRU9 A0A8V0X852 A0A8V0YRF2 A0A1D5PNG3 A0A8V1A7R0 Q6JHU8 Q0PVE4 A0A8V0Y7Y9 A0A8V1AA32 A0A8V0Z438 A0A8V1ACU1 Q5ZJ58 A0A8V0XPN5 A0A8V0ZY91 Q00649 A0A8V0YY90 A0A8V0ZH54 A0A8V1ABC9 A0A8V0YF22 A0A8V0ZE30 A0A8V0ZF83 A0A8V0XAF8 A0A8V0ZKI8 A0A3Q2TU24 A0A8V0ZJ97 A0A8V1A3S8 A0A8V0YDT4 A0A8V1A9R2 A0A8V0Z9Z7 A0A8V1AJI2 A0A8V0Y070 A0A8V0Y614 A0A8V1AJV5 A0A8V0Z4M1 A0A8V0ZPH9 A0A8V0YRG2 A0A8V1A653
Biological Process,inner ear receptor cell development,5,GO:0060119,3,13,389,2734,1.62,0.41404556629615763,0.38,A0A8V0YVT3 A0A8V1AJV5 A0A8V0YY70
Biological Process,male genitalia morphogenesis,4,GO:0048808,3,13,389,2734,1.62,0.41404556629615763,0.38,A0A8V0ZZU1 A0A8V0ZH54 A0A8V0ZQP1
Biological Process,forebrain generation of neurons,6,GO:0021872,3,13,389,2734,1.62,0.41404556629615763,0.38,A0A8V0ZKI8 A0A8V1AG56 A0A3Q3A4U3
Biological Process,N-glycan processing,5,GO:0006491,3,13,389,2734,1.62,0.41404556629615763,0.38,A0A8V0X2C5 A0A8V0Y7C8 A0A8V0Z0B9
Biological Process,collagen catabolic process,3,GO:0030574,3,13,389,2734,1.62,0.41404556629615763,0.38,A0A8V0X4D8 Q05744 A0A8V1AFH0
Biological Process,'de novo' post-translational protein folding,4,GO:0051084,3,13,389,2734,1.62,0.41404556629615763,0.38,A0A8V0YGQ5 A0A8V0XQS7 A0A8V0ZW46
Biological Process,sperm axoneme assembly,3,GO:0007288,3,13,389,2734,1.62,0.41404556629615763,0.38,A0A1L1RZ23 A0A8V0YIE9 A0A1D5PBU5
Biological Process,miRNA-mediated post-transcriptional gene silencing,10,GO:0035195,3,13,389,2734,1.62,0.41404556629615763,0.38,A0A1D5PNG3 A0A8V1A7R0 A0A8V0ZJ97
Biological Process,mesenchyme morphogenesis,4,GO:0072132,3,13,389,2734,1.62,0.41404556629615763,0.38,A0A8V1AG56 A0A8V0XJ84 A0A3Q3A4U3
Biological Process,negative regulation of leukocyte proliferation,6,GO:0070664,3,13,389,2734,1.62,0.41404556629615763,0.38,A0A8V0ZQS2 A0A8V0ZZG2 Q98938
Biological Process,embryonic digestive tract development,5,GO:0048566,3,13,389,2734,1.62,0.41404556629615763,0.38,A0A8V0ZWX9 A0A8V0XJ84 Q98938
Biological Process,production of molecular mediator of immune response,2,GO:0002440,3,13,389,2734,1.62,0.41404556629615763,0.38,A0A8V0Y6W2 A0A8V1ABC8 A0A8V0YW57
Biological Process,response to zinc ion,5,GO:0010043,3,13,389,2734,1.62,0.41404556629615763,0.38,A0A8V0XGL8 A0A8V0YLT1 A0A8V0Y513
Biological Process,regulation of glycoprotein biosynthetic process,6,GO:0010559,3,13,389,2734,1.62,0.41404556629615763,0.38,A0A8V1A9R2 A0A1D5P201 A0A8V0YF22
Biological Process,response to prostaglandin,4,GO:0034694,3,13,389,2734,1.62,0.41404556629615763,0.38,A0A8V0YDD6 A0A8V0XYR2 A0A8V0Y1A4
Biological Process,branching involved in ureteric bud morphogenesis,5,GO:0001658,3,13,389,2734,1.62,0.41404556629615763,0.38,A0A8V0ZTP1 A0A8V0ZW33 A0A8V0XRN3
Biological Process,insulin receptor signaling pathway,6,GO:0008286,2,27,389,2734,0.52,0.41426211017256237,0.38,Q5ZHL0 A0A8V0Y1N7
Biological Process,regulation of mitochondrial membrane potential,4,GO:0051881,2,27,389,2734,0.52,0.41426211017256237,0.38,A0A1L1RX77 A0A8V0Z1C5
Biological Process,muscle attachment,2,GO:0016203,2,27,389,2734,0.52,0.41426211017256237,0.38,A0A8V1AG56 A0A8V0Y413
Biological Process,nucleus localization,3,GO:0051647,2,27,389,2734,0.52,0.41426211017256237,0.38,A0A8V0Z8V4 A0A8V1AJV5
Biological Process,negative regulation of protein binding,5,GO:0032091,2,27,389,2734,0.52,0.41426211017256237,0.38,A0A8V0ZRU9 A0A8V0ZI29
Biological Process,regulation of sequestering of calcium ion,4,GO:0051282,2,27,389,2734,0.52,0.41426211017256237,0.38,A0A8V0XB58 A0A1D5NWP2
Biological Process,response to ionizing radiation,4,GO:0010212,2,27,389,2734,0.52,0.41426211017256237,0.38,A0A8V0YW57 P02460
Biological Process,vulval development,4,GO:0040025,2,27,389,2734,0.52,0.41426211017256237,0.38,A0A8V1AG56 A0A8V0WZJ4
Biological Process,diterpenoid metabolic process,6,GO:0016101,2,27,389,2734,0.52,0.41426211017256237,0.38,A0A8V0YXG4 A0A8V0YJV4
Biological Process,sensory perception of chemical stimulus,5,GO:0007606,2,27,389,2734,0.52,0.41426211017256237,0.38,A0A8V0YVT3 A0A8V0YY70
Biological Process,regulation of response to drug,4,GO:2001023,2,27,389,2734,0.52,0.41426211017256237,0.38,A0A1D5P1F1 A0A3Q2TYT2
Biological Process,intracellular glucose homeostasis,4,GO:0001678,2,27,389,2734,0.52,0.41426211017256237,0.38,A0A8V0XAF8 A0A8V0YDD6
Biological Process,positive regulation of chemotaxis,5,GO:0050921,9,50,389,2734,1.27,0.415182058227338,0.38,A0A8V1AG56 A0A8V0Z8V4 A0A8V0Y413 Q00649 A0A8V0YDD6 A0A8V1ABC9 A0A8V0Z4M1 A0A8V0XYR2 A0A8V0YR09
Biological Process,in utero embryonic development,6,GO:0001701,14,80,389,2734,1.23,0.4151872764573947,0.38,A0A8V0ZWX9 A0A8V0YEQ1 A0A8V0XGL8 Q98938 A0A8V0XCI3 A0A8V0ZHK9 A0A8V0ZE58 A0A8V0YVT3 A0A8V0Y7C8 A0A8V0YW57 A0A8V0XJ84 A0A8V0Z4M1 Q76KB2 A0A8V0XYR2
Biological Process,positive regulation of cell morphogenesis,6,GO:0010770,14,80,389,2734,1.23,0.4151872764573947,0.38,A0A8V0Y0V1 A0A8V1AG56 A0A8V0X4D8 A0A8V0ZB91 Q98938 A0A8V0ZI29 A0A1D5P655 A0A8V0XWZ8 A0A3Q3A4U3 A0A8V0YGN8 A0A8V0YDD6 A0A8V0YDT5 A0A8V0Y2E5 A0A8V0Z4M1
Biological Process,regulation of purine nucleotide metabolic process,6,GO:1900542,2,28,389,2734,0.5,0.4153194390010563,0.38,A0A1D5PNG3 A0A8V1A7R0
Biological Process,positive regulation of calcium ion transport,6,GO:0051928,2,28,389,2734,0.5,0.4153194390010563,0.38,A0A8V1A9R2 A0A1D5NWP2
Biological Process,regulation of spindle organization,6,GO:0090224,2,28,389,2734,0.5,0.4153194390010563,0.38,Q5ZJ58 A0A8V0X5U3
Biological Process,feeding behavior,3,GO:0007631,2,28,389,2734,0.5,0.4153194390010563,0.38,A0A8V1A7R0 A0A8V0ZTA5
Biological Process,myeloid leukocyte differentiation,5,GO:0002573,2,28,389,2734,0.5,0.4153194390010563,0.38,A0A8V0Z4M1 A0A8V0YLT1
Biological Process,positive regulation of proteolysis,7,GO:0045862,13,117,389,2734,0.78,0.41608014097100904,0.38,A0A8V0XAF8 A0A8V0ZDK0 A0A8V0X4D8 A0A8V0YDT4 A0A8V0ZDZ5 A0A8V0ZE58 A0A3Q3A4U3 A0A8V0YDD6 A0A8V0XM58 A0A8V1A7R0 A0A8V0YRK4 A0A1D5PC37 A0A8V0YWM3
Biological Process,regulation of mitotic cell cycle,5,GO:0007346,19,162,389,2734,0.82,0.41670631912108747,0.38,Q98938 A0A8V0Y999 A0A8V1A9A7 A0A8V1ACU1 A0A8V0XYR2 A0A8V0ZDK0 A0A8V0ZTA5 A0A8V0X5U3 A0A8V0YW57 A0A1D5P1F1 A0A8V0XB58 Q5ZJ58 A0A1D5PNL3 A0A8V0Y1A4 A0A8V1ABC9 A0A8V0YRK4 A0A1D5PBU5 A0A8V0Z9Z7 A0A8V1AJV5
Biological Process,cell fate determination,3,GO:0001709,2,29,389,2734,0.48,0.41908567410306424,0.38,A0A1D5PBU5 A0A8V0ZCA3
Biological Process,regulation of nucleotide metabolic process,5,GO:0006140,2,29,389,2734,0.48,0.41908567410306424,0.38,A0A1D5PNG3 A0A8V1A7R0
Biological Process,epithelial cell proliferation,3,GO:0050673,2,29,389,2734,0.48,0.41908567410306424,0.38,A0A8V0Z4M1 A0A8V1AG56
Biological Process,protein export from nucleus,5,GO:0006611,2,29,389,2734,0.48,0.41908567410306424,0.38,A0A1D5PNG3 A0A8V0Z307
Biological Process,regulation of peptidyl-serine phosphorylation,8,GO:0033135,2,29,389,2734,0.48,0.41908567410306424,0.38,A0A8V0Z4M1 A0A8V1AG56
Biological Process,hair cell differentiation,5,GO:0035315,2,29,389,2734,0.48,0.41908567410306424,0.38,A0A8V1AJV5 A0A8V0XK73
Biological Process,glutathione metabolic process,3,GO:0006749,2,29,389,2734,0.48,0.41908567410306424,0.38,A0A8V1AHJ8 E1BYF1
Biological Process,rRNA metabolic process,7,GO:0016072,2,29,389,2734,0.48,0.41908567410306424,0.38,A0A1D5PNG3 A0A8V1A6A3
Biological Process,negative regulation of cell migration,6,GO:0030336,14,81,389,2734,1.21,0.4193069250135243,0.38,Q5ZMG0 A0A8V0YNQ0 A0A8V0ZWX9 A0A8V0Y0F3 A0A8V0Y290 A0A8V0YM05 A0A8V0YMM6 A0A3Q3A4U3 A0A1L1RX77 A0A8V1AJV5 A0A1D5PE57 A0A8V0ZPH9 A0A8V1A7R0 E1BQI2
Biological Process,transport along microtubule,4,GO:0010970,14,81,389,2734,1.21,0.4193069250135243,0.38,A0A8V0XAF8 A0A8V0YEQ1 A0A8V1A4I0 A0A8V1A6Y8 A0A8V0Y722 A0A8V0YY70 E1BQB4 A0A8V0YGN8 A0A8V0YVT3 Q00649 A0A8V0XK27 A0A1D5NZT1 A0A8V0XTW4 A0A8V0XM58
Biological Process,microtubule-based transport,4,GO:0099111,14,81,389,2734,1.21,0.4193069250135243,0.38,A0A8V0XAF8 A0A8V0YEQ1 A0A8V1A4I0 A0A8V1A6Y8 A0A8V0Y722 A0A8V0YY70 E1BQB4 A0A8V0YGN8 A0A8V0YVT3 Q00649 A0A8V0XK27 A0A1D5NZT1 A0A8V0XTW4 A0A8V0XM58
Biological Process,camera-type eye development,6,GO:0043010,14,81,389,2734,1.21,0.4193069250135243,0.38,A0A8V0YNQ0 A0A8V0ZKI8 A0A8V1AG56 A0A8V0YEQ1 A0A8V0XGL8 Q98938 A0A8V0ZHK9 A0A8V0YY70 A0A8V1A9A7 A0A8V0Y7C8 A0A1D5NYG2 A0A8V0Z4M1 A0A8V0YRG2 A0A1D5P0D7
Biological Process,regulation of MAP kinase activity,8,GO:0043405,14,81,389,2734,1.21,0.4193069250135243,0.38,A0A8V1ACS0 A0A8V1AG56 A0A3Q2TU24 A0A8V0X637 A0A8V1A3N1 A0A1D5PNL3 A0A3Q3A4U3 A0A8V0XJ84 A0A8V1ABC9 A0A8V0Z4M1 A0A8V0YRG2 A0A8V0XYR2 A0A8V0Z4J0 Q9I946
Biological Process,cilium assembly,6,GO:0060271,27,165,389,2734,1.15,0.4208702352219252,0.38,A0A8V1A6Y8 A0A8V0YVT3 A0A1D5NZT1 A0A8V0Y8G8 A0A8V0Y722 A0A3Q3AST7 A0A8V0Y1N7 A0A8V0X852 A0A8V0XKU5 A0A1L1RZ23 A0A8V0XLH4 A0A8V0Z6B9 A0A8V0ZTP1 A0A8V1A2F4 A0A8V0ZT48 A0A8V0Z4U2 A0A8V0XM58 A0A8V0XAF8 A0A8V0YEQ1 A0A1D5PBU5 A0A8V1A4I0 A0A8V0ZHK9 A0A8V0YY70 A0A8V0X370 A0A8V0XK27 A0A8V0YIE9 A0A8V0ZLV6
Biological Process,cellular lipid metabolic process,3,GO:0044255,27,221,389,2734,0.86,0.4220121717589146,0.37,P11602 A0A8V0XCX4 A0A8V0XXM5 A0A8V0XDL7 A0A8V0ZYM1 A0A8V0YXG4 A0A8V0YC98 A0A8V0XYR2 A0A8V0X637 A0A8V0WZN3 A0A8V0ZRU9 A0A8V0Z1C5 A0A8V1A3H7 A0A1D5P1F1 A0A8V1AK88 A0A8V0X6J5 Q5ZJ58 A0A8V0XWZ8 A0A8V0YZJ3 A0A8V0Z086 A0A8V0Y9F8 A0A8V0XAN3 A0A8V0YYQ9 A0A8V0Y513 A0A3Q2TU24 A0A8V0YJV4 A0A8V0ZQS2
Biological Process,positive regulation of ERK1 and ERK2 cascade,8,GO:0070374,9,51,389,2734,1.24,0.42415230078152183,0.37,Q5ZMG0 A0A3Q2TU24 A0A8V0XB58 A0A8V0ZB91 E1C733 A0A8V0XRN3 A0A8V1ABC9 A0A8V0Z4M1 Q9I946
Biological Process,cell differentiation,3,GO:0030154,147,982,389,2734,1.05,0.4244851438043984,0.37,A0A8V1A9L3 A0A8V0ZWX9 A0A1D5NTR5 A0A8V0YVT3 A0A8V0YDT5 A0A1D5NYG2 A0A8V0YW12 A0A8V0ZEJ3 A0A8V0YB43 A0A8V0Z8V4 A0A8V1ABC8 A0A8V0Y722 A0A8V0XXW6 A0A8V0YW57 A0A8V1ACD6 A0A8V1A7R0 A0A8V0ZA56 A0A1L1RZ23 F1NEZ4 A0A8V0ZTP1 A0A1D5PNL3 A0A8V0ZT48 A0A8V0Y9F8 A0A8V0XJ84 A0A1D5NWP2 A0A8V0ZJ97 A0A8V0ZB91 A0A8V1AB05 A0A8V1A9R2 A0A8V1AB67 A0A8V0Y070 P28687 A0A8V1AG56 A0A8V0YM05 A0A8V0XDL7 A0A8V1A9A7 A0A3Q3A4U3 A0A8V0XRN3 P02460 A0A8V0YUF6 A0A3Q3AST7 A0A8V0XK73 A0A8V0ZSX0 A0A8V0ZRU9 A0A1D5NZN4 A0A8V1AAH7 A0A1D5P0D7 Q0PVE4 A0A8V0ZE58 Q00649 A0A8V1ABC9 A0A8V0XM58 A0A8V0ZE30 A0A8V0YRK4 A0A8V1ADF6 E1BQI2 A0A8V0Y513 A0A1D5PBU5 Q05744 A0A8V1AFR2 A0A8V0Y413 A0A8V0X5K9 A0A8V0YY70 A0A8V0YMM6 A0A8V1AJI2 A0A1D5PT01 A0A8V1AJV5 A0A8V0YLT1 P33005 A0A8V0YRG2 Q76KB2 A0A8V0Y0V1 A0A8V0X4D8 A0A8V0ZBR8 A0A8V0ZI29 A0A8V1AFP7 A0A8V0ZYM1 A0A8V0YGN8 A0A8V0YXG4 A0A1D5PIZ5 A0A8V0YPA6 A0A8V0XFL3 A0A8V0Y8L6 A0A8V0YC57 A0A8V1AHJ8 A0A8V0ZSG8 A0A8V0ZKS6 A0A8V0ZTA5 A0A8V0YLN5 A0A8V0ZSX6 A0A8V0XKU5 A0A8V0Z888 A0A1D5PE57 A0A8V0ZAU8 A0A8V0ZMU3 A0A8V0YRN1 A0A8V0XWZ8 A0A8V0Y1A4 A0A8V0ZY42 A0A8V0YBD7 A0A1D5PLP1 A0A8V0ZF83 A0A8V0ZKI8 O12971 A0A1D5P655 A0A8V0XX41 A0A8V0XK27 A0A8V0YIE9 A0A8V0Z4M1 A0A8V0YNQ0 Q98938 A0A8V0XRC4 A0A8V0XCI3 A0A1D5NW03 A0A8V0Y999 A0A8V1A2P5 A0A8V0ZCA3 A0A1D5NZT1 A0A8V0XUJ8 A0A8V0XYR2 A0A8V0Y4G8 A0A8V1AEM5 A0A8V0YMR1 A0A8V1AAN6 A0A8V0XGY8 A0A8V0XGL8 A0A3Q2UGW3 A0A8V0Y7C8 A0A8V0YHH6 A0A1D5P1F1 Q6JHU8 A0A8V0WZJ4 A0A8V0XB58 A0A8V0ZZU1 A0A8V0XDM2 A0A8V0YE20 Q5ZJ58 A0A3Q2UEL1 A0A3Q2TT95 A0A8V0ZBJ8 A0A8V0Y2E5 A0A8V0ZH54 A0A8V1A3S8 A0A8V0YDD6 A0A8V0XFB5 A0A8V0ZPH9 A0A8V0YWM3
Biological Process,regulation of leukocyte cell-cell adhesion,6,GO:1903037,5,52,389,2734,0.68,0.4251813810906473,0.37,A0A8V0ZWX9 A0A8V0ZZG2 Q98938 A0A8V1A9R2 A0A8V0Y2E5
Biological Process,antigen processing and presentation of peptide antigen,3,GO:0048002,5,52,389,2734,0.68,0.4251813810906473,0.37,A0A1D5PBU5 Q05744 A0A8V1AFH0 A0A8V0YVT3 A0A8V0Z9Y8
Biological Process,negative regulation of transmembrane transport,5,GO:0034763,6,30,389,2734,1.41,0.42534157534336603,0.37,A0A8V0XB58 A0A8V0ZY91 A0A8V1AJV5 A0A8V0ZRU9 A0A8V1ABC9 A0A8V0YRG2
Biological Process,protein polyubiquitination,9,GO:0000209,6,30,389,2734,1.41,0.42534157534336603,0.37,A0A8V1ACS0 A0A8V0ZZG2 A0A1D5PNL3 A0A8V0ZFG7 A0A8V0Z4J0 A0A8V0YFD4
Biological Process,regulation of receptor signaling pathway via JAK-STAT,6,GO:0046425,6,30,389,2734,1.41,0.42534157534336603,0.37,A0A8V1A9R2 A0A8V0YJV4 A0A1L1RX77 A0A8V0YDT5 A0A8V1A7R0 A0A8V1A3H9
Biological Process,ovulation cycle,2,GO:0042698,6,30,389,2734,1.41,0.42534157534336603,0.37,A0A8V0YNQ0 A0A8V1AG56 A0A8V0Y1A4 A0A8V0XJ84 A0A8V0Y2E5 A0A8V1A653
Biological Process,regulation of production of molecular mediator of immune response,5,GO:0002700,6,30,389,2734,1.41,0.42534157534336603,0.37,A0A8V1AG56 A0A8V0ZB91 A0A8V1A9R2 A0A8V1ABC8 A0A8V0YW57 A0A8V0XJ84
Biological Process,regulation of receptor signaling pathway via STAT,5,GO:1904892,6,30,389,2734,1.41,0.42534157534336603,0.37,A0A8V1A9R2 A0A8V0YJV4 A0A1L1RX77 A0A8V0YDT5 A0A8V1A7R0 A0A8V1A3H9
Biological Process,antigen processing and presentation of exogenous antigen,3,GO:0019884,5,53,389,2734,0.66,0.42630740128566635,0.37,A0A1D5PBU5 Q05744 A0A8V1AFH0 A0A8V0YVT3 A0A8V0Z9Y8
Biological Process,regulation of calcium ion transport,7,GO:0051924,5,53,389,2734,0.66,0.42630740128566635,0.37,A0A8V0XB58 A0A8V1A9R2 A0A1D5NWP2 A0A8V0YPA6 A0A1D5P7Y2
Biological Process,oocyte axis specification,3,GO:0007309,5,53,389,2734,0.66,0.42630740128566635,0.37,Q5ZJ58 A0A8V0YMM6 A0A8V0Y070 A0A8V0ZH54 A0A8V0ZF83
Biological Process,molting cycle,2,GO:0042303,5,53,389,2734,0.66,0.42630740128566635,0.37,A0A3Q2TU24 A0A8V0ZTP1 F1NJI3 A0A8V0ZHL4 A0A8V0ZX23
Biological Process,regulation of cellular component organization,4,GO:0051128,102,766,389,2734,0.94,0.42816839321639544,0.37,A0A8V1A9L3 A0A1D5NTR5 A0A8V0YVT3 A0A8V0YDT5 A0A1D5NYG2 A0A8V0YB43 A0A8V0Z8V4 A0A3Q2U2N5 A0A8V0ZZG2 A0A8V0X5U3 A0A1L1RX77 A0A8V0YW57 A0A8V0XXW6 A0A8V1ACD6 F1NEZ4 A0A1D5PNL3 A0A8V0XJ84 A0A1D5NWP2 A0A8V0XAN3 A0A8V0XXK8 F1NGB8 A0A3Q2TU24 A0A8V0ZB91 A0A8V1AB05 A0A8V1A9R2 A0A8V1AB67 A0A8V0ZDZ5 A0A8V1AG56 A0A8V1A449 A0A8V1A9A7 A0A3Q3A4U3 A0A8V0XUK6 A0A8V0Y0F3 E1BYF1 A0A8V0ZRU9 A0A3Q2TYT2 A0A8V1AAH7 A0A8V1AK88 Q0PVE4 A0A8V1AA32 Q00649 A0A1D5PDV9 A0A8V1ABC9 A0A8V0ZE30 A0A8V0YRK4 E1BQI2 A0A8V0YR09 A0A1D5PBU5 A0A8V0X5K9 A0A8V0YY70 A0A8V1AJI2 A0A1D5PT01 A0A8V1AJV5 A0A8V0YRG2 A0A8V0Y0V1 A0A8V0X4D8 A0A8V0YBZ6 A0A8V0ZI29 A0A8V0ZYM1 A0A8V0YGN8 A0A8V0YXG4 A0A8V0XFL3 A0A8V0YC57 A0A8V0ZDK0 A0A8V0ZKS6 A0A8V0ZTA5 E1C733 A0A8V0YLN5 A0A8V0ZAU8 A0A1D5PC37 A0A8V0ZBA3 A0A8V0XWZ8 A0A8V0Y1A4 A0A8V0ZKI8 A0A1D5P655 A0A8V0YDT4 A0A8V0XZQ1 A0A8V0Z9Y8 A0A8V0Z4M1 A0A3Q2U3T5 A0A8V0YNQ0 Q98938 A0A8V0ZW33 A0A8V0Y290 A0A8V0XYR2 A0A8V0YMR1 A0A8V0XGL8 A0A8V1AFC3 A0A8V0X852 A0A1D5P1F1 Q6JHU8 A0A8V0XB58 A0A8V0ZZU1 Q5ZJ58 A0A8V0Y2E5 A0A8V0YU83 A0A8V0XAF8 A0A8V1A3S8 A0A8V0Z9Z7 A0A8V0YDD6 A0A8V0ZPH9 A0A8V0YWM3
Biological Process,oocyte construction,3,GO:0007308,5,54,389,2734,0.65,0.4288732308180628,0.37,Q5ZJ58 A0A8V0YMM6 A0A8V0Y070 A0A8V0ZH54 A0A8V0ZF83
Biological Process,negative regulation of establishment of protein localization,6,GO:1904950,5,54,389,2734,0.65,0.4288732308180628,0.37,A0A8V1A3S8 A0A8V0ZKS6 A0A8V0YDT4 A0A8V0ZY91 A0A8V0YDD6
Biological Process,protein-RNA complex assembly,6,GO:0022618,5,54,389,2734,0.65,0.4288732308180628,0.37,A0A8V0ZJ97 A0A8V0XPN5 A0A8V0XXW6 A0A8V0ZSX6 A0A1D5PNG3
Biological Process,response to light stimulus,4,GO:0009416,9,86,389,2734,0.74,0.43131440332946114,0.37,A0A8V0YNQ0 Q5ZJ58 A0A8V0X5K9 A0A8V0Z4R1 A0A3Q2TTB3 A0A8V0YW57 A0A8V0ZSX6 A0A8V0ZFG7 A0A8V1ABC9
Biological Process,cell-cell adhesion,3,GO:0098609,21,126,389,2734,1.17,0.4327960540593591,0.36,A0A8V0Y0V1 A0A1D5PZV7 Q98938 A0A8V0ZI29 A0A8V0XCI3 A0A1D5NW03 A0A8V0Y4R7 A0A3Q3A4U3 A0A1D5NTR5 A0A8V0YDT5 A0A8V0XRN3 A0A1D5NYG2 A0A3Q2UGW3 A0A8V0Z2J4 A0A8V0ZE58 A0A8V0Y9F8 A0A8V0Y103 A0A8V0XXK8 A0A8V0ZKI8 A0A8V0Y413 A0A8V0XX41
Biological Process,carbohydrate biosynthetic process,4,GO:0016051,10,55,389,2734,1.28,0.4328114782051,0.36,F1NGB8 A0A8V0YS46 A0A1D5PJE0 A0A8V0YJV4 A0A8V0ZBJ8 A0A8V0Y6W2 A0A8V1A4P2 A0A8V0Y2E5 E1C2T4 A0A8V0Y8L6
Biological Process,DNA integrity checkpoint signaling,5,GO:0031570,3,14,389,2734,1.51,0.43631328025983607,0.36,A0A8V0YW57 A0A8V0ZW33 A0A8V0YRK4
Biological Process,transcytosis,2,GO:0045056,3,14,389,2734,1.51,0.43631328025983607,0.36,A0A8V0Y4Q2 A0A1D5P0X0 A0A8V0YG88
Biological Process,regulation of heart growth,5,GO:0060420,3,14,389,2734,1.51,0.43631328025983607,0.36,A0A8V1AK88 A0A8V0XYR2 A0A8V0XXK8
Biological Process,regulation of fertilization,4,GO:0080154,3,14,389,2734,1.51,0.43631328025983607,0.36,A0A8V0ZES4 A0A8V0YPA6 A0A8V0ZX23
Biological Process,response to ischemia,3,GO:0002931,3,14,389,2734,1.51,0.43631328025983607,0.36,A0A8V0YDD6 Q00649 A0A8V0YWM3
Biological Process,apoptotic process involved in development,5,GO:1902742,3,14,389,2734,1.51,0.43631328025983607,0.36,A0A8V0ZE58 A0A8V1A9A7 Q05744
Biological Process,positive regulation of response to biotic stimulus,5,GO:0002833,3,14,389,2734,1.51,0.43631328025983607,0.36,A0A8V1ABC8 A0A8V0YAR4 A0A8V1ABC9
Biological Process,regulation of membrane permeability,3,GO:0090559,3,14,389,2734,1.51,0.43631328025983607,0.36,A0A8V0ZSX0 A0A8V1A7R0 A0A8V0YR09
Biological Process,peptidyl-proline modification,6,GO:0018208,3,14,389,2734,1.51,0.43631328025983607,0.36,A0A8V0XA12 A0A8V0ZHL4 Q6JHU8
Biological Process,branching involved in blood vessel morphogenesis,5,GO:0001569,3,14,389,2734,1.51,0.43631328025983607,0.36,A0A8V0Z4M1 A0A8V0XYR2 Q98938
Biological Process,epithelial cilium movement involved in extracellular fluid movement,5,GO:0003351,3,14,389,2734,1.51,0.43631328025983607,0.36,A0A8V0YIE9 A0A8V0Y1N7 A0A8V0ZLV6
Biological Process,vasculogenesis,4,GO:0001570,3,14,389,2734,1.51,0.43631328025983607,0.36,A0A8V0Z4M1 A0A8V0Y2E5 A0A8V0ZSG8
Biological Process,cardiac conduction,7,GO:0061337,3,14,389,2734,1.51,0.43631328025983607,0.36,A0A8V0XCI3 A0A8V0XB58 A0A8V0ZY91
Biological Process,negative regulation of myeloid leukocyte differentiation,7,GO:0002762,3,14,389,2734,1.51,0.43631328025983607,0.36,A0A8V0XUK6 A0A8V0ZQS2 A0A1D5NZN4
Biological Process,monoatomic anion homeostasis,4,GO:0055081,3,14,389,2734,1.51,0.43631328025983607,0.36,A0A3Q2UEL1 A0A8V1AJV5 A0A8V0Y513
Biological Process,autophagosome assembly,6,GO:0000045,3,14,389,2734,1.51,0.43631328025983607,0.36,A0A1D5PC37 A0A8V0Y7Y9 Q05744
Biological Process,DNA damage checkpoint signaling,5,GO:0000077,3,14,389,2734,1.51,0.43631328025983607,0.36,A0A8V0YW57 A0A8V0ZW33 A0A8V0YRK4
Biological Process,negative regulation of macromolecule metabolic process,5,GO:0010605,66,506,389,2734,0.92,0.4381822567022986,0.36,A0A8V0Y0V1 A0A8V0YNQ0 A0A8V1AG56 A0A8V0X4D8 Q98938 A0A8V0Y999 A0A8V0YM05 A0A8V0ZW33 A0A8V1A9A7 A0A3Q3A4U3 A0A1D5NTR5 A0A8V0YXG4 A0A1L1RP76 A0A8V0YPA6 A0A8V0YW12 A0A8V0XFL3 A0A8V0Y290 A0A8V0ZC57 A0A8V0XYR2 A0A8V0X643 A0A8V0Z4J0 A0A8V1ACS0 A0A8V0Y0F3 A0A8V0ZZG2 A0A8V0ZSG8 A0A8V0X637 A0A8V1ABC8 A0A8V0ZQS2 A0A8V0ZTA5 A0A1L1RX77 A0A8V0YW57 A0A8V0ZSX6 A0A8V0ZRU9 A0A8V0X852 A0A8V0YRF2 A0A1D5PNG3 A0A8V1A7R0 Q6JHU8 Q0PVE4 A0A8V0Y7Y9 A0A8V1AA32 A0A8V0Z438 Q5ZJ58 A0A8V0XPN5 A0A8V0ZY91 Q00649 A0A8V0ZH54 A0A8V1ABC9 A0A8V0YF22 A0A8V0ZE30 A0A8V0ZF83 A0A8V0XAF8 A0A8V0ZKI8 A0A8V0ZJ97 A0A8V1A3S8 A0A8V0YDT4 A0A8V1A9R2 A0A8V0Z9Z7 A0A8V1AJI2 A0A8V0Y070 A0A8V0Y614 A0A8V1AJV5 A0A8V0Z4M1 A0A8V0ZPH9 A0A8V0YRG2 A0A8V1A653
Biological Process,positive regulation of protein kinase activity,7,GO:0045860,15,130,389,2734,0.81,0.44029984179431136,0.36,A0A8V1ACS0 A0A8V1AG56 A0A3Q2TU24 A0A8V1A3S8 A0A8V1A3N1 A0A8V1A9R2 A0A8V0ZE58 A0A1D5PNL3 A0A8V0X1T3 A0A3Q3A4U3 A0A8V0XJ84 A0A8V0Z4M1 A0A8V0XYR2 A0A8V0Z4J0 Q9I946
Biological Process,negative regulation of cell population proliferation,5,GO:0008285,29,180,389,2734,1.13,0.44049894039620807,0.36,A0A8V0YNQ0 A0A8V1AG56 Q98938 A0A8V0ZI29 A0A8V1A2P5 A0A3Q3A4U3 Q90YI1 A0A1D5NZT1 A0A8V0YEZ4 C7G540 A0A8V0YW12 A0A8V0ZZG2 E1BYF1 A0A8V0XXW6 A0A8V0X852 A0A8V0Y5K2 A0A8V1A7R0 Q6JHU8 A0A8V0ZZU1 A0A8V0Z2J4 A0A8V0Y1A4 A0A8V0XJ84 A0A8V0ZH54 A0A8V1ABC9 A0A8V0ZKI8 A0A8V0YDT4 A0A8V1AJV5 A0A8V0XFB5 A0A8V0ZQS2
Biological Process,regulation of hormone levels,3,GO:0010817,15,131,389,2734,0.8,0.44113655954055164,0.36,A0A8V0Y4Q2 A0A8V0X4D8 A0A8V0XA92 A0A8V0YJV4 A0A8V0ZTA5 A0A8V1A9A7 A0A8V0ZY91 A0A8V0ZP32 A0A8V0YY90 A0A8V1ABC9 A0A8V0YF22 A0A8V0YPA6 A0A1D5P1F1 A0A8V0XYR2 A0A8V0ZA56
Biological Process,cellular response to nitrogen compound,4,GO:1901699,22,184,389,2734,0.84,0.44379217990802006,0.35,A0A8V0ZW33 A0A8V0YPA6 A0A8V0XYR2 A0A8V0YC57 A0A8V0YB43 P02460 A0A8V0Y1N7 A0A8V0ZRU9 A0A1D5PE57 A0A8V1A7R0 A0A8V0XDM2 A0A8V0ZY91 Q9I946 A0A8V0Y513 A0A8V0ZJ97 A0A1D5P655 A0A8V1A9R2 A0A8V0YJV4 A0A8V0YDD6 A0A8V0YLT1 Q5ZHL0 A0A8V0YWM3
Biological Process,protein N-linked glycosylation,5,GO:0006487,6,32,389,2734,1.32,0.4443997321005881,0.35,A0A8V0ZW46 A0A8V1ACQ8 A0A8V0XDL7 A0A8V0WZN3 A0A8V0XQS7 A0A8V0Z0B9
Biological Process,regulation of blood vessel endothelial cell migration,6,GO:0043535,6,32,389,2734,1.32,0.4443997321005881,0.35,A0A8V0ZSG8 A0A8V0Y5K2 Q00649 A0A8V1ABC9 A0A8V0Z4M1 A0A8V0YRK4
Biological Process,regulation of lipase activity,5,GO:0060191,6,32,389,2734,1.32,0.4443997321005881,0.35,P11602 A0A8V0X4D8 A0A8V0ZE58 A0A8V0Z4M1 A0A8V0ZEJ3 A0A8V0ZA56
Biological Process,regulation of fibroblast proliferation,5,GO:0048145,6,32,389,2734,1.32,0.4443997321005881,0.35,A0A8V1AG56 A0A3Q2TU24 A0A8V0YDT4 A0A8V0YDD6 A0A1D5P1F1 Q9I946
Biological Process,negative regulation of developmental growth,5,GO:0048640,10,57,389,2734,1.23,0.4445061469537426,0.35,A0A8V1AG56 A0A8V0Z8V4 A0A8V0ZKS6 Q98938 A0A8V0ZI29 A0A8V1AB05 A0A8V0YDT5 A0A8V1ACD6 A0A8V0XUJ8 A0A8V0YMR1
Biological Process,epithelium development,4,GO:0060429,69,528,389,2734,0.92,0.44550231100611876,0.35,A0A8V0YNQ0 A0A8V1AG56 A0A8V0X4D8 Q98938 A0A8V0ZI29 A0A8V0XRC4 A0A8V0XCI3 A0A8V0YM05 A0A8V0XDL7 A0A8V1A9A7 A0A8V0ZW33 A0A3Q3A4U3 A0A8V0YVT3 A0A8V0YDT5 A0A8V0XRN3 A0A8V0XFL3 A0A8V0XYR2 A0A8V1AAN6 A0A8V1A3H9 P02460 A0A8V0YB43 A0A8V0ZDK0 A0A8V0Z8V4 A0A8V0ZZG2 A0A8V1AHJ8 Q5ZHL0 A0A8V0XGL8 A0A8V1ABC8 A0A8V0Y722 E1C733 A0A8V0XK73 A0A8V0XKU5 Q8AWB4 A0A8V1AAH7 A0A8V0ZA56 A0A8V0YS46 A0A8V0WZJ4 A0A8V0ZZU1 Q0PVE4 A0A8V0XDM2 A0A8V0ZTP1 A0A3Q2UEL1 A0A8V0ZE58 A0A8V0ZT48 A0A8V0Y9F8 A0A8V0Z4M1 A0A8V0ZH54 A0A1D5NWP2 A0A8V0XM58 A0A8V0ZE30 A0A8V0YRG2 A0A8V0ZF83 A0A8V0Y513 A0A8V0ZKI8 A0A3Q2TU24 A0A8V0YEQ1 O12971 A0A1D5P655 A0A8V1AB05 A0A8V1A9R2 A0A8V0ZHK9 A0A8V0YY70 A0A8V0YMM6 A0A8V0Y070 A0A8V1AJV5 A0A8V0YLT1 A0A8V0ZQP1 P33005 Q76KB2
Biological Process,regulation of nitrogen compound metabolic process,4,GO:0051171,121,898,389,2734,0.95,0.4489731156251485,0.35,Q5ZMG0 A0A8V1A9L3 A0A8V1AJT2 A0A1D5NTR5 A0A8V0YW12 A0A8V1ACS0 A0A8V0ZZG2 A0A8V1ABC8 A0A8V0X5U3 A0A1L1RX77 A0A8V0YW57 A0A8V0XXW6 A0A8V1A7R0 A0A8V0ZA56 A0A8V1A3N1 A0A1D5PNL3 A0A8V0XJ84 A0A3Q2TU24 A0A8V0ZB91 A0A8V1A9R2 A0A8V0ZDZ5 A0A8V0Y070 A0A8V0ZQS2 A0A8V1AG56 A0A8V0YM05 A0A8V1A9A7 A0A3Q3A4U3 A0A8V1A8R6 A0A8V0XUK6 A0A8V0XRN3 A0A8V0ZC57 A0A8V0Y0F3 A0A8V0X637 E1BYF1 A0A8V0ZP32 A0A8V0ZRU9 A0A8V1AKH4 A0A8V0YRF2 A0A1D5NZN4 A0A8V0X1T3 A0A1D5P0D7 Q0PVE4 A0A8V0Y7Y9 A0A8V1AA32 A0A8V0ZE58 A0A8V0XPN5 Q00649 A0A8V1ABC9 A0A8V0YF22 A0A8V0XM58 A0A8V0ZE30 A0A8V0YRK4 E1BQI2 A0A8V0YR09 A0A1D5P201 A0A8V0Y413 A0A8V0YMM6 A0A8V1AJI2 A0A8V1AJV5 A0A8V0YRG2 A0A8V1A653 A0A8V0Y0V1 A0A8V0X4D8 A0A8V0YBZ6 A0A8V0YXG4 A0A1L1RP76 A0A8V0YPA6 A0A8V0XFL3 A0A8V0X643 A0A8V0Z4J0 A0A8V0ZSG8 A0A8V0ZKS6 A0A8V0ZTA5 E1C733 A0A8V0ZSX6 Q8AWB4 A0A1D5PC37 A0A8V0Z438 A0A8V0XWZ8 A0A1D5PLP1 A0A8V0ZF83 A0A8V0ZKI8 A0A1D5P655 A0A8V0YDT4 A0A8V0Z4M1 A0A8V0YNQ0 Q98938 A0A8V0XRC4 A0A8V0Y999 A0A8V0ZW33 A0A8V0ZFG7 A0A8V0Y290 A0A8V0XYR2 A0A8V1A3H9 A0A8V0XGL8 A0A8V1A8N2 A0A1D5PQV0 A0A8V1AFC3 A0A8V0YHH6 A0A8V0X852 A0A1D5PNG3 A0A1D5P1F1 Q6JHU8 A0A8V1AJ90 A0A8V0YS46 A0A8V0WZJ4 A0A8V0XB58 A0A8V0XDM2 Q5ZJ58 A0A3Q2TT95 A0A8V0Y2E5 A0A8V0ZH54 Q9I946 A0A8V0XAF8 A0A8V1A3S8 A0A8V0Z9Z7 A0A8V0Y614 A0A8V0YDD6 A0A8V0XFB5 A0A8V0ZPH9 A0A8V0YWM3
Biological Process,regulation of developmental growth,4,GO:0048638,30,188,389,2734,1.12,0.45092493163783864,0.35,A0A8V0Y0V1 A0A8V1AG56 A0A8V0X4D8 Q98938 A0A8V0ZI29 A0A8V0ZYM1 A0A8V0YGN8 A0A1D5NZT1 A0A8V0ZHL4 A0A8V0YDT5 A0A8V0XUJ8 A0A8V0XYR2 A0A8V0YMR1 A0A8V0Z8V4 A0A8V0ZKS6 A0A8V0YHH6 A0A8V1ACD6 A0A8V1A7R0 A0A8V0YS46 A0A8V1AK88 A0A8V0XB58 Q5ZJ58 A0A8V0XXK8 A0A8V0ZB91 A0A1D5P655 A0A8V1AB05 A0A8V0ZES4 A0A8V0YDD6 A0A8V0Z4M1 Q76KB2
Biological Process,segmentation,4,GO:0035282,16,94,389,2734,1.2,0.4513075768567728,0.35,A0A8V0YNQ0 A0A8V0ZKI8 A0A8V0YS46 A0A8V0ZZG2 A0A8V0ZZU1 A0A8V1AG56 Q98938 O12971 A0A8V1A9R2 A0A8V0ZF83 A0A8V0Y070 A0A8V1A9A7 A0A8V0YMM6 A0A8V1ACD6 A0A8V0ZH54 Q8AWB4
Biological Process,cell-substrate adhesion,3,GO:0031589,10,58,389,2734,1.21,0.4521015408037017,0.34,A0A8V0Y0F3 A0A8V0Y290 A0A8V0ZBR8 A0A8V0ZHX5 A0A8V0ZTP1 A0A8V1A3S8 A0A8V0YDD6 A0A8V0XRN3 A0A1D5PE57 A0A8V0ZPH9
Biological Process,leukocyte differentiation,4,GO:0002521,10,58,389,2734,1.21,0.4521015408037017,0.34,A0A8V0ZWX9 A0A8V0XGY8 A0A8V0ZSG8 O12971 A0A8V1A9R2 A0A8V0YW57 A0A8V0YLT1 A0A8V0Z4M1 A0A8V1A7R0 A0A8V0ZEJ3
Biological Process,negative regulation of transport,4,GO:0051051,16,138,389,2734,0.81,0.4524370694512012,0.34,A0A8V0ZWX9 A0A8V0XB58 A0A8V1A3S8 A0A8V0ZKS6 A0A8V0YDT4 A0A1D5P655 A0A8V0X5K9 A0A8V0ZY91 A0A8V0YDD6 A0A8V1AJV5 A0A8V0ZRU9 A0A8V1ABC9 A0A8V0YPA6 A0A8V0YRG2 A0A8V0XYR2 A0A1D5PC37
Biological Process,cell-cell signaling,3,GO:0007267,32,255,389,2734,0.88,0.4526843977721591,0.34,A0A8V1AG56 A0A1D5PCU0 Q98938 A0A8V0ZBR8 A0A8V1A9A7 A0A1D5NTR5 A0A8V0YEZ4 A0A1D5NYG2 A0A8V0XYR2 A0A8V0Z4J0 A0A8V1AAN6 A0A8V1ACS0 A0A8V1ALE0 E1C733 A0A8V0ZSX0 A0A8V0YHL6 A0A3Q2TYT2 A0A8V0Y5K2 A0A8V0Y969 A0A8V0YS46 A0A8V0XA92 A0A8V0XB58 A0A8V0ZE58 A0A8V0ZY91 A0A8V0Y103 A0A8V0ZKI8 A0A3Q2TU24 A0A8V0Y478 A0A8V1AB67 A0A8V0ZDZ5 A0A8V0Z9Y8 A0A8V0YRG2
Biological Process,epidermal cell differentiation,5,GO:0009913,6,59,389,2734,0.71,0.45355760289529834,0.34,A0A8V1AG56 A0A8V0X4D8 A0A8V0XCI3 A0A8V0XK73 A0A8V1AJV5 A0A8V0ZA56
Biological Process,positive regulation of neuron differentiation,6,GO:0045666,23,139,389,2734,1.16,0.4537569876337001,0.34,A0A8V0Y0V1 A0A8V0YNQ0 A0A8V1AG56 A0A8V0X4D8 A0A8V0ZI29 A0A3Q3A4U3 A0A8V0YGN8 A0A8V0YDT5 A0A1D5NYG2 A0A8V0YLN5 A0A1D5P1F1 Q6JHU8 A0A1D5P0D7 A0A8V0Y1A4 A0A3Q2TT95 Q00649 A0A8V0ZKI8 A0A8V0ZB91 A0A1D5P655 A0A8V1AJI2 A0A1D5PT01 A0A8V0YDD6 A0A8V0Z4M1
Biological Process,regulation of DNA metabolic process,5,GO:0051052,6,60,389,2734,0.7,0.45441269773842946,0.34,A0A8V1A9L3 A0A8V0ZW33 A0A1D5PNL3 A0A8V0YW57 A0A8V0Z4M1 A0A8V0YWM3
Biological Process,immune response-regulating cell surface receptor signaling pathway,4,GO:0002768,6,60,389,2734,0.7,0.45441269773842946,0.34,A0A1D5P655 A0A1D5PNL3 A0A8V0XUK6 A0A8V0XEJ0 P01875 A0A8V0ZQS2
Biological Process,positive regulation of macromolecule metabolic process,5,GO:0010604,74,563,389,2734,0.92,0.456437150107081,0.34,Q5ZMG0 A0A8V0Y0V1 A0A8V1AG56 A0A8V0X4D8 A0A8V1A9L3 A0A8V0YBZ6 Q98938 A0A8V0ZW33 A0A8V0YM05 A0A8V1AJT2 A0A8V1A9A7 A0A3Q3A4U3 A0A8V0XRN3 A0A8V0XFL3 A0A8V0Y290 A0A8V0XYR2 A0A8V0Z4J0 A0A8V1A3H9 A0A8V1AAN6 A0A8V1ACS0 A0A8V0Y0F3 A0A8V0ZZG2 A0A8V0XGL8 A0A8V0X637 A0A8V1ABC8 E1C733 A0A8V1AFC3 A0A1L1RX77 A0A8V0YW57 A0A8V0YHH6 A0A8V0ZSX6 A0A8V0ZRU9 A0A8V0YRF2 A0A1D5NZN4 A0A1D5PNG3 A0A8V1A7R0 A0A1D5P1F1 A0A8V0X1T3 A0A1D5PC37 A0A1D5P0D7 A0A8V0YS46 A0A8V0XB58 A0A8V1AA32 A0A8V1A3N1 A0A8V0ZE58 A0A1D5PNL3 A0A8V0XWZ8 Q00649 A0A8V0XJ84 A0A8V0Y2E5 A0A8V1ABC9 A0A8V0XM58 A0A1D5PLP1 A0A8V0ZE30 A0A8V0YRK4 Q9I946 E1BQI2 A0A8V0XAF8 A0A8V0YR09 A0A8V0ZKI8 A0A3Q2TU24 A0A8V0ZB91 A0A8V1A3S8 A0A8V0YDT4 A0A8V1A9R2 A0A1D5P201 A0A8V0Y413 A0A8V0ZDZ5 A0A8V0YDD6 A0A8V0XFB5 A0A8V0Z9Y8 A0A8V0Z4M1 A0A8V0YRG2 A0A8V0YWM3
Biological Process,regulation of muscle tissue development,4,GO:1901861,6,33,389,2734,1.28,0.4567318982575236,0.34,A0A8V0ZKI8 A0A8V1AK88 A0A8V0ZSG8 A0A8V0Z9Z7 A0A8V0XYR2 A0A8V0XXK8
Biological Process,cellular response to type II interferon,6,GO:0071346,6,33,389,2734,1.28,0.4567318982575236,0.34,A0A8V1AG56 A0A8V0XGL8 A0A8V0XB58 E1C733 A0A8V0XYR2 A0A8V1AJ90
Biological Process,establishment or maintenance of epithelial cell apical/basal polarity,5,GO:0045197,6,33,389,2734,1.28,0.4567318982575236,0.34,A0A8V1AG56 Q0PVE4 A0A8V0XX41 A0A8V0YXG4 A0A8V1AJV5 A0A8V0ZH54
Biological Process,regulation of striated muscle tissue development,5,GO:0016202,6,33,389,2734,1.28,0.4567318982575236,0.34,A0A8V0ZKI8 A0A8V1AK88 A0A8V0ZSG8 A0A8V0Z9Z7 A0A8V0XYR2 A0A8V0XXK8
Biological Process,animal organ development,3,GO:0048513,146,978,389,2734,1.05,0.4578762436355799,0.34,A0A8V1A9L3 A0A8V0ZWX9 A0A1D5NTR5 A0A8V0YVT3 A0A8V0YDT5 A0A1D5NYG2 A0A8V0ZEJ3 A0A8V0Z8V4 A0A8V0ZZG2 A0A8V0Y722 A0A1L1RX77 A0A8V0XPE8 A0A8V0YW57 A0A8V1ACD6 A0A8V1A7R0 A0A8V0ZA56 A0A8V0Y4Q2 A0A8V0ZTP1 A0A8V0ZKV3 A0A8V0ZT48 A0A8V0XJ84 A0A1D5NWP2 A0A8V0YYQ9 A0A8V0XXK8 A0A3Q2TU24 A0A8V0YEQ1 A0A8V0ZB91 A0A8V1AB05 A0A8V1A9R2 A0A8V1AB67 A0A8V0ZHK9 A0A8V0Y070 A0A8V1AG56 A0A8V0XCX4 A0A8V0YM05 A0A8V1A9A7 A0A3Q3A4U3 A0A3Q2TVX1 A0A8V0XRN3 P02460 A0A8V0Y0F3 A0A8V0YUF6 A0A8V0XK73 A0A8V0ZSX0 A0A8V0ZF99 A0A8V0ZRU9 A0A1D5NZN4 A0A8V1AAH7 A0A1D5P0D7 Q0PVE4 A0A8V0XA92 A0A8V0ZE58 A0A8V0Y103 A0A1D5PDV9 A0A8V1ABC9 A0A8V0XM58 A0A8V1ADF6 A0A8V0Y513 A0A8V0YR09 A0A8V0Y413 A0A8V0YJV4 A0A8V0X5K9 A0A8V0YMM6 A0A8V0YY70 A0A8V1AJV5 A0A8V0YLT1 A0A8V0ZQP1 A0A8V0YRG2 Q76KB2 A0A8V0Y0V1 A0A8V0X4D8 A0A8V0ZI29 A0A8V0YXG4 A0A8V0XFL3 A0A8V0Y8L6 A0A8V0ZDK0 A0A8V0ZSG8 A0A8V0ZKS6 A0A8V0ZTA5 E1C733 A0A8V0XKU5 A0A8V0Z888 A0A1D5PE57 A0A8V0ZAU8 Q8AWB4 A0A8V0ZMU3 A0A8V0XZV7 A0A8V0YRN1 A0A8V0ZY91 A0A8V0Y1A4 A0A8V0YPB9 A0A1D5PLP1 A0A8V0ZF83 A0A8V0ZKI8 O12971 A0A8V0YDT4 A0A8V0X9N1 A0A1D5P655 A0A8V0ZES4 A0A8V0XX41 A0A8V0ZTG6 A0A8V0X370 A0A8V0XK27 A0A8V0ZFH4 A0A8V0XZQ1 A0A8V0YIE9 A0A8V0Z4M1 A0A8V0YNQ0 Q98938 A0A8V0XRC4 A0A8V0XCI3 A0A8V0ZW33 A0A8V1A2P5 A0A1D5NZT1 A0A8V0ZFG7 A0A8V0XUJ8 A0A8V0Y290 A0A8V0XYR2 A0A8V1AAN6 A0A8V1A3H9 A0A8V0XGY8 A0A8V0XGL8 A0A3Q2UGW3 A0A1D5PQV0 A0A8V0Y7C8 A0A8V0Y1N7 A0A1D5P1F1 Q6JHU8 A0A8V0XF68 A0A8V0YS46 A0A8V0WZJ4 A0A8V0XB58 A0A8V0ZZU1 A0A8V0XDM2 A0A8V0Z2J4 A0A3Q2UEL1 A0A8V1A2F4 A0A8V0Y2E5 A0A8V0ZH54 Q9I946 A0A8V0XAF8 A0A8V1A4I0 A0A8V0Z9Z7 A0A8V0YDD6 F1NSM7 A0A8V0XFB5
Biological Process,appendage development,3,GO:0048736,23,141,389,2734,1.15,0.45804083968815046,0.34,A0A8V0YNQ0 A0A8V1AG56 Q98938 A0A8V1A9A7 A0A8V0XFL3 P02460 A0A8V0ZZG2 A0A8V0XK73 A0A8V0YS46 A0A8V0ZZU1 A0A3Q2UEL1 A0A1D5NWP2 A0A8V0XM58 A0A8V0ZF83 A0A8V0ZKI8 A0A8V0YEQ1 O12971 A0A8V0YDT4 A0A8V0ZHK9 A0A8V0YMM6 A0A8V0Y070 A0A8V0XK27 Q76KB2
Biological Process,negative regulation of cytokine production,5,GO:0001818,11,62,389,2734,1.25,0.45981925874939,0.34,A0A8V0X4D8 A0A8V0ZZG2 A0A8V0ZSG8 A0A8V0YDT4 A0A8V1AB05 A0A8V1A9R2 A0A8V0YDD6 A0A8V0XJ84 A0A8V1AJ90 A0A8V0ZQS2 A0A8V0YR09
Biological Process,formation of animal organ boundary,4,GO:0010160,3,15,389,2734,1.41,0.4613868240376984,0.34,A0A8V0Z8V4 A0A8V0ZKS6 A0A3Q3A4U3
Biological Process,regulation of granulocyte chemotaxis,6,GO:0071622,3,15,389,2734,1.41,0.4613868240376984,0.34,A0A8V0Y413 A0A8V0XYR2 A0A8V0YR09
Biological Process,positive regulation of receptor signaling pathway via JAK-STAT,7,GO:0046427,3,15,389,2734,1.41,0.4613868240376984,0.34,A0A8V1A9R2 A0A8V1A7R0 A0A8V0YJV4
Biological Process,circadian behavior,3,GO:0048512,3,15,389,2734,1.41,0.4613868240376984,0.34,A0A8V0ZFG7 A0A8V1A9R2 A0A1D5PNB8
Biological Process,positive regulation of receptor signaling pathway via STAT,6,GO:1904894,3,15,389,2734,1.41,0.4613868240376984,0.34,A0A8V1A9R2 A0A8V1A7R0 A0A8V0YJV4
Biological Process,positive regulation of neurotransmitter transport,5,GO:0051590,3,15,389,2734,1.41,0.4613868240376984,0.34,A0A1D5P1F1 A0A3Q2TYT2 A0A1D5PC37
Biological Process,cardiac muscle contraction,6,GO:0060048,3,15,389,2734,1.41,0.4613868240376984,0.34,A0A8V0YM05 A0A8V0XB58 A0A8V0ZY91
Biological Process,sulfur amino acid metabolic process,4,GO:0000096,3,15,389,2734,1.41,0.4613868240376984,0.34,A0A8V0Y513 A0A1D5PNB8 E1BYF1
Biological Process,response to electrical stimulus,3,GO:0051602,3,15,389,2734,1.41,0.4613868240376984,0.34,A0A8V1AB67 A0A8V0ZTA5 A0A1D5P655
Biological Process,regulation of vascular associated smooth muscle cell proliferation,6,GO:1904705,3,15,389,2734,1.41,0.4613868240376984,0.34,A0A8V0XYR2 A0A8V0XJ84 A0A8V0Y1A4
Biological Process,negative regulation of small molecule metabolic process,5,GO:0062014,3,15,389,2734,1.41,0.4613868240376984,0.34,A0A8V1A7R0 A0A8V0YY90 A0A8V1A3H9
Biological Process,positive regulation of phospholipase activity,7,GO:0010518,3,15,389,2734,1.41,0.4613868240376984,0.34,A0A8V0Z4M1 A0A8V0ZE58 A0A8V0ZEJ3
Biological Process,male genitalia development,5,GO:0030539,3,15,389,2734,1.41,0.4613868240376984,0.34,A0A8V0ZZU1 A0A8V0ZH54 A0A8V0ZQP1
Biological Process,mesonephric tubule morphogenesis,7,GO:0072171,3,15,389,2734,1.41,0.4613868240376984,0.34,A0A8V0ZTP1 A0A8V0ZW33 A0A8V0XRN3
Biological Process,ureteric bud morphogenesis,8,GO:0060675,3,15,389,2734,1.41,0.4613868240376984,0.34,A0A8V0ZTP1 A0A8V0ZW33 A0A8V0XRN3
Biological Process,rhythmic behavior,3,GO:0007622,3,15,389,2734,1.41,0.4613868240376984,0.34,A0A8V0ZFG7 A0A8V1A9R2 A0A1D5PNB8
Biological Process,protein deglycosylation,5,GO:0006517,3,15,389,2734,1.41,0.4613868240376984,0.34,A0A8V0Y7C8 A0A8V0XQS7 A0A8V0ZW46
Biological Process,regulation of morphogenesis of a branching structure,4,GO:0060688,3,15,389,2734,1.41,0.4613868240376984,0.34,A0A8V0Z4M1 A0A3Q2TU24 A0A8V1AG56
Biological Process,regulation of microtubule-based movement,5,GO:0060632,3,15,389,2734,1.41,0.4613868240376984,0.34,A0A1L1RZ23 A0A8V0YY70 A0A8V0YVT3
Biological Process,regulation of interleukin-1 production,5,GO:0032652,3,15,389,2734,1.41,0.4613868240376984,0.34,A0A8V1AG56 Q00649 A0A1D5P1F1
Biological Process,regulation of chromosome separation,7,GO:1905818,3,15,389,2734,1.41,0.4613868240376984,0.34,A0A8V0ZDK0 A0A8V0Z9Z7 A0A8V0X5U3
Biological Process,positive regulation of monoatomic anion transport,6,GO:1903793,3,15,389,2734,1.41,0.4613868240376984,0.34,A0A3Q2U2N5 A0A8V0XYR2 A0A8V0YWM3
Biological Process,ubiquitin-dependent protein catabolic process,7,GO:0006511,11,98,389,2734,0.79,0.46238078726808607,0.34,A0A8V1ACS0 A0A8V0ZZG2 A0A1D5NVM6 A0A1D5PNL3 A0A8V0ZY42 A0A8V0ZFG7 A0A8V0ZH54 Q5ZKV5 A0A8V0Z4J0 A0A8V0YFD4 A0A8V1AJ90
Biological Process,cell maturation,3,GO:0048469,11,97,389,2734,0.8,0.46240132825998886,0.33,Q98938 Q5ZJ58 A0A8V0ZTA5 A0A8V0ZF83 A0A8V0Y070 A0A8V0YMM6 A0A8V0ZH54 A0A8V0YPA6 A0A8V0Z4M1 A0A8V0YRG2 A0A8V0YC57
Biological Process,regulation of amide metabolic process,5,GO:0034248,11,99,389,2734,0.78,0.46314276863330883,0.33,A0A8V0XGL8 A0A1D5P655 A0A8V0ZE58 A0A1D5PQV0 A0A8V0XPN5 Q00649 A0A8V0ZSX6 A0A8V1ABC9 A0A8V0ZE30 A0A1D5PNG3 A0A8V1A7R0
Biological Process,cellular response to oxygen-containing compound,4,GO:1901701,34,269,389,2734,0.89,0.4634383327682307,0.33,A0A8V0YNQ0 A0A8V1AG56 A0A8V0ZW33 A0A8V1AEJ4 A0A8V0YPA6 A0A8V0XYR2 A0A8V0YC57 A0A8V0YB43 P02460 Q5ZHL0 A0A8V1ABC8 A0A8V0XPE8 A0A8V0Y1N7 A0A8V0ZRU9 A0A1D5PE57 A0A8V1A7R0 A0A1D5P1F1 A0A8V0XDM2 A0A8V0ZY91 A0A8V0Y1A4 Q00649 A0A8V1ABC9 Q9I946 A0A8V0YR09 A0A8V0XAF8 A0A8V0Y513 A0A8V0ZKI8 A0A1D5P655 A0A8V1A9R2 A0A8V0YJV4 A0A8V0YDD6 A0A8V0YLT1 A0A8V0Z4M1 A0A8V0YWM3
Biological Process,modification-dependent macromolecule catabolic process,5,GO:0043632,11,100,389,2734,0.77,0.4646694702709695,0.33,A0A8V1ACS0 A0A8V0ZZG2 A0A1D5NVM6 A0A1D5PNL3 A0A8V0ZY42 A0A8V0ZFG7 A0A8V0ZH54 Q5ZKV5 A0A8V0Z4J0 A0A8V0YFD4 A0A8V1AJ90
Biological Process,modification-dependent protein catabolic process,6,GO:0019941,11,100,389,2734,0.77,0.4646694702709695,0.33,A0A8V1ACS0 A0A8V0ZZG2 A0A1D5NVM6 A0A1D5PNL3 A0A8V0ZY42 A0A8V0ZFG7 A0A8V0ZH54 Q5ZKV5 A0A8V0Z4J0 A0A8V0YFD4 A0A8V1AJ90
Biological Process,sister chromatid segregation,5,GO:0000819,3,34,389,2734,0.62,0.46582654836320214,0.33,A0A8V0ZDK0 A0A8V0ZW33 A0A1D5PBU5
Biological Process,ribonucleoside metabolic process,5,GO:0009119,3,34,389,2734,0.62,0.46582654836320214,0.33,A0A8V0ZWX9 A0A8V0ZG46 A0A1D5PNB8
Biological Process,positive regulation of translation,7,GO:0045727,3,34,389,2734,0.62,0.46582654836320214,0.33,A0A1D5PNG3 A0A8V0ZSX6 A0A8V0XGL8
Biological Process,positive regulation of protein binding,5,GO:0032092,3,34,389,2734,0.62,0.46582654836320214,0.33,A0A8V1AG56 A0A8V0YRK4 O12971
Biological Process,antimicrobial humoral response,4,GO:0019730,3,34,389,2734,0.62,0.46582654836320214,0.33,A0A8V1ABC8 E1C733 A0A8V0YR09
Biological Process,positive regulation of T cell activation,7,GO:0050870,3,34,389,2734,0.62,0.46582654836320214,0.33,A0A8V1A9R2 A0A8V0ZWX9 Q98938
Biological Process,salivary gland morphogenesis,5,GO:0007435,3,35,389,2734,0.6,0.4663424707917694,0.33,A0A8V0ZTP1 A0A8V0XJ84 A0A8V1AG56
Biological Process,negative regulation of cysteine-type endopeptidase activity involved in apoptotic process,7,GO:0043154,3,35,389,2734,0.6,0.4663424707917694,0.33,A0A8V0Z4M1 A0A8V0X852 A0A8V0YRF2
Biological Process,response to fungus,3,GO:0009620,3,35,389,2734,0.6,0.4663424707917694,0.33,Q00649 A0A8V1ABC8 A0A8V0YWM3
Biological Process,SRP-dependent cotranslational protein targeting to membrane,6,GO:0006614,3,35,389,2734,0.6,0.4663424707917694,0.33,A0A8V1ACS0 A0A8V0Z4J0 A0A8V0XPN5
Biological Process,biological process involved in interaction with host,3,GO:0051701,3,36,389,2734,0.59,0.4689554579219385,0.33,A0A8V0ZZG2 A0A8V0ZSX6 A0A8V0XAE5
Biological Process,peptidyl-serine phosphorylation,6,GO:0018105,3,36,389,2734,0.59,0.4689554579219385,0.33,A0A8V0YRK4 A0A8V0XB58 A0A8V1ABC9
Biological Process,neural tube formation,6,GO:0001841,3,36,389,2734,0.59,0.4689554579219385,0.33,A0A8V0ZKI8 A0A8V0XDM2 A0A8V1AG56
Biological Process,protein import,5,GO:0017038,3,36,389,2734,0.59,0.4689554579219385,0.33,A0A8V1A7R0 R4GGQ4 A0A1D5PC37
Biological Process,chaperone-mediated protein folding,3,GO:0061077,3,36,389,2734,0.59,0.4689554579219385,0.33,A0A8V0YGQ5 Q00649 Q6JHU8
Biological Process,anatomical structure formation involved in morphogenesis,2,GO:0048646,47,365,389,2734,0.91,0.4691068326984326,0.33,A0A8V0YNQ0 A0A8V0ZWX9 A0A8V1AG56 Q98938 A0A8V0YM05 A0A8V1A2P5 A0A8V0ZYM1 A0A3Q3A4U3 A0A1D5NTR5 A0A8V0YXG4 A0A1D5NYG2 A0A8V0XYR2 P02460 A0A8V0Z8V4 A0A8V0ZKS6 A0A1D5PQV0 A0A8V0YHH6 A0A8V0ZF99 Q8AWB4 A0A8V1AAH7 A0A1L1RZ23 A0A8V0YS46 A0A8V0XA92 A0A8V0ZZU1 A0A8V0XDM2 A0A8V0ZTP1 A0A3Q2UEL1 A0A8V0ZE58 A0A8V0Y1A4 A0A8V0ZBJ8 A0A8V0XJ84 A0A1D5NWP2 A0A1D5PLP1 A0A8V0YRG2 A0A8V0ZF83 A0A8V0XX49 A0A8V0ZKI8 A0A3Q2TU24 O12971 A0A8V1AFR2 A0A8V1A9R2 A0A8V0ZES4 A0A8V0Y070 A0A8V0YMM6 A0A8V0YDD6 A0A8V0Z4M1 Q76KB2
Biological Process,gland morphogenesis,4,GO:0022612,11,64,389,2734,1.21,0.469781742609402,0.33,A0A8V0ZKI8 A0A8V1AG56 A0A8V0ZTP1 A0A8V1A9A7 E1C733 A0A3Q3A4U3 A0A8V0YXG4 A0A8V1AJV5 A0A8V0XJ84 A0A8V1AAN6 A0A8V1A3H9
Biological Process,positive regulation of cell growth,5,GO:0030307,11,64,389,2734,1.21,0.469781742609402,0.33,A0A8V0Y0V1 A0A8V1AG56 F1NGB8 A0A8V0X4D8 A0A8V1AK88 A0A8V0ZB91 A0A1D5P655 A0A8V0YDD6 A0A8V0Z4M1 A0A1D5P1F1 A0A8V0XYR2
Biological Process,regulation of muscle system process,5,GO:0090257,11,64,389,2734,1.21,0.469781742609402,0.33,A0A8V0ZWX9 A0A8V1AK88 A0A8V0XB58 A0A8V0XCI3 A0A8V0ZY91 A0A8V0XRN3 A0A1D5NWP2 A0A8V1ABC9 A0A1D5P1F1 A0A8V0XYR2 A0A8V0XXK8
Biological Process,negative regulation of response to external stimulus,5,GO:0032102,17,102,389,2734,1.17,0.4699326824002059,0.33,Q5ZMG0 A0A8V0ZWX9 A0A8V0Z8V4 A0A8V0ZZG2 A0A8V1AG56 A0A3Q2TU24 A0A8V0ZI29 A0A8V0ZKS6 A0A8V1AB05 A0A8V1AFP7 A0A8V1A2P5 A0A3Q3A4U3 A0A8V0ZTG6 A0A8V0YY90 A0A8V0YDT5 A0A8V1ACD6 A0A8V0XYR2
Biological Process,eye photoreceptor cell development,6,GO:0042462,7,37,389,2734,1.33,0.4735269501899914,0.32,A0A8V0ZI29 A0A8V1AB05 A0A1D5NTR5 A0A8V0YDT5 A0A1D5NYG2 A0A8V0Z4M1 A0A8V0ZMU3
Biological Process,positive regulation of immune system process,4,GO:0002684,34,213,389,2734,1.12,0.47419321470398235,0.32,A0A8V1AG56 A0A8V0ZWX9 A0A8V1A3D7 Q98938 A0A8V0Y4R7 A0A8V0XUK6 A0A8V0XEJ0 A0A8V0XYR2 A0A8V0Z4J0 A0A8V1ACS0 A0A8V0ZZG2 A0A8V1A8N2 A0A8V0ZQJ4 A0A8V1ABC8 A0A8V0YW57 A0A8V0ZSX6 A0A8V0X852 A0A8V1A7R0 A0A8V0ZZD4 A0A1D5PNL3 A0A8V1ABC9 A0A8V0ZZH6 A0A8V0ZVP0 A0A8V0YR09 A0A8V0ZZJ1 A0A8V0ZB91 A0A1D5P655 A0A8V1AFH0 A0A8V1A9R2 A0A8V0Y413 A0A8V0YLT1 A0A8V0Z4M1 P01875 A0A8V0ZQS2
Biological Process,cell projection assembly,5,GO:0030031,34,214,389,2734,1.12,0.4754704119333629,0.32,Q98938 A0A8V1A6Y8 A0A8V0YVT3 A0A1D5NZT1 A0A8V0Y8G8 A0A8V0Y722 A0A3Q3AST7 A0A8V0Y1N7 A0A8V0X852 A0A8V0XKU5 A0A1D5PC37 A0A1L1RZ23 A0A8V0XLH4 A0A8V0Z6B9 A0A8V0ZTP1 A0A8V1A2F4 A0A1D5P0X0 A0A8V0ZT48 A0A8V0Z4U2 A0A8V0XM58 E1BQI2 A0A8V0XAF8 A0A3Q2TU24 A0A8V0YEQ1 A0A1D5PBU5 A0A1D5P655 A0A8V1A4I0 A0A8V0ZHK9 A0A8V0YY70 A0A8V0X370 A0A8V0XK27 A0A8V1AJV5 A0A8V0YIE9 A0A8V0ZLV6
Biological Process,regeneration,3,GO:0031099,11,65,389,2734,1.19,0.47631494885645465,0.32,A0A8V0XAF8 A0A8V0XGL8 A0A8V0XDM2 O12971 A0A8V0ZI29 A0A8V0XRC4 A0A8V0YE20 A0A8V0ZFH4 A0A8V0ZAU8 A0A8V0YYQ9 A0A8V1AAN6
Biological Process,positive regulation of cell activation,5,GO:0050867,11,65,389,2734,1.19,0.47631494885645465,0.32,A0A8V1AG56 A0A8V0ZWX9 Q98938 A0A8V1A9R2 A0A8V1ABC8 A0A8V0YW57 A0A8V0XUK6 A0A8V0XEJ0 P01875 A0A8V0ZQS2 A0A8V0YR09
Biological Process,synaptic vesicle cycle,4,GO:0099504,7,67,389,2734,0.73,0.4786552691809465,0.32,A0A8V0YS46 A0A8V0ZZU1 A0A3Q2UGW3 A0A8V1AB67 A0A8V0Y9F8 A0A8V0Z9Y8 A0A8V0Y8L6
Biological Process,synaptic vesicle recycling,4,GO:0036465,7,38,389,2734,1.29,0.47990828973527466,0.32,A0A8V0YS46 A0A8V0ZZU1 A0A3Q2UGW3 A0A8V1AB67 A0A8V0Y9F8 A0A8V0Z9Y8 A0A8V0Y8L6
Biological Process,spermatid development,4,GO:0007286,7,68,389,2734,0.72,0.4804129146859286,0.32,A0A1L1RZ23 A0A8V0WZJ4 A0A1D5PBU5 Q5ZJ58 A0A8V0ZTA5 A0A8V0YIE9 A0A8V0YPA6
Biological Process,regulation of hormone secretion,4,GO:0046883,7,68,389,2734,0.72,0.4804129146859286,0.32,A0A8V1A9A7 A0A8V0ZY91 A0A8V0YY90 A0A8V1ABC9 A0A8V0YPA6 A0A1D5P1F1 A0A8V0XYR2
Biological Process,positive regulation of canonical Wnt signaling pathway,7,GO:0090263,7,39,389,2734,1.26,0.48794385083770725,0.31,A0A8V0ZKI8 F1NGB8 A0A8V1AG56 A0A8V0ZBJ8 A0A8V0YVT3 A0A8V0YRF2 A0A8V0Y8L6
Biological Process,development of primary female sexual characteristics,4,GO:0046545,7,39,389,2734,1.26,0.48794385083770725,0.31,A0A8V0XF68 O12971 A0A8V0Y1A4 A0A1D5NTR5 A0A8V1ABC9 A0A1D5NYG2 A0A8V0Z4M1
Biological Process,female gonad development,5,GO:0008585,7,39,389,2734,1.26,0.48794385083770725,0.31,A0A8V0XF68 O12971 A0A8V0Y1A4 A0A1D5NTR5 A0A8V1ABC9 A0A1D5NYG2 A0A8V0Z4M1
Biological Process,positive regulation of blood circulation,5,GO:1903524,3,16,389,2734,1.32,0.48841258915506225,0.31,A0A8V0ZWX9 A0A8V0XYR2 A0A8V0ZY91
Biological Process,sterol homeostasis,4,GO:0055092,3,16,389,2734,1.32,0.48841258915506225,0.31,P11602 A0A8V0ZRU9 A0A8V1A9A7
Biological Process,regulation of vesicle fusion,5,GO:0031338,3,16,389,2734,1.32,0.48841258915506225,0.31,A0A8V1AB67 A0A3Q2TYT2 A0A8V0YBZ6
Biological Process,protein-DNA complex assembly,6,GO:0065004,3,16,389,2734,1.32,0.48841258915506225,0.31,A0A8V1ACS0 A0A8V0Z9Z7 A0A8V0Z4J0
Biological Process,negative regulation of T cell activation,7,GO:0050868,3,16,389,2734,1.32,0.48841258915506225,0.31,A0A8V1A9R2 A0A8V0ZZG2 Q98938
Biological Process,regulation of glycoprotein metabolic process,6,GO:1903018,3,16,389,2734,1.32,0.48841258915506225,0.31,A0A8V1A9R2 A0A1D5P201 A0A8V0YF22
Biological Process,regulation of neuronal synaptic plasticity,4,GO:0048168,3,16,389,2734,1.32,0.48841258915506225,0.31,A0A8V1AB67 A0A8V0YRG2 A0A3Q2TYT2
Biological Process,diencephalon development,3,GO:0021536,3,16,389,2734,1.32,0.48841258915506225,0.31,A0A8V0YNQ0 A0A8V0ZKI8 A0A8V1AG56
Biological Process,anterograde axonal transport,7,GO:0008089,3,16,389,2734,1.32,0.48841258915506225,0.31,A0A8V0YGN8 A0A8V0YVT3 Q00649
Biological Process,positive regulation of nematode larval development,6,GO:0061063,3,16,389,2734,1.32,0.48841258915506225,0.31,A0A8V0XK27 A0A8V0ZSX6 A0A8V0ZES4
Biological Process,central nervous system neuron axonogenesis,8,GO:0021955,3,16,389,2734,1.32,0.48841258915506225,0.31,A0A8V0YRG2 A0A8V1ABC9 Q98938
Biological Process,regulation of developmental pigmentation,4,GO:0048070,3,16,389,2734,1.32,0.48841258915506225,0.31,A0A8V0ZKI8 A0A8V1A9A7 Q98938
Biological Process,negative regulation of signaling receptor activity,4,GO:2000272,3,16,389,2734,1.32,0.48841258915506225,0.31,A0A8V0YRG2 A0A8V0ZRU9 A0A8V0ZH54
Biological Process,cholesterol homeostasis,5,GO:0042632,3,16,389,2734,1.32,0.48841258915506225,0.31,P11602 A0A8V0ZRU9 A0A8V1A9A7
Biological Process,positive regulation of post-embryonic development,5,GO:0048582,3,16,389,2734,1.32,0.48841258915506225,0.31,A0A8V0XK27 A0A8V0ZSX6 A0A8V0ZES4
Biological Process,fatty acid biosynthetic process,5,GO:0006633,3,16,389,2734,1.32,0.48841258915506225,0.31,P11602 A0A1D5P1F1 A0A8V0XYR2
Biological Process,positive regulation of protein ubiquitination,10,GO:0031398,3,16,389,2734,1.32,0.48841258915506225,0.31,A0A1D5P1F1 A0A1D5PNL3 A0A8V0YRF2
Biological Process,regulation of protein modification process,6,GO:0031399,62,405,389,2734,1.08,0.48869627372523383,0.31,Q5ZMG0 A0A8V0Y0V1 A0A8V0YNQ0 A0A8V1AG56 Q98938 A0A8V0XRC4 A0A8V1AJT2 A0A8V1A9A7 A0A3Q3A4U3 A0A8V0XRN3 A0A8V0YPA6 A0A8V0Y290 A0A8V0ZC57 A0A8V0XYR2 A0A8V0X643 A0A8V0Z4J0 A0A8V1A3H9 A0A8V1ACS0 A0A8V0Y0F3 A0A8V0ZZG2 A0A8V0X637 A0A8V1ABC8 A0A8V0ZTA5 E1C733 A0A8V1AFC3 A0A1L1RX77 A0A8V0ZSX6 A0A8V0YRF2 A0A8V0X1T3 A0A8V1A7R0 A0A1D5P1F1 Q6JHU8 A0A1D5P0D7 A0A8V0YS46 A0A8V0WZJ4 A0A8V0XB58 Q0PVE4 A0A8V1A3N1 Q5ZJ58 A0A1D5PNL3 A0A8V0ZE58 A0A8V0XWZ8 Q00649 A0A8V0XJ84 A0A8V0ZH54 A0A8V1ABC9 Q9I946 E1BQI2 A0A8V0ZKI8 A0A3Q2TU24 A0A8V0ZB91 A0A8V1A3S8 A0A8V0YDT4 A0A8V1A9R2 A0A8V0Y413 A0A8V1AJI2 A0A8V0YDD6 A0A8V1AJV5 A0A8V0XFB5 A0A8V0Z4M1 A0A8V0ZPH9 A0A8V0YRG2
Biological Process,protein catabolic process,4,GO:0030163,20,164,389,2734,0.86,0.4906237293375464,0.31,Q5ZIB0 A0A1D5NVM6 A0A8V0ZFG7 A0A8V0Z4J0 A0A8V1ACS0 A0A8V0ZZG2 A0A8V0ZRU9 A0A8V1AJ90 A0A8V0ZW46 A0A8V0Z1E9 A0A1D5PNL3 A0A8V0ZY42 A0A8V0ZH54 A0A8V0YF22 Q05744 A0A8V1AFH0 A0A8V0XQS7 A0A8V0Z9Y8 Q5ZKV5 A0A8V0YFD4
Biological Process,regulation of protein secretion,5,GO:0050708,13,112,389,2734,0.82,0.4907393820921781,0.31,A0A8V1AG56 P11602 A0A8V1A3S8 A0A8V0ZKS6 A0A8V0YDT4 A0A8V1A9A7 A0A8V0ZY91 A0A8V0YDD6 A0A8V0YY90 A0A8V0XJ84 A0A8V1ABC9 A0A8V0Z9Y8 Q6JHU8
Biological Process,regulation of protein catabolic process,5,GO:0042176,13,113,389,2734,0.81,0.4913124263657157,0.31,A0A8V1AG56 A0A8V0ZZG2 A0A8V0X4D8 A0A8V0Y7Y9 A0A8V1A653 A0A8V0YBZ6 A0A8V1AA32 A0A8V0ZRU9 A0A1L1RP76 A0A8V0XFL3 A0A8V0YRK4 A0A1D5PC37 A0A8V0XM58
Biological Process,cellular response to starvation,4,GO:0009267,7,40,389,2734,1.23,0.49747389280410065,0.3,A0A8V0Y7Y9 A0A8V0ZSG8 A0A8V0XCI3 A0A8V1AMI7 A0A8V0ZSX6 A0A8V0ZRU9 A0A1D5P1F1
Biological Process,positive regulation of axonogenesis,6,GO:0050772,7,40,389,2734,1.23,0.49747389280410065,0.3,A0A8V0Y0V1 A0A8V1AG56 A0A8V0ZB91 A0A1D5P655 A0A3Q3A4U3 A0A8V0YDD6 A0A8V0Z4M1
Biological Process,establishment or maintenance of bipolar cell polarity,3,GO:0061245,7,40,389,2734,1.23,0.49747389280410065,0.3,A0A8V1AG56 Q0PVE4 A0A8V0ZZU1 A0A8V0XX41 A0A8V0YXG4 A0A8V1AJV5 A0A8V0ZH54
Biological Process,cardiac chamber development,3,GO:0003205,7,40,389,2734,1.23,0.49747389280410065,0.3,A0A8V1AG56 A0A8V0YS46 A0A8V0Z2J4 A0A8V0ZE58 A0A8V0Y1A4 A0A3Q3A4U3 A0A8V0XPE8
Biological Process,establishment or maintenance of apical/basal cell polarity,4,GO:0035088,7,40,389,2734,1.23,0.49747389280410065,0.3,A0A8V1AG56 Q0PVE4 A0A8V0ZZU1 A0A8V0XX41 A0A8V0YXG4 A0A8V1AJV5 A0A8V0ZH54
Biological Process,regulation of embryonic development,5,GO:0045995,12,72,389,2734,1.17,0.497530192243408,0.3,A0A8V0ZKI8 A0A1L1RZ23 A0A8V1AG56 A0A1D5PBU5 O12971 A0A8V0ZKS6 A0A8V0ZW46 A0A8V1A9R2 A0A8V0YM05 A0A1D5PNL3 A0A8V0YMM6 A0A8V0XQS7
Biological Process,negative regulation of kinase activity,6,GO:0033673,12,72,389,2734,1.17,0.497530192243408,0.3,A0A8V0ZKI8 Q0PVE4 A0A8V1A3S8 A0A8V0X637 A0A8V1A9A7 A0A1L1RX77 Q00649 A0A8V0ZH54 A0A8V1ABC9 A0A8V0ZC57 A0A8V0ZPH9 A0A8V0YRG2
Biological Process,regulation of catabolic process,4,GO:0009894,30,239,389,2734,0.88,0.4976009527919157,0.3,A0A8V1AG56 A0A8V0X4D8 A0A8V0YBZ6 A0A8V0YGN8 A0A1L1RP76 A0A8V1ACU1 A0A8V0XFL3 A0A8V0Z4J0 A0A8V1ACS0 Q5ZHL0 A0A8V0ZZG2 A0A8V0XGL8 A0A8V1ABC8 A0A1L1RX77 A0A8V0ZSX6 A0A8V0ZRU9 A0A1D5PNG3 A0A8V1A7R0 A0A1D5PC37 A0A8V0Y7Y9 A0A8V1AA32 A0A8V0Z438 Q00649 A0A8V1ABC9 A0A8V0XM58 A0A8V0ZE30 A0A8V0YRK4 A0A8V0Z4M1 A0A8V1A653 A0A8V0YWM3
Biological Process,response to glucocorticoid,6,GO:0051384,8,73,389,2734,0.77,0.4993197481902797,0.3,A0A8V1AG56 A0A8V0ZTA5 A0A8V0ZP32 A0A8V0YDD6 A0A8V1ABC9 A0A8V0Z4M1 A0A8V0XYR2 A0A8V0Y513
Biological Process,cell junction assembly,5,GO:0034329,8,75,389,2734,0.75,0.5013249378625481,0.3,Q0PVE4 A0A8V0ZSG8 A0A8V0ZTP1 A0A8V1A2P5 A0A8V0XX41 A0A8V0YDD6 A0A8V0YXG4 A0A8V1ABC9
Biological Process,negative regulation of neuron differentiation,6,GO:0045665,13,76,389,2734,1.2,0.5037550300642488,0.3,A0A8V1AG56 A0A8V0Z8V4 A0A8V0XGL8 O12971 A0A8V0ZI29 A0A8V0ZKS6 A0A8V1AB05 A0A8V0YDT5 A0A8V0ZSX6 A0A8V1ACD6 A0A8V0YRG2 A0A8V0YRK4 A0A8V0YMR1
Biological Process,positive regulation of hormone secretion,5,GO:0046887,4,41,389,2734,0.69,0.5055296249119685,0.3,A0A1D5P1F1 A0A8V0XYR2 A0A8V0YY90 A0A8V0YPA6
Biological Process,localization within membrane,3,GO:0051668,4,41,389,2734,0.69,0.5055296249119685,0.3,A0A1D5PRH9 A0A8V0YEQ1 A0A8V0X4D8 A0A8V0XUK6
Biological Process,reactive oxygen species metabolic process,3,GO:0072593,4,41,389,2734,0.69,0.5055296249119685,0.3,A0A8V0XF68 A0A8V0ZE58 A0A8V0XYR2 A0A8V0Y513
Biological Process,nucleoside phosphate catabolic process,5,GO:1901292,4,41,389,2734,0.69,0.5055296249119685,0.3,A0A8V1A9L3 A0A8V0ZWX9 A0A8V0ZG46 A0A8V0YC57
Biological Process,asymmetric cell division,3,GO:0008356,4,41,389,2734,0.69,0.5055296249119685,0.3,A0A8V0YB43 A0A8V0XFL3 Q0PVE4 A0A8V0XXW6
Biological Process,cellular response to biotic stimulus,3,GO:0071216,4,42,389,2734,0.67,0.5057697747866897,0.3,A0A8V1AG56 A0A8V0YDD6 A0A8V1ABC8 A0A8V0YR09
Biological Process,digestive tract morphogenesis,4,GO:0048546,4,42,389,2734,0.67,0.5057697747866897,0.3,A0A8V1AG56 A0A8V1A9R2 Q98938 A0A8V0XM58
Biological Process,regulation of animal organ morphogenesis,5,GO:2000027,13,77,389,2734,1.19,0.5070887690856252,0.29,A0A8V0YNQ0 A0A1L1RZ23 A0A8V0ZKI8 A0A8V1AG56 A0A3Q2TU24 Q98938 A0A8V0ZKS6 A0A8V0YM05 A0A8V0YMM6 A0A3Q3A4U3 A0A8V0Z9Y8 A0A8V0Z4M1 A0A8V0XYR2
Biological Process,cuticle development,3,GO:0042335,4,43,389,2734,0.65,0.5076921857735215,0.29,A0A8V0ZX23 A0A8V0ZHL4 O12971 E1BQI2
Biological Process,positive regulation of amide metabolic process,6,GO:0034250,4,43,389,2734,0.65,0.5076921857735215,0.29,A0A1D5PNG3 A0A8V0XGL8 A0A8V0ZE58 A0A8V0ZSX6
Biological Process,negative regulation of cell differentiation,5,GO:0045596,29,182,389,2734,1.12,0.5095772436809135,0.29,A0A8V0Y0V1 A0A8V0YNQ0 A0A8V1AG56 Q98938 A0A8V0ZI29 A0A8V1A9A7 A0A8V0YDT5 A0A8V0XUK6 A0A8V0YMR1 A0A8V0Z8V4 A0A8V0XGL8 A0A8V0YQ88 A0A8V0ZSG8 A0A8V0ZKS6 A0A8V0ZSX6 A0A8V1ACD6 A0A1D5NZN4 A0A1D5PE57 A0A8V1A7R0 A0A8V0YRK4 A0A8V0ZKI8 O12971 A0A8V0YDT4 A0A8V1AB05 A0A8V1A9R2 A0A8V0YMM6 A0A8V0Z4M1 A0A8V0YRG2 A0A8V0ZQS2
Biological Process,monoatomic anion transmembrane transport,4,GO:0098656,4,44,389,2734,0.64,0.511203258893834,0.29,A0A8V0Z5R3 A0A8V1AM47 F1P4D6 A0A8V0Z249
Biological Process,negative regulation of lymphocyte activation,6,GO:0051250,4,20,389,2734,1.41,0.5142050692786533,0.29,A0A8V1A9R2 A0A8V0ZQS2 A0A8V0ZZG2 Q98938
Biological Process,formation of anatomical boundary,3,GO:0048859,4,20,389,2734,1.41,0.5142050692786533,0.29,A0A8V1A9R2 A0A8V0Z8V4 A0A8V0ZKS6 A0A3Q3A4U3
Biological Process,cardiac septum morphogenesis,3,GO:0060411,4,20,389,2734,1.41,0.5142050692786533,0.29,A0A8V1AG56 A0A8V0Z2J4 A0A8V0ZE58 A0A3Q3A4U3
Biological Process,regulation of meiotic cell cycle,4,GO:0051445,4,20,389,2734,1.41,0.5142050692786533,0.29,A0A8V1AG56 A0A8V0YW57 O12971 A0A8V0YC57
Biological Process,regulation of cytokine production involved in immune response,5,GO:0002718,4,20,389,2734,1.41,0.5142050692786533,0.29,A0A8V1AG56 A0A8V1A9R2 A0A8V0XJ84 A0A8V0ZB91
Biological Process,ceramide metabolic process,4,GO:0006672,4,20,389,2734,1.41,0.5142050692786533,0.29,A0A8V0Z086 A0A8V0YC98 A0A8V0WZN3 A0A8V0X637
Biological Process,regulation of synaptic vesicle cycle,5,GO:0098693,4,20,389,2734,1.41,0.5142050692786533,0.29,A0A8V1AB67 A0A3Q2TYT2 A0A1D5P655 A0A8V0Z9Y8
Biological Process,neural retina development,3,GO:0003407,4,20,389,2734,1.41,0.5142050692786533,0.29,A0A8V0YNQ0 A0A8V0YY70 Q98938 A0A1D5P0D7
Biological Process,"epithelial cell migration, open tracheal system",6,GO:0007427,4,20,389,2734,1.41,0.5142050692786533,0.29,A0A8V0YS46 A0A8V0Z8V4 Q98938 A0A3Q3A4U3
Biological Process,regulation of transcription by RNA polymerase II,8,GO:0006357,41,263,389,2734,1.1,0.515672234502531,0.29,A0A8V0Y0V1 A0A8V1AG56 Q98938 A0A8V0ZW33 A0A8V0YM05 A0A8V1AJT2 A0A8V1A9A7 A0A1D5NTR5 A0A8V0XRN3 A0A8V0ZFG7 A0A8V0YW12 A0A8V0XFL3 A0A8V0XYR2 A0A8V0Z4J0 A0A8V1ACS0 A0A8V0ZSG8 A0A8V0ZKS6 A0A8V1ABC8 A0A8V1AFC3 A0A8V0X5U3 A0A1L1RX77 A0A8V0YHH6 A0A8V0ZSX6 A0A8V0YRF2 A0A1D5NZN4 A0A8V0X1T3 A0A8V1A7R0 A0A1D5P0D7 A0A8V0ZA56 A0A8V0XB58 A0A8V0ZE58 A0A3Q2TT95 A0A8V0XJ84 A0A8V0XM58 A0A8V0ZE30 A0A8V0ZF83 A0A8V0ZKI8 A0A8V1A9R2 A0A8V0YMM6 A0A8V0Y070 A0A8V0Z4M1
Biological Process,cell-matrix adhesion,4,GO:0007160,8,45,389,2734,1.25,0.5162007256172344,0.29,A0A8V0Y0F3 A0A8V0Y290 A0A8V0ZBR8 A0A8V0ZHX5 A0A8V0ZTP1 A0A8V0YDD6 A0A8V0XRN3 A0A1D5PE57
Biological Process,peptidyl-tyrosine modification,6,GO:0018212,8,45,389,2734,1.25,0.5162007256172344,0.29,A0A8V1A3N1 A0A8V1A9R2 A0A8V0Z2J4 A0A1D5PT01 A0A8V0ZX23 A0A8V0YW12 A0A8V0ZPH9 A0A8V0YRG2
Biological Process,gland development,4,GO:0048732,30,189,389,2734,1.12,0.5169649630555806,0.29,A0A8V0YNQ0 A0A8V0ZWX9 A0A8V1AG56 A0A8V1A9A7 A0A3Q3A4U3 A0A8V0YXG4 A0A8V0XUJ8 A0A8V1AAN6 A0A8V1A3H9 A0A8V0Z8V4 A0A8V0ZKS6 A0A1D5PQV0 E1C733 A0A8V0Y7C8 A0A8V0ZRU9 A0A1D5NZN4 A0A8V0Y4Q2 A0A8V0XZV7 A0A8V0ZTP1 A0A8V0XJ84 A0A8V0YR09 A0A8V0XAF8 A0A8V0ZKI8 A0A8V0Y513 A0A8V1A9R2 A0A8V0ZHK9 A0A8V0YMM6 A0A8V0ZTG6 A0A8V1AJV5 A0A8V0Z4M1
Biological Process,negative regulation of protein phosphorylation,8,GO:0001933,21,129,389,2734,1.14,0.5178156583388938,0.29,A0A8V0Y0V1 A0A8V1A9A7 A0A8V0YPA6 A0A8V0Y290 A0A8V0ZC57 A0A8V0Y0F3 A0A8V0ZZG2 A0A8V0X637 A0A8V0ZTA5 A0A1L1RX77 Q0PVE4 Q5ZJ58 Q00649 A0A8V0ZH54 A0A8V1ABC9 A0A8V0ZKI8 A0A8V1A3S8 A0A8V0YDT4 A0A8V1AJV5 A0A8V0ZPH9 A0A8V0YRG2
Biological Process,response to corticosteroid,5,GO:0031960,9,80,389,2734,0.79,0.5181352769007083,0.29,A0A8V1AG56 A0A8V0ZTA5 A0A8V0ZP32 A0A8V0YDD6 A0A8V0Y513 A0A8V1ABC9 A0A8V0Z4M1 A0A8V0XYR2 A0A8V0YWM3
Biological Process,cellular response to stress,3,GO:0033554,47,361,389,2734,0.92,0.5182501877590526,0.29,A0A8V0YNQ0 A0A8V1AG56 Q5ZIB0 A0A8V1A803 A0A8V0ZI29 A0A8V1A4K1 A0A8V0XRC4 A0A8V0XCI3 A0A8V0ZW33 A0A8V1AJT2 A0A8V0XYR2 A0A8V0Z4J0 A0A8V1AAN6 A0A8V1ACS0 A0A8V1AHJ8 A0A8V0YQ88 A0A8V0ZSG8 A0A8V1ABC8 A0A8V1AMI7 A0A3Q2TTB3 E1BYF1 A0A8V0YW57 A0A8V0ZSX6 A0A8V0ZRU9 A0A8V0ZXC9 A0A8V0YRF2 A0A1D5P1F1 A0A8V1AJ90 A0A1D5PC37 A0A8V0XF68 A0A8V0XDM2 A0A8V0ZW46 A0A8V0Y7Y9 A0A8V0YE20 A0A1D5PNL3 Q00649 A0A8V0Y2E5 A0A8V0Z7D4 A0A8V0YRK4 A0A8V0YU83 F1NGB8 A0A8V0Y413 A0A8V0YJV4 A0A8V0YLT1 A0A8V0XQS7 A0A8V0Z4M1 A0A8V0YWM3
Biological Process,small GTPase mediated signal transduction,4,GO:0007264,9,82,389,2734,0.77,0.5198181556577209,0.28,A0A8V0YB43 A0A8V0ZZU1 A0A8V0YBZ6 A0A1D5P655 A0A8V1AB67 A0A8V0YGN8 A0A3Q2TYT2 A0A8V0YRK4 E1BQI2
Biological Process,activation of protein kinase activity,8,GO:0032147,9,82,389,2734,0.77,0.5198181556577209,0.28,A0A8V1ACS0 A0A8V1AG56 A0A8V1A9R2 A0A1D5PNL3 A0A8V0X1T3 A0A8V0XJ84 A0A8V0Z4M1 A0A8V0Z4J0 Q9I946
Biological Process,cellular response to chemical stimulus,3,GO:0070887,88,657,389,2734,0.94,0.5218289641819135,0.28,A0A8V1AEJ4 A0A8V1AJT2 A0A8V0Z4R1 A0A8V0YEZ4 A0A8V0YB43 A0A8V0ZY61 A0A8V1ACS0 A0A8V0YPH9 A0A8V1ABC8 A0A1L1RX77 A0A8V0XPE8 A0A8V1A7R0 A0A8V1A3N1 A0A8V0ZTP1 A0A1D5PNL3 A0A8V0Y9F8 A0A8V0XJ84 F1NGB8 A0A3Q2TU24 A0A8V0ZJ97 A0A8V1A9R2 A0A8V0ZQS2 A0A8V1AG56 A0A8V0YM05 A0A8V0XRN3 P02460 E1BYF1 A0A8V0ZRU9 A0A8V0ZXC9 A0A1D5NZN4 A0A8V0Y5K2 A0A1D5P0D7 A0A8V0ZW46 Q00649 A0A8V1ABC9 E1BQI2 A0A8V0Y513 A0A8V0YR09 A0A8V1AFH0 A0A8V0YJV4 A0A8V0YMM6 A0A8V0YLT1 P33005 Q5ZIB0 A0A8V0X4D8 A0A8V0YXG4 A0A8V0YPA6 A0A8V0Z4J0 A0A8V0YC57 A0A8V1AHJ8 A0A8V0ZKS6 E1C733 A0A8V1AMI7 A0A8V0ZSX6 A0A1D5PE57 A0A1D5PC37 A0A8V0XWZ8 A0A8V0ZY91 A0A8V0Y1A4 A0A8V0ZKI8 A0A1D5P655 A0A8V0XQS7 A0A8V0Z4M1 A0A8V0YNQ0 Q98938 A0A8V0Y999 A0A8V0ZW33 A0A8V0XUJ8 A0A8V0XYR2 A0A8V0XGL8 A0A8V0YQ88 A0A8V1AFC3 A0A8V0YHH6 A0A8V0Y1N7 A0A8V0X852 A0A1D5P1F1 A0A8V1AJ90 A0A8V0YS46 A0A8V0XB58 A0A8V0XDM2 A0A8V0Z2J4 A0A8V0Y2E5 Q9I946 A0A8V0XAF8 A0A8V0YDD6 A0A8V0XFB5 Q5ZHL0 A0A8V0YWM3
Biological Process,positive regulation of transcription by RNA polymerase II,9,GO:0045944,21,131,389,2734,1.13,0.522560398622403,0.28,A0A8V1AG56 Q98938 A0A8V0YM05 A0A8V1AJT2 A0A8V1A9A7 A0A8V0XRN3 A0A8V0XYR2 A0A8V0Z4J0 A0A8V1ACS0 A0A8V1ABC8 A0A8V1AFC3 A0A1L1RX77 A0A8V0ZSX6 A0A1D5NZN4 A0A8V0X1T3 A0A8V1A7R0 A0A8V0ZE58 A0A8V0XJ84 A0A8V0ZKI8 A0A8V1A9R2 A0A8V0Z4M1
Biological Process,appendage morphogenesis,3,GO:0035107,21,131,389,2734,1.13,0.522560398622403,0.28,A0A8V1AG56 Q98938 A0A8V1A9A7 A0A8V0XFL3 P02460 A0A8V0ZZG2 A0A8V0XK73 A0A8V0YS46 A0A8V0ZZU1 A0A3Q2UEL1 A0A1D5NWP2 A0A8V0ZF83 A0A8V0ZKI8 A0A8V0YEQ1 O12971 A0A8V0YDT4 A0A8V0ZHK9 A0A8V0YMM6 A0A8V0Y070 A0A8V0XK27 Q76KB2
Biological Process,regulation of smooth muscle cell proliferation,5,GO:0048660,8,46,389,2734,1.22,0.5225756918885653,0.28,A0A8V0XB58 A0A8V1ABC8 A0A8V0YJV4 A0A8V0Y1A4 A0A8V0XJ84 A0A8V1ABC9 A0A8V0Z4M1 A0A8V0XYR2
Biological Process,endoplasmic reticulum unfolded protein response,3,GO:0030968,8,46,389,2734,1.22,0.5225756918885653,0.28,F1NGB8 A0A8V0ZW46 A0A8V1AJT2 A0A8V1AMI7 E1BYF1 A0A8V0ZSX6 A0A8V0XQS7 A0A8V0ZXC9
Biological Process,regulation of dendrite morphogenesis,5,GO:0048814,8,46,389,2734,1.22,0.5225756918885653,0.28,A0A8V0Y0V1 A0A8V0X4D8 A0A8V1A3S8 A0A8V0ZI29 A0A3Q3A4U3 A0A8V0YGN8 A0A8V0YDT5 E1BQI2
Biological Process,regulation of epithelial cell differentiation,5,GO:0030856,4,21,389,2734,1.34,0.5267561295728298,0.28,A0A8V0ZTG6 A0A8V0Z4M1 A0A8V0XJ84 A0A8V0X5U3
Biological Process,regulation of mitotic sister chromatid segregation,8,GO:0033047,4,21,389,2734,1.34,0.5267561295728298,0.28,A0A8V0ZDK0 A0A8V0Z9Z7 Q5ZJ58 A0A8V0X5U3
Biological Process,regulation of adaptive immune response based on somatic recombination of immune receptors built from immunoglobulin superfamily domains,6,GO:0002822,4,21,389,2734,1.34,0.5267561295728298,0.28,A0A8V1A9R2 A0A8V1AA32 A0A8V0ZWX9 A0A8V0YW57
Biological Process,sphingolipid biosynthetic process,5,GO:0030148,4,21,389,2734,1.34,0.5267561295728298,0.28,A0A1D5P1F1 A0A8V0WZN3 A0A8V0YYQ9 A0A8V0X637
Biological Process,substrate adhesion-dependent cell spreading,4,GO:0034446,4,21,389,2734,1.34,0.5267561295728298,0.28,A0A8V0ZTP1 A0A8V0ZPH9 A0A8V0YDD6 A0A8V1A3S8
Biological Process,mitochondrion organization,5,GO:0007005,16,135,389,2734,0.83,0.5268470427542138,0.28,A0A8V0XF68 A0A8V0YS46 A0A8V0XCX4 A0A8V1A803 A0A8V0Y7Y9 A0A8V1AB67 A0A3Q2TTB3 A0A8V0ZSX0 A0A8V0Y7C8 A0A8V0Z1C5 R4GGQ4 A0A8V1ACU1 A0A8V0Y8L6 A0A8V1A7R0 A0A8V0YT63 A0A8V0YWM3
Biological Process,regulation of RNA biosynthetic process,6,GO:2001141,51,389,389,2734,0.92,0.5313034483605377,0.27,A0A8V0Y0V1 A0A8V1AG56 Q98938 A0A8V0ZW33 A0A8V0YM05 A0A8V1AJT2 A0A8V1A9A7 A0A1D5NTR5 A0A8V0XRN3 A0A8V0ZFG7 A0A8V0YW12 A0A8V0XFL3 A0A8V0Y290 A0A8V0XYR2 A0A8V0Z4J0 A0A8V1ACS0 A0A8V0Y0F3 A0A8V0ZZG2 A0A8V0ZSG8 A0A8V0ZKS6 A0A8V1ABC8 A0A8V1AFC3 E1BYF1 A0A1L1RX77 A0A8V0X5U3 A0A8V0YHH6 A0A8V0ZSX6 A0A8V0YRF2 A0A1D5NZN4 A0A8V0X1T3 Q8AWB4 A0A8V1A7R0 A0A1D5P1F1 A0A8V1AJ90 A0A1D5P0D7 A0A8V0ZA56 A0A8V0XB58 A0A8V0ZE58 A0A1D5PNL3 A0A3Q2TT95 A0A8V0XJ84 A0A8V0XM58 A0A1D5PLP1 A0A8V0ZF83 A0A8V0ZE30 A0A8V0ZKI8 A0A8V1A9R2 A0A8V0Z9Z7 A0A8V0YMM6 A0A8V0Y070 A0A8V0Z4M1
Biological Process,negative regulation of phosphorylation,8,GO:0042326,22,138,389,2734,1.12,0.5326851761298543,0.27,A0A8V0Y0V1 A0A8V1A9A7 A0A8V0YPA6 A0A8V0Y290 A0A8V0ZC57 A0A8V0Y0F3 A0A8V0ZZG2 A0A8V0X637 A0A8V0ZTA5 A0A1L1RX77 A0A8V1A7R0 Q0PVE4 Q5ZJ58 Q00649 A0A8V0ZH54 A0A8V1ABC9 A0A8V0ZKI8 A0A8V1A3S8 A0A8V0YDT4 A0A8V1AJV5 A0A8V0ZPH9 A0A8V0YRG2
Biological Process,sulfur compound biosynthetic process,4,GO:0044272,14,86,389,2734,1.14,0.5330560448798787,0.27,F1NGB8 A0A8V1AHJ8 A0A8V0WZJ4 A0A8V0XRC4 E1C3Z8 A0A1D5PNB8 E1BYF1 A0A1L1RX77 A0A8V0Z4R1 A0A8V0ZBJ8 A0A1D5PA74 E1C2T4 A0A8V0Y8L6 A0A8V0ZIZ5
Biological Process,regulation of apoptotic process,5,GO:0042981,52,398,389,2734,0.92,0.5345444291737618,0.27,A0A8V0Y0V1 A0A8V0YNQ0 A0A8V0ZWX9 A0A8V1AG56 Q5ZIB0 Q98938 A0A8V0ZI29 A0A8V0Y999 A0A8V1AJT2 A0A8V1A9A7 A0A3Q3A4U3 A0A8V0ZC57 A0A8V0XYR2 A0A8V0Z4J0 A0A8V1A3H9 A0A8V0YC57 P02460 A0A8V1ACS0 A0A8V0ZZG2 A0A8V0YLX0 A0A8V0X637 A0A8V0YPH9 A0A8V1ABC8 E1BYF1 A0A8V0YW57 A0A8V0ZRU9 A0A8V0X852 A0A8V0YRF2 A0A8V1A7R0 A0A1D5P1F1 A0A1D5P0D7 A0A8V0Z307 A0A8V0XB58 A0A8V0ZE58 Q00649 A0A8V0XJ84 A0A8V0ZH54 A0A8V1ABC9 A0A8V0YRK4 A0A8V0XAF8 A0A8V0ZKI8 A0A8V1A9R2 A0A8V0ZDZ5 A0A8V0YJV4 A0A8V1AJI2 A0A8V0ZTG6 A0A8V0YDD6 A0A8V1AJV5 A0A8V0XFB5 A0A8V0Z4M1 A0A8V0ZQS2 A0A8V0YWM3
Biological Process,regulation of cellular biosynthetic process,5,GO:0031326,71,532,389,2734,0.94,0.5346332468417417,0.27,A0A8V0Y0V1 A0A8V1AG56 A0A8V1A9L3 Q98938 A0A8V0ZW33 A0A8V0YM05 A0A8V1AJT2 A0A8V1A9A7 A0A1D5NTR5 A0A8V0XUK6 A0A8V0XRN3 A0A8V0ZFG7 A0A8V0YW12 A0A8V0XFL3 A0A8V0Y290 A0A8V0XYR2 A0A8V0Z4J0 A0A8V1A3H9 A0A8V0YB43 A0A8V1ACS0 A0A8V0Y0F3 A0A8V0ZZG2 A0A8V0XGL8 A0A8V0ZSG8 A0A8V0ZKS6 A0A8V1ABC8 A0A1D5PQV0 A0A8V1AFC3 E1BYF1 A0A1L1RX77 A0A8V0X5U3 A0A8V0YHH6 A0A8V0ZSX6 A0A8V0YRF2 A0A1D5NZN4 A0A1D5PNG3 Q8AWB4 A0A8V1A7R0 A0A1D5P1F1 A0A8V0X1T3 A0A8V1AJ90 A0A1D5P0D7 A0A8V0ZA56 A0A8V0XB58 Q5ZJ58 A0A1D5PNL3 A0A8V0ZE58 A0A8V0XPN5 A0A3Q2TT95 Q00649 A0A8V0YY90 A0A8V0XJ84 A0A8V0Y2E5 A0A8V1ABC9 A0A8V0YF22 A0A8V0XM58 A0A1D5PLP1 A0A8V0ZF83 A0A8V0ZE30 A0A8V0YR09 A0A8V0XAF8 A0A8V0ZKI8 A0A3Q2TU24 A0A1D5P655 A0A8V1A9R2 A0A1D5P201 A0A8V0Z9Z7 A0A8V0YMM6 A0A8V0Y070 A0A8V0Z4M1 A0A8V0ZQS2
Biological Process,regulation of cellular catabolic process,5,GO:0031329,26,206,389,2734,0.89,0.5351605945064961,0.27,A0A8V0X4D8 A0A8V0YGN8 A0A1L1RP76 A0A8V1ACU1 A0A8V0Z4J0 A0A8V1ACS0 Q5ZHL0 A0A8V0ZZG2 A0A8V0XGL8 A0A8V1ABC8 A0A1L1RX77 A0A8V0ZSX6 A0A8V0ZRU9 A0A1D5PNG3 A0A8V1A7R0 A0A1D5PC37 A0A8V0Y7Y9 A0A8V0Z438 Q00649 A0A8V1ABC9 A0A8V0XM58 A0A8V0ZE30 A0A8V0YRK4 A0A8V0Z4M1 A0A8V1A653 A0A8V0YWM3
Biological Process,positive regulation of endocytosis,5,GO:0045807,10,88,389,2734,0.8,0.5352129366534651,0.27,A0A8V1AG56 A0A1D5P655 A0A8V0YGN8 A0A8V0YVT3 A0A8V0ZRU9 A0A1D5NWP2 A0A8V1ABC9 A0A8V0Z9Y8 A0A8V0Z4M1 A0A8V0YR09
Biological Process,response to peptide hormone,4,GO:0043434,17,140,389,2734,0.85,0.5355517155988041,0.27,A0A8V0YB43 A0A8V0ZRU9 A0A1D5P655 A0A8V1A9R2 Q00649 A0A8V0Y513 A0A8V0YDD6 A0A8V0YLT1 A0A8V1ABC9 A0A8V0Y1N7 Q5ZHL0 A0A1D5PNG3 A0A8V1A7R0 A0A8V0YPA6 A0A8V0XYR2 A0A8V1A653 P02460
Biological Process,monoatomic cation transport,5,GO:0006812,17,140,389,2734,0.85,0.5355517155988041,0.27,A0A1D5PCU0 A0A8V0ZWX9 A0A3Q2U2N5 A0A8V0XB58 A0A8V0ZES4 A0A8V0ZY91 E1C733 A0A8V0XLN9 A0A8V1AM47 A0A8V1AJV5 A0A1D5NWP2 A0A8V0YG88 Q5ZHL0 A0A8V0YLZ5 A0A8V0XYR2 A0A3Q2U2N6 A0A8V0YFB8
Biological Process,plasma membrane bounded cell projection assembly,6,GO:0120031,33,210,389,2734,1.1,0.5370623678101977,0.27,Q98938 A0A8V1A6Y8 A0A8V0YVT3 A0A1D5NZT1 A0A8V0Y8G8 A0A8V0Y722 A0A3Q3AST7 A0A8V0Y1N7 A0A8V0X852 A0A8V0XKU5 A0A1D5PC37 A0A1L1RZ23 A0A8V0XLH4 A0A8V0Z6B9 A0A8V0ZTP1 A0A8V1A2F4 A0A1D5P0X0 A0A8V0ZT48 A0A8V0Z4U2 A0A8V0XM58 E1BQI2 A0A8V0XAF8 A0A8V0YEQ1 A0A1D5PBU5 A0A1D5P655 A0A8V1A4I0 A0A8V0ZHK9 A0A8V0YY70 A0A8V0X370 A0A8V0XK27 A0A8V1AJV5 A0A8V0YIE9 A0A8V0ZLV6
Biological Process,homeostasis of number of cells,3,GO:0048872,5,48,389,2734,0.73,0.5373268477388993,0.27,A0A8V1A9R2 A0A8V0YM05 A0A8V0YVT3 A0A8V0Z4M1 A0A8V0XXK8
Biological Process,epithelial tube formation,4,GO:0072175,5,48,389,2734,0.73,0.5373268477388993,0.27,A0A8V0ZKI8 A0A8V1AG56 A0A8V0XDM2 A0A8V0YM05 A0A8V0YMM6
Biological Process,positive regulation of DNA metabolic process,6,GO:0051054,5,48,389,2734,0.73,0.5373268477388993,0.27,A0A8V1A9L3 A0A8V0ZW33 A0A1D5PNL3 A0A8V0YW57 A0A8V0Z4M1
Biological Process,cortical cytoskeleton organization,6,GO:0030865,5,49,389,2734,0.72,0.5374122625904532,0.27,A0A1D5P655 A0A8V1AB67 Q5ZJ58 A0A8V0YGN8 A0A3Q2TYT2
Biological Process,cellular response to metal ion,5,GO:0071248,5,49,389,2734,0.72,0.5374122625904532,0.27,A0A8V1AG56 A0A8V0XB58 A0A8V0YDD6 A0A1D5NZN4 A0A8V0XYR2
Biological Process,regulation of Ras protein signal transduction,7,GO:0046578,5,49,389,2734,0.72,0.5374122625904532,0.27,A0A8V0XB58 A0A8V0YBZ6 A0A3Q3A4U3 A0A1D5PE57 A0A8V0YRG2
Biological Process,negative regulation of protein transport,5,GO:0051224,5,50,389,2734,0.7,0.5388853709997368,0.27,A0A8V1A3S8 A0A8V0ZKS6 A0A8V0YDT4 A0A8V0ZY91 A0A8V0YDD6
Biological Process,regulation of phosphate metabolic process,6,GO:0019220,62,408,389,2734,1.07,0.5392160159403262,0.27,Q5ZMG0 A0A8V0Y0V1 A0A8V0YNQ0 A0A8V1AG56 Q98938 A0A8V0XRC4 A0A8V1AJT2 A0A8V1A9A7 A0A3Q3A4U3 A0A8V0XRN3 A0A1L1RP76 A0A8V0YPA6 A0A8V0Y290 A0A8V0ZC57 A0A8V0XYR2 A0A8V0X643 A0A8V0Z4J0 A0A8V1A3H9 A0A8V0YB43 A0A8V1ACS0 A0A8V0Y0F3 A0A8V0ZZG2 A0A8V0X637 A0A8V1ABC8 A0A8V0ZTA5 E1C733 A0A1L1RX77 A0A8V0ZSX6 A0A8V0X1T3 A0A1D5PNG3 A0A8V1A7R0 A0A1D5P1F1 A0A1D5P0D7 A0A8V0YS46 A0A8V0WZJ4 A0A8V0XB58 Q0PVE4 A0A8V1A3N1 Q5ZJ58 A0A1D5PNL3 A0A8V0ZE58 A0A8V0XWZ8 Q00649 A0A8V0XJ84 A0A8V0ZH54 A0A8V1ABC9 Q9I946 E1BQI2 A0A8V0ZKI8 A0A3Q2TU24 A0A8V0ZB91 A0A8V1A3S8 A0A8V0YDT4 A0A8V1A9R2 A0A8V0Y413 A0A8V1AJI2 A0A8V0YDD6 A0A8V1AJV5 A0A8V0XFB5 A0A8V0Z4M1 A0A8V0ZPH9 A0A8V0YRG2
Biological Process,regulation of phosphorus metabolic process,5,GO:0051174,62,409,389,2734,1.07,0.5401725664342295,0.27,Q5ZMG0 A0A8V0Y0V1 A0A8V0YNQ0 A0A8V1AG56 Q98938 A0A8V0XRC4 A0A8V1AJT2 A0A8V1A9A7 A0A3Q3A4U3 A0A8V0XRN3 A0A1L1RP76 A0A8V0YPA6 A0A8V0Y290 A0A8V0ZC57 A0A8V0XYR2 A0A8V0X643 A0A8V0Z4J0 A0A8V1A3H9 A0A8V0YB43 A0A8V1ACS0 A0A8V0Y0F3 A0A8V0ZZG2 A0A8V0X637 A0A8V1ABC8 A0A8V0ZTA5 E1C733 A0A1L1RX77 A0A8V0ZSX6 A0A8V0X1T3 A0A1D5PNG3 A0A8V1A7R0 A0A1D5P1F1 A0A1D5P0D7 A0A8V0YS46 A0A8V0WZJ4 A0A8V0XB58 Q0PVE4 A0A8V1A3N1 Q5ZJ58 A0A1D5PNL3 A0A8V0ZE58 A0A8V0XWZ8 Q00649 A0A8V0XJ84 A0A8V0ZH54 A0A8V1ABC9 Q9I946 E1BQI2 A0A8V0ZKI8 A0A3Q2TU24 A0A8V0ZB91 A0A8V1A3S8 A0A8V0YDT4 A0A8V1A9R2 A0A8V0Y413 A0A8V1AJI2 A0A8V0YDD6 A0A8V1AJV5 A0A8V0XFB5 A0A8V0Z4M1 A0A8V0ZPH9 A0A8V0YRG2
Biological Process,regulation of programmed cell death,4,GO:0043067,54,412,389,2734,0.92,0.5403702814610302,0.27,A0A8V0Y0V1 A0A1D5PCU0 A0A8V0YNQ0 A0A8V0ZWX9 A0A8V1AG56 Q5ZIB0 Q98938 A0A8V0ZI29 A0A8V0Y999 A0A8V1AJT2 A0A8V1A9A7 A0A3Q3A4U3 A0A8V0ZC57 A0A8V0XYR2 A0A8V0Z4J0 A0A8V1A3H9 A0A8V0YC57 P02460 A0A8V1ACS0 A0A8V0ZZG2 A0A8V0YLX0 A0A8V0X637 A0A8V0YPH9 A0A8V1ABC8 E1BYF1 A0A8V0YW57 A0A8V0ZRU9 A0A8V0X852 A0A8V0YRF2 A0A8V1A7R0 A0A1D5P1F1 A0A1D5P0D7 A0A8V0Z307 A0A8V0XB58 A0A8V0ZKV3 A0A8V0ZE58 Q00649 A0A8V0XJ84 A0A8V0ZH54 A0A8V1ABC9 A0A8V0YRK4 A0A8V0XAF8 A0A8V0ZKI8 A0A8V1A9R2 A0A8V0ZDZ5 A0A8V0YJV4 A0A8V1AJI2 A0A8V0ZTG6 A0A8V0YDD6 A0A8V1AJV5 A0A8V0XFB5 A0A8V0Z4M1 A0A8V0ZQS2 A0A8V0YWM3
Biological Process,negative regulation of protein maturation,7,GO:1903318,4,22,389,2734,1.28,0.5415355444714063,0.27,A0A8V0Y999 A0A8V0X4D8 A0A8V1AA32 A0A8V0YRF2
Biological Process,axonal fasciculation,4,GO:0007413,4,22,389,2734,1.28,0.5415355444714063,0.27,A0A8V1AG56 A0A1D5NTR5 A0A8V0YRG2 A0A1D5NYG2
Biological Process,negative regulation of reproductive process,4,GO:2000242,4,22,389,2734,1.28,0.5415355444714063,0.27,A0A8V1AG56 A0A8V0YW57 A0A8V0ZWX9 A0A8V0ZX23
Biological Process,positive regulation of mitochondrion organization,7,GO:0010822,4,22,389,2734,1.28,0.5415355444714063,0.27,A0A1L1RX77 A0A8V1A9L3 A0A8V0ZDZ5 A0A8V0XAF8
Biological Process,negative regulation of protein processing,8,GO:0010955,4,22,389,2734,1.28,0.5415355444714063,0.27,A0A8V0Y999 A0A8V0X4D8 A0A8V1AA32 A0A8V0YRF2
Biological Process,neuron projection fasciculation,7,GO:0106030,4,22,389,2734,1.28,0.5415355444714063,0.27,A0A8V1AG56 A0A1D5NTR5 A0A8V0YRG2 A0A1D5NYG2
Biological Process,activation of GTPase activity,7,GO:0090630,4,22,389,2734,1.28,0.5415355444714063,0.27,A0A8V1AG56 A0A8V0ZPH9 A0A8V0YBZ6 A0A8V1AAH7
Biological Process,antigen processing and presentation of exogenous peptide antigen,4,GO:0002478,5,51,389,2734,0.69,0.5416796657477894,0.27,A0A1D5PBU5 Q05744 A0A8V1AFH0 A0A8V0YVT3 A0A8V0Z9Y8
Biological Process,regulation of neuromuscular junction development,6,GO:1904396,5,51,389,2734,0.69,0.5416796657477894,0.27,A0A8V0YNQ0 A0A8V0X4D8 A0A8V0XB58 Q5ZJ58 A0A8V0ZYM1
Biological Process,vesicle budding from membrane,5,GO:0006900,5,51,389,2734,0.69,0.5416796657477894,0.27,A0A3Q2U2N5 A0A8V0XDM2 A0A8V1AFR2 A0A8V0Z9Y8 A0A8V0YSI0
Biological Process,regulation of intrinsic apoptotic signaling pathway,6,GO:2001242,5,51,389,2734,0.69,0.5416796657477894,0.27,A0A8V0Z307 A0A8V1AJI2 Q00649 A0A8V1AJV5 A0A8V0XFB5
Biological Process,immune system development,2,GO:0002520,18,147,389,2734,0.86,0.5448990687776925,0.26,A0A8V1AG56 A0A8V0ZWX9 A0A8V0XGY8 A0A8V0ZSG8 O12971 A0A8V1A9R2 A0A8V0YM05 A0A8V1A9A7 A0A8V0Y070 A0A8V0YMM6 A0A8V0YW57 A0A8V0XJ84 A0A8V0YLT1 A0A1D5NZN4 A0A8V0Z4M1 A0A1D5PLP1 A0A8V1A7R0 A0A8V0ZEJ3
Biological Process,regulation of blood circulation,5,GO:1903522,9,52,389,2734,1.22,0.5457214590848843,0.26,A0A8V0ZWX9 A0A8V0XB58 A0A8V0XCI3 A0A8V0ZTA5 A0A8V0ZY91 A0A1D5NWP2 A0A8V1ABC9 A0A8V0Z4M1 A0A8V0XYR2
Biological Process,neural tube development,4,GO:0021915,9,52,389,2734,1.22,0.5457214590848843,0.26,A0A8V0YNQ0 A0A8V0ZKI8 A0A8V1AG56 A0A8V0YEQ1 A0A8V0XDM2 A0A8V0ZHK9 A0A8V0YMM6 A0A8V0YVT3 A0A8V0XKU5
Biological Process,carbohydrate catabolic process,4,GO:0016052,9,52,389,2734,1.22,0.5457214590848843,0.26,A0A8V0ZLV3 A0A8V0Z1E9 A0A8V0YZJ3 A0A8V1A9A7 A0A8V0Z086 A0A8V0X2C5 A0A8V1A4P2 A0A8V0YC98 A0A8V0XMD4
Biological Process,negative regulation of biosynthetic process,5,GO:0009890,28,221,389,2734,0.89,0.5472531859724469,0.26,A0A8V0Y0V1 A0A8V1AG56 A0A8V0ZW33 A0A8V0YM05 A0A1D5NTR5 A0A8V0YW12 A0A8V0XFL3 A0A8V0Y290 A0A8V0XYR2 A0A8V0Z4J0 A0A8V1A3H9 A0A8V0YB43 A0A8V1ACS0 A0A8V0Y0F3 A0A8V0ZSG8 A0A8V0ZSX6 A0A1D5PNG3 A0A8V1A7R0 A0A8V0YY90 A0A8V1ABC9 A0A8V0YF22 A0A8V0ZE30 A0A8V0XAF8 A0A3Q2TU24 A0A8V1A9R2 A0A8V0Z9Z7 A0A8V0Z4M1 A0A8V0ZQS2
Biological Process,positive regulation of cell cycle,5,GO:0045787,15,93,389,2734,1.13,0.5481209670674092,0.26,A0A8V0ZKI8 A0A8V0ZDK0 A0A8V1AG56 O12971 A0A1D5PNL3 A0A8V1A9A7 A0A8V0Y1A4 A0A8V0X5U3 A0A8V0ZTA5 A0A8V1ABC9 A0A8V1ACU1 A0A8V0X1T3 A0A1D5P1F1 A0A8V0YRK4 A0A8V0XYR2
Biological Process,regulation of endothelial cell migration,5,GO:0010594,9,53,389,2734,1.19,0.5509312637002168,0.26,A0A8V1AG56 A0A8V0ZSG8 A0A8V0Y5K2 A0A1L1RX77 Q00649 A0A8V1ABC9 A0A8V0Z4M1 A0A8V0YRK4 A0A8V0XYR2
Biological Process,positive regulation of cellular component organization,5,GO:0051130,59,447,389,2734,0.93,0.5537021859705442,0.26,A0A8V0Y0V1 A0A8V0YNQ0 A0A8V1AG56 A0A8V0X4D8 A0A8V1A9L3 Q98938 A0A8V0ZI29 A0A8V1A9A7 A0A3Q3A4U3 A0A8V0YGN8 A0A1D5NTR5 A0A8V0YVT3 A0A8V0YDT5 A0A1D5NYG2 A0A8V0Y290 A0A8V0XYR2 A0A8V0ZDK0 A0A8V0Y0F3 A0A3Q2U2N5 A0A8V0ZTA5 E1C733 A0A8V1AFC3 A0A8V0X5U3 A0A1L1RX77 A0A8V0YLN5 A0A8V0ZRU9 A0A8V0X852 A0A1D5P1F1 Q6JHU8 Q0PVE4 F1NEZ4 A0A8V0ZBA3 A0A1D5PNL3 A0A8V0XWZ8 A0A8V0Y1A4 Q00649 A0A8V0XJ84 A0A8V0Y2E5 A0A8V1ABC9 A0A1D5NWP2 A0A1D5PDV9 A0A8V0ZE30 A0A8V0YR09 A0A8V0XAF8 A0A8V0ZKI8 A0A8V0ZB91 A0A1D5P655 A0A8V1AB05 A0A8V1A9R2 A0A8V0ZDZ5 A0A8V0YY70 A0A8V1AJI2 A0A1D5PT01 A0A8V0YDD6 A0A8V0Z9Y8 A0A8V0Z4M1 A0A8V0ZPH9 A0A8V0YRG2 A0A8V0YWM3
Biological Process,response to peptide,4,GO:1901652,19,156,389,2734,0.86,0.5546202917307494,0.26,A0A8V0ZW33 A0A8V0YPA6 A0A8V0XYR2 P02460 A0A8V0YB43 A0A8V0ZRU9 A0A8V0Y1N7 A0A1D5PNG3 A0A8V1A7R0 Q00649 A0A8V1ABC9 A0A8V0Y513 A0A1D5P655 A0A8V1A9R2 A0A8V0YJV4 A0A8V0YDD6 A0A8V0YLT1 Q5ZHL0 A0A8V1A653
Biological Process,formation of primary germ layer,3,GO:0001704,9,54,389,2734,1.17,0.5572251177622372,0.25,A0A8V1AG56 A0A8V0YS46 A0A8V0Z8V4 A0A8V1AFR2 A0A8V0YMM6 A0A8V0Y070 A0A8V0ZBJ8 A0A8V0YDD6 A0A8V0YHH6
Biological Process,cellular response to decreased oxygen levels,5,GO:0036294,9,54,389,2734,1.17,0.5572251177622372,0.25,A0A8V0YNQ0 A0A8V1ACS0 A0A8V0YQ88 A0A8V1AMI7 A0A8V0Z4M1 A0A8V0XYR2 A0A8V0Z4J0 A0A1D5PC37 A0A8V0YWM3
Biological Process,morphogenesis of a polarized epithelium,5,GO:0001738,9,54,389,2734,1.17,0.5572251177622372,0.25,A0A8V0YB43 A0A8V1AG56 Q0PVE4 A0A8V0ZTP1 A0A8V1A9R2 A0A8V0ZHK9 A0A8V0YY70 A0A8V0XK73 A0A8V1AJV5
Biological Process,negative regulation of multicellular organismal process,4,GO:0051241,51,332,389,2734,1.08,0.5572510148649796,0.25,A0A8V0Y0V1 A0A8V0YNQ0 A0A8V0ZWX9 A0A8V0X4D8 A0A8V1AG56 Q98938 A0A8V0ZI29 A0A8V1A2P5 A0A8V1A9A7 A0A3Q3A4U3 A0A8V0YXG4 A0A8V0YDT5 A0A8V0XUK6 A0A8V0XUJ8 A0A8V0Y290 A0A8V0XYR2 A0A8V0YMR1 A0A8V0Y0F3 A0A8V0Z8V4 A0A8V0ZZG2 A0A8V0XGL8 A0A8V0YQ88 A0A8V0ZSG8 A0A8V0ZKS6 A0A3Q2UGW3 A0A1L1RX77 A0A8V0ZSX6 A0A8V1ACD6 A0A8V0ZRU9 A0A1D5NZN4 A0A1D5PE57 A0A8V1A7R0 A0A8V1AJ90 A0A8V0Y1A4 A0A8V0XJ84 A0A8V1ABC9 A0A8V0YRK4 A0A8V0YR09 A0A8V0ZKI8 A0A3Q2TU24 O12971 A0A8V0YDT4 A0A8V1AB05 A0A8V1A9R2 A0A8V0Y413 A0A8V0YMM6 A0A8V0ZTG6 A0A8V0YDD6 A0A8V0Z4M1 A0A8V0YRG2 A0A8V0ZQS2
Biological Process,lipid phosphorylation,5,GO:0046834,4,23,389,2734,1.22,0.5581041687474708,0.25,A0A3Q2TU24 A0A1D5P1F1 Q5ZJ58 A0A8V0ZYM1
Biological Process,negative regulation of hemostasis,4,GO:1900047,4,23,389,2734,1.22,0.5581041687474708,0.25,A0A8V0ZTG6 A0A3Q2TU24 A0A8V0XYR2 A0A8V1A2P5
Biological Process,forebrain cell migration,4,GO:0021885,4,23,389,2734,1.22,0.5581041687474708,0.25,A0A8V0ZKI8 A0A8V0Z8V4 A0A8V0XKU5 A0A3Q3A4U3
Biological Process,telencephalon cell migration,5,GO:0022029,4,23,389,2734,1.22,0.5581041687474708,0.25,A0A8V0ZKI8 A0A8V0Z8V4 A0A8V0XKU5 A0A3Q3A4U3
Biological Process,positive regulation of production of molecular mediator of immune response,6,GO:0002702,4,23,389,2734,1.22,0.5581041687474708,0.25,A0A8V1AG56 A0A8V0YW57 A0A8V1ABC8 A0A8V0ZB91
Biological Process,negative regulation of blood coagulation,5,GO:0030195,4,23,389,2734,1.22,0.5581041687474708,0.25,A0A8V0ZTG6 A0A3Q2TU24 A0A8V0XYR2 A0A8V1A2P5
Biological Process,virion assembly,2,GO:0019068,4,23,389,2734,1.22,0.5581041687474708,0.25,A0A8V1ACS0 A0A1D5NVM6 A0A8V0Z4J0 A0A8V0XAE5
Biological Process,negative regulation of neurogenesis,6,GO:0050768,16,99,389,2734,1.14,0.5581445758549162,0.25,A0A8V0YNQ0 A0A8V1AG56 A0A8V0Z8V4 A0A8V0XGL8 O12971 A0A8V0ZI29 A0A8V0ZKS6 A0A8V1AB05 A0A8V0YDT5 A0A8V0ZSX6 A0A8V1A7R0 A0A8V1ACD6 A0A1D5PE57 A0A8V0YRG2 A0A8V0YRK4 A0A8V0YMR1
Biological Process,cellular response to organonitrogen compound,4,GO:0071417,20,161,389,2734,0.87,0.561883076121722,0.25,A0A8V0ZW33 A0A8V0YPA6 A0A8V0XYR2 A0A8V0YC57 A0A8V0YB43 P02460 A0A8V0Y1N7 A0A8V0ZRU9 A0A1D5PE57 A0A8V1A7R0 A0A8V0XDM2 A0A8V0ZY91 Q9I946 A0A8V0Y513 A0A1D5P655 A0A8V1A9R2 A0A8V0YJV4 A0A8V0YDD6 A0A8V0YLT1 Q5ZHL0
Biological Process,learning,4,GO:0007612,6,56,389,2734,0.75,0.5635289407515576,0.25,A0A8V0YNQ0 A0A3Q2U2N5 A0A3Q2UGW3 A0A8V0YY70 A0A8V0ZSX6 A0A8V0YRG2
Biological Process,positive regulation of endopeptidase activity,7,GO:0010950,6,56,389,2734,0.75,0.5635289407515576,0.25,A0A8V0XAF8 A0A8V0ZDZ5 A0A8V0ZE58 A0A3Q3A4U3 A0A8V1A7R0 A0A8V0YWM3
Biological Process,regulation of phosphatidylinositol 3-kinase/protein kinase B signal transduction,6,GO:0051896,6,55,389,2734,0.77,0.5635364018797705,0.25,A0A3Q2TU24 A0A8V1A3N1 A0A8V1AJT2 A0A8V0YY90 A0A8V1AJV5 A0A8V0Z4M1
Biological Process,regulation of G1/S transition of mitotic cell cycle,7,GO:2000045,2,24,389,2734,0.59,0.5637684064670034,0.25,A0A8V0YRK4 A0A8V0Y1A4
Biological Process,multivesicular body assembly,6,GO:0036258,2,24,389,2734,0.59,0.5637684064670034,0.25,A0A1D5NVM6 A0A8V0ZH54
Biological Process,branching involved in open tracheal system development,5,GO:0060446,2,24,389,2734,0.59,0.5637684064670034,0.25,Q5ZHL0 Q0PVE4
Biological Process,apical protein localization,5,GO:0045176,2,24,389,2734,0.59,0.5637684064670034,0.25,Q0PVE4 A0A8V0ZZU1
Biological Process,cellular response to glucose stimulus,5,GO:0071333,2,24,389,2734,0.59,0.5637684064670034,0.25,A0A8V0XAF8 A0A8V0YDD6
Biological Process,regulation of mitotic spindle organization,7,GO:0060236,2,24,389,2734,0.59,0.5637684064670034,0.25,Q5ZJ58 A0A8V0X5U3
Biological Process,regulation of ATP metabolic process,7,GO:1903578,2,24,389,2734,0.59,0.5637684064670034,0.25,A0A1D5PNG3 A0A8V1A7R0
Biological Process,cellular response to hexose stimulus,7,GO:0071331,2,24,389,2734,0.59,0.5637684064670034,0.25,A0A8V0XAF8 A0A8V0YDD6
Biological Process,regulation of translational initiation,7,GO:0006446,2,24,389,2734,0.59,0.5637684064670034,0.25,Q00649 A0A8V0ZSX6
Biological Process,regulation of actin filament depolymerization,7,GO:0030834,2,24,389,2734,0.59,0.5637684064670034,0.25,Q00649 A0A8V0X852
Biological Process,actin filament bundle assembly,5,GO:0051017,2,24,389,2734,0.59,0.5637684064670034,0.25,A0A1D5P0X0 A0A8V0YG88
Biological Process,columnar/cuboidal epithelial cell development,5,GO:0002066,12,103,389,2734,0.82,0.5645903298064588,0.25,A0A8V1AG56 Q0PVE4 A0A8V0ZZU1 Q98938 A0A8V0ZI29 A0A8V1AB05 A0A8V1A9R2 A0A1D5P655 A0A3Q2UEL1 A0A8V0YDT5 A0A8V1AJV5 A0A8V0ZE30
Biological Process,circulatory system process,3,GO:0003013,12,103,389,2734,0.82,0.5645903298064588,0.25,A0A8V0XAF8 A0A8V0XF68 A0A8V0XB58 A0A8V0XA92 A0A8V0YC57 A0A8V0YM05 A0A8V1A9A7 A0A8V0ZY91 A0A8V0Z7D4 A0A8V0Z4M1 A0A8V0XYR2 A0A8V0Y513
Biological Process,blood circulation,4,GO:0008015,12,103,389,2734,0.82,0.5645903298064588,0.25,A0A8V0XAF8 A0A8V0XF68 A0A8V0XB58 A0A8V0XA92 A0A8V0YC57 A0A8V0YM05 A0A8V1A9A7 A0A8V0ZY91 A0A8V0Z7D4 A0A8V0Z4M1 A0A8V0XYR2 A0A8V0Y513
Biological Process,immune response-activating cell surface receptor signaling pathway,4,GO:0002429,6,57,389,2734,0.74,0.5646917332734547,0.25,A0A1D5P655 A0A1D5PNL3 A0A8V0XUK6 A0A8V0XEJ0 P01875 A0A8V0ZQS2
Biological Process,embryonic axis specification,4,GO:0000578,6,57,389,2734,0.74,0.5646917332734547,0.25,A0A8V1AG56 Q98938 A0A8V0YMM6 A0A8V0Y070 A0A8V0ZH54 A0A8V0ZF83
Biological Process,regulation of regulated secretory pathway,6,GO:1903305,2,25,389,2734,0.56,0.5653734510981931,0.25,A0A8V1AB67 A0A3Q2TYT2
Biological Process,vitamin metabolic process,3,GO:0006766,2,25,389,2734,0.56,0.5653734510981931,0.25,A0A8V0X783 A0A8V0XDM2
Biological Process,iron ion transport,8,GO:0006826,2,25,389,2734,0.56,0.5653734510981931,0.25,Q5ZHL0 A0A8V0YG88
Biological Process,xenobiotic metabolic process,3,GO:0006805,2,25,389,2734,0.56,0.5653734510981931,0.25,A0A8V0Y9F8 A0A8V1AHJ8
Biological Process,myoblast fusion,4,GO:0007520,2,25,389,2734,0.56,0.5653734510981931,0.25,A0A8V1AAH7 A0A8V0ZKS6
Biological Process,establishment or maintenance of cytoskeleton polarity,3,GO:0030952,2,25,389,2734,0.56,0.5653734510981931,0.25,A0A8V0YVT3 Q5ZJ58
Biological Process,acute inflammatory response,5,GO:0002526,2,25,389,2734,0.56,0.5653734510981931,0.25,A0A8V1A7R0 A0A8V0YR09
Biological Process,germ-line stem cell population maintenance,3,GO:0030718,2,25,389,2734,0.56,0.5653734510981931,0.25,O12971 E1BQI2
Biological Process,rRNA processing,8,GO:0006364,2,25,389,2734,0.56,0.5653734510981931,0.25,A0A1D5PNG3 A0A8V1A6A3
Biological Process,cardiac muscle cell differentiation,5,GO:0055007,2,25,389,2734,0.56,0.5653734510981931,0.25,A0A8V0Z4M1 A0A8V0XB58
Biological Process,multivesicular body sorting pathway,3,GO:0071985,2,25,389,2734,0.56,0.5653734510981931,0.25,A0A8V0ZZU1 A0A8V0ZH54
Biological Process,actin filament bundle organization,6,GO:0061572,2,25,389,2734,0.56,0.5653734510981931,0.25,A0A1D5P0X0 A0A8V0YG88
Biological Process,regulation of cell activation,4,GO:0050865,17,105,389,2734,1.14,0.5681847555512196,0.25,A0A8V1AG56 A0A8V0ZWX9 A0A3Q2TU24 A0A8V0ZZG2 A0A8V0Y0F3 Q98938 A0A8V1A9R2 A0A8V1ABC8 A0A8V1A2P5 A0A8V0YW57 A0A8V0XUK6 A0A8V0XEJ0 A0A8V1ABC9 A0A8V0Y290 P01875 A0A8V0ZQS2 A0A8V0YR09
Biological Process,retinoid metabolic process,7,GO:0001523,2,26,389,2734,0.54,0.5694568453960329,0.24,A0A8V0YXG4 A0A8V0YJV4
Biological Process,syncytium formation,2,GO:0006949,2,26,389,2734,0.54,0.5694568453960329,0.24,A0A8V1AAH7 A0A8V0ZKS6
Biological Process,mushroom body development,3,GO:0016319,2,26,389,2734,0.54,0.5694568453960329,0.24,A0A8V0YRG2 A0A3Q3A4U3
Biological Process,negative regulation of actin filament polymerization,7,GO:0030837,2,26,389,2734,0.54,0.5694568453960329,0.24,Q00649 A0A8V0X852
Biological Process,cellular response to monosaccharide stimulus,6,GO:0071326,2,26,389,2734,0.54,0.5694568453960329,0.24,A0A8V0XAF8 A0A8V0YDD6
Biological Process,organelle transport along microtubule,4,GO:0072384,2,26,389,2734,0.54,0.5694568453960329,0.24,A0A8V0YVT3 A0A8V0XTW4
Biological Process,regulation of cytokinesis,5,GO:0032465,2,26,389,2734,0.54,0.5694568453960329,0.24,A0A8V0XTW4 A0A1D5PBU5
Biological Process,syncytium formation by plasma membrane fusion,3,GO:0000768,2,26,389,2734,0.54,0.5694568453960329,0.24,A0A8V1AAH7 A0A8V0ZKS6
Biological Process,regulation of cell cycle G1/S phase transition,7,GO:1902806,2,26,389,2734,0.54,0.5694568453960329,0.24,A0A8V0YRK4 A0A8V0Y1A4
Biological Process,biological process involved in interaction with symbiont,3,GO:0051702,2,26,389,2734,0.54,0.5694568453960329,0.24,A0A8V0YDD6 A0A8V0ZSX6
Biological Process,non-canonical Wnt signaling pathway,5,GO:0035567,2,26,389,2734,0.54,0.5694568453960329,0.24,A0A8V1AG56 A0A8V0Z9Y8
Biological Process,positive regulation of peptide hormone secretion,6,GO:0090277,2,26,389,2734,0.54,0.5694568453960329,0.24,A0A8V0YY90 A0A8V0YPA6
Biological Process,cellular developmental process,2,GO:0048869,149,1011,389,2734,1.04,0.5708978183144824,0.24,A0A8V1A9L3 A0A8V0ZWX9 A0A1D5NTR5 A0A8V0YVT3 A0A8V0YDT5 A0A1D5NYG2 A0A8V0YW12 A0A8V0ZEJ3 A0A8V0YB43 A0A8V0Z8V4 A0A8V1ABC8 A0A8V0Y722 A0A8V0XXW6 A0A8V0YW57 A0A8V1ACD6 A0A8V1A7R0 A0A8V0ZA56 A0A1L1RZ23 F1NEZ4 A0A8V0ZTP1 A0A1D5PNL3 A0A8V0ZT48 A0A8V0Y9F8 A0A8V0XJ84 A0A1D5NWP2 A0A8V0YEQ1 A0A8V0ZJ97 A0A8V0ZB91 A0A8V1AB05 A0A8V1A9R2 A0A8V1AB67 A0A8V0Y070 P28687 A0A8V1AG56 A0A8V0YM05 A0A8V0XDL7 A0A8V1A9A7 A0A3Q3A4U3 A0A8V0XRN3 A0A8V1ACU1 P02460 A0A8V0YUF6 A0A3Q3AST7 A0A8V0XK73 A0A8V0ZSX0 A0A8V0ZRU9 A0A1D5NZN4 A0A8V1AAH7 A0A1D5P0D7 Q0PVE4 A0A8V0ZE58 Q00649 A0A8V1ABC9 A0A8V0XM58 A0A8V0ZE30 A0A8V0YRK4 A0A8V1ADF6 E1BQI2 A0A8V0Y513 A0A1D5PBU5 Q05744 A0A8V1AFR2 A0A8V0Y413 A0A8V0X5K9 A0A8V0YY70 A0A8V0YMM6 A0A8V1AJI2 A0A1D5PT01 A0A8V1AJV5 A0A8V0YLT1 P33005 A0A8V0YRG2 Q76KB2 A0A8V0Y0V1 A0A8V0X4D8 A0A8V0ZBR8 A0A8V0ZI29 A0A8V1AFP7 A0A8V0ZYM1 A0A8V0YGN8 A0A8V0YXG4 A0A1D5PIZ5 A0A8V0YPA6 A0A8V0XFL3 A0A8V0Y8L6 A0A8V0YC57 A0A8V1AHJ8 A0A8V0ZSG8 A0A8V0ZKS6 A0A8V0ZTA5 A0A8V0YLN5 A0A8V0ZSX6 A0A8V0XKU5 A0A8V0Z888 A0A1D5PE57 A0A8V0ZAU8 A0A8V0ZMU3 A0A8V0YRN1 A0A8V0XWZ8 A0A8V0Y1A4 A0A8V0ZY42 A0A8V0YBD7 A0A1D5PLP1 A0A8V0ZF83 A0A8V0ZKI8 O12971 A0A1D5P655 A0A8V0XX41 A0A8V0XK27 A0A8V0YIE9 A0A8V0Z4M1 A0A8V0YNQ0 Q98938 A0A8V0XRC4 A0A8V0XCI3 A0A1D5NW03 A0A8V0Y999 A0A8V1A2P5 A0A8V0ZCA3 A0A1D5NZT1 A0A8V0XUJ8 A0A8V0XYR2 A0A8V0Y4G8 A0A8V1AEM5 A0A8V0YMR1 A0A8V1AAN6 A0A8V0XGY8 A0A8V0XGL8 A0A3Q2UGW3 A0A8V0Y7C8 A0A8V0YHH6 A0A1D5P1F1 Q6JHU8 A0A8V0WZJ4 A0A8V0XB58 A0A8V0ZZU1 A0A8V0XDM2 A0A8V0YE20 Q5ZJ58 A0A3Q2UEL1 A0A3Q2TT95 A0A8V0ZBJ8 A0A8V0Y2E5 A0A8V0ZH54 A0A8V1A3S8 A0A8V0YDD6 A0A8V0XFB5 A0A8V0ZPH9 A0A8V0YWM3
Biological Process,post-embryonic development,2,GO:0009791,33,256,389,2734,0.91,0.573382073574201,0.24,A0A8V1AG56 A0A1D5PCU0 Q98938 A0A8V1AEJ4 A0A8V1A9A7 A0A1D5NTR5 A0A8V0YXG4 A0A1D5NZT1 A0A1D5NYG2 A0A8V0XFL3 A0A8V0ZZG2 A0A1D5PQV0 A0A8V0XK73 A0A8V0YS46 A0A8V0WZJ4 A0A8V0ZZU1 A0A3Q2UEL1 A0A8V0YPB9 A0A8V0ZH54 A0A1D5NWP2 A0A8V0ZE30 A0A8V0ZF83 A0A8V0ZKI8 A0A8V0ZJ97 O12971 A0A8V1A9R2 A0A8V1AB67 A0A8V0YMM6 A0A8V0Y070 A0A8V0XK27 A0A8V0ZQP1 A0A8V0Z4M1 Q76KB2
Biological Process,response to external biotic stimulus,3,GO:0043207,33,255,389,2734,0.91,0.5734962290030341,0.24,A0A8V1AG56 A0A1D5PCU0 A0A8V0XXM5 A0A8V0ZAP5 A0A8V0XEJ0 A0A8V0XYR2 E1BS94 A0A8V1AHJ8 A0A8V1ABC8 A0A8V0ZTA5 E1C733 A0A1L1RX77 A0A8V0ZSX0 A0A8V0X852 A0A8V0Z888 A0A8V0Y4Q2 A0A8V0ZLV3 A0A8V1A3N1 A0A1D5PNL3 A0A8V0Y9F8 Q00649 A0A1D5PDV9 A0A8V0YR09 A0A8V0XAF8 A0A8V0Y513 Q05744 A0A8V1A9R2 A0A8V0Y614 A0A8V0YDD6 A0A8V0XFB5 P01875 A0A8V1A653 A0A8V0YWM3
Biological Process,response to other organism,2,GO:0051707,33,255,389,2734,0.91,0.5734962290030341,0.24,A0A8V1AG56 A0A1D5PCU0 A0A8V0XXM5 A0A8V0ZAP5 A0A8V0XEJ0 A0A8V0XYR2 E1BS94 A0A8V1AHJ8 A0A8V1ABC8 A0A8V0ZTA5 E1C733 A0A1L1RX77 A0A8V0ZSX0 A0A8V0X852 A0A8V0Z888 A0A8V0Y4Q2 A0A8V0ZLV3 A0A8V1A3N1 A0A1D5PNL3 A0A8V0Y9F8 Q00649 A0A1D5PDV9 A0A8V0YR09 A0A8V0XAF8 A0A8V0Y513 Q05744 A0A8V1A9R2 A0A8V0Y614 A0A8V0YDD6 A0A8V0XFB5 P01875 A0A8V1A653 A0A8V0YWM3
Biological Process,response to biotic stimulus,2,GO:0009607,33,258,389,2734,0.9,0.5739738607580901,0.24,A0A8V1AG56 A0A1D5PCU0 A0A8V0XXM5 A0A8V0ZAP5 A0A8V0XEJ0 A0A8V0XYR2 E1BS94 A0A8V1AHJ8 A0A8V1ABC8 A0A8V0ZTA5 E1C733 A0A1L1RX77 A0A8V0ZSX0 A0A8V0X852 A0A8V0Z888 A0A8V0Y4Q2 A0A8V0ZLV3 A0A8V1A3N1 A0A1D5PNL3 A0A8V0Y9F8 Q00649 A0A1D5PDV9 A0A8V0YR09 A0A8V0XAF8 A0A8V0Y513 Q05744 A0A8V1A9R2 A0A8V0Y614 A0A8V0YDD6 A0A8V0XFB5 P01875 A0A8V1A653 A0A8V0YWM3
Biological Process,regulation of signaling receptor activity,3,GO:0010469,17,107,389,2734,1.12,0.5741728250383729,0.24,A0A8V0YNQ0 A0A8V1AG56 A0A3Q2TU24 Q98938 A0A8V1AFP7 E1C733 A0A8V0YEZ4 A0A8V0YY90 A0A8V0ZRU9 A0A8V0XJ84 A0A8V0ZH54 A0A8V1ACD6 A0A8V0Z4M1 A0A8V0YRG2 A0A8V0XYR2 A0A8V1ADF6 A0A1D5P0D7
Biological Process,cellular response to oxygen levels,4,GO:0071453,10,60,389,2734,1.17,0.5746815134241141,0.24,A0A8V0YNQ0 A0A8V1ACS0 Q5ZHL0 A0A8V0YQ88 A0A8V1AMI7 A0A8V0Z4M1 A0A8V0XYR2 A0A8V0Z4J0 A0A1D5PC37 A0A8V0YWM3
Biological Process,cardiac ventricle development,4,GO:0003231,5,27,389,2734,1.3,0.5757659049817522,0.24,A0A8V1AG56 A0A8V0Z2J4 A0A8V0ZE58 A0A3Q3A4U3 A0A8V0XPE8
Biological Process,regulation of DNA-templated transcription,7,GO:0006355,50,381,389,2734,0.92,0.5799300050430632,0.24,A0A8V0Y0V1 A0A8V1AG56 Q98938 A0A8V0ZW33 A0A8V0YM05 A0A8V1AJT2 A0A8V1A9A7 A0A1D5NTR5 A0A8V0XRN3 A0A8V0ZFG7 A0A8V0YW12 A0A8V0XFL3 A0A8V0Y290 A0A8V0XYR2 A0A8V0Z4J0 A0A8V1ACS0 A0A8V0Y0F3 A0A8V0ZZG2 A0A8V0ZSG8 A0A8V0ZKS6 A0A8V1ABC8 A0A8V1AFC3 E1BYF1 A0A1L1RX77 A0A8V0X5U3 A0A8V0YHH6 A0A8V0ZSX6 A0A8V0YRF2 A0A1D5NZN4 A0A8V0X1T3 Q8AWB4 A0A8V1A7R0 A0A1D5P1F1 A0A8V1AJ90 A0A1D5P0D7 A0A8V0ZA56 A0A8V0XB58 A0A8V0ZE58 A0A1D5PNL3 A0A3Q2TT95 A0A8V0XJ84 A0A8V0XM58 A0A8V0ZE30 A0A8V0ZF83 A0A8V0ZKI8 A0A8V1A9R2 A0A8V0Z9Z7 A0A8V0YMM6 A0A8V0Y070 A0A8V0Z4M1
Biological Process,positive regulation of nitrogen compound metabolic process,5,GO:0051173,71,529,389,2734,0.94,0.579954145463691,0.24,Q5ZMG0 A0A8V0Y0V1 A0A8V1AG56 A0A8V0X4D8 A0A8V1A9L3 A0A8V0YBZ6 Q98938 A0A8V0ZW33 A0A8V0YM05 A0A8V1AJT2 A0A8V1A9A7 A0A3Q3A4U3 A0A8V0XRN3 A0A8V0XFL3 A0A8V0Y290 A0A8V0XYR2 A0A8V0Z4J0 A0A8V1ACS0 A0A8V0Y0F3 A0A8V0ZZG2 A0A8V0XGL8 A0A8V0X637 A0A8V1ABC8 A0A8V0ZTA5 E1C733 A0A8V1AFC3 A0A1L1RX77 A0A8V0YW57 A0A8V0YHH6 A0A8V0ZSX6 A0A8V0ZRU9 A0A8V0YRF2 A0A1D5NZN4 A0A1D5PNG3 A0A8V1A7R0 A0A1D5P1F1 A0A8V0X1T3 A0A1D5PC37 A0A1D5P0D7 A0A8V0YS46 A0A8V0XB58 A0A8V1AA32 A0A8V1A3N1 A0A8V0ZE58 A0A1D5PNL3 A0A8V0XWZ8 Q00649 A0A8V0XJ84 A0A8V0Y2E5 A0A8V1ABC9 A0A8V0XM58 A0A1D5PLP1 A0A8V0ZE30 A0A8V0YRK4 Q9I946 E1BQI2 A0A8V0XAF8 A0A8V0YR09 A0A8V0ZKI8 A0A3Q2TU24 A0A8V0ZB91 A0A8V1A3S8 A0A8V0YDT4 A0A8V1A9R2 A0A1D5P201 A0A8V0Y413 A0A8V0ZDZ5 A0A8V0YDD6 A0A8V0XFB5 A0A8V0Z4M1 A0A8V0YWM3
Biological Process,regulation of nuclear division,6,GO:0051783,10,61,389,2734,1.15,0.5799794534910374,0.24,A0A8V1AG56 A0A8V0ZDK0 Q5ZJ58 A0A8V0Z9Z7 A0A8V1A9A7 A0A8V0ZTA5 A0A8V0X5U3 A0A8V0YW57 A0A8V0XYR2 A0A8V0YC57
Biological Process,regulation of neurogenesis,6,GO:0050767,41,268,389,2734,1.08,0.5813315829827037,0.24,A0A8V0Y0V1 A0A8V0YNQ0 A0A8V1AG56 A0A8V0X4D8 A0A8V1A9L3 Q98938 A0A8V0ZI29 A0A3Q3A4U3 A0A8V0YGN8 A0A8V0YDT5 A0A1D5NYG2 A0A8V0YMR1 A0A8V0Z8V4 A0A8V0XGL8 A0A8V0ZKS6 A0A8V0YLN5 A0A8V0Y7C8 A0A8V0ZSX6 A0A8V1ACD6 A0A1D5PE57 A0A8V1A7R0 A0A1D5P1F1 Q6JHU8 A0A1D5P0D7 A0A8V0XWZ8 A0A8V0Y1A4 A0A3Q2TT95 Q00649 A0A8V0YRK4 E1BQI2 A0A8V0ZKI8 A0A8V0ZB91 A0A8V1A3S8 O12971 A0A1D5P655 A0A8V1AB05 A0A8V1AJI2 A0A1D5PT01 A0A8V0YDD6 A0A8V0Z4M1 A0A8V0YRG2
Biological Process,multicellular organism development,2,GO:0007275,207,1417,389,2734,1.03,0.5838879317755448,0.23,A0A8V1A9L3 A0A8V0ZWX9 A0A8V1AEJ4 A0A8V0Z4R1 A0A1D5NTR5 A0A8V0YVT3 A0A8V0YDT5 A0A1D5NYG2 A0A8V1AKQ0 A0A8V0ZEJ3 A0A8V0YB43 A0A8V0Z8V4 A0A8V0ZZG2 A0A8V1ABC8 A0A8V0Y722 A0A1L1RX77 A0A8V0XPE8 A0A8V0YW57 A0A8V0YHL6 A0A8V1ACD6 A0A8V1A7R0 A0A8V0ZA56 A0A1L1RZ23 A0A8V0Y4Q2 F1NEZ4 A0A8V0ZTP1 A0A8V0ZKV3 A0A1D5PNL3 A0A8V0ZT48 A0A8V0Y9F8 A0A8V0XJ84 A0A1D5NWP2 A0A8V0YYQ9 A0A8V0XXK8 F1NGB8 A0A3Q2TU24 A0A8V0YEQ1 A0A8V0ZJ97 A0A8V0Y478 A0A8V0ZB91 A0A8V1AB05 A0A8V1A9R2 A0A8V1AB67 A0A8V0ZHK9 A0A8V0Y070 A0A8V0ZX23 A0A8V0ZQS2 A0A8V1AG56 A0A1D5PCU0 A0A8V0XCX4 A0A8V0XBI2 A0A8V0XXM5 A0A8V0YM05 A0A8V0XDL7 A0A8V1A9A7 A0A3Q3A4U3 A0A3Q2TVX1 A0A8V0XRN3 P02460 A0A8V0Y0F3 A0A8V0YUF6 A0A8V0X637 A0A8V0XK73 A0A8V0ZSX0 A0A8V0ZF99 A0A8V0ZRU9 A0A1D5NZN4 A0A8V1AAH7 A0A1D5P0D7 A0A1D5PRH9 A0A8V0ZG43 Q0PVE4 A0A8V0XA92 A0A8V0ZE58 Q00649 A0A8V0Y103 A0A1D5PDV9 A0A8V1ABC9 A0A8V0XM58 A0A8V0ZE30 A0A8V0YA97 A0A8V0YRK4 A0A8V1ADF6 E1BQI2 A0A8V0Y513 A0A8V0YR09 A0A8V1AFR2 A0A8V0Y413 A0A8V0YJV4 A0A8V0X5K9 A0A8V0YMM6 A0A8V0YY70 A0A8V1AJI2 A0A1D5PT01 A0A8V1AJV5 A0A8V0YLT1 A0A8V0ZQP1 P33005 A0A8V0YRG2 Q76KB2 A0A8V1A653 A0A8V0Y0V1 A0A8V0X4D8 A0A8V0ZBR8 A0A8V0ZI29 A0A8V0YGN8 A0A8V0YXG4 A0A1D5PIZ5 A0A8V0ZHL4 A0A8V0YG88 A0A8V0ZIF0 A0A8V0XE95 A0A8V0XFL3 A0A8V0Y8L6 A0A8V0ZDK0 A0A8V1AHJ8 A0A8V0ZSG8 A0A8V0ZKS6 A0A8V0ZTA5 E1C733 A0A8V0YLN5 A0A8V0ZSX6 A0A8V0XKU5 A0A8V0Z888 A0A1D5PE57 A0A8V0ZAU8 Q8AWB4 A0A8V0Y969 A0A8V0ZMU3 A0A8V0XZV7 A0A8V0YRN1 A0A8V0XWZ8 A0A8V0ZY91 A0A8V0Y1A4 A0A8V0ZY42 A0A8V0YPB9 A0A8V0YBD7 A0A1D5PLP1 A0A8V0ZF83 A0A8V0ZKI8 O12971 A0A8V0YDT4 A0A8V0X9N1 A0A1D5P655 A0A8V0ZES4 A0A8V0XX41 A0A8V0ZTG6 A0A8V0X370 A0A8V0XK27 A0A8V0ZFH4 A0A8V0YQC4 A0A8V0XZQ1 A0A8V0YIE9 A0A8V0Z4M1 A0A8V0YNQ0 Q98938 A0A8V0XRC4 A0A8V0XCI3 A0A1D5NW03 A0A8V0ZW33 A0A8V1A2P5 A0A1D5NZT1 A0A8V0ZFG7 A0A8V0XUJ8 A0A8V0Y290 A0A8V0XYR2 A0A8V0Y4G8 A0A8V0YMR1 A0A8V1A3H9 A0A8V1AAN6 A0A8V0XGY8 A0A8V0XGL8 A0A3Q2UGW3 A0A8V0WZN3 A0A1D5PQV0 A0A8V0Y7C8 A0A8V0Y1N7 A0A8V0YHH6 A0A1D5P1F1 Q6JHU8 A0A8V0XF68 A0A8V0YS46 A0A8V0WZJ4 A0A8V0XB58 A0A8V0ZZU1 A0A8V0XDM2 A0A8V0YE20 Q5ZJ58 A0A3Q2UEL1 A0A8V1A2F4 A0A8V0Z2J4 A0A3Q2TT95 A0A8V0ZBJ8 A0A8V0Y2E5 A0A8V0ZH54 A0A8V0XX49 Q9I946 A0A8V0XAF8 A0A8V1A3S8 A0A8V1A4I0 A0A8V0Z9Z7 A0A8V0YDD6 A0A8V1AM47 F1NSM7 A0A8V0XFB5 Q5ZHL0 A0A8V0YWM3
Biological Process,cellular response to leukemia inhibitory factor,6,GO:1990830,5,28,389,2734,1.26,0.5840422804193008,0.23,A0A8V0XAF8 A0A8V0YPH9 A0A8V0Z4R1 E1BYF1 A0A8V1AJ90
Biological Process,central nervous system neuron development,5,GO:0021954,5,28,389,2734,1.26,0.5840422804193008,0.23,A0A8V1AG56 Q98938 A0A3Q3A4U3 A0A8V1ABC9 A0A8V0YRG2
Biological Process,negative regulation of translation,7,GO:0017148,5,28,389,2734,1.26,0.5840422804193008,0.23,A0A8V0ZSX6 A0A8V1ABC9 A0A8V0ZE30 A0A1D5PNG3 A0A8V1A7R0
Biological Process,epithelial to mesenchymal transition,5,GO:0001837,5,28,389,2734,1.26,0.5840422804193008,0.23,A0A8V0ZKI8 A0A8V1AG56 A0A8V0XJ84 A0A8V0Y2E5 A0A8V0Z4M1
Biological Process,response to leukemia inhibitory factor,5,GO:1990823,5,28,389,2734,1.26,0.5840422804193008,0.23,A0A8V0XAF8 A0A8V0YPH9 A0A8V0Z4R1 E1BYF1 A0A8V1AJ90
Biological Process,regulation of insulin receptor signaling pathway,5,GO:0046626,5,28,389,2734,1.26,0.5840422804193008,0.23,A0A8V0ZSG8 A0A8V0ZHX5 A0A8V0ZI29 A0A8V0YY90 A0A8V1ABC9
Biological Process,regulation of cation channel activity,6,GO:2001257,5,28,389,2734,1.26,0.5840422804193008,0.23,A0A8V0XB58 A0A8V1AFH0 A0A8V0ZY91 A0A1D5NWP2 A0A8V0YRG2
Biological Process,endocrine system development,4,GO:0035270,5,28,389,2734,1.26,0.5840422804193008,0.23,A0A8V1AG56 A0A8V0Y4Q2 A0A8V0YMM6 A0A1D5NZN4 A0A8V0Z4M1
Biological Process,muscle cell development,4,GO:0055001,7,63,389,2734,0.78,0.5855556371210533,0.23,A0A8V0XB58 Q98938 A0A8V0ZAU8 A0A8V0YXG4 A0A8V0Z4M1 A0A1D5PLP1 A0A1D5P0D7
Biological Process,regulation of biological process involved in symbiotic interaction,3,GO:0043903,7,63,389,2734,0.78,0.5855556371210533,0.23,A0A8V0YDT4 A0A8V1ABC8 A0A1D5NVM6 A0A8V0ZSX6 A0A8V1AJ90 E1BS94 A0A8V0YR09
Biological Process,female pregnancy,3,GO:0007565,7,62,389,2734,0.79,0.5856216164555195,0.23,A0A8V0XGL8 A0A8V0YJV4 Q00649 A0A8V0XJ84 A0A8V0Z4M1 A0A1D5P1F1 A0A8V1A3H9
Biological Process,regulation of monoatomic anion transport,6,GO:0044070,5,29,389,2734,1.21,0.5940280659401852,0.23,A0A3Q2U2N5 A0A8V0YLT1 A0A8V1ABC9 A0A8V0XYR2 A0A8V0YWM3
Biological Process,negative regulation of immune effector process,5,GO:0002698,5,29,389,2734,1.21,0.5940280659401852,0.23,A0A8V0ZZG2 A0A8V1AA32 A0A8V1A9R2 A0A8V0XUK6 A0A8V0XJ84
Biological Process,compound eye photoreceptor development,7,GO:0042051,5,29,389,2734,1.21,0.5940280659401852,0.23,A0A8V0ZI29 A0A8V1AB05 A0A1D5NTR5 A0A8V0YDT5 A0A1D5NYG2
Biological Process,negative regulation of hemopoiesis,5,GO:1903707,5,29,389,2734,1.21,0.5940280659401852,0.23,Q98938 A0A8V1A9R2 A0A8V0XUK6 A0A1D5NZN4 A0A8V0ZQS2
Biological Process,regulation of G protein-coupled receptor signaling pathway,5,GO:0008277,5,29,389,2734,1.21,0.5940280659401852,0.23,A0A8V1AG56 A0A8V0ZWX9 A0A8V0ZHK9 A0A8V1ABC9 A0A8V0XYR2
Biological Process,positive regulation of protein catabolic process,6,GO:0045732,11,67,389,2734,1.15,0.5949389620717835,0.23,A0A8V1AG56 A0A8V0ZDK0 A0A8V0X4D8 A0A8V0ZZG2 A0A8V0YBZ6 A0A8V1AA32 A0A8V0ZRU9 A0A8V0XFL3 A0A8V0YRK4 A0A1D5PC37 A0A8V0XM58
Biological Process,regulation of RNA metabolic process,5,GO:0051252,56,421,389,2734,0.93,0.5958420084375633,0.22,A0A8V0Y0V1 A0A8V1AG56 Q98938 A0A8V0ZW33 A0A8V0YM05 A0A8V1AJT2 A0A8V1A9A7 A0A1D5NTR5 A0A8V0XRN3 A0A8V0ZFG7 A0A8V0YW12 A0A8V0XFL3 A0A8V0Y290 A0A8V0XYR2 A0A8V0Z4J0 A0A8V1ACS0 A0A8V0Y0F3 A0A8V0ZZG2 A0A8V0XGL8 A0A8V0ZSG8 A0A8V0ZKS6 A0A8V1ABC8 A0A8V1AFC3 E1BYF1 A0A1L1RX77 A0A8V0X5U3 A0A8V0XXW6 A0A8V0ZSX6 A0A8V0YHH6 A0A8V0YRF2 A0A1D5NZN4 A0A8V0X1T3 Q8AWB4 A0A8V1A7R0 A0A1D5P1F1 A0A8V1AJ90 A0A1D5P0D7 A0A8V0ZA56 A0A8V0XB58 A0A8V0Z438 A0A8V0ZE58 A0A1D5PNL3 A0A3Q2TT95 Q00649 A0A8V0XJ84 A0A8V1ABC9 A0A8V0XM58 A0A1D5PLP1 A0A8V0ZF83 A0A8V0ZE30 A0A8V0ZKI8 A0A8V1A9R2 A0A8V0Z9Z7 A0A8V0YMM6 A0A8V0Y070 A0A8V0Z4M1
Biological Process,developmental maturation,2,GO:0021700,15,123,389,2734,0.86,0.5977265567874728,0.22,A0A8V0Y0V1 Q98938 A0A8V1AB67 Q5ZJ58 A0A1D5PNL3 A0A8V0ZF83 A0A8V0Y070 A0A8V0XX41 A0A8V0YMM6 A0A8V0ZTA5 A0A8V0ZH54 A0A8V0YPA6 A0A8V0Z4M1 A0A8V0YRG2 A0A8V0YC57
Biological Process,proteolysis involved in protein catabolic process,5,GO:0051603,15,123,389,2734,0.86,0.5977265567874728,0.22,A0A8V1ACS0 Q5ZIB0 A0A8V0ZZG2 A0A8V0ZW46 A0A8V1AFH0 A0A1D5NVM6 A0A1D5PNL3 A0A8V0ZY42 A0A8V0XQS7 A0A8V0ZH54 A0A8V0ZFG7 Q5ZKV5 A0A8V0Z4J0 A0A8V0YFD4 A0A8V1AJ90
Biological Process,regulation of neuron projection development,7,GO:0010975,31,202,389,2734,1.08,0.6021391722905636,0.22,A0A8V0Y0V1 A0A8V0YNQ0 A0A8V1AG56 A0A8V0X4D8 A0A8V0ZI29 A0A3Q3A4U3 A0A8V0YGN8 A0A8V0YDT5 A0A1D5NYG2 A0A8V0YMR1 A0A8V0Z8V4 A0A8V0XGL8 A0A8V0ZKS6 A0A8V0YLN5 A0A8V1ACD6 A0A1D5P1F1 Q6JHU8 A0A8V0Y1A4 Q00649 A0A8V0YRK4 E1BQI2 A0A8V0ZKI8 A0A8V0ZB91 A0A8V1A3S8 A0A1D5P655 A0A8V1AB05 A0A8V1AJI2 A0A1D5PT01 A0A8V0YDD6 A0A8V0Z4M1 A0A8V0YRG2
Biological Process,positive regulation of peptidase activity,6,GO:0010952,8,69,389,2734,0.81,0.6045588348623357,0.22,A0A8V0XAF8 A0A8V0YDT4 A0A8V0ZDZ5 A0A8V0ZE58 A0A3Q3A4U3 A0A8V0YDD6 A0A8V1A7R0 A0A8V0YWM3
Biological Process,regulation of cysteine-type endopeptidase activity involved in apoptotic process,8,GO:0043281,8,71,389,2734,0.79,0.6052254990623683,0.22,A0A8V0XAF8 A0A8V0ZDZ5 A0A8V0ZE58 A0A3Q3A4U3 A0A8V0X852 A0A8V0YRF2 A0A8V0Z4M1 A0A8V0YWM3
Biological Process,regulation of hemostasis,3,GO:1900046,5,30,389,2734,1.17,0.6054707989076799,0.22,A0A3Q2TU24 A0A8V1A2P5 A0A8V0ZTG6 A0A8V1ABC9 A0A8V0XYR2
Biological Process,regulation of acute inflammatory response,6,GO:0002673,5,30,389,2734,1.17,0.6054707989076799,0.22,A0A8V1AA32 A0A8V1A8N2 A0A8V0ZP32 A0A8V1A8R6 A0A8V1AKH4
Biological Process,negative regulation of protein serine/threonine kinase activity,8,GO:0071901,5,30,389,2734,1.17,0.6054707989076799,0.22,A0A8V0ZKI8 A0A8V0X637 A0A8V1A9A7 Q00649 A0A8V1ABC9
Biological Process,cardiac chamber morphogenesis,3,GO:0003206,5,30,389,2734,1.17,0.6054707989076799,0.22,A0A8V1AG56 A0A8V0Z2J4 A0A8V0ZE58 A0A8V0Y1A4 A0A3Q3A4U3
Biological Process,renal system process,3,GO:0003014,5,30,389,2734,1.17,0.6054707989076799,0.22,A0A8V0YJV4 A0A8V0ZY91 A0A8V1AJV5 A0A8V0Y2E5 A0A8V0XYR2
Biological Process,regulation of blood coagulation,4,GO:0030193,5,30,389,2734,1.17,0.6054707989076799,0.22,A0A3Q2TU24 A0A8V1A2P5 A0A8V0ZTG6 A0A8V1ABC9 A0A8V0XYR2
Biological Process,regulation of cytokine-mediated signaling pathway,5,GO:0001959,5,30,389,2734,1.17,0.6054707989076799,0.22,A0A8V1AG56 A0A8V0ZI29 A0A3Q3A4U3 A0A1D5P1F1 A0A8V0XYR2
Biological Process,hemopoiesis,4,GO:0030097,16,130,389,2734,0.87,0.6073033180493386,0.22,A0A8V1AG56 A0A8V0ZWX9 A0A8V0XGY8 A0A8V0ZSG8 O12971 A0A8V1A9R2 A0A8V0YM05 A0A8V0YMM6 A0A8V0Y070 A0A8V0YW57 A0A8V0YLT1 A0A1D5NZN4 A0A8V0Z4M1 A0A1D5PLP1 A0A8V1A7R0 A0A8V0ZEJ3
Biological Process,multicellular organismal reproductive process,2,GO:0048609,62,464,389,2734,0.94,0.6098088242343942,0.21,A0A8V0YNQ0 A0A8V1AG56 Q98938 A0A8V0ZI29 A0A8V0YM05 A0A8V0ZYM1 A0A1D5NTR5 A0A8V0YDT5 A0A8V0YPA6 A0A1D5NYG2 A0A8V0XFL3 A0A8V0Y8L6 A0A8V0XYR2 A0A8V0YC57 A0A8V0YB43 A0A8V0ZDK0 A0A8V0XGL8 A0A8V1ALE0 A0A8V0WZN3 A0A8V0ZTA5 A0A8V0XXW6 A0A8V0YW57 A0A8V0ZSX6 A0A3Q2TYT2 A0A1D5NZN4 A0A1D5P1F1 A0A8V0XF68 A0A1L1RZ23 A0A8V0YS46 A0A8V0WZJ4 A0A8V0XB58 A0A8V0Z6B9 A0A8V0ZZU1 A0A8V1AK88 Q0PVE4 Q5ZJ58 A0A3Q2UEL1 A0A8V0Y1A4 A0A8V0Y9F8 A0A8V0XJ84 A0A8V0Y2E5 A0A8V0Z7D4 A0A8V0ZH54 A0A1D5NWP2 A0A1D5PLP1 A0A8V0ZF83 A0A8V0ZE30 A0A8V0ZJ97 A0A1D5PBU5 Q05744 O12971 A0A8V1AB05 A0A8V1A9R2 A0A8V1AB67 A0A8V0YJV4 A0A1D5P655 A0A8V0X5K9 A0A8V0Y070 A0A8V0YMM6 A0A8V0YIE9 A0A8V0YRG2 A0A8V1A653
Biological Process,calcium ion transmembrane transport,5,GO:0070588,3,31,389,2734,0.68,0.6101885817506703,0.21,A0A1D5NWP2 A0A3Q2U2N6 A0A8V0YFB8
Biological Process,regulation of cell junction assembly,5,GO:1901888,3,31,389,2734,0.68,0.6101885817506703,0.21,A0A8V0Z4M1 A0A8V0X5K9 A0A8V0XWZ8
Biological Process,sensory perception of light stimulus,5,GO:0050953,3,31,389,2734,0.68,0.6101885817506703,0.21,A0A1D5NYG2 A0A8V1ABC9 P02460
Biological Process,transition metal ion transport,7,GO:0000041,3,31,389,2734,0.68,0.6101885817506703,0.21,Q5ZHL0 A0A8V0YG88 A0A8V0XLN9
Biological Process,mitotic sister chromatid segregation,4,GO:0000070,3,31,389,2734,0.68,0.6101885817506703,0.21,A0A8V0ZDK0 A0A8V0ZW33 A0A1D5PBU5
Biological Process,blood vessel diameter maintenance,5,GO:0097746,3,31,389,2734,0.68,0.6101885817506703,0.21,A0A8V0XAF8 A0A8V0XYR2 A0A8V0Y513
Biological Process,regulation of stress fiber assembly,6,GO:0051492,3,31,389,2734,0.68,0.6101885817506703,0.21,A0A8V0ZPH9 A0A8V0YY70 A0A8V0XJ84
Biological Process,chemosensory behavior,3,GO:0007635,3,31,389,2734,0.68,0.6101885817506703,0.21,A0A8V0YEQ1 A0A8V0XK27 A0A8V0YY70
Biological Process,regulation of cell development,5,GO:0060284,49,322,389,2734,1.07,0.6102339029546542,0.21,A0A8V0Y0V1 A0A8V0YNQ0 A0A8V1AG56 A0A8V0X4D8 A0A8V1A9L3 Q98938 A0A8V0ZI29 A0A3Q3A4U3 A0A8V0YGN8 A0A8V0YDT5 A0A1D5NYG2 A0A8V0XYR2 A0A8V0YMR1 A0A8V0YC57 A0A8V0Z8V4 A0A8V0XGL8 A0A8V0ZSG8 A0A8V0ZKS6 A0A8V0YLN5 A0A8V0Y7C8 A0A8V0ZSX6 A0A8V1ACD6 A0A1D5PE57 A0A8V1A7R0 A0A1D5P1F1 Q6JHU8 A0A1D5P0D7 A0A8V1AK88 A0A8V0XWZ8 A0A8V0Y1A4 A0A3Q2TT95 Q00649 A0A8V0Y2E5 A0A8V0YRK4 A0A8V0XXK8 E1BQI2 A0A8V0ZKI8 A0A8V0ZB91 A0A8V1A3S8 O12971 A0A8V0YDT4 A0A8V1AB05 A0A1D5P655 A0A8V1AJI2 A0A8V0ZTG6 A0A1D5PT01 A0A8V0YDD6 A0A8V0Z4M1 A0A8V0YRG2
Biological Process,detection of abiotic stimulus,3,GO:0009582,3,32,389,2734,0.66,0.6111859402779607,0.21,A0A8V0ZW33 Q5ZJ58 A0A8V1ABC9
Biological Process,response to osmotic stress,3,GO:0006970,3,32,389,2734,0.66,0.6111859402779607,0.21,A0A8V0ZSX6 A0A8V0YJV4 A0A8V0YEZ4
Biological Process,negative regulation of epidermal growth factor receptor signaling pathway,7,GO:0042059,3,32,389,2734,0.66,0.6111859402779607,0.21,A0A8V0ZH54 A0A8V0ZI29 A0A8V1AAH7
Biological Process,membrane invagination,5,GO:0010324,3,32,389,2734,0.66,0.6111859402779607,0.21,P01875 A0A8V0XEJ0 A0A1D5PC37
Biological Process,positive regulation of ATP-dependent activity,4,GO:0032781,3,32,389,2734,0.66,0.6111859402779607,0.21,Q5ZHX2 A0A8V1AB67 A0A8V0Y7Y9
Biological Process,isoprenoid metabolic process,4,GO:0006720,3,32,389,2734,0.66,0.6111859402779607,0.21,A0A8V0YXG4 A0A8V0YJV4 A0A8V1AK88
Biological Process,regulation of nervous system development,5,GO:0051960,49,324,389,2734,1.06,0.6117941965047939,0.21,A0A8V0Y0V1 A0A8V0YNQ0 A0A8V1AG56 A0A8V0X4D8 A0A8V1A9L3 Q98938 A0A8V0ZI29 A0A8V0ZYM1 A0A8V0YGN8 A0A3Q3A4U3 A0A8V0YDT5 A0A1D5NYG2 A0A8V0YMR1 A0A8V0Z8V4 A0A8V0XGL8 A0A8V0ZKS6 A0A8V0YLN5 A0A8V0Y7C8 A0A8V0ZSX6 A0A8V1ACD6 A0A1D5PE57 A0A8V1A7R0 A0A1D5P1F1 Q6JHU8 A0A1D5P0D7 A0A8V0Y4Q2 A0A8V0XB58 F1NEZ4 Q5ZJ58 A0A8V0XWZ8 A0A8V0Y1A4 A0A3Q2TT95 Q00649 A0A1D5PDV9 A0A8V1ABC9 A0A8V0YRK4 E1BQI2 A0A8V0ZKI8 A0A8V0ZB91 A0A8V1A3S8 O12971 A0A1D5P655 A0A8V1AB05 A0A8V0YMM6 A0A8V1AJI2 A0A1D5PT01 A0A8V0YDD6 A0A8V0Z4M1 A0A8V0YRG2
Biological Process,platelet activation,3,GO:0030168,3,33,389,2734,0.64,0.6139874659678137,0.21,A0A1D5PE57 A0A8V1A2P5 A0A8V1ABC9
Biological Process,COPII-coated vesicle budding,6,GO:0090114,3,33,389,2734,0.64,0.6139874659678137,0.21,A0A8V0YSI0 A0A8V0XDM2 A0A8V1AFR2
Biological Process,negative regulation of protein polymerization,7,GO:0032272,3,33,389,2734,0.64,0.6139874659678137,0.21,Q00649 A0A1D5PBU5 A0A8V0X852
Biological Process,negative regulation of ERBB signaling pathway,6,GO:1901185,3,33,389,2734,0.64,0.6139874659678137,0.21,A0A8V0ZH54 A0A8V0ZI29 A0A8V1AAH7
Biological Process,regulation of microtubule polymerization or depolymerization,6,GO:0031110,3,33,389,2734,0.64,0.6139874659678137,0.21,A0A8V1A9L3 A0A1D5PBU5 A0A8V0X5U3
Biological Process,regulation of nervous system process,5,GO:0031644,3,33,389,2734,0.64,0.6139874659678137,0.21,A0A3Q2UGW3 A0A8V0XYR2 A0A8V1AFH0
Biological Process,regulation of system process,4,GO:0044057,17,139,389,2734,0.86,0.617584500070557,0.21,A0A8V0ZWX9 A0A8V1AK88 A0A8V0XB58 A0A8V1AFH0 A0A3Q2UGW3 A0A8V0XCI3 A0A8V0ZTA5 A0A8V0ZY91 A0A8V1AJV5 A0A8V0XRN3 A0A1D5NWP2 A0A8V1ABC9 A0A8V0YPA6 A0A8V0Z4M1 A0A1D5P1F1 A0A8V0XYR2 A0A8V0XXK8
Biological Process,intraciliary transport involved in cilium assembly,4,GO:0035735,6,34,389,2734,1.24,0.6184471073716764,0.21,A0A8V0XAF8 A0A8V0YEQ1 A0A8V1A4I0 A0A8V0YVT3 A0A8V0XK27 A0A1D5NZT1
Biological Process,dendrite development,3,GO:0016358,9,78,389,2734,0.81,0.6215401592941221,0.21,A0A8V1AG56 A0A8V0Z8V4 A0A8V0X4D8 A0A8V0ZZU1 A0A8V0ZKS6 A0A8V0YE20 A0A3Q3A4U3 A0A1D5NYG2 A0A8V0YRG2
Biological Process,regulation of monoatomic ion transmembrane transport,5,GO:0034765,9,79,389,2734,0.8,0.6229299335412212,0.21,A0A8V0XB58 A0A8V1AFH0 A0A8V0ZY91 A0A8V1AJV5 A0A8V0ZRU9 A0A1D5NWP2 A0A8V1ABC9 A0A1D5P7Y2 A0A8V0YRG2
Biological Process,muscle tissue development,4,GO:0060537,9,79,389,2734,0.8,0.6229299335412212,0.21,A0A8V1AG56 A0A1D5PE57 A0A8V0XB58 Q98938 A0A1L1RX77 A0A8V0Z4M1 A0A8V0ZAU8 A0A8V0XXK8 A0A1D5P0D7
Biological Process,positive regulation of leukocyte migration,5,GO:0002687,6,35,389,2734,1.2,0.6244109795114539,0.2,A0A8V1AG56 A0A8V0Y413 A0A8V0Y4R7 A0A8V0Z4M1 A0A8V0XYR2 A0A8V0YR09
Biological Process,endothelial cell differentiation,5,GO:0045446,6,35,389,2734,1.2,0.6244109795114539,0.2,A0A8V0YNQ0 A0A8V1AHJ8 A0A8V0ZTP1 A0A8V1AB05 A0A8V1ABC8 A0A8V0Y070
Biological Process,stress-activated protein kinase signaling cascade,4,GO:0031098,6,35,389,2734,1.2,0.6244109795114539,0.2,A0A8V1ACS0 A0A8V1AG56 A0A8V1ABC8 A0A8V0YJV4 A0A1D5PNL3 A0A8V0Z4J0
Biological Process,regulation of muscle organ development,4,GO:0048634,6,35,389,2734,1.2,0.6244109795114539,0.2,A0A8V0ZKI8 A0A8V1AK88 A0A8V0ZSG8 A0A8V0Z9Z7 A0A8V0XYR2 A0A8V0XXK8
Biological Process,hematopoietic or lymphoid organ development,4,GO:0048534,18,143,389,2734,0.88,0.624419140332517,0.2,A0A8V1AG56 A0A8V0ZWX9 A0A8V0XGY8 A0A8V0ZSG8 O12971 A0A8V1A9R2 A0A8V0YM05 A0A8V1A9A7 A0A8V0Y070 A0A8V0YMM6 A0A8V0YW57 A0A8V0XJ84 A0A8V0YLT1 A0A1D5NZN4 A0A8V0Z4M1 A0A1D5PLP1 A0A8V1A7R0 A0A8V0ZEJ3
Biological Process,instar larval or pupal development,3,GO:0002165,18,145,389,2734,0.87,0.6248701990594343,0.2,A0A8V0ZKI8 A0A8V0YS46 A0A8V0ZZG2 A0A8V0ZZU1 Q98938 O12971 A0A8V1A9R2 A0A3Q2UEL1 A0A8V0ZF83 A0A8V0Y070 A0A8V1A9A7 A0A8V0XK73 A0A8V0YMM6 A0A8V0ZH54 A0A1D5NWP2 A0A8V0ZQP1 A0A8V0XFL3 Q76KB2
Biological Process,morphogenesis of a branching epithelium,3,GO:0061138,13,80,389,2734,1.14,0.6250409056167479,0.2,A0A8V0ZKI8 A0A8V1AG56 Q5ZHL0 Q0PVE4 Q98938 A0A8V0ZTP1 A0A8V0ZW33 A0A8V1A9A7 E1C733 A0A8V0XRN3 A0A8V0Z4M1 A0A8V0XYR2 A0A8V1AAN6
Biological Process,morphogenesis of a branching structure,2,GO:0001763,13,80,389,2734,1.14,0.6250409056167479,0.2,A0A8V0ZKI8 A0A8V1AG56 Q5ZHL0 Q0PVE4 Q98938 A0A8V0ZTP1 A0A8V0ZW33 A0A8V1A9A7 E1C733 A0A8V0XRN3 A0A8V0Z4M1 A0A8V0XYR2 A0A8V1AAN6
Biological Process,epithelial tube morphogenesis,4,GO:0060562,36,237,389,2734,1.07,0.6276941404036677,0.2,A0A8V1AG56 Q98938 A0A8V0ZW33 A0A8V0YM05 A0A8V1A9A7 A0A3Q3A4U3 A0A8V0YVT3 A0A8V0XRN3 A0A8V0XFL3 A0A8V0XYR2 A0A8V1AAN6 A0A8V1A3H9 Q5ZHL0 A0A8V0ZZG2 A0A8V0Y722 E1C733 A0A8V0XK73 A0A8V0XKU5 A0A8V0YS46 Q0PVE4 A0A8V0ZZU1 A0A8V0XDM2 A0A8V0ZTP1 A0A3Q2UEL1 A0A8V0ZH54 A0A1D5NWP2 A0A8V0XM58 A0A8V0ZF83 A0A8V0ZKI8 O12971 A0A8V1A9R2 A0A8V0YMM6 A0A8V0Y070 A0A8V0ZQP1 A0A8V0Z4M1 Q76KB2
Biological Process,defense response to bacterium,4,GO:0042742,13,81,389,2734,1.13,0.6278431517102114,0.2,A0A1D5PCU0 Q05744 A0A8V0XXM5 A0A8V1ABC8 A0A1D5PNL3 A0A8V0ZTA5 A0A8V0Y614 Q00649 A0A8V0XEJ0 A0A8V0Z888 P01875 E1BS94 A0A8V0YR09
Biological Process,phospholipid metabolic process,4,GO:0006644,13,81,389,2734,1.13,0.6278431517102114,0.2,P11602 A0A3Q2TU24 A0A8V1AK88 A0A8V0XCX4 A0A8V0X637 A0A8V0X6J5 Q5ZJ58 A0A8V0XWZ8 A0A8V0ZYM1 A0A8V0ZRU9 A0A8V0Z1C5 A0A8V0XAN3 A0A8V0ZQS2
Biological Process,negative regulation of cell adhesion,5,GO:0007162,13,82,389,2734,1.11,0.6313040755438839,0.2,A0A8V0Y0V1 A0A8V0ZZG2 A0A8V1A3S8 Q98938 A0A8V0YDT4 A0A8V0ZI29 A0A8V1A9R2 A0A8V1AB05 A0A8V0XWZ8 A0A8V1A2P5 A0A8V0YDT5 A0A8V0Z4M1 A0A8V1AAN6
Biological Process,response to type II interferon,5,GO:0034341,6,36,389,2734,1.17,0.6317209264043206,0.2,A0A8V1AG56 A0A8V0XGL8 A0A8V0XB58 E1C733 A0A8V0XYR2 A0A8V1AJ90
Biological Process,positive regulation of synapse assembly,6,GO:0051965,6,36,389,2734,1.17,0.6317209264043206,0.2,A0A8V0X4D8 F1NEZ4 A0A8V0YDT5 A0A1D5PDV9 A0A8V1ABC9 A0A8V0YRG2
Biological Process,positive regulation of chromosome organization,7,GO:2001252,6,36,389,2734,1.17,0.6317209264043206,0.2,A0A8V0ZDK0 A0A8V1A9R2 A0A1D5PNL3 A0A8V1AFC3 A0A8V0X5U3 A0A8V0Z4M1
Biological Process,positive regulation of multicellular organism growth,5,GO:0040018,6,36,389,2734,1.17,0.6317209264043206,0.2,A0A8V0ZKS6 A0A8V0ZES4 A0A1D5NZT1 A0A8V0YHH6 A0A8V0ZHL4 Q76KB2
Biological Process,imaginal disc development,4,GO:0007444,19,151,389,2734,0.88,0.6321370578749657,0.2,Q98938 A0A8V1A9A7 A0A8V0XFL3 A0A8V0ZDK0 A0A8V0ZZG2 A0A8V0XK73 A0A8V0YS46 A0A8V0ZZU1 A0A3Q2UEL1 A0A8V0ZH54 A0A1D5NWP2 A0A8V0ZF83 A0A8V0ZKI8 O12971 A0A8V1A9R2 A0A8V0YMM6 A0A8V0Y070 A0A8V0ZQP1 Q76KB2
Biological Process,regulation of biosynthetic process,4,GO:0009889,75,555,389,2734,0.95,0.633938499578623,0.2,A0A8V0Y0V1 A0A8V1AG56 A0A8V1A9L3 A0A8V0X4D8 Q98938 A0A8V0ZW33 A0A8V0YM05 A0A8V1AJT2 A0A8V1A9A7 A0A1D5NTR5 A0A8V0XUK6 A0A8V0XRN3 A0A8V0ZFG7 A0A8V0YW12 A0A8V0XFL3 A0A8V0Y290 A0A8V0XYR2 A0A8V0Z4J0 A0A8V1A3H9 A0A8V0YB43 A0A8V1ACS0 A0A8V0Y0F3 A0A8V0ZZG2 A0A8V0XGL8 A0A8V0ZSG8 A0A8V0ZKS6 A0A8V1ABC8 A0A1D5PQV0 A0A8V1AFC3 E1BYF1 A0A1L1RX77 A0A8V0XPE8 A0A8V0X5U3 A0A8V0ZSX6 A0A8V0YHH6 A0A8V0YRF2 A0A1D5NZN4 A0A1D5PNG3 Q8AWB4 A0A8V1A7R0 A0A1D5P1F1 A0A8V0X1T3 A0A8V1AJ90 A0A1D5P0D7 A0A8V0ZA56 A0A8V1AK88 A0A8V0XB58 A0A8V0XDM2 Q5ZJ58 A0A1D5PNL3 A0A8V0ZE58 A0A8V0XPN5 A0A3Q2TT95 Q00649 A0A8V0YY90 A0A8V0XJ84 A0A8V0Y2E5 A0A8V1ABC9 A0A8V0YF22 A0A8V0XM58 A0A1D5PLP1 A0A8V0ZF83 A0A8V0ZE30 A0A8V0YR09 A0A8V0XAF8 A0A8V0ZKI8 A0A3Q2TU24 A0A1D5P655 A0A8V1A9R2 A0A1D5P201 A0A8V0Z9Z7 A0A8V0YMM6 A0A8V0Y070 A0A8V0Z4M1 A0A8V0ZQS2
Biological Process,regulation of translation,6,GO:0006417,10,84,389,2734,0.84,0.6353729833278094,0.2,A0A8V0XGL8 A0A1D5P655 A0A1D5PQV0 A0A8V0XPN5 Q00649 A0A8V0ZSX6 A0A8V1ABC9 A0A8V0ZE30 A0A1D5PNG3 A0A8V1A7R0
Biological Process,open tracheal system development,5,GO:0007424,10,85,389,2734,0.83,0.6359129971212096,0.2,A0A8V0YS46 A0A8V0Z8V4 Q0PVE4 Q98938 A0A8V1A9R2 A0A3Q3A4U3 Q5ZHL0 A0A8V0XX49 Q76KB2 A0A8V1AAH7
Biological Process,positive regulation of macromolecule biosynthetic process,6,GO:0010557,33,254,389,2734,0.91,0.6371678155038475,0.2,A0A8V1AG56 A0A8V1A9L3 Q98938 A0A8V0YM05 A0A8V1AJT2 A0A8V1A9A7 A0A8V0XRN3 A0A8V0Y290 A0A8V0XYR2 A0A8V0Z4J0 A0A8V1ACS0 A0A8V0Y0F3 A0A8V0XGL8 A0A8V1ABC8 A0A8V1AFC3 A0A1L1RX77 A0A8V0YHH6 A0A8V0ZSX6 A0A1D5NZN4 A0A8V0X1T3 A0A1D5PNG3 A0A8V1A7R0 A0A1D5P0D7 A0A8V0ZE58 Q00649 A0A8V0XJ84 A0A8V0Y2E5 A0A1D5PLP1 A0A8V0YR09 A0A8V0ZKI8 A0A8V1A9R2 A0A1D5P201 A0A8V0Z4M1
Biological Process,positive regulation of immune response,5,GO:0050778,24,156,389,2734,1.08,0.637914130617826,0.2,A0A8V1AG56 A0A8V0ZWX9 A0A8V1A3D7 A0A8V0XUK6 A0A8V0XEJ0 A0A8V0Z4J0 A0A8V1ACS0 A0A8V0ZZG2 A0A8V1A8N2 A0A8V0ZQJ4 A0A8V1ABC8 A0A8V0YW57 A0A8V0ZSX6 A0A8V0ZZD4 A0A1D5PNL3 A0A8V0ZZH6 A0A8V0ZVP0 A0A8V0YR09 A0A8V0ZZJ1 A0A8V0ZB91 A0A1D5P655 A0A8V1AFH0 P01875 A0A8V0ZQS2
Biological Process,compound eye morphogenesis,6,GO:0001745,14,87,389,2734,1.13,0.6389755093760747,0.19,A0A8V0ZKI8 A0A8V1A9L3 Q98938 O12971 A0A8V0ZI29 A0A8V1A9R2 A0A8V1AB05 A0A1D5P655 A0A8V0X5K9 A0A8V1A9A7 A0A1D5NTR5 A0A8V0YDT5 A0A1D5NYG2 A0A8V1AAH7
Biological Process,synaptic vesicle endocytosis,5,GO:0048488,6,37,389,2734,1.14,0.6402176434497172,0.19,A0A8V0YS46 A0A8V0ZZU1 A0A3Q2UGW3 A0A8V0Y9F8 A0A8V0Z9Y8 A0A8V0Y8L6
Biological Process,regulation of systemic arterial blood pressure by hormone,4,GO:0001990,2,10,389,2734,1.41,0.6421249964231394,0.19,A0A8V0XYR2 A0A8V0XA92
Biological Process,negative regulation of reactive oxygen species metabolic process,6,GO:2000378,2,10,389,2734,1.41,0.6421249964231394,0.19,A0A8V0XAF8 A0A8V1A7R0
Biological Process,regulation of membrane invagination,5,GO:1905153,2,10,389,2734,1.41,0.6421249964231394,0.19,A0A1D5NWP2 A0A8V0YR09
Biological Process,cellular response to angiotensin,6,GO:1904385,2,10,389,2734,1.41,0.6421249964231394,0.19,A0A8V0YDD6 A0A8V0YLT1
Biological Process,phospholipid catabolic process,5,GO:0009395,2,10,389,2734,1.41,0.6421249964231394,0.19,A0A8V0XWZ8 A0A8V0X637
Biological Process,positive regulation of vascular associated smooth muscle cell proliferation,7,GO:1904707,2,10,389,2734,1.41,0.6421249964231394,0.19,A0A8V0XYR2 A0A8V0Y1A4
Biological Process,negative regulation of receptor signaling pathway via STAT,6,GO:1904893,2,10,389,2734,1.41,0.6421249964231394,0.19,A0A1L1RX77 A0A8V0YDT5
Biological Process,anatomical structure regression,2,GO:0060033,2,10,389,2734,1.41,0.6421249964231394,0.19,A0A8V0YM05 A0A8V1A9A7
Biological Process,secondary alcohol biosynthetic process,5,GO:1902653,2,10,389,2734,1.41,0.6421249964231394,0.19,A0A8V0Y9F8 A0A8V1AK88
Biological Process,regulation of cardiac conduction,7,GO:1903779,2,10,389,2734,1.41,0.6421249964231394,0.19,A0A8V0XB58 A0A1D5NWP2
Biological Process,flight behavior,5,GO:0007629,2,10,389,2734,1.41,0.6421249964231394,0.19,A0A1D5P1F1 A0A1D5PNL3
Biological Process,sterol biosynthetic process,5,GO:0016126,2,10,389,2734,1.41,0.6421249964231394,0.19,A0A8V0Y9F8 A0A8V1AK88
Biological Process,regulation of animal organ formation,6,GO:0003156,2,10,389,2734,1.41,0.6421249964231394,0.19,A0A8V1AG56 A0A3Q3A4U3
Biological Process,positive regulation of heart growth,6,GO:0060421,2,10,389,2734,1.41,0.6421249964231394,0.19,A0A8V1AK88 A0A8V0XYR2
Biological Process,regulation of release of cytochrome c from mitochondria,7,GO:0090199,2,10,389,2734,1.41,0.6421249964231394,0.19,A0A8V0XAF8 A0A8V0ZDZ5
Biological Process,negative regulation of mRNA catabolic process,7,GO:1902373,2,10,389,2734,1.41,0.6421249964231394,0.19,A0A8V0Z4M1 A0A8V1ABC8
Biological Process,Notch receptor processing,4,GO:0007220,2,10,389,2734,1.41,0.6421249964231394,0.19,A0A8V1A2F4 A0A8V0ZZU1
Biological Process,response to corticosterone,5,GO:0051412,2,10,389,2734,1.41,0.6421249964231394,0.19,A0A8V0ZTA5 A0A8V1ABC9
Biological Process,cochlea development,3,GO:0090102,2,10,389,2734,1.41,0.6421249964231394,0.19,A0A8V1AG56 A0A8V0ZHK9
Biological Process,cell communication involved in cardiac conduction,3,GO:0086065,2,10,389,2734,1.41,0.6421249964231394,0.19,A0A8V0XCI3 A0A8V0ZY91
Biological Process,positive regulation of phospholipase C activity,8,GO:0010863,2,10,389,2734,1.41,0.6421249964231394,0.19,A0A8V0Z4M1 A0A8V0ZEJ3
Biological Process,positive regulation of peptidyl-threonine phosphorylation,9,GO:0010800,2,10,389,2734,1.41,0.6421249964231394,0.19,A0A8V1AG56 A0A1D5P1F1
Biological Process,negative regulation of leukocyte apoptotic process,7,GO:2000107,2,10,389,2734,1.41,0.6421249964231394,0.19,A0A8V1A9R2 A0A8V0ZWX9
Biological Process,cholesterol biosynthetic process,6,GO:0006695,2,10,389,2734,1.41,0.6421249964231394,0.19,A0A8V0Y9F8 A0A8V1AK88
Biological Process,"regulation of phagocytosis, engulfment",6,GO:0060099,2,10,389,2734,1.41,0.6421249964231394,0.19,A0A1D5NWP2 A0A8V0YR09
Biological Process,regulation of metaphase/anaphase transition of cell cycle,7,GO:1902099,2,10,389,2734,1.41,0.6421249964231394,0.19,A0A8V0ZDK0 A0A8V0Z9Z7
Biological Process,apical constriction,5,GO:0003383,2,10,389,2734,1.41,0.6421249964231394,0.19,A0A8V1A9R2 A0A8V0XDL7
Biological Process,positive regulation of phosphatase activity,6,GO:0010922,2,10,389,2734,1.41,0.6421249964231394,0.19,A0A8V0XRN3 Q98938
Biological Process,inositol phosphate metabolic process,4,GO:0043647,2,10,389,2734,1.41,0.6421249964231394,0.19,A0A8V0XCX4 A0A8V0ZQS2
Biological Process,regulation of erythrocyte differentiation,6,GO:0045646,2,10,389,2734,1.41,0.6421249964231394,0.19,A0A8V1A7R0 A0A8V0ZQS2
Biological Process,negative regulation of T cell proliferation,8,GO:0042130,2,10,389,2734,1.41,0.6421249964231394,0.19,A0A8V0ZZG2 Q98938
Biological Process,regulation of interleukin-2 production,5,GO:0032663,2,10,389,2734,1.41,0.6421249964231394,0.19,A0A8V0XUK6 A0A8V0ZSG8
Biological Process,negative regulation of receptor signaling pathway via JAK-STAT,7,GO:0046426,2,10,389,2734,1.41,0.6421249964231394,0.19,A0A1L1RX77 A0A8V0YDT5
Biological Process,regulation of vascular permeability,3,GO:0043114,2,10,389,2734,1.41,0.6421249964231394,0.19,A0A8V0Z4M1 A0A8V0YC57
Biological Process,negative regulation of G protein-coupled receptor signaling pathway,6,GO:0045744,2,10,389,2734,1.41,0.6421249964231394,0.19,A0A8V0ZHK9 A0A8V0ZWX9
Biological Process,protein deacylation,5,GO:0035601,2,10,389,2734,1.41,0.6421249964231394,0.19,A0A8V0YS46 A0A8V0ZSG8
Biological Process,establishment of epithelial cell apical/basal polarity,5,GO:0045198,2,10,389,2734,1.41,0.6421249964231394,0.19,A0A8V1AG56 A0A8V1AJV5
Biological Process,viral entry into host cell,6,GO:0046718,2,10,389,2734,1.41,0.6421249964231394,0.19,A0A8V0ZZG2 A0A8V0XAE5
Biological Process,positive regulation of interleukin-8 production,6,GO:0032757,2,10,389,2734,1.41,0.6421249964231394,0.19,A0A8V1AG56 A0A8V0YR09
Biological Process,response to prostaglandin E,5,GO:0034695,2,10,389,2734,1.41,0.6421249964231394,0.19,A0A8V0YDD6 A0A8V0Y1A4
Biological Process,regulation of digestive system process,5,GO:0044058,2,10,389,2734,1.41,0.6421249964231394,0.19,A0A8V0ZY91 A0A8V0YPA6
Biological Process,positive regulation of G protein-coupled receptor signaling pathway,6,GO:0045745,2,10,389,2734,1.41,0.6421249964231394,0.19,A0A8V1AG56 A0A8V1ABC9
Biological Process,immune response,2,GO:0006955,54,403,389,2734,0.94,0.643675847550485,0.19,A0A8V0Y0V1 A0A8V0ZWX9 A0A8V1AG56 A0A8V1AFE7 A0A8V1A3D7 Q98938 A0A8V0XXM5 A0A8V0XCI3 A0A1D5PNB8 A0A8V0XEJ0 A0A8V0YW12 A0A8V0XYR2 A0A8V0ZEJ3 E1BS94 P01875 A0A8V0YB43 A0A3Q2U2N5 A0A8V0XGL8 A0A8V1A8N2 A0A8V0ZQJ4 A0A8V1ABC8 E1C733 A0A8V0YLN5 A0A8V0YW57 A0A8V0ZSX6 A0A1L1RSD2 A0A8V0Z888 A0A8V1A7R0 A0A8V1AAH7 A0A8V1AJ90 A0A8V0ZZD4 A0A8V0XB58 A0A8V0ZZU1 A0A8V0XDM2 A0A8V1AA32 A0A8V0Z1E9 A0A8V0YZJ3 A0A8V0ZY42 A0A8V0Z086 A0A8V0ZZH6 A0A8V0ZVP0 A0A8V0YR09 A0A8V0ZZJ1 A0A8V0ZB91 Q05744 O12971 A0A8V1AFH0 A0A8V1A9R2 A0A8V1AB67 A0A1D5P655 A0A8V0YAR4 A0A8V0Z4M1 A0A8V0YRG2 A0A8V0ZQS2
Biological Process,Golgi vesicle budding,6,GO:0048194,4,38,389,2734,0.74,0.6441665753429615,0.19,A0A8V0YSI0 A0A3Q2U2N5 A0A8V0XDM2 A0A8V1AFR2
Biological Process,positive regulation of leukocyte cell-cell adhesion,7,GO:1903039,4,38,389,2734,0.74,0.6441665753429615,0.19,A0A8V1A9R2 A0A8V0ZWX9 A0A8V0Y2E5 Q98938
Biological Process,negative regulation of protein localization,5,GO:1903828,4,38,389,2734,0.74,0.6441665753429615,0.19,A0A8V0X5K9 A0A8V0X4D8 A0A1D5PC37 A0A8V0Z9Y8
Biological Process,glycerolipid metabolic process,4,GO:0046486,14,89,389,2734,1.11,0.6445219977034575,0.19,P11602 A0A3Q2TU24 A0A8V0XCX4 A0A8V0X6J5 Q5ZJ58 A0A8V0XWZ8 A0A8V0ZYM1 A0A8V0Y9F8 A0A8V0ZRU9 A0A8V0Z1C5 A0A8V0XAN3 A0A8V1A3H7 A0A8V0ZQS2 A0A8V0Y513
Biological Process,cytoskeleton-dependent intracellular transport,4,GO:0030705,14,89,389,2734,1.11,0.6445219977034575,0.19,A0A8V0XAF8 A0A8V0YEQ1 A0A8V1A4I0 A0A8V1A6Y8 A0A8V0Y722 A0A8V0YY70 E1BQB4 A0A8V0YGN8 A0A8V0YVT3 Q00649 A0A8V0XK27 A0A1D5NZT1 A0A8V0XTW4 A0A8V0XM58
Biological Process,regulation of cell-substrate adhesion,5,GO:0010810,14,89,389,2734,1.11,0.6445219977034575,0.19,A0A8V0YNQ0 A0A8V0Y0F3 A0A8V0Y290 A0A8V0YDT4 A0A8V1A9U7 A0A8V0ZE58 A0A8V0X5K9 A0A8V0XWZ8 A0A3Q2TT95 A0A8V0YDD6 A0A8V0XRN3 A0A8V0Y2E5 A0A8V0Z4M1 A0A8V0ZPH9
Biological Process,ammonium ion metabolic process,3,GO:0097164,4,39,389,2734,0.72,0.6448369731723964,0.19,A0A1D5P1F1 A0A8V0YJV4 A0A8V0XWZ8 A0A8V0X637
Biological Process,regulation of actomyosin structure organization,6,GO:0110020,4,39,389,2734,0.72,0.6448369731723964,0.19,A0A8V0XYR2 A0A8V0YY70 A0A8V0XJ84 A0A8V0ZPH9
Biological Process,cellular response to steroid hormone stimulus,5,GO:0071383,4,39,389,2734,0.72,0.6448369731723964,0.19,A0A8V0Z4M1 A0A8V0XYR2 A0A8V1AFC3 A0A8V0YWM3
Biological Process,cellular response to molecule of bacterial origin,4,GO:0071219,4,40,389,2734,0.7,0.646895914075728,0.19,A0A8V1AG56 A0A8V0YDD6 A0A8V1ABC8 A0A8V0YR09
Biological Process,protein metabolic process,3,GO:0019538,143,976,389,2734,1.03,0.6478124686894404,0.19,A0A8V1A3D7 A0A8V1A4K1 A0A8V0YDT5 A0A8V0XEJ0 A0A8V0YW12 A0A8V0YIV5 A0A8V0ZY61 A0A8V1ACS0 A0A8V0ZZG2 A0A8V0YPH9 A0A8V1ABC8 A0A1L1RX77 A0A8V0XPE8 A0A8V0X2C5 A0A8V0Z0B9 A0A8V0ZA56 A0A1L1RZ23 A0A8V0ZZD4 A0A8V1A3N1 A0A8V0ZKV3 A0A1D5PNL3 A0A8V0YYQ9 F1NGB8 A0A3Q2TU24 A0A8V1AB05 A0A8V1A9R2 A0A8V1AB67 A0A8V0Y070 A0A8V0ZX23 P28687 A0A8V1AG56 E1C744 A0A8V0XBI2 A0A8V0YM05 A0A8V0XDL7 E1BS94 P02460 E1C3Z8 E1BYF1 A0A8V0ZP32 A0A8V0XK73 A0A8V0ZRU9 A0A3Q2TYT2 A0A8V0YRF2 E1C2T4 A0A1D5NZN4 A0A8V0XA12 A0A1D5P0D7 A0A8V0Z6S1 A0A8V0XA92 A0A1D5PJE0 A0A8V0ZW46 A0A8V0ZE58 A0A8V0XPN5 A0A8V1ABC9 A0A8V0YF22 A0A8V0YSI0 A0A8V0YRK4 A0A8V0ZVP0 A0A8V1ADF6 A0A8V0Y513 A0A8V0ZZJ1 Q05744 A0A8V1AFH0 A0A1D5P201 A0A8V1ACQ8 A0A1D5PT01 Q5ZKV5 A0A8V0YRG2 Q76KB2 Q5ZIB0 A0A8V0X4D8 A0A8V0ZI29 A0A1D5NVM6 A0A8V0XMA2 A0A8V0YXG4 A0A8V0ZHL4 A0A1L1RP76 A0A8V0XE95 A0A8V0Y8L6 A0A8V0X643 A0A8V0Z4J0 A0A8V0ZDK0 A0A8V1A8E4 A0A8V0ZSG8 A0A8V0ZQJ4 A0A8V0ZTA5 E1C733 A0A8V0YLN5 A0A8V0ZSX6 A0A1D5PE57 Q8AWB4 A0A8V0Z1E9 A0A8V0Y1A4 A0A8V0ZY42 A0A8V0Z865 A0A8V0ZF83 O12971 A0A8V0YDT4 A0A8V0ZTG6 A0A8V0Y6W2 A0A8V0XK27 A0A8V0ZFH4 A0A8V0YQC4 A0A8V0XQS7 A0A8V0Z9Y8 P01875 A0A8V0YFD4 Q98938 A0A8V0XRC4 A0A8V0XL09 A0A8V0ZR84 A0A8V0ZFG7 A0A1D5PA74 A0A8V1AAN6 A0A8V0ZWH1 A0A8V0ZNH3 A0A8V1A8N2 A0A8V0WZN3 A0A8V0Y7C8 A0A8V0XT35 A0A8V0ZYN6 A0A1D5PNG3 Q6JHU8 A0A8V1AJ90 A0A8V0XF68 A0A8V0YS46 A0A8V0WZJ4 A0A8V0XB58 A0A8V0ZZU1 A0A8V0X6J5 A0A8V0YDG8 A0A8V1A2F4 A0A8V0Z2J4 A0A8V0ZBJ8 A0A8V0ZH54 A0A8V0Y218 A0A8V0ZZH6 A0A8V0YDD6 R4GH52 F1NSM7 A0A8V1AN12 A0A8V0ZPH9
Biological Process,imaginal disc-derived wing morphogenesis,5,GO:0007476,14,90,389,2734,1.09,0.6481582242584749,0.19,A0A8V0ZKI8 A0A8V0YS46 A0A8V0ZZG2 Q98938 O12971 A0A3Q2UEL1 A0A8V0ZF83 A0A8V0Y070 A0A8V1A9A7 A0A8V0XK73 A0A8V0YMM6 A0A1D5NWP2 A0A8V0XFL3 Q76KB2
Biological Process,cellular response to external stimulus,3,GO:0071496,14,90,389,2734,1.09,0.6481582242584749,0.19,A0A8V0YNQ0 A0A8V0XDM2 A0A8V0ZSG8 A0A8V0Y7Y9 A0A8V0XCI3 A0A8V1ABC8 A0A8V0YWM3 A0A8V0Y1A4 A0A8V1AMI7 A0A8V0XPE8 A0A8V0ZSX6 A0A8V0ZRU9 A0A1D5P1F1 P02460
Biological Process,response to molecule of bacterial origin,4,GO:0002237,11,91,389,2734,0.85,0.6482394625632883,0.19,A0A8V0XAF8 A0A8V0Y4Q2 A0A8V0YR09 A0A8V1AG56 A0A8V1ABC8 A0A1L1RX77 A0A8V0ZSX0 A0A8V0YDD6 A0A8V0XYR2 A0A8V1A653 A0A8V0Y513
Biological Process,regulation of growth,3,GO:0040008,41,272,389,2734,1.06,0.6483028150264394,0.19,A0A8V0Y0V1 A0A8V1AG56 A0A8V0X4D8 Q98938 A0A8V0ZI29 A0A8V0ZYM1 A0A8V0YGN8 A0A1D5NZT1 A0A1D5PIZ5 A0A8V0YDT5 A0A8V0ZHL4 A0A8V0XUJ8 A0A8V0XYR2 A0A8V0YMR1 A0A8V0Z8V4 A0A8V0ZZG2 A0A8V0ZKS6 A0A8V1ABC8 E1BYF1 A0A8V0XXW6 A0A8V0YHH6 A0A8V1ACD6 A0A8V1A7R0 A0A1D5P1F1 Q6JHU8 A0A8V0YS46 A0A8V1AK88 A0A8V0XB58 Q5ZJ58 A0A8V0YPB9 A0A8V0XXK8 A0A8V0YR09 F1NGB8 A0A8V0ZB91 A0A1D5P655 A0A8V1AB05 A0A8V0ZES4 A0A8V0YDD6 A0A8V0Z4M1 Q76KB2 A0A3Q2U3T5
Biological Process,positive regulation of cellular catabolic process,6,GO:0031331,11,92,389,2734,0.84,0.6486978108969343,0.19,A0A8V0ZDK0 A0A8V0X4D8 A0A8V0ZZG2 A0A1L1RX77 A0A8V0YGN8 A0A8V0ZSX6 A0A8V0ZRU9 A0A8V0XM58 A0A8V0YRK4 A0A1D5PC37 A0A8V0ZE30
Biological Process,response to estrogen,4,GO:0043627,7,41,389,2734,1.2,0.6502504150914321,0.19,A0A8V1AHJ8 A0A8V0XXM5 A0A8V1AFC3 A0A8V0YLN5 A0A8V0YLT1 A0A8V0XJ84 A0A8V1AJ90
Biological Process,cell development,3,GO:0048468,95,644,389,2734,1.04,0.6521372802221685,0.19,A0A1D5NTR5 A0A8V0YVT3 A0A8V0YDT5 A0A1D5NYG2 A0A8V0YB43 A0A8V0Z8V4 A0A8V1ABC8 A0A8V0Y722 A0A8V0XXW6 A0A8V0YW57 A0A8V1ACD6 A0A1L1RZ23 F1NEZ4 A0A8V0ZTP1 A0A1D5PNL3 A0A8V0ZT48 A0A8V0Y9F8 A0A8V0XJ84 A0A8V0ZJ97 A0A8V0ZB91 A0A8V1AB05 A0A8V1A9R2 A0A8V1AB67 A0A8V0Y070 A0A8V1AG56 A0A8V0YM05 A0A8V0XDL7 A0A8V1A9A7 A0A3Q3A4U3 A0A8V0YUF6 A0A8V0ZSX0 A0A8V1AAH7 A0A1D5P0D7 Q0PVE4 A0A8V1ABC9 A0A8V0ZE30 A0A8V1ADF6 A0A1D5PBU5 Q05744 A0A8V0Y413 A0A8V0X5K9 A0A8V0YY70 A0A8V0YMM6 A0A1D5PT01 A0A8V1AJV5 P33005 A0A8V0YRG2 Q76KB2 A0A8V0X4D8 A0A8V0ZBR8 A0A8V0ZI29 A0A8V0ZYM1 A0A8V0YXG4 A0A1D5PIZ5 A0A8V0YPA6 A0A8V0XFL3 A0A8V0Y8L6 A0A8V0YC57 A0A8V1AHJ8 A0A8V0ZKS6 A0A8V0ZTA5 A0A8V0ZSX6 A0A8V0XKU5 A0A8V0ZAU8 A0A8V0ZMU3 A0A8V0YRN1 A0A8V0YBD7 A0A1D5PLP1 A0A8V0ZF83 A0A8V0ZKI8 O12971 A0A1D5P655 A0A8V0XX41 A0A8V0YIE9 A0A8V0Z4M1 Q98938 A0A8V0XRC4 A0A1D5NW03 A0A8V1A2P5 A0A8V0XYR2 A0A8V0Y4G8 A0A8V1AAN6 A0A8V0XGL8 A0A8V0WZJ4 A0A8V0XB58 A0A8V0ZZU1 A0A8V0XDM2 A0A8V0YE20 Q5ZJ58 A0A3Q2UEL1 A0A8V0ZH54 A0A8V1A3S8 A0A8V0YDD6 A0A8V0ZPH9 A0A8V0YWM3
Biological Process,cellular response to hormone stimulus,4,GO:0032870,22,173,389,2734,0.89,0.6527603407397453,0.19,A0A8V0YEZ4 A0A8V0YPA6 A0A8V0XUJ8 A0A8V0XYR2 P02460 A0A8V0YB43 A0A8V1AFC3 A0A8V0XPE8 A0A8V0Y1N7 A0A8V0ZRU9 A0A8V1A7R0 A0A8V0ZY91 A0A8V0Y1A4 A0A8V0Z4M1 A0A8V0Y513 A0A1D5P655 A0A8V1AFH0 A0A8V1A9R2 A0A8V0YDD6 A0A8V0YLT1 Q5ZHL0 A0A8V0YWM3
Biological Process,negative regulation of growth,4,GO:0045926,15,95,389,2734,1.11,0.6536084105856669,0.18,A0A8V1AG56 A0A8V0Z8V4 Q98938 A0A8V0ZI29 A0A8V0ZKS6 A0A8V1AB05 A0A8V1ABC8 E1BYF1 A0A8V0XXW6 A0A8V0YDT5 A0A8V1ACD6 A0A8V0XUJ8 A0A8V0YMR1 Q6JHU8 A0A8V0YR09
Biological Process,regulation of receptor-mediated endocytosis,6,GO:0048259,7,42,389,2734,1.17,0.6548004822974811,0.18,A0A1D5P655 A0A8V0YGN8 A0A8V0YVT3 A0A8V0ZRU9 A0A8V1ABC9 A0A8V0Z9Y8 A0A8V0Z4M1
Biological Process,response to ketone,4,GO:1901654,15,96,389,2734,1.1,0.6563556495648167,0.18,A0A8V0YNQ0 A0A8V1AG56 A0A8V1AHJ8 A0A8V0YJV4 A0A8V0YWM3 A0A8V0ZTA5 A0A8V0Y1A4 A0A8V1AFC3 A0A8V0YDD6 A0A8V0XJ84 A0A8V1ABC9 A0A8V0Z4M1 A0A1D5P1F1 A0A8V0XYR2 A0A8V0Y513
Biological Process,positive regulation of response to external stimulus,5,GO:0032103,15,96,389,2734,1.1,0.6563556495648167,0.18,Q5ZMG0 P11602 A0A8V0Z8V4 A0A8V1AG56 A0A8V0YAR4 A0A8V1AFH0 A0A8V0Y413 A0A8V1ABC8 A0A1D5PT01 Q00649 A0A8V0YDD6 A0A8V1ABC9 A0A8V0Z4M1 A0A8V0XYR2 A0A8V0YR09
Biological Process,protein phosphorylation,5,GO:0006468,23,181,389,2734,0.89,0.6593091004893699,0.18,A0A8V1AG56 A0A8V0YM05 A0A8V0YW12 A0A8V0Z4J0 A0A8V1ACS0 A0A8V1ABC8 A0A8V0ZTA5 E1C733 A0A8V0XPE8 A0A8V0ZSX6 A0A1D5P0D7 A0A8V0XB58 A0A8V1A3N1 A0A8V0Z2J4 A0A1D5PNL3 A0A8V1ABC9 A0A8V0YRK4 A0A8V1ADF6 A0A3Q2TU24 A0A8V1A9R2 A0A1D5PT01 A0A8V0ZPH9 A0A8V0YRG2
Biological Process,imaginal disc-derived appendage development,4,GO:0048737,15,97,389,2734,1.09,0.65961899989326,0.18,A0A8V0ZKI8 A0A8V0YS46 A0A8V0ZZG2 A0A8V0ZZU1 Q98938 O12971 A0A3Q2UEL1 A0A8V0ZF83 A0A8V0Y070 A0A8V1A9A7 A0A8V0XK73 A0A8V0YMM6 A0A1D5NWP2 A0A8V0XFL3 Q76KB2
Biological Process,post-embryonic appendage morphogenesis,4,GO:0035120,15,97,389,2734,1.09,0.65961899989326,0.18,A0A8V0ZKI8 A0A8V0YS46 A0A8V0ZZG2 A0A8V0ZZU1 Q98938 O12971 A0A3Q2UEL1 A0A8V0ZF83 A0A8V0Y070 A0A8V1A9A7 A0A8V0XK73 A0A8V0YMM6 A0A1D5NWP2 A0A8V0XFL3 Q76KB2
Biological Process,imaginal disc-derived appendage morphogenesis,4,GO:0035114,15,97,389,2734,1.09,0.65961899989326,0.18,A0A8V0ZKI8 A0A8V0YS46 A0A8V0ZZG2 A0A8V0ZZU1 Q98938 O12971 A0A3Q2UEL1 A0A8V0ZF83 A0A8V0Y070 A0A8V1A9A7 A0A8V0XK73 A0A8V0YMM6 A0A1D5NWP2 A0A8V0XFL3 Q76KB2
Biological Process,negative regulation of immune system process,4,GO:0002683,15,97,389,2734,1.09,0.65961899989326,0.18,Q5ZMG0 A0A8V0ZWX9 A0A8V0Y0F3 A0A8V0ZZG2 A0A8V0Y290 Q98938 A0A8V1AA32 A0A8V1AB05 A0A8V1A9R2 A0A8V0XUK6 A0A8V0XJ84 A0A1D5NZN4 A0A1D5PE57 A0A8V0ZQS2 A0A8V0YR09
Biological Process,positive regulation of developmental growth,5,GO:0048639,15,97,389,2734,1.09,0.65961899989326,0.18,A0A8V0Y0V1 A0A8V1AG56 A0A8V0X4D8 A0A8V1AK88 A0A8V0ZB91 A0A8V0ZKS6 A0A1D5P655 A0A8V0ZES4 A0A1D5NZT1 A0A8V0YDD6 A0A8V0YHH6 A0A8V0ZHL4 A0A8V0Z4M1 Q76KB2 A0A8V0XYR2
Biological Process,compound eye photoreceptor cell differentiation,7,GO:0001751,7,43,389,2734,1.14,0.6604412795602137,0.18,Q98938 A0A8V0ZI29 A0A8V1AB05 A0A8V1A9R2 A0A1D5NTR5 A0A8V0YDT5 A0A1D5NYG2
Biological Process,peptidyl-tyrosine phosphorylation,6,GO:0018108,7,43,389,2734,1.14,0.6604412795602137,0.18,A0A8V1A3N1 A0A8V1A9R2 A0A8V0Z2J4 A0A1D5PT01 A0A8V0YW12 A0A8V0ZPH9 A0A8V0YRG2
Biological Process,cellular component disassembly,4,GO:0022411,12,100,389,2734,0.84,0.6611020151664704,0.18,A0A8V0ZKI8 A0A8V0X4D8 A0A8V1A449 A0A1D5PBU5 A0A8V0Y7Y9 A0A8V1AFH0 A0A8V0Y070 A0A8V0Z865 A0A8V0ZH54 A0A8V0X852 A0A8V1ABC9 A0A8V0YWM3
Biological Process,negative regulation of protein metabolic process,6,GO:0051248,45,299,389,2734,1.06,0.6612077890792888,0.18,A0A8V0Y0V1 A0A8V0YNQ0 A0A8V0X4D8 Q98938 A0A8V0Y999 A0A8V1A9A7 A0A8V0YXG4 A0A1L1RP76 A0A8V0YPA6 A0A8V0Y290 A0A8V0ZC57 A0A8V0XYR2 A0A8V0X643 A0A8V0Y0F3 A0A8V0ZZG2 A0A8V0X637 A0A8V0ZQS2 A0A8V0ZTA5 A0A1L1RX77 A0A8V0ZSX6 A0A8V0X852 A0A8V0YRF2 A0A1D5PNG3 A0A8V1A7R0 Q6JHU8 Q0PVE4 A0A8V0Y7Y9 A0A8V1AA32 Q5ZJ58 Q00649 A0A8V0ZH54 A0A8V1ABC9 A0A8V0YF22 A0A8V0ZE30 A0A8V0ZKI8 A0A8V1A3S8 A0A8V0YDT4 A0A8V1A9R2 A0A8V1AJI2 A0A8V0Y614 A0A8V1AJV5 A0A8V0Z4M1 A0A8V0ZPH9 A0A8V0YRG2 A0A8V1A653
Biological Process,forebrain neuron differentiation,6,GO:0021879,2,11,389,2734,1.28,0.6624098350979288,0.18,A0A8V1AG56 A0A3Q3A4U3
Biological Process,negative regulation of muscle organ development,5,GO:0048635,2,11,389,2734,1.28,0.6624098350979288,0.18,A0A8V0ZKI8 A0A8V0ZSG8
Biological Process,forebrain neuron development,6,GO:0021884,2,11,389,2734,1.28,0.6624098350979288,0.18,A0A8V1AG56 A0A3Q3A4U3
Biological Process,regulation of sensory perception,6,GO:0051931,2,11,389,2734,1.28,0.6624098350979288,0.18,A0A8V0XYR2 A0A8V1AFH0
Biological Process,positive regulation of neurotransmitter secretion,6,GO:0001956,2,11,389,2734,1.28,0.6624098350979288,0.18,A0A1D5P1F1 A0A1D5PC37
Biological Process,positive regulation of extracellular matrix organization,6,GO:1903055,2,11,389,2734,1.28,0.6624098350979288,0.18,A0A8V0Y290 A0A8V0Y0F3
Biological Process,meiotic chromosome segregation,3,GO:0045132,2,11,389,2734,1.28,0.6624098350979288,0.18,A0A8V0ZW33 R4GH52
Biological Process,glycolipid catabolic process,5,GO:0019377,2,11,389,2734,1.28,0.6624098350979288,0.18,A0A8V0Z086 A0A8V0YC98
Biological Process,positive regulation of fat cell differentiation,6,GO:0045600,2,11,389,2734,1.28,0.6624098350979288,0.18,A0A8V1AFP7 A0A8V1A9A7
Biological Process,positive regulation of axon guidance,6,GO:1902669,2,11,389,2734,1.28,0.6624098350979288,0.18,A0A8V0Z4M1 A0A8V1AG56
Biological Process,ventral spinal cord development,3,GO:0021517,2,11,389,2734,1.28,0.6624098350979288,0.18,A0A8V0XK27 A0A8V0Z888
Biological Process,positive regulation of cardiocyte differentiation,5,GO:1905209,2,11,389,2734,1.28,0.6624098350979288,0.18,A0A8V1AK88 A0A8V0XYR2
Biological Process,positive regulation of cytokine-mediated signaling pathway,6,GO:0001961,2,11,389,2734,1.28,0.6624098350979288,0.18,A0A8V1AG56 A0A8V0XYR2
Biological Process,regulation of osteoblast proliferation,5,GO:0033688,2,11,389,2734,1.28,0.6624098350979288,0.18,A0A8V0ZE58 A0A8V1A9A7
Biological Process,neuron projection extension involved in neuron projection guidance,5,GO:1902284,2,11,389,2734,1.28,0.6624098350979288,0.18,A0A8V0Z8V4 A0A8V1ACD6
Biological Process,astrocyte differentiation,5,GO:0048708,2,11,389,2734,1.28,0.6624098350979288,0.18,A0A8V1A7R0 A0A8V0XGL8
Biological Process,placenta blood vessel development,4,GO:0060674,2,11,389,2734,1.28,0.6624098350979288,0.18,Q76KB2 A0A8V0ZE58
Biological Process,response to interleukin-4,5,GO:0070670,2,11,389,2734,1.28,0.6624098350979288,0.18,A0A8V1A9R2 E1C733
Biological Process,blood vessel endothelial cell migration,7,GO:0043534,2,11,389,2734,1.28,0.6624098350979288,0.18,A0A8V0Z4M1 A0A3Q3A4U3
Biological Process,spliceosomal complex assembly,7,GO:0000245,2,11,389,2734,1.28,0.6624098350979288,0.18,A0A8V0ZJ97 A0A8V0XXW6
Biological Process,macromolecule deacylation,5,GO:0098732,2,11,389,2734,1.28,0.6624098350979288,0.18,A0A8V0YS46 A0A8V0ZSG8
Biological Process,positive regulation of JUN kinase activity,9,GO:0043507,2,11,389,2734,1.28,0.6624098350979288,0.18,A0A8V1AG56 A0A8V0XYR2
Biological Process,negative regulation of tissue remodeling,5,GO:0034104,2,11,389,2734,1.28,0.6624098350979288,0.18,A0A8V0Z4M1 A0A8V0ZQS2
Biological Process,negative regulation of RNA catabolic process,7,GO:1902369,2,11,389,2734,1.28,0.6624098350979288,0.18,A0A8V0Z4M1 A0A8V1ABC8
Biological Process,regulation of lymphocyte migration,6,GO:2000401,2,11,389,2734,1.28,0.6624098350979288,0.18,A0A8V1AG56 A0A8V0Y4R7
Biological Process,positive regulation of clathrin-dependent endocytosis,7,GO:2000370,2,11,389,2734,1.28,0.6624098350979288,0.18,A0A1D5P655 A0A8V1ABC9
Biological Process,regulation of synaptic vesicle exocytosis,6,GO:2000300,2,11,389,2734,1.28,0.6624098350979288,0.18,A0A8V1AB67 A0A3Q2TYT2
Biological Process,establishment of apical/basal cell polarity,5,GO:0035089,2,11,389,2734,1.28,0.6624098350979288,0.18,A0A8V1AG56 A0A8V1AJV5
Biological Process,alcohol catabolic process,4,GO:0046164,2,11,389,2734,1.28,0.6624098350979288,0.18,A0A8V0YJV4 A0A8V0XCX4
Biological Process,negative regulation of striated muscle tissue development,6,GO:0045843,2,11,389,2734,1.28,0.6624098350979288,0.18,A0A8V0ZKI8 A0A8V0ZSG8
Biological Process,negative regulation of muscle tissue development,5,GO:1901862,2,11,389,2734,1.28,0.6624098350979288,0.18,A0A8V0ZKI8 A0A8V0ZSG8
Biological Process,dsRNA transport,5,GO:0033227,2,11,389,2734,1.28,0.6624098350979288,0.18,A0A8V0XA92 A0A8V0Z9Y8
Biological Process,axon extension involved in axon guidance,6,GO:0048846,2,11,389,2734,1.28,0.6624098350979288,0.18,A0A8V0Z8V4 A0A8V1ACD6
Biological Process,peptidyl-tyrosine autophosphorylation,7,GO:0038083,2,11,389,2734,1.28,0.6624098350979288,0.18,A0A8V0YW12 A0A8V1A9R2
Biological Process,DNA recombination,6,GO:0006310,2,11,389,2734,1.28,0.6624098350979288,0.18,A0A8V0YW57 A0A1D5PNL3
Biological Process,eating behavior,4,GO:0042755,2,11,389,2734,1.28,0.6624098350979288,0.18,A0A8V1A7R0 A0A8V0ZTA5
Biological Process,regulation of phospholipase C activity,7,GO:1900274,2,11,389,2734,1.28,0.6624098350979288,0.18,A0A8V0Z4M1 A0A8V0ZEJ3
Biological Process,regulation of interleukin-8 production,5,GO:0032677,2,11,389,2734,1.28,0.6624098350979288,0.18,A0A8V1AG56 A0A8V0YR09
Biological Process,negative regulation of protein tyrosine kinase activity,8,GO:0061099,2,11,389,2734,1.28,0.6624098350979288,0.18,A0A8V1A3S8 A0A8V0ZH54
Biological Process,regulation of immune effector process,4,GO:0002697,16,101,389,2734,1.11,0.6625703451718797,0.18,A0A8V1AG56 A0A8V0ZJ97 A0A8V0ZZG2 A0A8V0ZB91 A0A8V1A8N2 A0A8V1AA32 A0A8V1A9R2 A0A8V1ABC8 A0A8V0ZP32 A0A8V0YW57 A0A8V1A8R6 A0A8V0ZSX6 A0A8V0XJ84 A0A8V0XUK6 A0A8V1AKH4 A0A8V0YR09
Biological Process,response to inorganic substance,3,GO:0010035,24,186,389,2734,0.91,0.6641227036299799,0.18,A0A8V1AG56 A0A8V0ZWX9 A0A8V0ZW33 A0A8V1AEJ4 A0A8V1A2P5 A0A1D5NZT1 A0A8V0XYR2 A0A8V1AHJ8 A0A8V0XGL8 A0A8V0ZTA5 A0A1D5PQV0 A0A8V0ZSX6 A0A1D5NZN4 A0A1D5P1F1 A0A8V0XB58 Q00649 A0A1D5NWP2 A0A8V0Y513 A0A3Q2TU24 A0A8V0YJV4 A0A8V0ZES4 A0A8V0YDD6 A0A8V0YLT1 A0A8V0YWM3
Biological Process,regulation of synapse organization,5,GO:0050807,16,102,389,2734,1.1,0.6645520256303761,0.18,A0A8V0YNQ0 A0A8V1AG56 A0A8V0Z8V4 A0A8V0X4D8 A0A8V0XB58 F1NEZ4 A0A1D5P655 A0A8V1A3S8 Q5ZJ58 A0A8V0ZYM1 A0A1D5NTR5 A0A8V0YDT5 A0A1D5PDV9 A0A8V1ABC9 A0A1D5NYG2 A0A8V0YRG2
Biological Process,regulation of cell differentiation,4,GO:0045595,71,476,389,2734,1.05,0.6648701529335583,0.18,A0A8V0Y0V1 P11602 A0A8V0YNQ0 A0A8V0X4D8 A0A8V0ZWX9 A0A8V1AG56 Q98938 A0A8V0ZI29 A0A8V1A9L3 A0A8V0YM05 A0A8V1AFP7 A0A8V1A9A7 A0A3Q3A4U3 A0A8V0YGN8 A0A8V0YDT5 A0A8V0XRN3 A0A8V0XUK6 A0A1D5NYG2 A0A8V0XYR2 A0A8V0YMR1 A0A8V0YC57 A0A8V0Z8V4 A0A8V0ZZG2 A0A8V0XGL8 A0A8V0YQ88 A0A8V0ZSG8 A0A8V0ZKS6 A0A8V1ABC8 E1BYF1 A0A8V0X5U3 A0A8V0YLN5 A0A8V0Y7C8 A0A8V0ZSX6 A0A8V1ACD6 A0A8V0X852 A0A1D5NZN4 A0A1D5PE57 A0A1D5PNG3 A0A8V1A7R0 A0A1D5P1F1 Q6JHU8 A0A1D5P0D7 A0A8V1AK88 A0A8V0ZE58 A0A8V0XWZ8 A0A8V0Y1A4 A0A3Q2TT95 Q00649 A0A8V0XJ84 A0A8V0Y2E5 A0A8V1ABC9 A0A8V0YRK4 A0A8V0XXK8 E1BQI2 A0A8V0ZKI8 A0A8V0ZB91 A0A8V1A3S8 O12971 A0A8V0YDT4 A0A8V1AB05 A0A8V1A9R2 A0A1D5P655 A0A8V0YMM6 A0A8V1AJI2 A0A8V0ZTG6 A0A1D5PT01 A0A8V0YDD6 A0A8V0YLT1 A0A8V0Z4M1 A0A8V0YRG2 A0A8V0ZQS2
Biological Process,innate immune response-activating signaling pathway,4,GO:0002758,7,44,389,2734,1.12,0.6670651100325271,0.18,A0A8V1ACS0 A0A8V0ZZG2 A0A8V1AFH0 A0A8V1ABC8 A0A1D5PNL3 A0A8V0Z4J0 A0A8V0YR09
Biological Process,cellular response to tumor necrosis factor,6,GO:0071356,7,44,389,2734,1.12,0.6670651100325271,0.18,A0A8V0XAF8 E1C733 A0A8V0XRN3 A0A8V0Y2E5 A0A8V0XFB5 A0A8V0XYR2 P02460
Biological Process,regulation of response to biotic stimulus,4,GO:0002831,7,44,389,2734,1.12,0.6670651100325271,0.18,A0A8V0ZJ97 A0A8V0ZZG2 A0A8V0YAR4 A0A8V1ABC8 A0A8V0ZTA5 A0A8V0ZSX6 A0A8V1ABC9
Biological Process,compound eye development,6,GO:0048749,16,104,389,2734,1.08,0.6699773436125271,0.17,A0A8V0ZKI8 A0A8V1A9L3 Q98938 O12971 A0A8V0ZI29 A0A8V1A9R2 A0A8V0ZKS6 A0A8V1AB05 A0A1D5P655 A0A8V1A9A7 A0A8V0X5K9 A0A1D5NTR5 A0A8V0YDT5 A0A1D5NYG2 A0A8V0XFL3 A0A8V1AAH7
Biological Process,regulation of trans-synaptic signaling,4,GO:0099177,13,105,389,2734,0.87,0.6701858112499454,0.17,A0A8V0YNQ0 A0A1D5P1F1 A0A3Q2UGW3 A0A8V1AB67 A0A8V0Y9F8 A0A8V0ZSX6 A0A3Q2TYT2 A0A8V0YLT1 A0A8V0YBD7 A0A8V0YRG2 A0A8V0YRK4 A0A8V0XYR2 A0A1D5PC37
Biological Process,modulation of chemical synaptic transmission,5,GO:0050804,13,105,389,2734,0.87,0.6701858112499454,0.17,A0A8V0YNQ0 A0A1D5P1F1 A0A3Q2UGW3 A0A8V1AB67 A0A8V0Y9F8 A0A8V0ZSX6 A0A3Q2TYT2 A0A8V0YLT1 A0A8V0YBD7 A0A8V0YRG2 A0A8V0YRK4 A0A8V0XYR2 A0A1D5PC37
Biological Process,organic hydroxy compound metabolic process,3,GO:1901615,13,105,389,2734,0.87,0.6701858112499454,0.17,A0A1D5P1F1 A0A8V0Y4Q2 A0A8V1AK88 A0A8V0XCX4 A0A8V0ZQS2 A0A8V0YJV4 A0A8V1A9A7 A0A8V0Y9F8 A0A8V0ZRU9 A0A8V1A3H7 A0A8V0YRG2 A0A8V1AAH7 A0A8V0YU83
Biological Process,vacuole organization,5,GO:0007033,5,45,389,2734,0.78,0.6704254002851497,0.17,A0A8V0Y7Y9 Q05744 A0A8V0YLN5 A0A8V0Y7C8 A0A1D5PC37
Biological Process,regulation of peptide hormone secretion,5,GO:0090276,5,45,389,2734,0.78,0.6704254002851497,0.17,A0A8V1A9A7 A0A8V0ZY91 A0A8V0YY90 A0A8V1ABC9 A0A8V0YPA6
Biological Process,regulation of protein modification by small protein conjugation or removal,8,GO:1903320,5,45,389,2734,0.78,0.6704254002851497,0.17,A0A8V0ZZG2 Q98938 A0A1D5PNL3 A0A8V0YRF2 A0A1D5P1F1
Biological Process,nuclear chromosome segregation,4,GO:0098813,5,45,389,2734,0.78,0.6704254002851497,0.17,A0A8V0ZDK0 A0A1D5PBU5 A0A8V0ZW33 A0A8V0Z9Z7 R4GH52
Biological Process,regulation of extrinsic apoptotic signaling pathway,6,GO:2001236,5,45,389,2734,0.78,0.6704254002851497,0.17,A0A8V1A9R2 A0A8V0ZDZ5 A0A8V0Z4M1 A0A8V0ZC57 P02460
Biological Process,positive regulation of immune effector process,5,GO:0002699,5,45,389,2734,0.78,0.6704254002851497,0.17,A0A8V1AG56 A0A8V0ZB91 A0A8V1ABC8 A0A8V0YW57 A0A8V0YR09
Biological Process,anatomical structure maturation,3,GO:0071695,5,46,389,2734,0.76,0.6708985089210566,0.17,A0A8V0Y0V1 A0A8V0XX41 A0A8V0Z4M1 A0A8V0YRG2 A0A8V0YC57
Biological Process,pigmentation,1,GO:0043473,5,46,389,2734,0.76,0.6708985089210566,0.17,A0A8V1A9L3 Q98938 A0A8V0Y7C8 A0A8V0XTW4 A0A8V0XM58
Biological Process,macroautophagy,4,GO:0016236,5,47,389,2734,0.75,0.672483381452813,0.17,A0A8V0Y7Y9 Q05744 A0A1D5NVM6 A0A8V0ZH54 A0A1D5PC37
Biological Process,positive regulation of cysteine-type endopeptidase activity,8,GO:2001056,5,47,389,2734,0.75,0.672483381452813,0.17,A0A8V0XAF8 A0A8V0ZDZ5 A0A8V0ZE58 A0A3Q3A4U3 A0A8V0YWM3
Biological Process,vacuolar transport,4,GO:0007034,5,47,389,2734,0.75,0.672483381452813,0.17,A0A8V0YLN5 A0A8V0ZRU9 A0A8V0ZH54 A0A8V0XTW4 Q5ZHL0
Biological Process,negative regulation of Wnt signaling pathway,6,GO:0030178,5,47,389,2734,0.75,0.672483381452813,0.17,A0A8V0ZKI8 A0A8V1AG56 A0A1D5NZT1 A0A8V1AJV5 A0A8V0X097
Biological Process,regulation of cytosolic calcium ion concentration,6,GO:0051480,5,47,389,2734,0.75,0.672483381452813,0.17,A0A8V0ZKI8 A0A8V1A9R2 A0A1D5NWP2 A0A8V0YPA6 A0A8V0XYR2
Biological Process,regulation of cell-cell adhesion,5,GO:0022407,17,109,389,2734,1.1,0.6744691080437251,0.17,A0A8V1AG56 A0A8V0ZWX9 A0A8V0Z8V4 A0A8V0ZZG2 Q98938 A0A8V0ZI29 A0A8V1AB05 A0A8V1A9R2 A0A1D5NZN4 A0A8V1A2P5 A0A3Q3A4U3 A0A1D5NTR5 A0A8V0YDT5 A0A8V0Y2E5 A0A8V1ABC9 A0A1D5NYG2 A0A8V0Z4M1
Biological Process,negative regulation of cell-cell adhesion,6,GO:0022408,8,48,389,2734,1.17,0.6751166702124227,0.17,A0A8V0ZZG2 Q98938 A0A8V0ZI29 A0A8V1AB05 A0A8V1A9R2 A0A8V1A2P5 A0A8V0YDT5 A0A8V0Z4M1
Biological Process,peptidyl-serine modification,6,GO:0018209,8,48,389,2734,1.17,0.6751166702124227,0.17,A0A8V0ZY61 A0A8V0Z6S1 A0A8V0XB58 A0A1L1RX77 A0A8V0Y6W2 A0A8V1ABC9 A0A8V0YRK4 A0A8V0YIV5
Biological Process,glycerolipid biosynthetic process,4,GO:0045017,8,49,389,2734,1.15,0.6787292222479582,0.17,P11602 A0A8V0XCX4 A0A8V0X6J5 Q5ZJ58 A0A8V0ZYM1 A0A8V0Z1C5 A0A8V0XAN3 A0A8V0ZQS2
Biological Process,regulation of synapse structure or activity,3,GO:0050803,18,115,389,2734,1.1,0.6818802073640686,0.17,A0A8V0YNQ0 A0A8V1AG56 A0A8V0Z8V4 A0A8V0X4D8 A0A8V0XB58 A0A8V0ZZU1 A0A8V0ZI29 F1NEZ4 A0A1D5P655 A0A8V1A3S8 Q5ZJ58 A0A8V0ZYM1 A0A1D5NTR5 A0A8V0YDT5 A0A1D5PDV9 A0A8V1ABC9 A0A1D5NYG2 A0A8V0YRG2
Biological Process,retina development in camera-type eye,3,GO:0060041,8,50,389,2734,1.12,0.6832474686549683,0.17,A0A8V0YNQ0 A0A8V0ZKI8 Q98938 A0A8V0YY70 A0A8V1A9A7 A0A8V0Y7C8 A0A8V0Z4M1 A0A1D5P0D7
Biological Process,phospholipid biosynthetic process,5,GO:0008654,8,50,389,2734,1.12,0.6832474686549683,0.17,A0A8V1AK88 A0A8V0XCX4 A0A8V0X6J5 Q5ZJ58 A0A8V0ZYM1 A0A8V0Z1C5 A0A8V0XAN3 A0A8V0ZQS2
Biological Process,negative regulation of cell development,6,GO:0010721,18,116,389,2734,1.09,0.683508638577852,0.17,A0A8V0YNQ0 A0A8V1AG56 A0A8V0Z8V4 A0A8V0XGL8 Q98938 O12971 A0A8V0YDT4 A0A8V0ZI29 A0A8V0ZKS6 A0A8V1AB05 A0A8V0YDT5 A0A8V0ZSX6 A0A8V1A7R0 A0A8V1ACD6 A0A1D5PE57 A0A8V0YRG2 A0A8V0YRK4 A0A8V0YMR1
Biological Process,regulation of protein phosphorylation,7,GO:0001932,53,355,389,2734,1.05,0.684033268693701,0.16,Q5ZMG0 A0A8V0Y0V1 A0A8V1AG56 A0A8V1AJT2 A0A8V1A9A7 A0A3Q3A4U3 A0A8V0XRN3 A0A8V0YPA6 A0A8V0Y290 A0A8V0ZC57 A0A8V0XYR2 A0A8V0Z4J0 A0A8V1A3H9 A0A8V1ACS0 A0A8V0Y0F3 A0A8V0ZZG2 A0A8V0X637 A0A8V1ABC8 A0A8V0ZTA5 E1C733 A0A1L1RX77 A0A8V0ZSX6 A0A8V0X1T3 A0A8V1A7R0 A0A1D5P1F1 A0A1D5P0D7 A0A8V0YS46 Q0PVE4 A0A8V0XB58 A0A8V1A3N1 Q5ZJ58 A0A1D5PNL3 A0A8V0ZE58 A0A8V0XWZ8 Q00649 A0A8V0XJ84 A0A8V0ZH54 A0A8V1ABC9 Q9I946 E1BQI2 A0A8V0ZKI8 A0A3Q2TU24 A0A8V0ZB91 A0A8V1A3S8 A0A8V0YDT4 A0A8V1A9R2 A0A8V0Y413 A0A8V0YDD6 A0A8V1AJV5 A0A8V0XFB5 A0A8V0Z4M1 A0A8V0ZPH9 A0A8V0YRG2
Biological Process,cellular response to cytokine stimulus,5,GO:0071345,28,213,389,2734,0.92,0.6840615118988043,0.16,A0A8V1AG56 A0A8V0Z4R1 A0A8V0XRN3 A0A8V0XYR2 A0A8V0Z4J0 P02460 A0A8V1ACS0 A0A8V0XGL8 A0A8V0YPH9 A0A8V1ABC8 E1C733 E1BYF1 A0A1L1RX77 A0A8V1A7R0 A0A8V1AJ90 A0A8V0XB58 A0A8V1A3N1 A0A8V0ZTP1 A0A1D5PNL3 Q00649 A0A8V0Y2E5 A0A8V0YR09 A0A8V0XAF8 A0A8V1A9R2 A0A8V0YDD6 A0A8V0XFB5 A0A8V0Z4M1 A0A8V0ZQS2
Biological Process,left/right axis specification,4,GO:0070986,2,12,389,2734,1.17,0.6841960264225786,0.16,A0A8V1A4I0 A0A8V0XKU5
Biological Process,serine family amino acid metabolic process,5,GO:0009069,2,12,389,2734,1.17,0.6841960264225786,0.16,A0A1D5PNB8 E1BYF1
Biological Process,establishment of monopolar cell polarity,4,GO:0061162,2,12,389,2734,1.17,0.6841960264225786,0.16,A0A8V1AG56 A0A8V1AJV5
Biological Process,polyol biosynthetic process,5,GO:0046173,2,12,389,2734,1.17,0.6841960264225786,0.16,A0A1D5P1F1 A0A8V0YJV4
Biological Process,establishment of endothelial barrier,6,GO:0061028,2,12,389,2734,1.17,0.6841960264225786,0.16,A0A8V1AB05 A0A8V1ABC8
Biological Process,regulation of cardiac muscle cell action potential,4,GO:0098901,2,12,389,2734,1.17,0.6841960264225786,0.16,A0A8V0XCI3 A0A8V0XB58
Biological Process,carbohydrate derivative transport,5,GO:1901264,2,12,389,2734,1.17,0.6841960264225786,0.16,A0A8V0YLZ5 A0A8V0YR09
Biological Process,positive regulation of cardiac muscle tissue development,7,GO:0055025,2,12,389,2734,1.17,0.6841960264225786,0.16,A0A8V1AK88 A0A8V0XYR2
Biological Process,regulation of systemic arterial blood pressure mediated by a chemical signal,5,GO:0003044,2,12,389,2734,1.17,0.6841960264225786,0.16,A0A8V0XYR2 A0A8V0XA92
Biological Process,establishment or maintenance of monopolar cell polarity,3,GO:0061339,2,12,389,2734,1.17,0.6841960264225786,0.16,A0A8V1AG56 A0A8V1AJV5
Biological Process,negative regulation of muscle cell apoptotic process,7,GO:0010656,2,12,389,2734,1.17,0.6841960264225786,0.16,A0A8V0ZKI8 A0A8V0XYR2
Biological Process,regulation of nucleotide catabolic process,6,GO:0030811,2,12,389,2734,1.17,0.6841960264225786,0.16,A0A1D5PNG3 A0A8V1A7R0
Biological Process,regulation of presynapse organization,6,GO:0099174,2,12,389,2734,1.17,0.6841960264225786,0.16,A0A1D5NTR5 A0A1D5NYG2
Biological Process,cilium-dependent cell motility,4,GO:0060285,2,12,389,2734,1.17,0.6841960264225786,0.16,A0A8V0Z4U2 A0A8V0Z6B9
Biological Process,nucleotide-excision repair,6,GO:0006289,2,12,389,2734,1.17,0.6841960264225786,0.16,A0A8V1ACS0 A0A8V0Z4J0
Biological Process,cilium or flagellum-dependent cell motility,3,GO:0001539,2,12,389,2734,1.17,0.6841960264225786,0.16,A0A8V0Z4U2 A0A8V0Z6B9
Biological Process,regulation of glycolytic process,6,GO:0006110,2,12,389,2734,1.17,0.6841960264225786,0.16,A0A1D5PNG3 A0A8V1A7R0
Biological Process,ectoderm development,4,GO:0007398,2,12,389,2734,1.17,0.6841960264225786,0.16,A0A8V0YMM6 Q98938
Biological Process,response to salt stress,4,GO:0009651,2,12,389,2734,1.17,0.6841960264225786,0.16,A0A8V0ZSX6 A0A8V0YJV4
Biological Process,glycolipid biosynthetic process,5,GO:0009247,2,12,389,2734,1.17,0.6841960264225786,0.16,A0A8V0WZN3 A0A8V0YYQ9
Biological Process,regulation of clathrin-dependent endocytosis,7,GO:2000369,2,12,389,2734,1.17,0.6841960264225786,0.16,A0A1D5P655 A0A8V1ABC9
Biological Process,sleep,2,GO:0030431,2,12,389,2734,1.17,0.6841960264225786,0.16,A0A8V0Y9F8 A0A8V0XMD4
Biological Process,motile cilium assembly,7,GO:0044458,2,12,389,2734,1.17,0.6841960264225786,0.16,A0A8V0Z4U2 A0A8V0YVT3
Biological Process,regulation of synaptic vesicle transport,4,GO:1902803,2,12,389,2734,1.17,0.6841960264225786,0.16,A0A8V1AB67 A0A3Q2TYT2
Biological Process,maintenance of epithelial cell apical/basal polarity,5,GO:0045199,2,12,389,2734,1.17,0.6841960264225786,0.16,A0A8V0YXG4 A0A8V0ZH54
Biological Process,photoreceptor cell fate commitment,5,GO:0046552,2,12,389,2734,1.17,0.6841960264225786,0.16,Q98938 A0A1D5P0D7
Biological Process,positive regulation of cytokine production involved in immune response,6,GO:0002720,2,12,389,2734,1.17,0.6841960264225786,0.16,A0A8V1AG56 A0A8V0ZB91
Biological Process,vacuolar acidification,5,GO:0007035,2,12,389,2734,1.17,0.6841960264225786,0.16,Q5ZHL0 A0A8V0XX49
Biological Process,phototransduction,3,GO:0007602,2,12,389,2734,1.17,0.6841960264225786,0.16,Q5ZJ58 A0A8V1ABC9
Biological Process,nematode male tail tip morphogenesis,4,GO:0045138,2,12,389,2734,1.17,0.6841960264225786,0.16,P33005 A0A8V0ZKS6
Biological Process,prostate gland development,4,GO:0030850,2,12,389,2734,1.17,0.6841960264225786,0.16,A0A8V1AG56 A0A8V1AAN6
Biological Process,regulation of epidermis development,4,GO:0045682,2,12,389,2734,1.17,0.6841960264225786,0.16,A0A8V1AG56 A0A8V0X5U3
Biological Process,positive regulation of response to drug,5,GO:2001025,2,12,389,2734,1.17,0.6841960264225786,0.16,A0A1D5P1F1 A0A3Q2TYT2
Biological Process,imaginal disc morphogenesis,4,GO:0007560,18,117,389,2734,1.08,0.6855567900380438,0.16,A0A8V0ZKI8 A0A8V0YS46 A0A8V0ZZG2 A0A8V0ZZU1 Q98938 O12971 A0A8V1A9R2 A0A3Q2UEL1 A0A8V0ZF83 A0A8V0Y070 A0A8V1A9A7 A0A8V0XK73 A0A8V0YMM6 A0A8V0ZH54 A0A1D5NWP2 A0A8V0ZQP1 A0A8V0XFL3 Q76KB2
Biological Process,response to steroid hormone,4,GO:0048545,15,119,389,2734,0.89,0.6882921285540256,0.16,A0A8V0YNQ0 A0A8V1AG56 A0A8V0YWM3 A0A8V0ZTA5 A0A8V1AFC3 A0A8V0ZP32 A0A8V0YEZ4 A0A8V0YDD6 A0A8V0YLT1 A0A8V0XJ84 A0A8V1ABC9 A0A8V0Z4M1 A0A1D5P1F1 A0A8V0XYR2 A0A8V0Y513
Biological Process,regulation of peptide secretion,6,GO:0002791,15,120,389,2734,0.88,0.6885432913866694,0.16,A0A8V1AG56 P11602 A0A8V1A3S8 A0A8V0ZKS6 A0A8V0YDT4 A0A8V1AEJ4 A0A8V1A9A7 A0A8V0ZY91 A0A8V0YDD6 A0A8V0YY90 A0A8V0XJ84 A0A8V1ABC9 A0A8V0Z9Y8 A0A8V0YPA6 Q6JHU8
Biological Process,cellular response to hypoxia,4,GO:0071456,8,51,389,2734,1.1,0.6885947305240558,0.16,A0A8V0YNQ0 A0A8V1ACS0 A0A8V0YQ88 A0A8V1AMI7 A0A8V0Z4M1 A0A8V0XYR2 A0A8V0Z4J0 A0A1D5PC37
Biological Process,negative regulation of signal transduction,5,GO:0009968,50,372,389,2734,0.94,0.690032239022714,0.16,A0A8V1AG56 A0A8V0ZWX9 A0A8V1A9L3 A0A8V0ZI29 A0A3Q3A4U3 A0A1D5NZT1 A0A8V0YDT5 A0A8V0YPA6 A0A8V0XFL3 A0A8V0Y290 A0A8V0X097 A0A8V0ZC57 A0A8V0YMR1 A0A8V0Z4J0 A0A8V0YC57 P02460 A0A8V1ACS0 A0A8V0Y0F3 A0A8V0ZZG2 A0A8V0YQ88 A0A8V0ZSG8 A0A8V0X637 A0A3Q2UGW3 A0A8V0ZTA5 E1BYF1 A0A1L1RX77 A0A8V0XPE8 A0A8V0ZRU9 A0A1D5NZN4 A0A8V1AAH7 A0A8V0Z2J4 A0A3Q2TT95 Q00649 A0A8V0XJ84 A0A8V0ZH54 A0A8V1ABC9 A0A8V0ZE30 A0A8V0ZKI8 O12971 A0A8V0YDT4 A0A8V1AB05 A0A8V0ZHK9 A0A8V0ZDZ5 A0A8V0YMM6 A0A8V0XK27 A0A8V1AJV5 A0A8V0Z4M1 Q5ZKV5 A0A8V0YRG2 A0A8V0ZQS2
Biological Process,protein modification process,4,GO:0036211,88,597,389,2734,1.04,0.6911119898491747,0.16,A0A8V1A4K1 A0A8V0YDT5 A0A8V0YW12 A0A8V0YIV5 A0A8V0ZY61 A0A8V1ACS0 A0A8V0ZZG2 A0A8V0YPH9 A0A8V1ABC8 A0A1L1RX77 A0A8V0XPE8 A0A8V0Z0B9 A0A1L1RZ23 A0A8V1A3N1 A0A8V0ZKV3 A0A1D5PNL3 A0A8V0YYQ9 A0A3Q2TU24 A0A8V1AB05 A0A8V1A9R2 A0A8V1AB67 A0A8V0ZX23 A0A8V1AG56 E1C744 A0A8V0YM05 A0A8V0XDL7 E1BS94 E1BYF1 A0A8V0XK73 A0A8V0ZRU9 A0A3Q2TYT2 A0A8V0YRF2 A0A1D5NZN4 A0A8V0XA12 A0A1D5P0D7 A0A8V0Z6S1 A0A1D5PJE0 A0A8V0ZW46 A0A8V0ZE58 A0A8V1ABC9 A0A8V0YRK4 A0A8V1ADF6 A0A8V1ACQ8 A0A1D5PT01 Q5ZKV5 A0A8V0YRG2 Q5ZIB0 A0A8V0ZI29 A0A8V0XMA2 A0A8V0ZHL4 A0A1L1RP76 A0A8V0X643 A0A8V0Z4J0 A0A8V0ZSG8 A0A8V0ZTA5 E1C733 A0A8V0ZSX6 A0A1D5PE57 Q8AWB4 A0A8V0Z1E9 A0A8V0ZY42 O12971 A0A8V0ZTG6 A0A8V0Y6W2 A0A8V0ZFH4 A0A8V0XQS7 A0A8V0YFD4 A0A8V0XRC4 A0A8V0ZR84 A0A8V0ZFG7 A0A8V1AAN6 A0A8V0ZWH1 A0A8V0WZN3 A0A8V0Y7C8 A0A8V0XT35 A0A8V0ZYN6 Q6JHU8 A0A8V1AJ90 A0A8V0YS46 A0A8V0XB58 A0A8V0X6J5 A0A8V0Z2J4 A0A8V1A2F4 A0A8V0Y218 A0A8V0YDD6 R4GH52 F1NSM7 A0A8V0ZPH9
Biological Process,response to virus,3,GO:0009615,6,52,389,2734,0.81,0.6915027004582072,0.16,A0A8V1A3N1 A0A8V1A9R2 A0A8V1ABC8 E1C733 Q00649 A0A8V0XFB5
Biological Process,tripartite regional subdivision,4,GO:0007351,6,52,389,2734,0.81,0.6915027004582072,0.16,A0A8V1AG56 Q98938 A0A8V0YMM6 A0A8V0Y070 A0A8V0ZH54 A0A8V0ZF83
Biological Process,"anterior/posterior axis specification, embryo",5,GO:0008595,6,52,389,2734,0.81,0.6915027004582072,0.16,A0A8V1AG56 Q98938 A0A8V0YMM6 A0A8V0Y070 A0A8V0ZH54 A0A8V0ZF83
Biological Process,protein-containing complex disassembly,5,GO:0032984,6,54,389,2734,0.78,0.6931082616013535,0.16,A0A8V0ZKI8 A0A1D5PBU5 A0A8V0Y7Y9 A0A8V0Z865 A0A8V0ZH54 A0A8V0X852
Biological Process,response to abiotic stimulus,2,GO:0009628,52,388,389,2734,0.94,0.6948242776766973,0.16,A0A8V0YNQ0 P11602 A0A1D5PCU0 A0A8V0ZWX9 A0A8V1AG56 A0A8V0XXM5 A0A8V0ZW33 A0A8V1AEJ4 A0A8V1AFP7 A0A1D5PNB8 A0A8V1A2P5 A0A8V0Z4R1 A0A8V0YEZ4 A0A8V0ZFG7 A0A8V0XYR2 A0A8V0Z4J0 P02460 A0A8V1ACS0 Q5ZHL0 A0A8V0XGL8 A0A8V0YQ88 A0A8V0ZSG8 A0A8V1ABC8 A0A8V0ZTA5 E1C733 A0A8V1AMI7 A0A3Q2TTB3 A0A1L1RX77 A0A8V0XPE8 A0A8V0YW57 A0A8V0ZSX6 A0A8V0YLN5 A0A8V1A4P2 A0A1D5PE57 A0A1D5PC37 A0A8V0Y4Q2 A0A8V0Z6B9 A0A8V0XB58 Q5ZJ58 Q00649 A0A8V0XJ84 A0A8V0Z7D4 A0A8V1ABC9 A0A3Q2TU24 A0A1D5P655 A0A8V1AFH0 A0A8V1AB67 A0A8V0YJV4 A0A8V0X5K9 A0A8V0YLT1 A0A8V0Z4M1 A0A8V0YWM3
Biological Process,regulation of behavior,4,GO:0050795,9,55,389,2734,1.15,0.6952407634835158,0.16,A0A1L1RZ23 A0A8V0ZWX9 A0A1D5P655 A0A8V1AB67 A0A8V1AEJ4 A0A1D5NZT1 A0A8V0ZSX6 A0A3Q2TYT2 A0A8V1A7R0
Biological Process,lymphocyte activation,3,GO:0046649,9,55,389,2734,1.15,0.6952407634835158,0.16,A0A8V0ZWX9 A0A8V0XGY8 A0A8V0ZSG8 O12971 A0A8V1A9R2 A0A8V0YW57 A0A8V0ZSX6 A0A8V1A7R0 A0A8V0ZEJ3
Biological Process,regulation of neuron differentiation,5,GO:0045664,35,233,389,2734,1.06,0.695479677571504,0.16,A0A8V0Y0V1 A0A8V0YNQ0 A0A8V1AG56 A0A8V0X4D8 A0A8V0ZI29 A0A3Q3A4U3 A0A8V0YGN8 A0A8V0YDT5 A0A1D5NYG2 A0A8V0YMR1 A0A8V0Z8V4 A0A8V0XGL8 A0A8V0ZKS6 A0A8V0YLN5 A0A8V0ZSX6 A0A8V1ACD6 A0A1D5P1F1 Q6JHU8 A0A1D5P0D7 A0A8V0Y1A4 A0A3Q2TT95 Q00649 A0A8V0YRK4 E1BQI2 A0A8V0ZKI8 A0A8V0ZB91 A0A8V1A3S8 O12971 A0A1D5P655 A0A8V1AB05 A0A8V1AJI2 A0A1D5PT01 A0A8V0YDD6 A0A8V0Z4M1 A0A8V0YRG2
Biological Process,response to stimulus,1,GO:0050896,228,1630,389,2734,0.98,0.6961880913558222,0.16,Q5ZMG0 P11602 A0A8V0ZWX9 A0A8V1A3D7 A0A8V1A4K1 A0A8V1AEJ4 A0A8V1AJT2 A0A8V0Z4R1 A0A8V0ZAP5 A0A1D5NTR5 A0A8V0YVT3 A0A8V0YDT5 A0A8V0YEZ4 A0A8V0XEJ0 A0A1D5NYG2 A0A8V0YW12 A0A8V0ZEJ3 A0A8V0YB43 A0A8V0ZY61 A0A8V0Z8V4 A0A3Q2U2N5 A0A8V0ZZG2 A0A8V1ACS0 A0A8V0YPH9 A0A8V1ABC8 A0A8V0Y722 A0A1L1RX77 A0A8V0XPE8 A0A8V0YW57 A0A8V1ACD6 A0A8V1A4P2 A0A8V1A7R0 A0A8V0X783 A0A8V0Y4Q2 A0A8V0Z6B9 A0A8V0ZZD4 A0A8V1A3N1 A0A8V0ZTP1 A0A1D5PNL3 A0A8V0Z086 A0A8V0Y9F8 A0A8V0XJ84 A0A1D5NWP2 A0A8V0YYQ9 A0A8V0Z249 F1NGB8 A0A3Q2TU24 A0A8V0YEQ1 A0A8V0ZJ97 A0A8V0ZB91 A0A8V0YAR4 A0A8V1AB05 A0A8V1A9R2 A0A8V1AB67 A0A8V0ZDZ5 A0A8V0ZHK9 A0A8V0Y070 A0A8V0ZQS2 A0A8V1AG56 A0A1D5PCU0 A0A8V1AFE7 A0A8V0XXM5 A0A8V0YM05 A0A8V1A9A7 A0A3Q3A4U3 A0A8V0XUK6 A0A8V0XRN3 E1BS94 P02460 A0A8V0ZDU4 A0A8V0YUF6 A0A8V0X637 A0A3Q2TTB3 E1BYF1 A0A8V0ZP32 A0A8V0ZSX0 A0A8V0ZRU9 A0A3Q2TYT2 A0A8V0ZXC9 A0A1L1RSD2 A0A8V0YRF2 E1C2T4 A0A1D5NZN4 A0A1D5P7Y2 A0A8V0Y5K2 A0A8V1AAH7 A0A1D5P0D7 A0A8V0Y7Y9 A0A8V0ZW46 A0A8V1AA32 A0A8V0ZE58 A0A8V0YZJ3 Q00649 A0A1D5PDV9 A0A8V0Z7D4 A0A8V1ABC9 A0A8V0XM58 A0A8V0YSI0 A0A8V0YRK4 A0A8V0ZVP0 A0A8V1ADF6 E1BQI2 A0A8V0Y513 A0A8V0YR09 A0A8V0ZZJ1 Q05744 A0A8V1AFH0 A0A8V0Y413 A0A8V0YJV4 A0A8V0X5K9 A0A8V0YMM6 A0A8V0YY70 A0A8V1AJI2 A0A1D5PT01 A0A8V1AJV5 A0A8V0YLT1 P33005 A0A8V0YRG2 A0A8V1A653 A0A8V0Y0V1 Q5ZIB0 A0A8V0X4D8 A0A8V1A803 A0A8V0ZBR8 A0A8V0ZI29 A0A8V0YBZ6 A0A8V1AFP7 A0A1D5PNB8 A0A8V0ZYM1 A0A8V0YGN8 A0A8V0YXG4 A0A1D5PIZ5 A0A8V0YPA6 A0A8V0Y8L6 A0A8V0Z4J0 A0A8V0YC57 A0A8V1AHJ8 A0A8V0ZSG8 A0A8V0ZKS6 A0A8V0ZQJ4 A0A8V0ZTA5 E1C733 A0A8V1AMI7 A0A8V0YLN5 A0A8V0ZSX6 A0A8V0XKU5 A0A8V0Z888 A0A1D5PE57 A0A8V0ZAU8 Q8AWB4 A0A1D5PC37 A0A1D5PMF4 A0A8V0ZLV3 A0A8V0XZV7 A0A8V0Z1E9 A0A8V0YRN1 A0A8V0XWZ8 A0A8V0ZY91 A0A8V0Y1A4 A0A8V0ZY42 A0A8V0YPB9 A0A8V0YBD7 A0A8V0ZF83 A0A8V0ZKI8 O12971 A0A8V0YDT4 A0A1D5P655 A0A8V0ZES4 A0A8V0ZTG6 A0A8V0ZFH4 A0A8V0XK27 A0A8V0XQS7 A0A8V0Z9Y8 A0A8V0Z4M1 P01875 A0A8V1AL54 A0A3Q2U3T5 A0A8V0YNQ0 Q98938 A0A8V0XRC4 A0A8V0XCI3 A0A8V0Y999 A0A8V0ZW33 A0A8V1A2P5 A0A1D5NZT1 A0A8V0XWF0 A0A8V0ZFG7 A0A8V0XUJ8 A0A8V0XYR2 A0A8V1AAN6 A0A8V1A3H9 A0A8V0XGL8 A0A8V0YQ88 A0A8V1A8N2 A0A1D5PQV0 A0A8V1AFC3 A0A8V0YHH6 A0A8V0Y1N7 A0A8V0Z1C5 A0A8V0X852 A0A1D5PNG3 A0A1D5P1F1 A0A8V1AJ90 A0A8V0XF68 A0A8V0YS46 A0A8V0XB58 A0A8V0ZZU1 A0A8V0XDM2 A0A8V0X6J5 A0A8V0YE20 Q5ZJ58 A0A8V1A2F4 A0A8V0Z2J4 A0A8V0ZBJ8 A0A8V0Y2E5 A0A8V0ZZH6 Q9I946 A0A8V0YU83 A0A8V0XAF8 A0A8V1A4I0 A0A8V0Z9Z7 A0A8V0Y614 A0A8V0YDD6 A0A8V1AM47 A0A8V0XFB5 Q5ZHL0 A0A8V0ZPH9 A0A8V0YWM3
Biological Process,positive regulation of nucleobase-containing compound metabolic process,6,GO:0045935,31,237,389,2734,0.92,0.6969778803767566,0.16,A0A8V1AG56 A0A8V1A9L3 Q98938 A0A8V0ZW33 A0A8V0YM05 A0A8V1AJT2 A0A8V1A9A7 A0A8V0XRN3 A0A8V0Y290 A0A8V0XYR2 A0A8V0Z4J0 A0A8V1ACS0 A0A8V0Y0F3 A0A8V1ABC8 A0A8V1AFC3 A0A1L1RX77 A0A8V0YW57 A0A8V0YHH6 A0A8V0ZSX6 A0A1D5NZN4 A0A8V0X1T3 A0A8V1A7R0 A0A1D5P0D7 A0A8V0ZE58 A0A1D5PNL3 A0A8V0XJ84 A0A8V0ZE30 A0A1D5PLP1 A0A8V0ZKI8 A0A8V1A9R2 A0A8V0Z4M1
Biological Process,cellular response to lipid,5,GO:0071396,16,128,389,2734,0.88,0.6970567848568644,0.16,A0A8V0XAF8 A0A8V0YNQ0 A0A8V0YR09 A0A8V0ZKI8 A0A8V1AG56 A0A8V1ABC8 A0A8V0YWM3 A0A8V0Y1A4 A0A8V1AFC3 A0A8V0XPE8 Q00649 A0A8V0Y513 A0A8V0YDD6 A0A8V0Z4M1 A0A8V0XYR2 P02460
Biological Process,developmental process,1,GO:0032502,224,1547,389,2734,1.02,0.6991396681520716,0.16,A0A8V1A9L3 A0A8V0ZWX9 A0A8V1AEJ4 A0A8V0Z4R1 A0A1D5NTR5 A0A8V0YVT3 A0A8V0YDT5 A0A1D5NYG2 A0A8V0YW12 A0A8V1AKQ0 A0A8V0ZEJ3 A0A8V0YB43 A0A8V0Z8V4 A0A8V0ZZG2 A0A8V1ABC8 A0A8V0Y722 A0A8V0XXW6 A0A1L1RX77 A0A8V0XPE8 A0A8V0YW57 A0A8V0YHL6 A0A8V1ACD6 A0A8V1A7R0 A0A8V0ZA56 A0A1L1RZ23 A0A8V0Y4Q2 F1NEZ4 A0A8V0ZTP1 A0A8V0ZKV3 A0A1D5PNL3 A0A8V0ZT48 A0A8V0Y9F8 A0A8V0XJ84 A0A1D5NWP2 A0A8V0YYQ9 A0A8V0XXK8 F1NGB8 A0A3Q2TU24 A0A8V0YEQ1 A0A8V0ZJ97 A0A8V0Y478 A0A8V0ZB91 A0A8V1AB05 A0A8V1A9R2 A0A8V1AB67 A0A8V0ZHK9 A0A8V0Y070 A0A8V0ZX23 P28687 A0A8V0ZQS2 A0A8V1AG56 A0A1D5PCU0 A0A8V0XCX4 A0A8V0XBI2 A0A8V0XXM5 A0A8V0YM05 A0A8V0XDL7 A0A8V1A9A7 A0A3Q3A4U3 A0A3Q2TVX1 A0A8V0XRN3 A0A8V1ACU1 P02460 A0A8V0Y0F3 A0A8V0YUF6 A0A8V0X637 A0A3Q3AST7 A0A8V0XK73 A0A8V0ZSX0 A0A8V0ZF99 A0A8V0ZRU9 A0A1D5NZN4 A0A8V0XGV7 A0A8V1AAH7 A0A1D5P0D7 A0A1D5PRH9 A0A8V0ZG43 Q0PVE4 A0A8V0XA92 A0A8V0ZE58 Q00649 A0A8V0Y103 A0A1D5PDV9 A0A8V1ABC9 A0A8V0XM58 A0A8V0ZE30 A0A8V0YA97 A0A8V0YRK4 A0A8V1ADF6 E1BQI2 A0A8V0Y513 A0A8V0YR09 A0A1D5PBU5 Q05744 A0A8V1AFR2 A0A8V0Y413 A0A8V0YJV4 A0A8V0X5K9 A0A8V0YMM6 A0A8V0YY70 A0A8V1AJI2 A0A1D5PT01 A0A8V1AJV5 A0A8V0YLT1 A0A8V0ZQP1 P33005 A0A8V0YRG2 Q76KB2 A0A8V1A653 A0A8V0Y0V1 A0A8V0X4D8 A0A8V0ZBR8 A0A8V0ZI29 A0A8V1AFP7 A0A8V0ZYM1 A0A8V0YGN8 A0A8V0YXG4 A0A1D5PIZ5 A0A8V0ZHL4 A0A8V0YG88 A0A8V0YPA6 A0A8V0ZIF0 A0A8V0XE95 A0A8V0XFL3 A0A8V0Y8L6 A0A8V0YC57 A0A8V0ZDK0 A0A8V1AHJ8 A0A8V0ZSG8 A0A8V0ZKS6 A0A8V0ZTA5 E1C733 A0A8V0YLN5 A0A8V0ZSX6 A0A8V0XKU5 A0A8V0Z888 A0A1D5PE57 A0A8V0ZAU8 Q8AWB4 A0A8V0Y969 A0A8V0ZMU3 A0A8V0XZV7 A0A8V0YRN1 A0A8V0XWZ8 A0A8V0ZY91 A0A8V0Y1A4 A0A8V0ZY42 A0A8V0YPB9 A0A8V0YBD7 A0A1D5PLP1 A0A8V0ZF83 A0A8V0ZKI8 O12971 A0A8V0YDT4 A0A8V0X9N1 A0A1D5P655 A0A8V0ZES4 A0A8V0XX41 A0A8V0ZTG6 A0A8V0X370 A0A8V0XK27 A0A8V0ZFH4 A0A8V0YQC4 A0A8V0XZQ1 A0A8V0YIE9 A0A8V0Z9Y8 A0A8V0Z4M1 A0A8V0YNQ0 Q98938 A0A8V0XRC4 A0A8V0XCI3 A0A1D5NW03 A0A8V0Y999 A0A8V1A2P5 A0A8V0ZW33 A0A8V0ZCA3 A0A1D5NZT1 A0A8V0ZFG7 A0A8V0XUJ8 A0A8V0Y290 A0A8V0XYR2 A0A8V0Y4G8 A0A8V1AEM5 A0A8V0YMR1 A0A8V1A3H9 A0A8V1AAN6 A0A8V0XGY8 A0A8V0XGL8 A0A3Q2UGW3 A0A8V0WZN3 A0A1D5PQV0 A0A8V0Y7C8 A0A8V0Y1N7 A0A8V0YHH6 A0A1D5P1F1 Q6JHU8 A0A8V0XF68 A0A8V0YS46 A0A8V0WZJ4 A0A8V0XB58 A0A8V0ZZU1 A0A8V0XDM2 A0A8V0YE20 Q5ZJ58 A0A3Q2UEL1 A0A8V1A2F4 A0A8V0Z2J4 A0A3Q2TT95 A0A8V0ZBJ8 A0A8V0Y2E5 A0A8V0ZH54 A0A8V0XX49 Q9I946 A0A8V0XAF8 A0A8V1A3S8 A0A8V1A4I0 A0A8V0Z9Z7 A0A8V0YDD6 A0A8V1AM47 F1NSM7 A0A8V0XFB5 Q5ZHL0 A0A8V0ZPH9 A0A8V0YWM3
Biological Process,sensory perception,4,GO:0007600,20,130,389,2734,1.08,0.699414888755483,0.16,A0A8V0YVT3 R4GGQ4 A0A1D5PA74 A0A1D5NYG2 A0A8V0XYR2 P02460 A0A8V0Y8G8 A0A8V1ALE0 A0A8V0Y1N7 A0A8V0Z888 A0A1D5P0X0 A0A8V0ZY91 A0A8V1ABC9 A0A8V0ZRE1 A0A8V1AB67 A0A8V0YY70 A0A8V0XX41 A0A8V0X370 A0A8V1AJV5 A0A8V0XFB5
Biological Process,response to cytokine,4,GO:0034097,32,241,389,2734,0.93,0.700416194005711,0.15,A0A8V1AG56 A0A8V0Z4R1 A0A8V0XRN3 A0A8V0XYR2 A0A8V0Z4J0 P02460 A0A8V1ACS0 A0A8V0XGL8 A0A8V0YPH9 A0A8V1ABC8 A0A8V0ZQS2 E1C733 E1BYF1 A0A1L1RX77 A0A1D5PE57 A0A8V1A7R0 A0A1D5P1F1 A0A8V1AJ90 A0A8V0XB58 A0A8V1A3N1 A0A8V0ZTP1 A0A1D5PNL3 Q00649 A0A8V0Y2E5 A0A8V1ABC9 A0A8V0YR09 A0A8V0XAF8 A0A8V1A9R2 A0A8V0YDD6 A0A8V0XFB5 A0A8V0Z4M1 A0A8V1A653
Biological Process,detection of stimulus,2,GO:0051606,9,57,389,2734,1.11,0.7019156004603433,0.15,A0A8V1ACS0 A0A8V0ZW33 Q5ZJ58 A0A1D5NZT1 A0A8V0XJ84 A0A1D5NWP2 A0A8V1ABC9 A0A8V0Z4J0 A0A8V0YR09
Biological Process,cellular response to topologically incorrect protein,4,GO:0035967,9,57,389,2734,1.11,0.7019156004603433,0.15,F1NGB8 Q5ZIB0 A0A8V0ZW46 A0A8V1AJT2 A0A8V1AMI7 E1BYF1 A0A8V0ZSX6 A0A8V0XQS7 A0A8V0ZXC9
Biological Process,negative regulation of apoptotic process,6,GO:0043066,33,249,389,2734,0.93,0.7039633162067367,0.15,A0A8V0Y0V1 A0A8V0ZWX9 A0A8V1AG56 Q98938 A0A8V1AJT2 A0A8V0ZC57 A0A8V0XYR2 A0A8V0Z4J0 A0A8V1A3H9 A0A8V0YC57 P02460 A0A8V1ACS0 A0A8V0ZZG2 A0A8V0YLX0 A0A8V1ABC8 E1BYF1 A0A8V0YW57 A0A8V0X852 A0A8V0YRF2 A0A8V1A7R0 A0A1D5P1F1 A0A8V0ZE58 Q00649 A0A8V0XJ84 A0A8V1ABC9 A0A8V0YRK4 A0A8V0ZKI8 A0A8V1A9R2 A0A8V0ZDZ5 A0A8V0YJV4 A0A8V0ZTG6 A0A8V0YDD6 A0A8V0Z4M1
Biological Process,dephosphorylation,5,GO:0016311,9,58,389,2734,1.09,0.7063471992482719,0.15,A0A8V1A9L3 A0A8V0XCX4 A0A8V0ZG46 A0A8V0ZI29 A0A8V1AB05 A0A1D5P201 A0A8V0X6J5 A0A8V0YDT5 A0A8V0ZQS2
Biological Process,negative regulation of MAPK cascade,7,GO:0043409,9,58,389,2734,1.09,0.7063471992482719,0.15,A0A8V0Y0F3 A0A8V0ZZG2 A0A8V0YDT4 A0A8V0X637 A0A8V0ZTA5 A0A8V1AJV5 A0A8V1ABC9 A0A8V0Y290 A0A8V0YRG2
Biological Process,labyrinthine layer development,3,GO:0060711,2,13,389,2734,1.08,0.7066457210921435,0.15,Q76KB2 A0A8V0ZE58
Biological Process,negative regulation of response to cytokine stimulus,5,GO:0060761,2,13,389,2734,1.08,0.7066457210921435,0.15,A0A8V0ZI29 A0A3Q3A4U3
Biological Process,phagosome maturation,5,GO:0090382,2,13,389,2734,1.08,0.7066457210921435,0.15,A0A8V0ZZU1 A0A1D5PC37
Biological Process,positive regulation of kidney development,5,GO:0090184,2,13,389,2734,1.08,0.7066457210921435,0.15,A0A8V0Z4M1 A0A3Q2TU24
Biological Process,pronephros development,5,GO:0048793,2,13,389,2734,1.08,0.7066457210921435,0.15,A0A8V0Z4M1 A0A8V0Y722
Biological Process,G1/S transition of mitotic cell cycle,5,GO:0000082,2,13,389,2734,1.08,0.7066457210921435,0.15,A0A8V0YRK4 A0A8V0XB58
Biological Process,regulation of mitotic sister chromatid separation,8,GO:0010965,2,13,389,2734,1.08,0.7066457210921435,0.15,A0A8V0ZDK0 A0A8V0Z9Z7
Biological Process,trachea development,4,GO:0060438,2,13,389,2734,1.08,0.7066457210921435,0.15,A0A8V0ZKI8 A0A8V0ZT48
Biological Process,negative regulation of lipid biosynthetic process,6,GO:0051055,2,13,389,2734,1.08,0.7066457210921435,0.15,A0A8V0YB43 A0A3Q2TU24
Biological Process,endochondral bone morphogenesis,5,GO:0060350,2,13,389,2734,1.08,0.7066457210921435,0.15,Q98938 P02460
Biological Process,maintenance of apical/basal cell polarity,4,GO:0035090,2,13,389,2734,1.08,0.7066457210921435,0.15,A0A8V0YXG4 A0A8V0ZH54
Biological Process,chromosome condensation,6,GO:0030261,2,13,389,2734,1.08,0.7066457210921435,0.15,A0A8V0ZDK0 A0A8V0YWM3
Biological Process,eye pigmentation,3,GO:0048069,2,13,389,2734,1.08,0.7066457210921435,0.15,A0A8V1A9L3 A0A8V0Y7C8
Biological Process,positive regulation of response to cytokine stimulus,5,GO:0060760,2,13,389,2734,1.08,0.7066457210921435,0.15,A0A8V1AG56 A0A8V0XYR2
Biological Process,negative regulation of cytokine-mediated signaling pathway,6,GO:0001960,2,13,389,2734,1.08,0.7066457210921435,0.15,A0A8V0ZI29 A0A3Q3A4U3
Biological Process,melanotic encapsulation of foreign target,4,GO:0035011,2,13,389,2734,1.08,0.7066457210921435,0.15,A0A8V0YRG2 A0A8V1AAH7
Biological Process,negative regulation of lipid localization,4,GO:1905953,2,13,389,2734,1.08,0.7066457210921435,0.15,A0A8V0ZRU9 A0A8V0Z4R1
Biological Process,low-density lipoprotein particle clearance,3,GO:0034383,2,13,389,2734,1.08,0.7066457210921435,0.15,A0A8V0ZRU9 A0A8V0Z9Y8
Biological Process,cell cycle G1/S phase transition,4,GO:0044843,2,13,389,2734,1.08,0.7066457210921435,0.15,A0A8V0YRK4 A0A8V0XB58
Biological Process,neuropeptide signaling pathway,4,GO:0007218,2,13,389,2734,1.08,0.7066457210921435,0.15,A0A8V0XUJ8 A0A8V0XWF0
Biological Process,double-strand break repair,6,GO:0006302,2,13,389,2734,1.08,0.7066457210921435,0.15,A0A8V0YW57 A0A1D5PNL3
Biological Process,positive regulation of focal adhesion assembly,7,GO:0051894,2,13,389,2734,1.08,0.7066457210921435,0.15,A0A8V0Z4M1 A0A8V0XWZ8
Biological Process,viral gene expression,2,GO:0019080,2,13,389,2734,1.08,0.7066457210921435,0.15,A0A8V0ZSX6 A0A8V0X4D8
Biological Process,intestinal absorption,4,GO:0050892,2,13,389,2734,1.08,0.7066457210921435,0.15,A0A1D5PQV0 A0A8V0ZY91
Biological Process,locomotor rhythm,4,GO:0045475,2,13,389,2734,1.08,0.7066457210921435,0.15,A0A8V1A9R2 A0A8V0ZFG7
Biological Process,lens development in camera-type eye,3,GO:0002088,2,13,389,2734,1.08,0.7066457210921435,0.15,A0A8V1AG56 A0A8V0XGL8
Biological Process,membrane organization,4,GO:0061024,34,257,389,2734,0.93,0.707552109405238,0.15,A0A8V1AG56 A0A8V0X4D8 A0A8V0XCX4 A0A8V1A803 A0A8V1A2P5 A0A8V0ZYM1 A0A1D5NTR5 A0A8V0YDT5 R4GGQ4 A0A8V0XEJ0 A0A8V0XUK6 A0A1D5NYG2 A0A8V0Z4J0 A0A8V1ACS0 A0A3Q2U2N5 A0A3Q2UGW3 A0A8V0ZSX0 A0A8V0Z1C5 A0A8V1A7R0 A0A1D5PC37 A0A1D5PRH9 A0A8V0ZZU1 A0A8V0XDM2 A0A8V0Y9F8 A0A8V0ZX23 A0A8V0Z7D4 A0A8V1ABC9 A0A8V0YSI0 A0A8V0YU83 A0A8V1AFR2 A0A8V0XX41 A0A8V0Z9Y8 P01875 A0A8V0YWM3
Biological Process,negative regulation of programmed cell death,5,GO:0043069,34,255,389,2734,0.94,0.7075667982431914,0.15,A0A8V0Y0V1 A0A8V0ZWX9 A0A8V1AG56 Q98938 A0A8V1AJT2 A0A8V0ZC57 A0A8V0XYR2 A0A8V0Z4J0 A0A8V1A3H9 A0A8V0YC57 P02460 A0A8V1ACS0 A0A8V0ZZG2 A0A8V0YLX0 A0A8V1ABC8 E1BYF1 A0A8V0YW57 A0A8V0X852 A0A8V0YRF2 A0A8V1A7R0 A0A1D5P1F1 A0A8V0ZKV3 A0A8V0ZE58 Q00649 A0A8V0XJ84 A0A8V1ABC9 A0A8V0YRK4 A0A8V0ZKI8 A0A8V1A9R2 A0A8V0ZDZ5 A0A8V0YJV4 A0A8V0ZTG6 A0A8V0YDD6 A0A8V0Z4M1
Biological Process,negative regulation of nitrogen compound metabolic process,5,GO:0051172,59,436,389,2734,0.95,0.7085909535290517,0.15,A0A8V0Y0V1 A0A8V0YNQ0 A0A8V1AG56 A0A8V0X4D8 Q98938 A0A8V0Y999 A0A8V0YM05 A0A8V0ZW33 A0A8V1A9A7 A0A1D5NTR5 A0A8V0YXG4 A0A1L1RP76 A0A8V0YPA6 A0A8V0YW12 A0A8V0XFL3 A0A8V0Y290 A0A8V0ZC57 A0A8V0XYR2 A0A8V0X643 A0A8V0Z4J0 A0A8V1ACS0 A0A8V0Y0F3 A0A8V0ZZG2 A0A8V0ZSG8 A0A8V0X637 A0A8V1ABC8 A0A8V0ZQS2 A0A8V0ZTA5 A0A1L1RX77 A0A8V0YW57 A0A8V0ZSX6 A0A8V0X852 A0A8V0YRF2 A0A1D5PNG3 A0A8V1A7R0 Q6JHU8 Q0PVE4 A0A8V0Y7Y9 A0A8V1AA32 A0A8V0Z438 Q5ZJ58 Q00649 A0A8V0ZH54 A0A8V1ABC9 A0A8V0YF22 A0A8V0ZE30 A0A8V0XAF8 A0A8V0ZKI8 A0A8V1A3S8 A0A8V0YDT4 A0A8V1A9R2 A0A8V0Z9Z7 A0A8V1AJI2 A0A8V0Y614 A0A8V1AJV5 A0A8V0Z4M1 A0A8V0ZPH9 A0A8V0YRG2 A0A8V1A653
Biological Process,striated muscle cell development,5,GO:0055002,7,59,389,2734,0.83,0.7089017838330753,0.15,A0A8V0XB58 Q98938 A0A8V0ZAU8 A0A8V0YXG4 A0A8V0Z4M1 A0A1D5PLP1 A0A1D5P0D7
Biological Process,memory,4,GO:0007613,7,59,389,2734,0.83,0.7089017838330753,0.15,A0A8V0ZKI8 A0A8V0XB58 A0A8V0ZSG8 A0A8V1A9R2 A0A8V1A9A7 A0A8V0ZSX6 A0A8V0YRK4
Biological Process,muscle system process,3,GO:0003012,7,60,389,2734,0.82,0.7091573839811047,0.15,A0A8V0XB58 A0A8V0XGL8 A0A8V0YM05 A0A8V0ZY91 A0A8V0XZQ1 A0A8V0Z7D4 A0A8V0XYR2
Biological Process,negative regulation of supramolecular fiber organization,6,GO:1902904,7,60,389,2734,0.82,0.7091573839811047,0.15,A0A8V0Y0F3 A0A1D5PBU5 A0A1L1RX77 Q00649 A0A8V0YXG4 A0A8V0X852 A0A8V0Y290
Biological Process,cell-cell signaling by wnt,4,GO:0198738,7,60,389,2734,0.82,0.7091573839811047,0.15,A0A8V0ZKI8 A0A8V1ACS0 A0A8V0YS46 A0A8V1AG56 A0A8V1A9A7 A0A8V0Z9Y8 A0A8V0Z4J0
Biological Process,microtubule-based process,2,GO:0007017,41,273,389,2734,1.06,0.714811254761238,0.15,A0A8V1A449 A0A8V1A6Y8 A0A8V0YPQ6 A0A8V0YGN8 A0A1D5NTR5 A0A8V0YVT3 A0A1D5NZT1 A0A1D5NYG2 A0A8V1A3Y6 A0A8V0Z4P8 A0A8V1AM51 Q5ZHX2 A0A8V0ZDK0 A0A8V0Y8G8 A0A8V0Z6L1 A0A8V0Y722 A0A8V0X5U3 A0A8V0ZSX0 A0A8V0Y1N7 A0A1L1RZ23 A0A8V0XLH4 A0A8V0Z6B9 Q0PVE4 Q5ZJ58 A0A8V0ZT48 E1BQB4 A0A8V0Z4U2 Q00649 A0A8V0XM58 A0A8V0ZE30 A0A8V0YRK4 A0A8V0XAF8 A0A8V0YEQ1 A0A1D5PBU5 A0A8V1A4I0 A0A8V0YY70 A0A8V0X370 A0A8V0XK27 A0A8V0YIE9 A0A8V0XTW4 A0A8V0ZLV6
Biological Process,positive regulation of cell-cell adhesion,6,GO:0022409,10,64,389,2734,1.1,0.7175559995693239,0.14,A0A8V1AG56 A0A8V0ZWX9 A0A8V0Z8V4 Q98938 A0A8V1A9R2 A0A1D5NZN4 A0A3Q3A4U3 A0A1D5NTR5 A0A8V0Y2E5 A0A1D5NYG2
Biological Process,regulation of plasma membrane bounded cell projection organization,6,GO:0120035,42,283,389,2734,1.04,0.7201767436482265,0.14,A0A8V0Y0V1 A0A8V0YNQ0 A0A8V1AG56 A0A8V0X4D8 A0A8V0ZI29 A0A3Q3A4U3 A0A8V0YGN8 A0A1D5NTR5 A0A8V0YDT5 A0A1D5NYG2 A0A8V0YMR1 A0A8V0Z8V4 A0A8V0XGL8 A0A8V0ZKS6 A0A8V0YLN5 A0A8V1ACD6 A0A8V0X852 A0A8V0ZAU8 A0A1D5P1F1 Q6JHU8 Q0PVE4 A0A8V0XB58 A0A8V0ZBA3 A0A8V0XWZ8 A0A8V0Y1A4 Q00649 A0A8V0XJ84 A0A8V0XAN3 A0A8V0YRK4 E1BQI2 A0A8V0ZKI8 A0A8V0ZB91 A0A1D5PBU5 A0A1D5P655 A0A8V1A3S8 A0A8V1AB05 A0A8V0YY70 A0A8V1AJI2 A0A1D5PT01 A0A8V0YDD6 A0A8V0Z4M1 A0A8V0YRG2
Biological Process,regulation of macromolecule biosynthetic process,5,GO:0010556,67,491,389,2734,0.96,0.7217292135741862,0.14,A0A8V0Y0V1 A0A8V1AG56 A0A8V1A9L3 A0A8V0X4D8 Q98938 A0A8V0ZW33 A0A8V0YM05 A0A8V1AJT2 A0A8V1A9A7 A0A1D5NTR5 A0A8V0XUK6 A0A8V0XRN3 A0A8V0ZFG7 A0A8V0YW12 A0A8V0XFL3 A0A8V0Y290 A0A8V0XYR2 A0A8V0Z4J0 A0A8V1ACS0 A0A8V0Y0F3 A0A8V0ZZG2 A0A8V0XGL8 A0A8V0ZSG8 A0A8V0ZKS6 A0A8V1ABC8 A0A1D5PQV0 A0A8V1AFC3 E1BYF1 A0A1L1RX77 A0A8V0X5U3 A0A8V0YHH6 A0A8V0ZSX6 A0A8V0YRF2 A0A1D5NZN4 A0A1D5PNG3 Q8AWB4 A0A8V1A7R0 A0A1D5P1F1 A0A8V0X1T3 A0A8V1AJ90 A0A1D5P0D7 A0A8V0ZA56 A0A8V0XB58 A0A8V0XDM2 A0A8V0ZE58 A0A1D5PNL3 A0A8V0XPN5 A0A3Q2TT95 Q00649 A0A8V0XJ84 A0A8V0Y2E5 A0A8V1ABC9 A0A8V0YF22 A0A8V0XM58 A0A1D5PLP1 A0A8V0ZF83 A0A8V0ZE30 A0A8V0YR09 A0A8V0ZKI8 A0A1D5P655 A0A8V1A9R2 A0A1D5P201 A0A8V0Z9Z7 A0A8V0YMM6 A0A8V0Y070 A0A8V0Z4M1 A0A8V0ZQS2
Biological Process,intracellular chemical homeostasis,3,GO:0055082,20,155,389,2734,0.91,0.7226232843893152,0.14,A0A8V0YPA6 A0A8V0XYR2 A0A3Q2U2N6 A0A8V0YFB8 A0A1D5PQV0 E1C733 A0A8V1A4P2 A0A8V0XB58 A0A1D5NWP2 A0A8V1ABC9 A0A8V0XX49 A0A8V0XAF8 A0A8V0ZKI8 A0A8V1A9R2 A0A8V0ZES4 A0A8V0XLN9 A0A8V0YDD6 A0A8V1AJV5 A0A8V0YLT1 Q5ZHL0
Biological Process,negative regulation of catabolic process,5,GO:0009895,8,66,389,2734,0.85,0.7235780226702685,0.14,A0A8V0X4D8 A0A8V0Y7Y9 A0A8V1ABC8 A0A1L1RP76 A0A8V1ACU1 A0A8V0Z4M1 A0A8V1A7R0 A0A8V1A653
Biological Process,regulation of stress-activated MAPK cascade,6,GO:0032872,8,67,389,2734,0.84,0.7237696554852993,0.14,A0A8V1AG56 A0A8V0ZZG2 A0A8V1ABC8 A0A1D5PNL3 A0A1D5P0D7 A0A8V0Z4M1 A0A8V0XYR2 E1BQI2
Biological Process,regulation of cardiocyte differentiation,5,GO:1905207,3,17,389,2734,1.24,0.723910963244077,0.14,A0A8V1AK88 A0A8V0XYR2 A0A8V0XXK8
Biological Process,positive regulation of adaptive immune response,6,GO:0002821,3,17,389,2734,1.24,0.723910963244077,0.14,A0A8V0YW57 A0A8V0ZSX6 A0A8V0ZWX9
Biological Process,membrane protein proteolysis,5,GO:0033619,3,17,389,2734,1.24,0.723910963244077,0.14,A0A8V0XBI2 A0A8V0XE95 A0A8V0YF22
Biological Process,autophagosome organization,6,GO:1905037,3,17,389,2734,1.24,0.723910963244077,0.14,A0A1D5PC37 A0A8V0Y7Y9 Q05744
Biological Process,regulation of receptor internalization,7,GO:0002090,3,17,389,2734,1.24,0.723910963244077,0.14,A0A8V0Z4M1 A0A8V0ZRU9 A0A8V0Z9Y8
Biological Process,negative regulation of insulin receptor signaling pathway,6,GO:0046627,3,17,389,2734,1.24,0.723910963244077,0.14,A0A8V1ABC9 A0A8V0ZSG8 A0A8V0ZI29
Biological Process,positive regulation of dephosphorylation,8,GO:0035306,3,17,389,2734,1.24,0.723910963244077,0.14,A0A8V0XRN3 Q98938 A0A8V0X637
Biological Process,germ-line stem cell division,3,GO:0042078,3,17,389,2734,1.24,0.723910963244077,0.14,A0A8V0XFL3 A0A8V1A9R2 Q98938
Biological Process,regulatory ncRNA-mediated post-transcriptional gene silencing,9,GO:0035194,3,17,389,2734,1.24,0.723910963244077,0.14,A0A1D5PNG3 A0A8V1A7R0 A0A8V0ZJ97
Biological Process,cholesterol transport,7,GO:0030301,3,17,389,2734,1.24,0.723910963244077,0.14,A0A8V0ZKI8 A0A8V0Y9F8 A0A8V1A3H7
Biological Process,negative regulation of mRNA metabolic process,7,GO:1903312,3,17,389,2734,1.24,0.723910963244077,0.14,A0A8V0Z438 A0A8V1ABC8 A0A8V0Z4M1
Biological Process,negative regulation of cellular response to insulin stimulus,5,GO:1900077,3,17,389,2734,1.24,0.723910963244077,0.14,A0A8V1ABC9 A0A8V0ZSG8 A0A8V0ZI29
Biological Process,nephron epithelium morphogenesis,5,GO:0072088,3,17,389,2734,1.24,0.723910963244077,0.14,A0A8V0ZTP1 A0A8V0ZW33 A0A8V0XRN3
Biological Process,response to fluid shear stress,3,GO:0034405,3,17,389,2734,1.24,0.723910963244077,0.14,A0A8V0YLT1 A0A8V0XJ84 A0A8V0Y2E5
Biological Process,positive regulation of interleukin-6 production,6,GO:0032755,3,17,389,2734,1.24,0.723910963244077,0.14,A0A8V1AG56 A0A8V1ABC8 A0A8V0YR09
Biological Process,lipid storage,3,GO:0019915,3,17,389,2734,1.24,0.723910963244077,0.14,A0A8V0Z086 A0A8V0ZDK0 A0A8V0ZZG2
Biological Process,protein N-linked glycosylation via asparagine,6,GO:0018279,3,17,389,2734,1.24,0.723910963244077,0.14,A0A8V1ACQ8 A0A8V0XQS7 A0A8V0ZW46
Biological Process,hindgut morphogenesis,3,GO:0007442,3,17,389,2734,1.24,0.723910963244077,0.14,A0A8V1AG56 A0A8V1A9R2 Q98938
Biological Process,ovarian follicle development,3,GO:0001541,3,17,389,2734,1.24,0.723910963244077,0.14,A0A8V0XF68 A0A8V0Z4M1 O12971
Biological Process,nephron tubule morphogenesis,6,GO:0072078,3,17,389,2734,1.24,0.723910963244077,0.14,A0A8V0ZTP1 A0A8V0ZW33 A0A8V0XRN3
Biological Process,regulation of leukocyte apoptotic process,6,GO:2000106,3,17,389,2734,1.24,0.723910963244077,0.14,A0A8V1AG56 A0A8V1A9R2 A0A8V0ZWX9
Biological Process,artery morphogenesis,5,GO:0048844,3,17,389,2734,1.24,0.723910963244077,0.14,A0A8V0Z4M1 A0A1D5PE57 A0A8V0XDM2
Biological Process,positive regulation of lymphocyte proliferation,7,GO:0050671,3,17,389,2734,1.24,0.723910963244077,0.14,A0A8V1A9R2 A0A8V1ABC8 A0A8V0ZWX9
Biological Process,leukocyte migration,2,GO:0050900,8,68,389,2734,0.83,0.724625409927746,0.14,A0A8V1ABC8 E1C733 A0A8V0Y4R7 A0A8V0YDD6 A0A8V1ABC9 A0A8V0Z4M1 A0A8V0ZQS2 A0A8V0YR09
Biological Process,regulation of monoatomic cation transmembrane transport,6,GO:1904062,8,68,389,2734,0.83,0.724625409927746,0.14,A0A8V0XB58 A0A8V1AFH0 A0A8V0ZY91 A0A8V1AJV5 A0A8V0ZRU9 A0A1D5NWP2 A0A1D5P7Y2 A0A8V0YRG2
Biological Process,regulation of stress-activated protein kinase signaling cascade,5,GO:0070302,8,68,389,2734,0.83,0.724625409927746,0.14,A0A8V1AG56 A0A8V0ZZG2 A0A8V1ABC8 A0A1D5PNL3 A0A1D5P0D7 A0A8V0Z4M1 A0A8V0XYR2 E1BQI2
Biological Process,intracellular signal transduction,3,GO:0035556,40,298,389,2734,0.94,0.725747252580891,0.14,A0A8V1AG56 A0A8V0YBZ6 Q98938 A0A8V0ZYM1 A0A8V0YGN8 A0A1D5NTR5 A0A8V0XUJ8 A0A8V0XYR2 A0A8V0Z4J0 A0A8V0ZEJ3 A0A8V0YC57 A0A8V0YB43 A0A8V1ACS0 A0A8V0ZZG2 A0A8V1ABC8 A0A8V0ZTA5 E1C733 A0A8V0YW57 A0A3Q2TYT2 A0A8V1A7R0 A0A1D5P1F1 A0A8V0XB58 A0A8V0ZZU1 A0A1D5PNL3 Q00649 A0A1D5NWP2 A0A8V1ABC9 A0A8V0YRK4 A0A8V1ADF6 E1BQI2 A0A3Q2TU24 A0A1D5P655 A0A8V1A9R2 A0A8V1AB67 A0A8V0YJV4 A0A8V1AJI2 A0A8V1AJV5 A0A8V0Z4M1 A0A8V0ZQS2 A0A8V0YWM3
Biological Process,MAPK cascade,4,GO:0000165,11,69,389,2734,1.12,0.7261193751576296,0.14,A0A8V1ACS0 A0A8V1AG56 A0A3Q2TU24 A0A8V0XB58 A0A8V1ADF6 A0A8V1A9R2 A0A8V1ABC8 A0A1D5PNL3 E1C733 A0A8V0ZTA5 A0A8V0Z4J0
Biological Process,blastoderm segmentation,4,GO:0007350,11,70,389,2734,1.1,0.7282224398769931,0.14,A0A8V0ZKI8 A0A8V1AG56 A0A8V0YS46 Q98938 A0A8V1A9R2 A0A8V1A9A7 A0A8V0Y070 A0A8V0YMM6 A0A8V1ACD6 A0A8V0ZH54 A0A8V0ZF83
Biological Process,rhythmic process,1,GO:0048511,11,71,389,2734,1.09,0.7309027595008954,0.14,A0A8V0YNQ0 A0A8V1AG56 A0A8V1A9R2 A0A8V0ZW33 A0A1D5PNB8 A0A8V0Y1A4 A0A8V0Z4R1 A0A8V0XJ84 A0A8V0Y2E5 A0A8V0ZFG7 A0A8V1A653
Biological Process,hindgut development,5,GO:0061525,3,18,389,2734,1.17,0.7336406376175051,0.13,A0A8V1AG56 A0A8V1A9R2 Q98938
Biological Process,cellular response to calcium ion,5,GO:0071277,3,18,389,2734,1.17,0.7336406376175051,0.13,A0A8V1AG56 A0A8V0XYR2 A0A8V0XB58
Biological Process,imaginal disc-derived leg morphogenesis,5,GO:0007480,3,18,389,2734,1.17,0.7336406376175051,0.13,A0A8V0ZZG2 A0A8V0ZZU1 O12971
Biological Process,nephron morphogenesis,3,GO:0072028,3,18,389,2734,1.17,0.7336406376175051,0.13,A0A8V0ZTP1 A0A8V0ZW33 A0A8V0XRN3
Biological Process,excretion,3,GO:0007588,3,18,389,2734,1.17,0.7336406376175051,0.13,A0A1D5NTR5 A0A8V1AEJ4 A0A1D5NYG2
Biological Process,encapsulation of foreign target,3,GO:0035010,3,18,389,2734,1.17,0.7336406376175051,0.13,A0A8V0Y7C8 A0A8V1AAH7 A0A8V0YRG2
Biological Process,antimicrobial humoral immune response mediated by antimicrobial peptide,5,GO:0061844,3,18,389,2734,1.17,0.7336406376175051,0.13,A0A8V1ABC8 E1C733 A0A8V0YR09
Biological Process,positive regulation of mononuclear cell proliferation,7,GO:0032946,3,18,389,2734,1.17,0.7336406376175051,0.13,A0A8V1A9R2 A0A8V1ABC8 A0A8V0ZWX9
Biological Process,cornification,4,GO:0070268,3,18,389,2734,1.17,0.7336406376175051,0.13,A0A8V0XCI3 A0A8V0X4D8 A0A8V0ZA56
Biological Process,post-transcriptional gene silencing,8,GO:0016441,3,18,389,2734,1.17,0.7336406376175051,0.13,A0A1D5PNG3 A0A8V1A7R0 A0A8V0ZJ97
Biological Process,negative regulation of myeloid cell differentiation,6,GO:0045638,3,18,389,2734,1.17,0.7336406376175051,0.13,A0A8V0XUK6 A0A8V0ZQS2 A0A1D5NZN4
Biological Process,negative regulation of synapse organization,6,GO:1905809,3,18,389,2734,1.17,0.7336406376175051,0.13,A0A8V0YNQ0 A0A8V0Z8V4 A0A8V1AG56
Biological Process,oligodendrocyte differentiation,5,GO:0048709,3,18,389,2734,1.17,0.7336406376175051,0.13,A0A8V0ZSX0 A0A8V1A2P5 Q98938
Biological Process,positive regulation of protein modification by small protein conjugation or removal,9,GO:1903322,3,18,389,2734,1.17,0.7336406376175051,0.13,A0A1D5P1F1 A0A1D5PNL3 A0A8V0YRF2
Biological Process,regulation of microtubule polymerization,6,GO:0031113,3,18,389,2734,1.17,0.7336406376175051,0.13,A0A8V1A9L3 A0A1D5PBU5 A0A8V0X5U3
Biological Process,heterophilic cell-cell adhesion via plasma membrane cell adhesion molecules,5,GO:0007157,3,18,389,2734,1.17,0.7336406376175051,0.13,A0A1D5NTR5 A0A8V0YDT5 A0A1D5NYG2
Biological Process,positive regulation of non-canonical NF-kappaB signal transduction,7,GO:1901224,3,18,389,2734,1.17,0.7336406376175051,0.13,A0A1D5P1F1 A0A8V1ABC8 A0A8V0XYR2
Biological Process,positive regulation of transforming growth factor beta receptor signaling pathway,6,GO:0030511,3,18,389,2734,1.17,0.7336406376175051,0.13,A0A8V0X4D8 A0A8V0XRN3 A0A8V0YMM6
Biological Process,sterol transport,6,GO:0015918,3,18,389,2734,1.17,0.7336406376175051,0.13,A0A8V0ZKI8 A0A8V0Y9F8 A0A8V1A3H7
Biological Process,positive regulation of lipid transport,5,GO:0032370,3,18,389,2734,1.17,0.7336406376175051,0.13,A0A3Q2U2N5 A0A8V0XYR2 A0A8V0YWM3
Biological Process,regulation of sodium ion transmembrane transporter activity,6,GO:2000649,3,18,389,2734,1.17,0.7336406376175051,0.13,A0A8V1AJV5 A0A8V0XB58 A0A8V0ZRU9
Biological Process,positive regulation of cellular response to transforming growth factor beta stimulus,5,GO:1903846,3,18,389,2734,1.17,0.7336406376175051,0.13,A0A8V0X4D8 A0A8V0XRN3 A0A8V0YMM6
Biological Process,icosanoid metabolic process,6,GO:0006690,3,18,389,2734,1.17,0.7336406376175051,0.13,A0A1D5P1F1 A0A8V0XYR2 A0A8V0ZIZ5
Biological Process,regulation of canonical Wnt signaling pathway,6,GO:0060828,11,72,389,2734,1.07,0.7341262177835106,0.13,A0A8V0ZKI8 A0A8V1AG56 F1NGB8 A0A8V0XDM2 A0A8V1A9A7 A0A8V0ZBJ8 A0A8V0YVT3 A0A8V1AJV5 A0A8V0YRF2 A0A8V0Y8L6 A0A8V0X097
Biological Process,lipid catabolic process,4,GO:0016042,9,73,389,2734,0.87,0.7361717457781831,0.13,P11602 A0A8V0X637 A0A8V0YJV4 A0A8V0XWZ8 A0A8V0Z086 A0A8V0Y9F8 A0A8V0YC98 A0A1D5P1F1 A0A8V0Y513
Biological Process,receptor-mediated endocytosis,4,GO:0006898,9,73,389,2734,0.87,0.7361717457781831,0.13,A0A8V0ZKI8 A0A8V0ZZG2 A0A8V0ZZU1 A0A8V0XDM2 A0A8V1A2P5 A0A8V0YXG4 A0A1D5PIZ5 A0A8V0Z9Y8 A0A8V0Z888
Biological Process,multicellular organismal process,1,GO:0032501,239,1658,389,2734,1.01,0.7371266833512097,0.13,A0A8V1A9L3 P11602 A0A8V0ZWX9 A0A8V1AEJ4 A0A8V0Z4R1 A0A1D5NTR5 A0A8V0YVT3 A0A8V0YDT5 R4GGQ4 A0A8V0YEZ4 A0A1D5NYG2 A0A8V1AKQ0 A0A8V0ZEJ3 A0A8V0YB43 A0A8V0Z8V4 A0A3Q2U2N5 A0A8V0ZZG2 A0A8V1ALE0 A0A8V1ABC8 A0A8V0Y722 A0A8V0XXW6 A0A1L1RX77 A0A8V0XPE8 A0A8V0YW57 A0A8V0YHL6 A0A8V1ACD6 A0A8V1A7R0 A0A8V0ZA56 A0A1L1RZ23 A0A8V0Y4Q2 A0A8V0Z6B9 F1NEZ4 A0A8V0ZTP1 A0A8V0ZKV3 A0A1D5PNL3 A0A8V0ZT48 A0A8V0Z086 A0A8V0Y9F8 A0A8V0XJ84 A0A1D5NWP2 A0A8V0YYQ9 A0A8V0XXK8 F1NGB8 A0A3Q2TU24 A0A8V0YEQ1 A0A8V0ZJ97 A0A8V0Y478 A0A8V0ZB91 A0A8V1AB05 A0A8V1A9R2 A0A8V1AB67 A0A8V0ZHK9 A0A8V0Y070 A0A8V0ZX23 A0A8V0ZQS2 A0A8V1AG56 A0A1D5PCU0 A0A8V0XCX4 A0A8V0XBI2 A0A8V0XXM5 A0A8V0YM05 A0A8V0XDL7 A0A8V1A9A7 A0A3Q3A4U3 A0A3Q2TVX1 A0A8V0XRN3 P02460 A0A8V0Y0F3 A0A8V0Y8G8 A0A8V0YUF6 A0A8V0X637 A0A8V0XK73 A0A8V0ZSX0 A0A8V0ZF99 A0A8V0ZRU9 A0A3Q2TYT2 A0A1D5NZN4 A0A8V0YLZ5 A0A8V1AAH7 A0A1D5P0D7 A0A1D5PRH9 A0A8V0ZG43 A0A8V1AK88 A0A8V0XA92 Q0PVE4 A0A8V0ZE58 A0A1D5P0X0 Q00649 A0A8V0Y103 A0A8V0Z7D4 A0A8V1ABC9 A0A1D5PDV9 A0A8V0XM58 A0A8V0ZE30 A0A8V0YA97 A0A8V0YRK4 A0A8V0YSI0 A0A8V1ADF6 E1BQI2 A0A8V0Y513 A0A8V0YR09 A0A1D5PBU5 Q05744 A0A8V1AFH0 A0A8V1AFR2 A0A8V0Y413 A0A8V0YJV4 A0A8V0X5K9 A0A8V0YMM6 A0A8V0YY70 A0A8V1AJI2 A0A1D5PT01 A0A8V1AJV5 A0A8V0YLT1 A0A8V0ZQP1 P33005 Q76KB2 A0A8V0YRG2 A0A8V0XMD4 A0A8V1A653 A0A8V0Y0V1 A0A8V0X4D8 A0A8V0ZBR8 A0A8V0ZI29 A0A8V1AFP7 A0A8V0ZYM1 A0A8V0YGN8 A0A8V0YXG4 A0A1D5PIZ5 A0A8V0ZHL4 A0A8V0YG88 A0A8V0YPA6 A0A8V0ZIF0 A0A8V0XE95 A0A8V0XFL3 A0A8V0Y8L6 A0A8V0YC57 A0A8V0ZDK0 A0A8V1AHJ8 A0A8V0ZSG8 A0A8V0ZKS6 A0A8V0ZTA5 E1C733 A0A8V0YLN5 A0A8V0ZSX6 A0A8V0XKU5 A0A8V0Z888 A0A1D5PE57 A0A8V0ZAU8 Q8AWB4 A0A8V0Y969 A0A8V0ZMU3 A0A8V0ZLV3 A0A8V0XZV7 A0A8V0YRN1 A0A8V0XWZ8 A0A8V0ZY91 A0A8V0Y1A4 A0A8V0ZY42 A0A8V0YPB9 F1NJI3 A0A8V0YBD7 A0A1D5PLP1 A0A8V0ZF83 A0A8V0ZKI8 O12971 A0A8V0YDT4 A0A8V0X9N1 A0A1D5P655 A0A8V0ZES4 A0A8V0XX41 A0A8V0ZTG6 A0A8V0X370 A0A8V0XK27 A0A8V0ZFH4 A0A8V0YQC4 A0A8V0XZQ1 A0A8V0YIE9 A0A8V0Z9Y8 A0A8V0Z4M1 A0A8V0YNQ0 Q98938 A0A8V0XRC4 A0A8V0XCI3 A0A1D5NW03 A0A8V0ZW33 A0A8V1A2P5 A0A1D5NZT1 A0A8V0ZFG7 A0A1D5PA74 A0A8V0XUJ8 A0A8V0Y290 A0A8V0XYR2 A0A8V0Y4G8 A0A8V0YMR1 A0A8V1A3H9 A0A8V1AAN6 A0A8V0XGY8 A0A8V0XGL8 A0A3Q2UGW3 A0A8V0WZN3 A0A1D5PQV0 A0A8V0Y7C8 A0A8V0Y1N7 A0A8V0YHH6 A0A1D5P1F1 Q6JHU8 A0A8V0XF68 A0A8V0YS46 A0A8V0WZJ4 A0A8V0XB58 A0A8V0ZZU1 A0A8V0XDM2 A0A8V0YE20 Q5ZJ58 A0A3Q2UEL1 A0A8V1A2F4 A0A8V0Z2J4 E1BQB4 A0A3Q2TT95 A0A8V0ZBJ8 A0A8V0Y2E5 A0A8V0ZH54 A0A8V0XX49 Q9I946 A0A8V0XAF8 A0A8V1A3S8 A0A8V1A4I0 A0A8V0ZRE1 A0A8V0Z9Z7 A0A8V0Y614 A0A8V0YDD6 A0A8V1AM47 R4GH52 F1NSM7 A0A8V0XFB5 Q5ZHL0 A0A8V0ZPH9 A0A8V0YWM3
Biological Process,positive regulation of programmed cell death,5,GO:0043068,23,175,389,2734,0.92,0.7379795157432467,0.13,A0A8V0YNQ0 A0A1D5PCU0 A0A8V1AG56 A0A8V0ZI29 A0A3Q3A4U3 A0A8V0Z4J0 A0A8V1ACS0 A0A8V0X637 A0A8V0ZRU9 A0A8V0X852 A0A8V0Z307 A0A8V0XB58 A0A8V0ZE58 A0A8V0XJ84 A0A8V0XAF8 A0A8V0ZKI8 A0A8V1A9R2 A0A8V0ZDZ5 A0A8V1AJI2 A0A8V1AJV5 A0A8V0XFB5 A0A8V0ZQS2 A0A8V0YWM3
Biological Process,response to nitrogen compound,3,GO:1901698,45,333,389,2734,0.95,0.7381991472699496,0.13,A0A8V0YNQ0 P11602 A0A8V0ZWX9 Q5ZIB0 A0A8V0ZW33 A0A8V1A2P5 A0A8V0Z4R1 A0A8V0YEZ4 A0A8V0YPA6 A0A8V0XYR2 A0A8V0YC57 A0A8V0YB43 P02460 A0A8V1AHJ8 Q5ZHL0 A0A8V0X637 A0A8V1ABC8 A0A8V0ZTA5 A0A8V0YW57 A0A8V0Y1N7 A0A8V0Z1C5 A0A8V0ZRU9 A0A1D5PE57 A0A1D5PNG3 A0A8V1A7R0 A0A1D5P1F1 A0A8V1AJ90 A0A8V0XDM2 A0A8V0ZW46 A0A8V0ZY91 Q00649 A0A8V1ABC9 Q9I946 A0A8V0Y513 A0A8V0ZKI8 A0A8V0ZJ97 A0A1D5P655 A0A8V1A9R2 A0A8V0YJV4 A0A8V0YDD6 A0A8V0YLT1 A0A8V0XQS7 A0A8V0Z4M1 A0A8V1A653 A0A8V0YWM3
Biological Process,negative regulation of transferase activity,5,GO:0051348,12,77,389,2734,1.1,0.7401364219524483,0.13,A0A8V0ZKI8 Q0PVE4 A0A8V1A3S8 A0A8V0X637 A0A8V1A9A7 A0A1L1RX77 Q00649 A0A8V0ZH54 A0A8V1ABC9 A0A8V0ZC57 A0A8V0ZPH9 A0A8V0YRG2
Biological Process,response to bacterium,3,GO:0009617,27,180,389,2734,1.05,0.7408535355927585,0.13,A0A8V1AG56 A0A1D5PCU0 A0A8V0XXM5 A0A8V0ZAP5 A0A8V0XEJ0 A0A8V0XYR2 E1BS94 A0A8V1AHJ8 A0A8V1ABC8 A0A8V0ZTA5 A0A1L1RX77 A0A8V0ZSX0 A0A8V0X852 A0A8V0Z888 A0A8V0Y4Q2 A0A8V0ZLV3 A0A1D5PNL3 Q00649 A0A1D5PDV9 A0A8V0YR09 A0A8V0XAF8 A0A8V0Y513 Q05744 A0A8V0Y614 A0A8V0YDD6 P01875 A0A8V1A653
Biological Process,anatomical structure development,2,GO:0048856,218,1510,389,2734,1.01,0.7414369915253622,0.13,A0A8V1A9L3 A0A8V0ZWX9 A0A8V1AEJ4 A0A8V0Z4R1 A0A1D5NTR5 A0A8V0YVT3 A0A8V0YDT5 A0A1D5NYG2 A0A8V1AKQ0 A0A8V0ZEJ3 A0A8V0YB43 A0A8V0Z8V4 A0A8V0ZZG2 A0A8V1ABC8 A0A8V0Y722 A0A8V0XXW6 A0A1L1RX77 A0A8V0XPE8 A0A8V0YW57 A0A8V0YHL6 A0A8V1ACD6 A0A8V1A7R0 A0A8V0ZA56 A0A1L1RZ23 A0A8V0Y4Q2 F1NEZ4 A0A8V0ZTP1 A0A8V0ZKV3 A0A1D5PNL3 A0A8V0ZT48 A0A8V0Y9F8 A0A8V0XJ84 A0A1D5NWP2 A0A8V0YYQ9 A0A8V0XXK8 F1NGB8 A0A3Q2TU24 A0A8V0YEQ1 A0A8V0ZJ97 A0A8V0Y478 A0A8V0ZB91 A0A8V1AB05 A0A8V1A9R2 A0A8V1AB67 A0A8V0ZHK9 A0A8V0Y070 A0A8V0ZX23 A0A8V0ZQS2 A0A8V1AG56 A0A1D5PCU0 A0A8V0XCX4 A0A8V0XBI2 A0A8V0XXM5 A0A8V0YM05 A0A8V0XDL7 A0A8V1A9A7 A0A3Q3A4U3 A0A3Q2TVX1 A0A8V0XRN3 A0A8V1ACU1 P02460 A0A8V0Y0F3 A0A8V0YUF6 A0A8V0X637 A0A8V0XK73 A0A8V0ZSX0 A0A8V0ZF99 A0A8V0ZRU9 A0A1D5NZN4 A0A8V0XGV7 A0A8V1AAH7 A0A1D5P0D7 A0A1D5PRH9 A0A8V0ZG43 Q0PVE4 A0A8V0XA92 A0A8V0ZE58 Q00649 A0A8V0Y103 A0A1D5PDV9 A0A8V1ABC9 A0A8V0XM58 A0A8V0ZE30 A0A8V0YA97 A0A8V0YRK4 A0A8V1ADF6 E1BQI2 A0A8V0Y513 A0A8V0YR09 A0A1D5PBU5 Q05744 A0A8V1AFR2 A0A8V0Y413 A0A8V0YJV4 A0A8V0X5K9 A0A8V0YMM6 A0A8V0YY70 A0A8V1AJI2 A0A1D5PT01 A0A8V1AJV5 A0A8V0YLT1 A0A8V0ZQP1 P33005 A0A8V0YRG2 Q76KB2 A0A8V1A653 A0A8V0Y0V1 A0A8V0X4D8 A0A8V0ZBR8 A0A8V0ZI29 A0A8V0ZYM1 A0A8V0YGN8 A0A8V0YXG4 A0A1D5PIZ5 A0A8V0ZHL4 A0A8V0YG88 A0A8V0YPA6 A0A8V0ZIF0 A0A8V0XE95 A0A8V0XFL3 A0A8V0Y8L6 A0A8V0YC57 A0A8V0ZDK0 A0A8V1AHJ8 A0A8V0ZSG8 A0A8V0ZKS6 A0A8V0ZTA5 E1C733 A0A8V0YLN5 A0A8V0ZSX6 A0A8V0XKU5 A0A8V0Z888 A0A1D5PE57 A0A8V0ZAU8 Q8AWB4 A0A8V0Y969 A0A8V0ZMU3 A0A8V0XZV7 A0A8V0YRN1 A0A8V0XWZ8 A0A8V0ZY91 A0A8V0Y1A4 A0A8V0ZY42 A0A8V0YPB9 A0A8V0YBD7 A0A1D5PLP1 A0A8V0ZF83 A0A8V0ZKI8 O12971 A0A8V0YDT4 A0A8V0X9N1 A0A1D5P655 A0A8V0ZES4 A0A8V0XX41 A0A8V0ZTG6 A0A8V0X370 A0A8V0XK27 A0A8V0ZFH4 A0A8V0YQC4 A0A8V0XZQ1 A0A8V0YIE9 A0A8V0Z9Y8 A0A8V0Z4M1 A0A8V0YNQ0 Q98938 A0A8V0XRC4 A0A8V0XCI3 A0A1D5NW03 A0A8V0ZW33 A0A8V1A2P5 A0A8V0ZCA3 A0A1D5NZT1 A0A8V0ZFG7 A0A8V0XUJ8 A0A8V0Y290 A0A8V0XYR2 A0A8V0Y4G8 A0A8V0YMR1 A0A8V1A3H9 A0A8V1AAN6 A0A8V0XGY8 A0A8V0XGL8 A0A3Q2UGW3 A0A8V0WZN3 A0A1D5PQV0 A0A8V0Y7C8 A0A8V0Y1N7 A0A8V0YHH6 A0A1D5P1F1 Q6JHU8 A0A8V0XF68 A0A8V0YS46 A0A8V0WZJ4 A0A8V0XB58 A0A8V0ZZU1 A0A8V0XDM2 A0A8V0YE20 Q5ZJ58 A0A3Q2UEL1 A0A8V1A2F4 A0A8V0Z2J4 A0A3Q2TT95 A0A8V0ZBJ8 A0A8V0Y2E5 A0A8V0ZH54 A0A8V0XX49 Q9I946 A0A8V0XAF8 A0A8V1A3S8 A0A8V1A4I0 A0A8V0Z9Z7 A0A8V0YDD6 A0A8V1AM47 F1NSM7 A0A8V0XFB5 Q5ZHL0 A0A8V0ZPH9 A0A8V0YWM3
Biological Process,macromolecule biosynthetic process,4,GO:0009059,51,345,389,2734,1.04,0.7418726680951304,0.13,Q5ZIB0 Q98938 A0A8V0XRC4 A0A8V0XDL7 A0A8V0XMA2 A0A8V0YXG4 A0A8V0ZR84 A0A1D5PA74 A0A8V0Y8L6 A0A8V0Z4J0 A0A8V0ZWH1 A0A8V0ZY61 A0A8V1ACS0 A0A8V1ABC8 A0A8V0WZN3 E1C3Z8 A0A3Q2TTB3 A0A1L1RX77 A0A8V0XK73 A0A8V0Y7C8 A0A8V1A4P2 A0A8V0XT35 E1C2T4 A0A8V0ZYN6 A0A1D5PNG3 Q8AWB4 A0A8V1A7R0 A0A8V1AJ90 A0A8V0Z0B9 A0A8V0ZG43 A0A8V0YS46 A0A8V0WZJ4 A0A8V0Z6S1 A0A1D5PJE0 A0A8V0ZW46 A0A8V1A2F4 A0A8V0XPN5 A0A8V0ZBJ8 A0A8V0Z865 A0A8V0Y2E5 A0A8V0Y218 A0A8V0YYQ9 F1NGB8 O12971 A0A1D5P201 A0A8V1ACQ8 A0A8V0ZFH4 A0A8V0Y6W2 A0A8V0YQC4 A0A8V0XQS7 Q76KB2
Biological Process,gliogenesis,5,GO:0042063,12,78,389,2734,1.08,0.7424630635917542,0.13,A0A8V0ZKI8 A0A8V0Z8V4 A0A8V0XGL8 Q98938 A0A8V0ZKS6 A0A8V0XRC4 A0A8V0YE20 A0A8V1A2P5 A0A8V0XX41 A0A8V0ZSX0 A0A8V0YDD6 A0A8V1A7R0
Biological Process,T cell receptor signaling pathway,6,GO:0050852,3,19,389,2734,1.11,0.7447225993072323,0.13,A0A8V0XUK6 A0A1D5PNL3 A0A8V0ZQS2
Biological Process,hippocampus development,3,GO:0021766,3,19,389,2734,1.11,0.7447225993072323,0.13,A0A8V1AB05 A0A8V0YVT3 A0A8V0ZTA5
Biological Process,positive regulation of Notch signaling pathway,6,GO:0045747,3,19,389,2734,1.11,0.7447225993072323,0.13,A0A8V1A7R0 O12971 A0A3Q3A4U3
Biological Process,negative regulation of leukocyte cell-cell adhesion,7,GO:1903038,3,19,389,2734,1.11,0.7447225993072323,0.13,A0A8V1A9R2 A0A8V0ZZG2 Q98938
Biological Process,mitochondrion localization,3,GO:0051646,3,19,389,2734,1.11,0.7447225993072323,0.13,A0A8V0Y8L6 A0A8V0YS46 A0A8V0XCX4
Biological Process,hair cycle,3,GO:0042633,3,19,389,2734,1.11,0.7447225993072323,0.13,A0A8V0ZTP1 A0A3Q2TU24 F1NJI3
Biological Process,protein-DNA complex organization,5,GO:0071824,3,19,389,2734,1.11,0.7447225993072323,0.13,A0A8V1ACS0 A0A8V0Z9Z7 A0A8V0Z4J0
Biological Process,negative regulation of synaptic transmission,5,GO:0050805,3,19,389,2734,1.11,0.7447225993072323,0.13,A0A3Q2UGW3 A0A8V0YBD7 A0A8V0YRK4
Biological Process,meiosis I cell cycle process,3,GO:0061982,3,19,389,2734,1.11,0.7447225993072323,0.13,A0A8V0YW57 R4GH52 A0A1D5PBU5
Biological Process,morphogenesis of an epithelial sheet,5,GO:0002011,3,19,389,2734,1.11,0.7447225993072323,0.13,A0A8V0ZKI8 A0A8V0ZE58 A0A8V1AG56
Biological Process,receptor clustering,5,GO:0043113,3,19,389,2734,1.11,0.7447225993072323,0.13,A0A8V0YEQ1 A0A8V0X4D8 A0A8V0XUK6
Biological Process,embryonic hemopoiesis,5,GO:0035162,3,19,389,2734,1.11,0.7447225993072323,0.13,A0A8V0Z4M1 A0A8V0YMM6 A0A8V0Y070
Biological Process,hyperosmotic response,4,GO:0006972,3,19,389,2734,1.11,0.7447225993072323,0.13,A0A8V0ZSX6 A0A8V0YJV4 A0A8V0YEZ4
Biological Process,regulation of muscle cell apoptotic process,6,GO:0010660,3,19,389,2734,1.11,0.7447225993072323,0.13,A0A8V0ZKI8 A0A8V0XYR2 A0A8V0XB58
Biological Process,regulation of chondrocyte differentiation,5,GO:0032330,3,19,389,2734,1.11,0.7447225993072323,0.13,A0A8V0X852 Q98938 A0A1D5P0D7
Biological Process,response to growth hormone,5,GO:0060416,3,19,389,2734,1.11,0.7447225993072323,0.13,A0A8V1A9R2 A0A8V1A7R0 A0A8V0Y513
Biological Process,nucleotide-sugar metabolic process,4,GO:0009225,3,19,389,2734,1.11,0.7447225993072323,0.13,A0A8V0ZXC9 A0A8V0XQS7 A0A8V0ZW46
Biological Process,negative regulation of viral process,4,GO:0048525,3,19,389,2734,1.11,0.7447225993072323,0.13,A0A8V0ZSX6 A0A8V1AJ90 A0A8V0YDT4
Biological Process,positive regulation of lipase activity,6,GO:0060193,3,19,389,2734,1.11,0.7447225993072323,0.13,A0A8V0Z4M1 A0A8V0ZE58 A0A8V0ZEJ3
Biological Process,embryonic pattern specification,3,GO:0009880,12,79,389,2734,1.07,0.7452723664030634,0.13,A0A8V0ZKI8 A0A8V1AG56 A0A8V0YS46 Q98938 A0A8V1A9R2 A0A8V0YM05 A0A8V1A9A7 A0A8V0Y070 A0A8V0YMM6 A0A8V1ACD6 A0A8V0ZH54 A0A8V0ZF83
Biological Process,proteasomal protein catabolic process,5,GO:0010498,10,80,389,2734,0.88,0.7471304463618169,0.13,A0A8V1ACS0 Q5ZIB0 A0A8V0ZZG2 A0A8V0ZW46 A0A8V0ZY42 A0A8V0XQS7 A0A8V0ZFG7 A0A8V0Z4J0 A0A8V0YFD4 A0A8V1AJ90
Biological Process,cellular response to environmental stimulus,3,GO:0104004,10,82,389,2734,0.86,0.7478561959722491,0.13,A0A8V0YNQ0 A0A8V0ZSG8 A0A8V1ABC8 A0A8V0YJV4 Q5ZJ58 A0A8V0XPE8 A0A8V0ZSX6 A0A8V1A4P2 A0A8V1ABC9 P02460
Biological Process,cellular response to abiotic stimulus,3,GO:0071214,10,82,389,2734,0.86,0.7478561959722491,0.13,A0A8V0YNQ0 A0A8V0ZSG8 A0A8V1ABC8 A0A8V0YJV4 Q5ZJ58 A0A8V0XPE8 A0A8V0ZSX6 A0A8V1A4P2 A0A8V1ABC9 P02460
Biological Process,regulation of protein metabolic process,5,GO:0051246,96,655,389,2734,1.03,0.7484668888501909,0.13,Q5ZMG0 A0A8V1AJT2 A0A8V1ACS0 A0A8V0ZZG2 A0A8V1ABC8 A0A1L1RX77 A0A8V1A7R0 A0A8V1A3N1 A0A1D5PNL3 A0A8V0XJ84 A0A3Q2TU24 A0A8V0ZB91 A0A8V1A9R2 A0A8V0ZDZ5 A0A8V0ZQS2 A0A8V1AG56 A0A8V1A9A7 A0A3Q3A4U3 A0A8V1A8R6 A0A8V0XUK6 A0A8V0XRN3 A0A8V0ZC57 A0A8V0Y0F3 A0A8V0X637 A0A8V0ZP32 A0A8V0ZRU9 A0A8V1AKH4 A0A8V0YRF2 A0A8V0X1T3 A0A1D5P0D7 Q0PVE4 A0A8V0Y7Y9 A0A8V1AA32 A0A8V0ZE58 A0A8V0XPN5 Q00649 A0A8V1ABC9 A0A8V0YF22 A0A8V0XM58 A0A8V0ZE30 A0A8V0YRK4 E1BQI2 A0A8V0YR09 A0A1D5P201 A0A8V0Y413 A0A8V1AJI2 A0A8V1AJV5 A0A8V0YRG2 A0A8V1A653 A0A8V0Y0V1 A0A8V0X4D8 A0A8V0YBZ6 A0A8V0YXG4 A0A1L1RP76 A0A8V0YPA6 A0A8V0XFL3 A0A8V0X643 A0A8V0Z4J0 A0A8V0ZTA5 E1C733 A0A8V0ZSX6 A0A1D5PC37 A0A8V0XWZ8 A0A8V0ZKI8 A0A1D5P655 A0A8V0YDT4 A0A8V0Z4M1 A0A8V0YNQ0 Q98938 A0A8V0XRC4 A0A8V0Y999 A0A8V0Y290 A0A8V0XYR2 A0A8V1A3H9 A0A8V0XGL8 A0A8V1A8N2 A0A1D5PQV0 A0A8V1AFC3 A0A8V0X852 A0A1D5PNG3 A0A1D5P1F1 Q6JHU8 A0A8V0YS46 A0A8V0WZJ4 A0A8V0XB58 A0A8V0XDM2 Q5ZJ58 A0A8V0ZH54 Q9I946 A0A8V0XAF8 A0A8V1A3S8 A0A8V0Y614 A0A8V0YDD6 A0A8V0XFB5 A0A8V0ZPH9 A0A8V0YWM3
Biological Process,anterior/posterior pattern specification,4,GO:0009952,13,86,389,2734,1.06,0.7550759307044226,0.12,A0A8V0YNQ0 A0A8V0ZKI8 A0A8V1AG56 Q0PVE4 Q98938 O12971 A0A8V0ZF83 A0A8V0Y070 A0A8V1A9A7 A0A8V0YMM6 A0A8V0YVT3 A0A8V0ZH54 Q8AWB4
Biological Process,negative regulation of cell communication,5,GO:0010648,54,397,389,2734,0.96,0.7560952400921664,0.12,A0A8V1AG56 A0A8V0ZWX9 A0A8V1A9L3 A0A8V0ZI29 A0A3Q3A4U3 A0A1D5NZT1 A0A8V0YDT5 A0A8V0YPA6 A0A8V0XFL3 A0A8V0Y290 A0A8V0X097 A0A8V0ZC57 A0A8V0XYR2 A0A8V0Z4J0 A0A8V0YMR1 A0A8V0YC57 P02460 A0A8V1ACS0 A0A8V0Y0F3 A0A8V0ZZG2 A0A8V0YQ88 A0A8V0ZSG8 A0A8V0X637 A0A3Q2UGW3 A0A8V0ZTA5 E1BYF1 A0A1L1RX77 A0A8V0XPE8 A0A8V0ZRU9 A0A1D5NZN4 A0A8V1AAH7 A0A8V0Z2J4 A0A8V0ZY91 A0A3Q2TT95 Q00649 A0A8V0YBD7 A0A8V0XJ84 A0A8V0ZH54 A0A8V1ABC9 A0A8V0ZE30 A0A8V0YRK4 A0A8V0ZKI8 O12971 A0A8V0YDT4 A0A8V1AB05 A0A8V0ZHK9 A0A8V0ZDZ5 A0A8V0YMM6 A0A8V0XK27 A0A8V1AJV5 A0A8V0Z4M1 Q5ZKV5 A0A8V0YRG2 A0A8V0ZQS2
Biological Process,negative regulation of signaling,4,GO:0023057,54,398,389,2734,0.95,0.7561887708543606,0.12,A0A8V1AG56 A0A8V0ZWX9 A0A8V1A9L3 A0A8V0ZI29 A0A3Q3A4U3 A0A1D5NZT1 A0A8V0YDT5 A0A8V0YPA6 A0A8V0XFL3 A0A8V0Y290 A0A8V0X097 A0A8V0ZC57 A0A8V0XYR2 A0A8V0Z4J0 A0A8V0YMR1 A0A8V0YC57 P02460 A0A8V1ACS0 A0A8V0Y0F3 A0A8V0ZZG2 A0A8V0YQ88 A0A8V0ZSG8 A0A8V0X637 A0A3Q2UGW3 A0A8V0ZTA5 E1BYF1 A0A1L1RX77 A0A8V0XPE8 A0A8V0ZRU9 A0A1D5NZN4 A0A8V1AAH7 A0A8V0Z2J4 A0A8V0ZY91 A0A3Q2TT95 Q00649 A0A8V0YBD7 A0A8V0XJ84 A0A8V0ZH54 A0A8V1ABC9 A0A8V0ZE30 A0A8V0YRK4 A0A8V0ZKI8 O12971 A0A8V0YDT4 A0A8V1AB05 A0A8V0ZHK9 A0A8V0ZDZ5 A0A8V0YMM6 A0A8V0XK27 A0A8V1AJV5 A0A8V0Z4M1 Q5ZKV5 A0A8V0YRG2 A0A8V0ZQS2
Biological Process,regulation of carbohydrate biosynthetic process,5,GO:0043255,3,20,389,2734,1.05,0.75678911855471,0.12,A0A8V0YY90 A0A8V0Y2E5 A0A8V1A3H9
Biological Process,regulatory ncRNA-mediated gene silencing,8,GO:0031047,3,20,389,2734,1.05,0.75678911855471,0.12,A0A1D5PNG3 A0A8V1A7R0 A0A8V0ZJ97
Biological Process,positive regulation of neuron apoptotic process,7,GO:0043525,3,20,389,2734,1.05,0.75678911855471,0.12,A0A8V0ZRU9 A0A8V0ZI29 A0A8V0YWM3
Biological Process,positive regulation of leukocyte proliferation,6,GO:0070665,3,20,389,2734,1.05,0.75678911855471,0.12,A0A8V1A9R2 A0A8V1ABC8 A0A8V0ZWX9
Biological Process,erythrocyte differentiation,5,GO:0030218,3,20,389,2734,1.05,0.75678911855471,0.12,A0A8V0Z4M1 A0A8V1A9R2 A0A8V0YM05
Biological Process,cAMP-mediated signaling,6,GO:0019933,3,20,389,2734,1.05,0.75678911855471,0.12,A0A8V0XUJ8 A0A8V1AJV5 A0A8V0YC57
Biological Process,positive regulation of cell-matrix adhesion,7,GO:0001954,3,20,389,2734,1.05,0.75678911855471,0.12,A0A8V0Z4M1 A0A8V0ZPH9 A0A8V0XWZ8
Biological Process,positive regulation of Ras protein signal transduction,8,GO:0046579,3,20,389,2734,1.05,0.75678911855471,0.12,A0A1D5PE57 A0A8V0XB58 A0A3Q3A4U3
Biological Process,neuronal stem cell division,5,GO:0036445,3,20,389,2734,1.05,0.75678911855471,0.12,A0A8V0YB43 Q0PVE4 A0A8V0ZKI8
Biological Process,regulation of T cell differentiation,7,GO:0045580,3,20,389,2734,1.05,0.75678911855471,0.12,A0A8V1A9R2 A0A8V0ZWX9 Q98938
Biological Process,phosphatidylinositol phosphate biosynthetic process,7,GO:0046854,3,20,389,2734,1.05,0.75678911855471,0.12,A0A3Q2TU24 Q5ZJ58 A0A8V0ZYM1
Biological Process,axon midline choice point recognition,5,GO:0016199,3,20,389,2734,1.05,0.75678911855471,0.12,A0A8V0Z8V4 A0A8V0ZKS6 A0A3Q3A4U3
Biological Process,positive regulation of smooth muscle cell migration,7,GO:0014911,3,20,389,2734,1.05,0.75678911855471,0.12,A0A8V0XB58 A0A8V0Y2E5 A0A8V0Y1A4
Biological Process,receptor internalization,5,GO:0031623,3,20,389,2734,1.05,0.75678911855471,0.12,A0A8V0ZZG2 A0A8V1A2P5 A0A8V0Z9Y8
Biological Process,regulation of defense response to virus,5,GO:0050688,3,20,389,2734,1.05,0.75678911855471,0.12,A0A8V0ZSX6 A0A8V0ZJ97 A0A8V0ZZG2
Biological Process,alpha-amino acid biosynthetic process,5,GO:1901607,3,20,389,2734,1.05,0.75678911855471,0.12,A0A8V0Y513 A0A1D5PNB8 E1BYF1
Biological Process,axon choice point recognition,4,GO:0016198,3,20,389,2734,1.05,0.75678911855471,0.12,A0A8V0Z8V4 A0A8V0ZKS6 A0A3Q3A4U3
Biological Process,neuroblast division,3,GO:0055057,3,20,389,2734,1.05,0.75678911855471,0.12,A0A8V0YB43 Q0PVE4 A0A8V0ZKI8
Biological Process,regulation of glucose transmembrane transport,5,GO:0010827,3,20,389,2734,1.05,0.75678911855471,0.12,A0A8V0YY90 A0A8V0XYR2 A0A8V1ABC9
Biological Process,positive regulation of ion transmembrane transporter activity,5,GO:0032414,3,20,389,2734,1.05,0.75678911855471,0.12,A0A8V0YRG2 A0A1D5NWP2 A0A8V1AFH0
Biological Process,muscle organ morphogenesis,4,GO:0048644,3,20,389,2734,1.05,0.75678911855471,0.12,A0A8V1AG56 A0A8V0YXG4 A0A1D5PE57
Biological Process,keratinization,2,GO:0031424,3,20,389,2734,1.05,0.75678911855471,0.12,A0A8V0XCI3 A0A8V0X4D8 A0A8V0ZA56
Biological Process,adherens junction assembly,7,GO:0034333,2,21,389,2734,0.67,0.7572371857637705,0.12,A0A8V0ZTP1 Q0PVE4
Biological Process,establishment of spindle orientation,5,GO:0051294,2,21,389,2734,0.67,0.7572371857637705,0.12,A0A1D5PBU5 A0A8V0X5U3
Biological Process,intracellular iron ion homeostasis,4,GO:0006879,2,21,389,2734,0.67,0.7572371857637705,0.12,Q5ZHL0 A0A1D5PQV0
Biological Process,protein depolymerization,6,GO:0051261,2,21,389,2734,0.67,0.7572371857637705,0.12,A0A1D5PBU5 A0A8V0X852
Biological Process,response to increased oxygen levels,4,GO:0036296,2,21,389,2734,0.67,0.7572371857637705,0.12,A0A8V1AG56 Q5ZHL0
Biological Process,Golgi to plasma membrane transport,4,GO:0006893,2,21,389,2734,0.67,0.7572371857637705,0.12,A0A8V0YB43 A0A8V0XTW4
Biological Process,positive regulation of neuromuscular junction development,6,GO:1904398,2,21,389,2734,0.67,0.7572371857637705,0.12,A0A8V0YNQ0 A0A8V0X4D8
Biological Process,midgut development,5,GO:0007494,2,21,389,2734,0.67,0.7572371857637705,0.12,A0A8V1AG56 A0A8V0Y513
Biological Process,negative regulation of cell-substrate adhesion,6,GO:0010812,2,21,389,2734,0.67,0.7572371857637705,0.12,A0A8V0XWZ8 A0A8V0YDT4
Biological Process,establishment of protein localization to plasma membrane,5,GO:0061951,2,21,389,2734,0.67,0.7572371857637705,0.12,A0A8V0YB43 A0A8V0XTW4
Biological Process,ovulation cycle process,2,GO:0022602,2,21,389,2734,0.67,0.7572371857637705,0.12,A0A8V0XJ84 A0A8V0Y1A4
Biological Process,regulation of innate immune response,5,GO:0045088,11,89,389,2734,0.87,0.7573908440153851,0.12,A0A8V1ACS0 A0A8V1AG56 A0A8V0ZZG2 A0A8V1AFH0 A0A8V1AB05 A0A8V1ABC8 A0A1D5PNL3 A0A8V0XUK6 A0A8V0YRF2 A0A8V0Z4J0 A0A8V0YR09
Biological Process,regulation of cell morphogenesis,5,GO:0022604,31,209,389,2734,1.04,0.758043562964277,0.12,A0A8V0Y0V1 A0A8V0YNQ0 A0A8V1AG56 A0A8V0X4D8 Q98938 A0A8V0ZI29 A0A3Q3A4U3 A0A8V0YGN8 A0A8V0YVT3 A0A8V0YDT5 A0A8V0YMR1 A0A8V0Z8V4 A0A8V0XGL8 A0A8V0ZKS6 E1C733 A0A8V1ACD6 A0A8V0X852 A0A8V0XWZ8 A0A8V0Y2E5 A0A8V0YU83 E1BQI2 A0A8V0ZB91 A0A8V1A3S8 A0A1D5P655 A0A8V0YDT4 A0A8V1AB05 A0A8V1A9R2 A0A8V0YDD6 A0A8V1AJV5 A0A8V0Z4M1 A0A8V0YRG2
Biological Process,regulation of reproductive process,3,GO:2000241,11,90,389,2734,0.86,0.7583667893221147,0.12,A0A8V1AG56 A0A8V0ZWX9 A0A8V0XB58 O12971 A0A1D5P655 A0A8V0ZES4 A0A8V0YW57 A0A8V0YXG4 A0A8V0YPA6 A0A8V0ZX23 A0A8V0YC57
Biological Process,negative regulation of cellular biosynthetic process,6,GO:0031327,28,212,389,2734,0.93,0.7586898395754982,0.12,A0A8V0Y0V1 A0A8V1AG56 A0A8V0ZW33 A0A8V0YM05 A0A1D5NTR5 A0A8V0YW12 A0A8V0XFL3 A0A8V0Y290 A0A8V0XYR2 A0A8V0Z4J0 A0A8V1A3H9 A0A8V0YB43 A0A8V1ACS0 A0A8V0Y0F3 A0A8V0ZSG8 A0A8V0ZSX6 A0A1D5PNG3 A0A8V1A7R0 A0A8V0YY90 A0A8V1ABC9 A0A8V0YF22 A0A8V0ZE30 A0A8V0XAF8 A0A3Q2TU24 A0A8V1A9R2 A0A8V0Z9Z7 A0A8V0Z4M1 A0A8V0ZQS2
Biological Process,methylation,2,GO:0032259,2,22,389,2734,0.64,0.7588996544487823,0.12,A0A3Q2TYT2 A0A1D5PNB8
Biological Process,negative regulation of response to oxidative stress,5,GO:1902883,2,22,389,2734,0.64,0.7588996544487823,0.12,Q00649 A0A8V0ZIZ5
Biological Process,regulation of stem cell differentiation,5,GO:2000736,2,22,389,2734,0.64,0.7588996544487823,0.12,A0A8V1A7R0 A0A8V0ZZG2
Biological Process,inner mitochondrial membrane organization,6,GO:0007007,2,22,389,2734,0.64,0.7588996544487823,0.12,R4GGQ4 A0A8V1A803
Biological Process,pancreas development,4,GO:0031016,2,22,389,2734,0.64,0.7588996544487823,0.12,A0A8V1AG56 Q98938
Biological Process,positive regulation of stress fiber assembly,7,GO:0051496,2,22,389,2734,0.64,0.7588996544487823,0.12,A0A8V0ZPH9 A0A8V0XJ84
Biological Process,intra-Golgi vesicle-mediated transport,4,GO:0006891,2,22,389,2734,0.64,0.7588996544487823,0.12,A0A8V0Y7Y9 A0A8V0ZAP0
Biological Process,regulation of nucleotide biosynthetic process,6,GO:0030808,2,22,389,2734,0.64,0.7588996544487823,0.12,A0A1D5PNG3 A0A8V1A7R0
Biological Process,regulation of purine nucleotide biosynthetic process,7,GO:1900371,2,22,389,2734,0.64,0.7588996544487823,0.12,A0A1D5PNG3 A0A8V1A7R0
Biological Process,programmed cell death involved in cell development,3,GO:0010623,2,22,389,2734,0.64,0.7588996544487823,0.12,Q05744 A0A8V0YWM3
Biological Process,embryonic placenta development,5,GO:0001892,2,22,389,2734,0.64,0.7588996544487823,0.12,Q76KB2 A0A8V0ZE58
Biological Process,cellular response to amino acid stimulus,5,GO:0071230,2,22,389,2734,0.64,0.7588996544487823,0.12,A0A1D5PE57 Q9I946
Biological Process,regulation of stem cell proliferation,5,GO:0072091,2,22,389,2734,0.64,0.7588996544487823,0.12,A0A8V0Z4M1 A0A8V0YDT4
Biological Process,developmental process involved in reproduction,2,GO:0003006,61,415,389,2734,1.03,0.7604514319002404,0.12,A0A8V1AG56 A0A8V0ZWX9 Q98938 A0A8V0ZI29 A0A8V0XBI2 A0A8V0YM05 A0A8V0ZYM1 A0A3Q3A4U3 A0A1D5NTR5 A0A8V0YDT5 A0A8V0YPA6 A0A1D5NYG2 A0A8V0XE95 A0A8V0XFL3 A0A8V1AAN6 A0A8V0YC57 A0A8V0YB43 A0A8V0ZDK0 A0A8V0Z8V4 A0A8V0XGL8 A0A8V0ZKS6 A0A8V0ZTA5 A0A8V0XXW6 A0A1L1RX77 A0A8V0YW57 A0A1D5NZN4 A0A8V0XF68 A0A1L1RZ23 A0A8V0WZJ4 A0A8V0ZZU1 Q0PVE4 Q5ZJ58 A0A3Q2UEL1 A0A8V0ZE58 A0A8V0ZY91 A0A8V0Y1A4 A0A8V0Z4M1 A0A8V0ZH54 A0A8V1ABC9 A0A8V0ZE30 A0A1D5PLP1 A0A8V0YRG2 A0A8V0ZF83 A0A8V0ZKI8 A0A3Q2TU24 A0A8V0YEQ1 A0A8V0ZJ97 A0A1D5PBU5 Q05744 O12971 A0A8V1AB05 A0A8V1A9R2 A0A1D5P655 A0A8V0X5K9 A0A8V0ZES4 A0A8V0Y070 A0A8V0YMM6 A0A8V0YIE9 A0A8V0ZQP1 P33005 Q76KB2
Biological Process,wing disc morphogenesis,5,GO:0007472,14,92,389,2734,1.07,0.7615811599380293,0.12,A0A8V0ZKI8 A0A8V0YS46 A0A8V0ZZG2 Q98938 O12971 A0A3Q2UEL1 A0A8V0ZF83 A0A8V0Y070 A0A8V1A9A7 A0A8V0XK73 A0A8V0YMM6 A0A1D5NWP2 A0A8V0XFL3 Q76KB2
Biological Process,regulation of transferase activity,4,GO:0051338,29,219,389,2734,0.93,0.7621499766335743,0.12,A0A8V1AG56 A0A8V1A9A7 A0A3Q3A4U3 A0A8V0ZC57 A0A8V0XYR2 A0A8V0Z4J0 A0A8V1A3H9 A0A8V1ACS0 A0A8V0ZDK0 A0A8V0X637 A0A1L1RX77 A0A8V0X1T3 Q0PVE4 A0A8V1A3N1 A0A8V0ZE58 A0A1D5PNL3 Q00649 A0A8V0XJ84 A0A8V0ZH54 A0A8V1ABC9 Q9I946 A0A8V0ZKI8 A0A3Q2TU24 A0A8V1A3S8 A0A8V1A9R2 A0A8V1AJV5 A0A8V0Z4M1 A0A8V0ZPH9 A0A8V0YRG2
Biological Process,apoptotic cell clearance,5,GO:0043277,2,23,389,2734,0.61,0.762197892956251,0.12,A0A8V0ZZU1 A0A1D5PC37
Biological Process,olfactory behavior,4,GO:0042048,2,23,389,2734,0.61,0.762197892956251,0.12,A0A8V0YEQ1 A0A8V0YY70
Biological Process,endosome transport via multivesicular body sorting pathway,4,GO:0032509,2,23,389,2734,0.61,0.762197892956251,0.12,A0A8V0ZZU1 A0A8V0ZH54
Biological Process,endothelial cell migration,6,GO:0043542,2,23,389,2734,0.61,0.762197892956251,0.12,A0A8V0Z4M1 A0A3Q3A4U3
Biological Process,nuclear migration,4,GO:0007097,2,23,389,2734,0.61,0.762197892956251,0.12,A0A8V0Z8V4 A0A8V1AJV5
Biological Process,regulation of glucose metabolic process,5,GO:0010906,2,23,389,2734,0.61,0.762197892956251,0.12,A0A8V0YY90 A0A8V1A3H9
Biological Process,positive regulation of peptidyl-serine phosphorylation,9,GO:0033138,2,23,389,2734,0.61,0.762197892956251,0.12,A0A8V0Z4M1 A0A8V1AG56
Biological Process,regulation of cell adhesion,4,GO:0030155,33,221,389,2734,1.05,0.7631316794298517,0.12,A0A8V0Y0V1 A0A8V0YNQ0 A0A8V0ZWX9 A0A8V1AG56 Q98938 A0A8V0ZI29 A0A8V1A2P5 A0A3Q3A4U3 A0A1D5NTR5 A0A8V0YDT5 A0A8V0XRN3 A0A1D5NYG2 A0A8V0Y290 A0A8V1AAN6 A0A8V0Y0F3 A0A8V0Z8V4 A0A8V0ZZG2 A0A1D5NZN4 A0A8V1A9U7 A0A8V0ZE58 A0A8V0XWZ8 A0A3Q2TT95 A0A8V0Y2E5 A0A8V1ABC9 A0A8V1A3S8 A0A8V0YDT4 A0A8V1AB05 A0A8V1A9R2 A0A8V0X5K9 A0A8V0YMM6 A0A8V0YDD6 A0A8V0Z4M1 A0A8V0ZPH9
Biological Process,regulation of cell projection assembly,5,GO:0060491,12,94,389,2734,0.9,0.7653536078750701,0.12,Q0PVE4 A0A8V0XB58 A0A1D5PBU5 A0A8V0ZI29 A0A1D5P655 A0A8V1AB05 A0A8V0ZBA3 A0A1D5NTR5 A0A8V0YDT5 A0A8V0XJ84 A0A8V0XAN3 A0A8V0ZAU8
Biological Process,determination of adult lifespan,2,GO:0008340,12,97,389,2734,0.87,0.766739267308634,0.12,A0A8V0ZZG2 A0A8V0ZZU1 A0A8V0ZES4 A0A8V0ZY42 A0A8V0Z4R1 A0A8V0YW57 Q00649 A0A8V0ZSX6 A0A8V0YQC4 A0A8V1AM47 A0A8V1AKQ0 A0A8V0ZQS2
Biological Process,regulation of transmembrane transport,4,GO:0034762,12,97,389,2734,0.87,0.766739267308634,0.12,A0A8V0XB58 A0A8V1AFH0 A0A8V0ZY91 A0A8V0YY90 A0A8V1AJV5 A0A8V0YLT1 A0A1D5NWP2 A0A8V1ABC9 A0A8V0ZRU9 A0A1D5P7Y2 A0A8V0YRG2 A0A8V0XYR2
Biological Process,positive regulation of lipid localization,4,GO:1905954,4,24,389,2734,1.17,0.7669221061774965,0.12,P11602 A0A3Q2U2N5 A0A8V0XYR2 A0A8V0YWM3
Biological Process,regulation of neurotransmitter secretion,5,GO:0046928,4,24,389,2734,1.17,0.7669221061774965,0.12,A0A8V1AB67 A0A1D5P1F1 A0A3Q2TYT2 A0A1D5PC37
Biological Process,cellular response to light stimulus,5,GO:0071482,4,24,389,2734,1.17,0.7669221061774965,0.12,A0A8V0YNQ0 A0A8V0ZSX6 Q5ZJ58 A0A8V1ABC9
Biological Process,negative regulation of coagulation,5,GO:0050819,4,24,389,2734,1.17,0.7669221061774965,0.12,A0A8V0ZTG6 A0A3Q2TU24 A0A8V0XYR2 A0A8V1A2P5
Biological Process,kidney morphogenesis,4,GO:0060993,4,24,389,2734,1.17,0.7669221061774965,0.12,A0A8V0ZTP1 A0A8V0ZW33 A0A8V0XRN3 A0A8V0Y722
Biological Process,polyol metabolic process,4,GO:0019751,4,24,389,2734,1.17,0.7669221061774965,0.12,A0A1D5P1F1 A0A8V0YJV4 A0A8V0XCX4 A0A8V0ZQS2
Biological Process,regulation of non-canonical NF-kappaB signal transduction,6,GO:1901222,4,24,389,2734,1.17,0.7669221061774965,0.12,A0A1D5P1F1 A0A8V1ABC8 A0A8V0XYR2 A0A8V0ZSG8
Biological Process,sodium ion transport,7,GO:0006814,4,24,389,2734,1.17,0.7669221061774965,0.12,A0A8V0YLZ5 A0A8V1AM47 A0A8V1AJV5 A0A8V0ZES4
Biological Process,cellular component maintenance,4,GO:0043954,4,24,389,2734,1.17,0.7669221061774965,0.12,A0A8V1AB67 A0A3Q2TYT2 A0A1D5NTR5 A0A1D5NYG2
Biological Process,positive regulation of dendrite morphogenesis,6,GO:0050775,4,24,389,2734,1.17,0.7669221061774965,0.12,A0A8V0YDT5 A0A8V0YGN8 A0A8V0X4D8 A0A8V0ZI29
Biological Process,response to nutrient,3,GO:0007584,15,98,389,2734,1.08,0.7679884003062034,0.11,A0A8V0YNQ0 A0A8V0ZKI8 A0A8V0ZWX9 A0A8V0XGL8 A0A8V0XDM2 A0A8V0XXM5 A0A1D5PNB8 A0A8V0Y1A4 A0A8V0XPE8 P02460 A0A8V0YEZ4 A0A8V0YLN5 A0A8V0Z4M1 A0A1D5P1F1 A0A8V0YWM3
Biological Process,negative regulation of cellular metabolic process,5,GO:0031324,64,468,389,2734,0.96,0.7712997518099106,0.11,A0A8V0Y0V1 A0A8V0YNQ0 A0A8V1AG56 A0A8V0X4D8 Q98938 A0A8V0Y999 A0A8V0YM05 A0A8V0ZW33 A0A8V1A9A7 A0A1D5NTR5 A0A1L1RP76 A0A8V0YPA6 A0A8V0YW12 A0A8V0XFL3 A0A8V0Y290 A0A8V0ZC57 A0A8V0XYR2 A0A8V0X643 A0A8V0Z4J0 A0A8V1A3H9 A0A8V0YB43 A0A8V1ACS0 A0A8V0Y0F3 A0A8V0ZZG2 A0A8V0ZSG8 A0A8V0X637 A0A8V1ABC8 A0A8V0ZQS2 A0A8V0ZTA5 A0A1L1RX77 A0A8V0YW57 A0A8V0ZSX6 A0A8V0ZRU9 A0A8V0X852 A0A8V0YRF2 A0A1D5PNG3 A0A8V1A7R0 Q6JHU8 Q0PVE4 A0A8V0Y7Y9 A0A8V1AA32 A0A8V0Z438 A0A8V1ACU1 Q5ZJ58 Q00649 A0A8V0YY90 A0A8V0ZH54 A0A8V1ABC9 A0A8V0YF22 A0A8V0ZE30 A0A8V0XAF8 A0A8V0ZKI8 A0A3Q2TU24 A0A8V1A3S8 A0A8V0YDT4 A0A8V1A9R2 A0A8V0Z9Z7 A0A8V1AJI2 A0A8V0Y614 A0A8V1AJV5 A0A8V0Z4M1 A0A8V0ZPH9 A0A8V0YRG2 A0A8V1A653
Biological Process,multicellular organism reproduction,2,GO:0032504,65,474,389,2734,0.96,0.7725624941533563,0.11,A0A8V0YNQ0 A0A8V1AG56 Q98938 A0A8V0ZI29 A0A8V0YM05 A0A8V1A2P5 A0A8V0ZYM1 A0A1D5NTR5 A0A8V0YDT5 A0A8V0YPA6 A0A1D5NYG2 A0A8V0XFL3 A0A8V0Y8L6 A0A8V0XYR2 A0A8V0YC57 A0A8V0YB43 A0A8V0ZDK0 A0A8V0XGL8 A0A8V1ALE0 A0A8V0WZN3 A0A8V0ZTA5 A0A8V0XXW6 A0A8V0YW57 A0A8V0ZSX6 A0A3Q2TYT2 A0A1D5NZN4 A0A1D5P1F1 A0A8V0XF68 A0A1L1RZ23 A0A8V0YS46 A0A8V0WZJ4 A0A8V0XB58 A0A8V0Z6B9 A0A8V0ZZU1 A0A8V1AK88 Q0PVE4 Q5ZJ58 A0A3Q2UEL1 A0A8V0Y1A4 A0A8V0Y9F8 A0A8V0XJ84 A0A8V0Y2E5 A0A8V0Z7D4 A0A8V0ZH54 A0A1D5NWP2 A0A1D5PLP1 A0A8V0ZF83 A0A8V0ZE30 A0A8V0ZJ97 A0A1D5PBU5 Q05744 O12971 A0A8V1AB05 A0A8V1A9R2 A0A8V1AB67 A0A8V0YJV4 A0A1D5P655 A0A8V0X5K9 A0A8V0Y070 A0A8V0YMM6 A0A8V0Y614 A0A8V0YIE9 A0A8V0ZX23 A0A8V0YRG2 A0A8V1A653
Biological Process,positive regulation of transporter activity,4,GO:0032411,4,25,389,2734,1.12,0.772864380561068,0.11,A0A8V0YRG2 A0A8V1AFH0 A0A1D5NWP2 A0A8V0YWM3
Biological Process,regulation of lymphocyte differentiation,6,GO:0045619,4,25,389,2734,1.12,0.772864380561068,0.11,A0A8V1A9R2 A0A8V0ZQS2 A0A8V0ZWX9 Q98938
Biological Process,negative regulation of wound healing,6,GO:0061045,4,25,389,2734,1.12,0.772864380561068,0.11,A0A8V0ZTG6 A0A3Q2TU24 A0A8V0XYR2 A0A8V1A2P5
Biological Process,extracellular matrix disassembly,5,GO:0022617,4,25,389,2734,1.12,0.772864380561068,0.11,A0A8V0X4D8 A0A8V1A449 A0A8V0Y070 A0A8V1AFH0
Biological Process,cell cycle checkpoint signaling,4,GO:0000075,4,25,389,2734,1.12,0.772864380561068,0.11,A0A8V0YW57 A0A8V0ZW33 A0A8V0YRK4 A0A8V0Z9Z7
Biological Process,regulation of interleukin-6 production,5,GO:0032675,4,25,389,2734,1.12,0.772864380561068,0.11,A0A8V1AG56 A0A8V1ABC8 A0A8V0ZQS2 A0A8V0YR09
Biological Process,alcohol biosynthetic process,4,GO:0046165,4,25,389,2734,1.12,0.772864380561068,0.11,A0A8V0Y9F8 A0A1D5P1F1 A0A8V0YJV4 A0A8V1AK88
Biological Process,axonal transport,6,GO:0098930,4,25,389,2734,1.12,0.772864380561068,0.11,A0A8V0YGN8 A0A8V0YVT3 Q00649 A0A8V1A6Y8
Biological Process,muscle organ development,4,GO:0007517,13,101,389,2734,0.9,0.7730414241738759,0.11,A0A8V1AG56 A0A8V0ZTP1 A0A8V0Y413 A0A8V0Z2J4 A0A1L1RX77 A0A8V0ZFH4 A0A8V0YXG4 A0A3Q2TVX1 A0A8V0XZQ1 A0A1D5PE57 A0A8V0ZAU8 A0A8V0YYQ9 A0A1D5P0D7
Biological Process,regulation of T cell proliferation,7,GO:0042129,4,26,389,2734,1.08,0.7798235006840207,0.11,A0A8V1A9R2 A0A8V0ZZG2 A0A8V0XUK6 Q98938
Biological Process,nerve development,3,GO:0021675,4,26,389,2734,1.08,0.7798235006840207,0.11,A0A8V0YRG2 A0A8V1ACD6 A0A8V1ADF6 A0A8V0XX41
Biological Process,digestion,2,GO:0007586,4,26,389,2734,1.08,0.7798235006840207,0.11,A0A8V0YEZ4 A0A8V0ZLV3 A0A1D5PQV0 A0A8V0ZY91
Biological Process,G protein-coupled receptor signaling pathway,3,GO:0007186,14,108,389,2734,0.91,0.779983032825997,0.11,E1C733 A0A8V0ZY91 A0A8V0XWF0 A0A8V0YEZ4 A0A8V1AJV5 A0A8V0YLT1 A0A1D5PDV9 A0A8V1ABC9 A0A8V0XUJ8 A0A1D5P1F1 A0A8V0XYR2 A0A8V1AL54 A0A3Q2U3T5 A0A8V0YC57
Biological Process,innate immune response,3,GO:0045087,14,109,389,2734,0.9,0.7800059990534615,0.11,A0A8V1AG56 A0A8V0XB58 A0A8V0XGL8 A0A8V1A9R2 A0A8V1ABC8 E1C733 A0A8V1AJ90 A0A8V0XEJ0 A0A8V0YW12 A0A8V0YRG2 A0A8V0XYR2 A0A8V1AAH7 P01875 A0A8V0YR09
Biological Process,positive regulation of protein modification process,7,GO:0031401,36,266,389,2734,0.95,0.782263466701161,0.11,Q5ZMG0 A0A8V0Y0V1 A0A8V1AG56 A0A8V1AJT2 A0A3Q3A4U3 A0A8V0XRN3 A0A8V0XYR2 A0A8V0Z4J0 A0A8V1ACS0 A0A8V0X637 A0A8V1ABC8 E1C733 A0A8V1AFC3 A0A8V0ZSX6 A0A8V0YRF2 A0A8V0X1T3 A0A8V1A7R0 A0A1D5P1F1 A0A1D5P0D7 A0A8V0YS46 A0A8V0XB58 A0A8V1A3N1 A0A8V0ZE58 A0A1D5PNL3 A0A8V0XWZ8 A0A8V0XJ84 A0A8V1ABC9 Q9I946 E1BQI2 A0A3Q2TU24 A0A8V0ZB91 A0A8V1A3S8 A0A8V1A9R2 A0A8V0Y413 A0A8V0XFB5 A0A8V0Z4M1
Biological Process,wing disc development,5,GO:0035220,15,118,389,2734,0.89,0.7872454622294305,0.1,A0A8V0ZKI8 A0A8V0YS46 A0A8V0ZZG2 A0A8V0ZZU1 Q98938 O12971 A0A3Q2UEL1 A0A8V0ZF83 A0A8V0Y070 A0A8V1A9A7 A0A8V0XK73 A0A8V0YMM6 A0A1D5NWP2 A0A8V0XFL3 Q76KB2
Biological Process,axon ensheathment,3,GO:0008366,4,27,389,2734,1.04,0.7876085449263239,0.1,A0A1D5PRH9 A0A8V0WZN3 A0A8V1A2P5 A0A8V0XX41
Biological Process,response to UV,5,GO:0009411,4,27,389,2734,1.04,0.7876085449263239,0.1,A0A8V0YNQ0 A0A8V0YW57 A0A8V0ZSX6 A0A3Q2TTB3
Biological Process,endothelial cell development,5,GO:0001885,4,27,389,2734,1.04,0.7876085449263239,0.1,A0A8V1AB05 A0A8V1AHJ8 A0A8V1ABC8 A0A8V0Y070
Biological Process,cellular response to alcohol,5,GO:0097306,4,27,389,2734,1.04,0.7876085449263239,0.1,A0A8V0ZKI8 A0A8V0YDD6 A0A8V0Y1A4 A0A8V0YWM3
Biological Process,ensheathment of neurons,2,GO:0007272,4,27,389,2734,1.04,0.7876085449263239,0.1,A0A1D5PRH9 A0A8V0WZN3 A0A8V1A2P5 A0A8V0XX41
Biological Process,membrane lipid biosynthetic process,4,GO:0046467,4,27,389,2734,1.04,0.7876085449263239,0.1,A0A1D5P1F1 A0A8V0WZN3 A0A8V0YYQ9 A0A8V0X637
Biological Process,"G protein-coupled receptor signaling pathway, coupled to cyclic nucleotide second messenger",4,GO:0007187,3,28,389,2734,0.75,0.7880008453583693,0.1,A0A8V0XUJ8 A0A8V1AJV5 A0A8V0XYR2
Biological Process,regulation of substrate adhesion-dependent cell spreading,6,GO:1900024,3,28,389,2734,0.75,0.7880008453583693,0.1,A0A8V0XWZ8 A0A8V0Y2E5 A0A8V0YDT4
Biological Process,cellular response to carbohydrate stimulus,5,GO:0071322,3,28,389,2734,0.75,0.7880008453583693,0.1,A0A8V0XAF8 A0A8V0YDD6 A0A8V1ABC9
Biological Process,plasma membrane invagination,6,GO:0099024,3,28,389,2734,0.75,0.7880008453583693,0.1,P01875 A0A8V0XEJ0 A0A1D5PC37
Biological Process,positive regulation of proteasomal protein catabolic process,7,GO:1901800,3,28,389,2734,0.75,0.7880008453583693,0.1,A0A8V0XM58 A0A8V0ZDK0 A0A8V0YRK4
Biological Process,regulation of reactive oxygen species biosynthetic process,5,GO:1903426,3,28,389,2734,0.75,0.7880008453583693,0.1,A0A8V0XAF8 A0A8V1A7R0 A0A8V0XYR2
Biological Process,organic hydroxy compound transport,5,GO:0015850,3,28,389,2734,0.75,0.7880008453583693,0.1,A0A8V0ZKI8 A0A8V0Y9F8 A0A8V1A3H7
Biological Process,"vesicle targeting, to, from or within Golgi",3,GO:0048199,3,29,389,2734,0.73,0.7890694589860415,0.1,A0A8V0YSI0 A0A8V0XDM2 A0A8V1AFR2
Biological Process,positive regulation of proteolysis involved in protein catabolic process,8,GO:1903052,3,29,389,2734,0.73,0.7890694589860415,0.1,A0A8V0XM58 A0A8V0ZDK0 A0A8V0YRK4
Biological Process,vesicle coating,6,GO:0006901,3,29,389,2734,0.73,0.7890694589860415,0.1,A0A8V0YSI0 A0A8V0XDM2 A0A8V1AFR2
Biological Process,mitotic spindle organization,4,GO:0007052,3,29,389,2734,0.73,0.7890694589860415,0.1,A0A8V0ZDK0 A0A8V0YRK4 A0A1D5PBU5
Biological Process,terpenoid metabolic process,5,GO:0006721,3,29,389,2734,0.73,0.7890694589860415,0.1,A0A8V0YXG4 A0A8V0YJV4 A0A8V1AK88
Biological Process,intrinsic apoptotic signaling pathway,4,GO:0097193,3,29,389,2734,0.73,0.7890694589860415,0.1,A0A8V0YW57 A0A8V1ABC9 A0A8V0YWM3
Biological Process,regulation of neural precursor cell proliferation,5,GO:2000177,3,29,389,2734,0.73,0.7890694589860415,0.1,A0A8V0Z4M1 A0A8V1AG56 Q98938
Biological Process,regulation of calcium ion transmembrane transport,7,GO:1903169,3,29,389,2734,0.73,0.7890694589860415,0.1,A0A1D5P7Y2 A0A8V0XB58 A0A1D5NWP2
Biological Process,tube closure,4,GO:0060606,3,29,389,2734,0.73,0.7890694589860415,0.1,A0A8V0ZKI8 A0A8V0XDM2 A0A8V1AG56
Biological Process,purine ribonucleoside metabolic process,6,GO:0046128,3,29,389,2734,0.73,0.7890694589860415,0.1,A0A8V0ZWX9 A0A8V0ZG46 A0A1D5PNB8
Biological Process,neural tube closure,5,GO:0001843,3,29,389,2734,0.73,0.7890694589860415,0.1,A0A8V0ZKI8 A0A8V0XDM2 A0A8V1AG56
Biological Process,glial cell development,4,GO:0021782,3,29,389,2734,0.73,0.7890694589860415,0.1,A0A8V0XGL8 A0A8V1A2P5 A0A8V0XX41
Biological Process,purine nucleoside metabolic process,5,GO:0042278,3,29,389,2734,0.73,0.7890694589860415,0.1,A0A8V0ZWX9 A0A8V0ZG46 A0A1D5PNB8
Biological Process,cell-substrate junction assembly,6,GO:0007044,3,29,389,2734,0.73,0.7890694589860415,0.1,A0A8V0ZTP1 A0A8V0YDD6 A0A8V0YXG4
Biological Process,negative regulation of nervous system development,5,GO:0051961,18,121,389,2734,1.05,0.7908535789368114,0.1,A0A8V0YNQ0 A0A8V0ZKI8 A0A8V0Z8V4 A0A8V1AG56 A0A8V0XGL8 O12971 A0A8V0ZI29 A0A8V0ZKS6 A0A8V1AB05 A0A8V0YMM6 A0A8V0YDT5 A0A8V0ZSX6 A0A8V1A7R0 A0A8V1ACD6 A0A1D5PE57 A0A8V0YRG2 A0A8V0YRK4 A0A8V0YMR1
Biological Process,response to thyroid hormone,4,GO:0097066,3,30,389,2734,0.7,0.791258841821819,0.1,A0A8V0YJV4 A0A8V0Z1C5 A0A8V1AFH0
Biological Process,germarium-derived egg chamber formation,3,GO:0007293,3,30,389,2734,0.7,0.791258841821819,0.1,A0A3Q2UEL1 O12971 A0A8V0ZYM1
Biological Process,response to retinoic acid,4,GO:0032526,3,30,389,2734,0.7,0.791258841821819,0.1,A0A8V1AG56 A0A3Q2TU24 P02460
Biological Process,ephrin receptor signaling pathway,6,GO:0048013,3,30,389,2734,0.7,0.791258841821819,0.1,A0A8V0ZPH9 A0A8V0YRG2 A0A8V0Z9Y8
Biological Process,primary neural tube formation,6,GO:0014020,3,30,389,2734,0.7,0.791258841821819,0.1,A0A8V0ZKI8 A0A8V0XDM2 A0A8V1AG56
Biological Process,spindle assembly,4,GO:0051225,3,30,389,2734,0.7,0.791258841821819,0.1,A0A8V0Z4P8 A0A1D5PBU5 A0A8V0X5U3
Biological Process,plasma membrane organization,5,GO:0007009,3,30,389,2734,0.7,0.791258841821819,0.1,A0A8V0Z7D4 A0A1D5PC37 A0A8V0ZYM1
Biological Process,developmental pigmentation,2,GO:0048066,3,30,389,2734,0.7,0.791258841821819,0.1,A0A8V1A9L3 A0A8V0Y7C8 Q98938
Biological Process,organelle assembly,5,GO:0070925,40,295,389,2734,0.95,0.7914417495686463,0.1,A0A8V1A6Y8 A0A1D5NVM6 A0A8V0YVT3 A0A8V0YXG4 A0A1D5NZT1 A0A8V0Z4P8 A0A8V0Y8G8 A0A8V0Y722 A0A3Q3AST7 A0A8V0X5U3 A0A8V0ZSX6 A0A8V0Y1N7 A0A8V0X852 A0A8V0XKU5 A0A1D5PNG3 A0A1D5PC37 A0A1L1RZ23 A0A8V0XLH4 A0A8V0Z6B9 A0A8V0Y7Y9 A0A8V0ZTP1 A0A8V1A2F4 A0A8V0XPN5 A0A8V0ZT48 A0A8V0Z4U2 A0A8V0ZH54 A0A8V0XM58 A0A1D5PLP1 A0A8V0XAF8 A0A8V0YEQ1 A0A1D5PBU5 Q05744 A0A8V1A4I0 A0A8V0ZHK9 A0A8V0Z9Z7 A0A8V0YY70 A0A8V0X370 A0A8V0XK27 A0A8V0YIE9 A0A8V0ZLV6
Biological Process,intracellular monoatomic cation homeostasis,5,GO:0030003,16,122,389,2734,0.92,0.7920538894212844,0.1,A0A8V0ZKI8 A0A8V0XB58 A0A8V1A9R2 A0A1D5PQV0 E1C733 A0A8V0XLN9 A0A8V0YLT1 A0A1D5NWP2 A0A8V1ABC9 A0A8V0YPA6 Q5ZHL0 A0A8V0XX49 A0A8V1A4P2 A0A8V0XYR2 A0A3Q2U2N6 A0A8V0YFB8
Biological Process,macromolecule modification,4,GO:0043412,89,612,389,2734,1.02,0.7930451005020355,0.1,A0A8V1A4K1 A0A8V1A6A3 A0A8V0YDT5 A0A8V0YW12 A0A8V0YIV5 A0A8V0ZY61 A0A8V1ACS0 A0A8V0ZZG2 A0A8V0YPH9 A0A8V1ABC8 A0A1L1RX77 A0A8V0XPE8 A0A8V0Z0B9 A0A1L1RZ23 A0A8V1A3N1 A0A8V0ZKV3 A0A1D5PNL3 A0A8V0YYQ9 A0A3Q2TU24 A0A8V1AB05 A0A8V1A9R2 A0A8V1AB67 A0A8V0ZX23 A0A8V1AG56 E1C744 A0A8V0YM05 A0A8V0XDL7 E1BS94 E1BYF1 A0A8V0XK73 A0A8V0ZRU9 A0A3Q2TYT2 A0A8V0YRF2 A0A1D5NZN4 A0A8V0XA12 A0A1D5P0D7 A0A8V0Z6S1 A0A1D5PJE0 A0A8V0ZW46 A0A8V0ZE58 A0A8V1ABC9 A0A8V0YRK4 A0A8V1ADF6 A0A8V1ACQ8 A0A1D5PT01 Q5ZKV5 A0A8V0YRG2 Q5ZIB0 A0A8V0ZI29 A0A8V0XMA2 A0A8V0ZHL4 A0A1L1RP76 A0A8V0X643 A0A8V0Z4J0 A0A8V0ZSG8 A0A8V0ZTA5 E1C733 A0A8V0ZSX6 A0A1D5PE57 Q8AWB4 A0A8V0Z1E9 A0A8V0ZY42 O12971 A0A8V0ZTG6 A0A8V0Y6W2 A0A8V0ZFH4 A0A8V0XQS7 A0A8V0YFD4 A0A8V0XRC4 A0A8V0ZR84 A0A8V0ZFG7 A0A8V1AAN6 A0A8V0ZWH1 A0A8V0WZN3 A0A8V0Y7C8 A0A8V0XT35 A0A8V0ZYN6 Q6JHU8 A0A8V1AJ90 A0A8V0YS46 A0A8V0XB58 A0A8V0X6J5 A0A8V0Z2J4 A0A8V1A2F4 A0A8V0Y218 A0A8V0YDD6 R4GH52 F1NSM7 A0A8V0ZPH9
Biological Process,negative regulation of protein secretion,6,GO:0050709,5,31,389,2734,1.13,0.79445823580701,0.1,A0A8V1A3S8 A0A8V0ZKS6 A0A8V0YDT4 A0A8V0ZY91 A0A8V0YDD6
Biological Process,regulation of neurotransmitter transport,5,GO:0051588,5,31,389,2734,1.13,0.79445823580701,0.1,A0A8V1AB67 A0A8V0X5K9 A0A3Q2TYT2 A0A1D5P1F1 A0A1D5PC37
Biological Process,regulation of chromosome segregation,6,GO:0051983,5,31,389,2734,1.13,0.79445823580701,0.1,A0A8V0ZDK0 A0A8V0ZW33 A0A8V0Z9Z7 Q5ZJ58 A0A8V0X5U3
Biological Process,regulation of coagulation,4,GO:0050818,5,31,389,2734,1.13,0.79445823580701,0.1,A0A3Q2TU24 A0A8V1A2P5 A0A8V0ZTG6 A0A8V1ABC9 A0A8V0XYR2
Biological Process,cytoplasmic microtubule organization,4,GO:0031122,5,31,389,2734,1.13,0.79445823580701,0.1,A0A1D5PBU5 A0A8V0X5U3 A0A1D5NTR5 A0A1D5NYG2 A0A8V0ZE30
Biological Process,tube morphogenesis,3,GO:0035239,46,314,389,2734,1.03,0.7971467008032838,0.1,A0A8V1AG56 Q98938 A0A8V0ZW33 A0A8V0YM05 A0A8V1A9A7 A0A3Q3A4U3 A0A8V0YVT3 A0A8V0XRN3 A0A8V0XFL3 A0A8V0XYR2 A0A8V1AAN6 A0A8V1A3H9 Q5ZHL0 A0A8V0ZZG2 A0A8V0ZSG8 Q76KB2 A0A8V0Y722 E1C733 A0A8V0XK73 A0A8V0XKU5 A0A1D5PE57 Q8AWB4 A0A1D5P0D7 A0A8V0YS46 Q0PVE4 A0A8V0XA92 A0A8V0ZZU1 A0A8V0XDM2 A0A8V0ZTP1 A0A3Q2UEL1 A0A8V0ZE58 A0A8V0Y2E5 A0A8V0ZH54 A0A1D5NWP2 A0A8V0XM58 A0A8V0XX49 A0A8V0ZF83 A0A8V0ZKI8 A0A3Q2TU24 O12971 A0A8V1A9R2 A0A8V0YMM6 A0A8V0Y070 A0A8V0ZQP1 A0A8V0Z4M1 A0A8V0YRG2
Biological Process,positive regulation of growth,4,GO:0045927,17,130,389,2734,0.92,0.797337207909482,0.1,A0A8V0Y0V1 A0A8V1AG56 F1NGB8 A0A8V0X4D8 A0A8V1AK88 A0A1D5P1F1 A0A8V0ZKS6 A0A1D5P655 A0A8V0ZB91 A0A8V0ZES4 A0A1D5NZT1 A0A8V0YDD6 A0A8V0YHH6 A0A8V0ZHL4 A0A8V0Z4M1 Q76KB2 A0A8V0XYR2
Biological Process,response to antibiotic,3,GO:0046677,17,130,389,2734,0.92,0.797337207909482,0.1,A0A8V0YB43 A0A8V0ZWX9 A0A8V1AHJ8 A0A1D5P1F1 A0A8V0XXM5 A0A8V0ZW33 A0A8V1AEJ4 A0A8V0YJV4 A0A8V0ZTA5 A0A8V0YDD6 Q00649 A0A8V0ZSX6 A0A8V1ABC9 A0A8V0YPA6 A0A8V1A7R0 A0A8V0XYR2 A0A8V0YWM3
Biological Process,mating,3,GO:0007618,5,32,389,2734,1.1,0.798553645410385,0.1,A0A8V0Z6B9 A0A8V0XB58 A0A8V1AB67 A0A8V0Y9F8 A0A3Q2TYT2
Biological Process,cell fate specification,3,GO:0001708,5,32,389,2734,1.1,0.798553645410385,0.1,A0A8V1AG56 Q98938 O12971 A0A3Q3A4U3 A0A8V0YHH6
Biological Process,negative regulation of amide metabolic process,6,GO:0034249,5,32,389,2734,1.1,0.798553645410385,0.1,A0A8V0ZSX6 A0A8V1ABC9 A0A8V0ZE30 A0A1D5PNG3 A0A8V1A7R0
Biological Process,regulation of response to cytokine stimulus,4,GO:0060759,5,32,389,2734,1.1,0.798553645410385,0.1,A0A8V1AG56 A0A8V0ZI29 A0A3Q3A4U3 A0A1D5P1F1 A0A8V0XYR2
Biological Process,response to fatty acid,4,GO:0070542,5,32,389,2734,1.1,0.798553645410385,0.1,A0A8V0Y1A4 A0A8V0YDD6 Q00649 A0A8V0XYR2 A0A8V0Y513
Biological Process,response to axon injury,4,GO:0048678,5,32,389,2734,1.1,0.798553645410385,0.1,A0A8V1AHJ8 A0A8V0XDM2 A0A8V0XRC4 A0A8V0YE20 A0A8V1AAN6
Biological Process,post-embryonic animal morphogenesis,3,GO:0009886,20,134,389,2734,1.05,0.7998945763373716,0.1,Q98938 A0A8V1A9A7 A0A1D5NTR5 A0A1D5NYG2 A0A8V0XFL3 A0A8V0ZZG2 A0A8V0XK73 A0A8V0YS46 A0A8V0ZZU1 A0A3Q2UEL1 A0A8V0ZH54 A0A1D5NWP2 A0A8V0ZF83 A0A8V0ZKI8 O12971 A0A8V1A9R2 A0A8V0YMM6 A0A8V0Y070 A0A8V0ZQP1 Q76KB2
Biological Process,regulation of cellular response to insulin stimulus,4,GO:1900076,5,33,389,2734,1.06,0.8034305403620494,0.1,A0A8V0ZSG8 A0A8V0ZHX5 A0A8V0ZI29 A0A8V0YY90 A0A8V1ABC9
Biological Process,ureteric bud development,5,GO:0001657,5,33,389,2734,1.06,0.8034305403620494,0.1,A0A8V0ZTP1 A0A8V0XRC4 A0A8V0YM05 A0A8V0ZW33 A0A8V0XRN3
Biological Process,tissue morphogenesis,3,GO:0048729,51,349,389,2734,1.03,0.8059487718932346,0.09,A0A8V1AG56 Q98938 A0A8V0ZW33 A0A8V0YM05 A0A8V1A9A7 A0A3Q3A4U3 P33005 A0A8V0YVT3 A0A8V0XRN3 A0A8V0XFL3 A0A8V0XYR2 A0A8V1AAN6 A0A8V1A3H9 A0A8V0YB43 Q5ZHL0 A0A8V0Z8V4 A0A8V0ZZG2 Q76KB2 A0A8V0Y722 E1C733 A0A8V0XK73 A0A8V0YHH6 A0A8V0XKU5 A0A1D5PE57 A0A8V1AAH7 A0A8V0YS46 A0A8V0WZJ4 A0A8V0ZZU1 Q0PVE4 A0A8V0XDM2 A0A8V0ZTP1 A0A3Q2UEL1 A0A8V0ZE58 A0A8V0ZBJ8 A0A8V0XJ84 A0A8V0ZH54 A0A1D5NWP2 A0A8V0XM58 A0A8V0ZF83 A0A8V0ZKI8 O12971 A0A8V1A9R2 A0A8V0ZHK9 A0A8V0YY70 A0A8V0YMM6 A0A8V0Y070 A0A8V1AJV5 A0A8V0YLT1 A0A8V0ZQP1 A0A8V0Z4M1 A0A8V0YRG2
Biological Process,negative regulation of peptide secretion,6,GO:0002792,5,34,389,2734,1.03,0.8089761134182432,0.09,A0A8V1A3S8 A0A8V0ZKS6 A0A8V0YDT4 A0A8V0ZY91 A0A8V0YDD6
Biological Process,mitochondrial membrane organization,5,GO:0007006,5,34,389,2734,1.03,0.8089761134182432,0.09,A0A8V1A803 A0A8V0ZSX0 R4GGQ4 A0A8V0Z1C5 A0A8V1A7R0
Biological Process,mesonephric epithelium development,6,GO:0072163,5,34,389,2734,1.03,0.8089761134182432,0.09,A0A8V0ZTP1 A0A8V0XRC4 A0A8V0YM05 A0A8V0ZW33 A0A8V0XRN3
Biological Process,mesonephric tubule development,4,GO:0072164,5,34,389,2734,1.03,0.8089761134182432,0.09,A0A8V0ZTP1 A0A8V0XRC4 A0A8V0YM05 A0A8V0ZW33 A0A8V0XRN3
Biological Process,mesonephros development,5,GO:0001823,5,34,389,2734,1.03,0.8089761134182432,0.09,A0A8V0ZTP1 A0A8V0XRC4 A0A8V0YM05 A0A8V0ZW33 A0A8V0XRN3
Biological Process,cerebellum development,3,GO:0021549,5,34,389,2734,1.03,0.8089761134182432,0.09,A0A8V0YNQ0 A0A8V0ZKI8 A0A8V1AB05 A0A8V0ZHK9 A0A3Q2UGW3
Biological Process,T cell activation,4,GO:0042110,4,35,389,2734,0.8,0.8093298613547464,0.09,A0A8V0ZWX9 A0A8V1A7R0 A0A8V0ZSX6 O12971
Biological Process,cellular response to reactive oxygen species,5,GO:0034614,4,35,389,2734,0.8,0.8093298613547464,0.09,A0A1D5P1F1 Q00649 A0A8V0YJV4 A0A8V0YWM3
Biological Process,cerebral cortex development,3,GO:0021987,4,35,389,2734,0.8,0.8093298613547464,0.09,A0A8V0ZKI8 A0A1D5PE57 A0A8V1AB05 A0A3Q3A4U3
Biological Process,negative regulation of protein catabolic process,6,GO:0042177,4,35,389,2734,0.8,0.8093298613547464,0.09,A0A8V1A653 A0A8V0X4D8 A0A8V0Y7Y9 A0A1L1RP76
Biological Process,regulation of cell-matrix adhesion,6,GO:0001952,4,36,389,2734,0.78,0.8100796070848773,0.09,A0A8V0Z4M1 A0A8V0ZPH9 A0A8V0X5K9 A0A8V0XWZ8
Biological Process,regulation of actin filament bundle assembly,5,GO:0032231,4,36,389,2734,0.78,0.8100796070848773,0.09,A0A8V0ZPH9 A0A8V0YY70 A0A8V0XJ84 A0A8V0X852
Biological Process,cellular response to radiation,4,GO:0071478,4,36,389,2734,0.78,0.8100796070848773,0.09,A0A8V0YNQ0 A0A8V0ZSX6 Q5ZJ58 A0A8V1ABC9
Biological Process,regulation of gliogenesis,7,GO:0014013,4,36,389,2734,0.78,0.8100796070848773,0.09,A0A8V0YNQ0 A0A8V0XGL8 Q98938 A0A8V0XWZ8
Biological Process,regulation of mitochondrion organization,6,GO:0010821,4,36,389,2734,0.78,0.8100796070848773,0.09,A0A1L1RX77 A0A8V1A9L3 A0A8V0ZDZ5 A0A8V0XAF8
Biological Process,positive regulation of monoatomic ion transmembrane transport,6,GO:0034767,4,36,389,2734,0.78,0.8100796070848773,0.09,A0A8V0YRG2 A0A1D5NWP2 A0A8V0ZY91 A0A8V1AFH0
Biological Process,organ growth,2,GO:0035265,4,36,389,2734,0.78,0.8100796070848773,0.09,A0A3Q2UGW3 A0A8V0XB58 Q98938 P02460
Biological Process,protein dephosphorylation,5,GO:0006470,4,37,389,2734,0.76,0.8116590506800115,0.09,A0A8V1AB05 A0A8V0X6J5 A0A8V0YDT5 A0A8V0ZI29
Biological Process,cellular response to lipopolysaccharide,5,GO:0071222,4,37,389,2734,0.76,0.8116590506800115,0.09,A0A8V1AG56 A0A8V0YDD6 A0A8V1ABC8 A0A8V0YR09
Biological Process,nucleotide catabolic process,6,GO:0009166,4,37,389,2734,0.76,0.8116590506800115,0.09,A0A8V1A9L3 A0A8V0ZWX9 A0A8V0ZG46 A0A8V0YC57
Biological Process,pigment metabolic process,2,GO:0042440,4,37,389,2734,0.76,0.8116590506800115,0.09,A0A8V0ZWX9 A0A8V0Y7C8 A0A8V1AAH7 A0A8V0YRG2
Biological Process,regulation of protein ubiquitination,9,GO:0031396,4,37,389,2734,0.76,0.8116590506800115,0.09,A0A1D5P1F1 A0A1D5PNL3 Q98938 A0A8V0YRF2
Biological Process,negative regulation of canonical Wnt signaling pathway,7,GO:0090090,4,37,389,2734,0.76,0.8116590506800115,0.09,A0A8V0ZKI8 A0A8V0X097 A0A8V1AJV5 A0A8V1AG56
Biological Process,positive regulation of stress-activated MAPK cascade,7,GO:0032874,6,38,389,2734,1.11,0.8140016471786345,0.09,A0A8V1AG56 A0A8V1ABC8 A0A1D5PNL3 A0A8V0Z4M1 A0A8V0XYR2 A0A1D5P0D7
Biological Process,negative regulation of immune response,5,GO:0050777,6,38,389,2734,1.11,0.8140016471786345,0.09,A0A8V1AA32 A0A8V1A9R2 A0A8V0XUK6 A0A8V0XJ84 A0A1D5PE57 A0A8V0ZQS2
Biological Process,cellular response to antibiotic,4,GO:0071236,6,38,389,2734,1.11,0.8140016471786345,0.09,A0A8V0YB43 A0A8V0ZW33 A0A8V0YJV4 Q00649 A0A1D5P1F1 A0A8V0YWM3
Biological Process,regulation of organ growth,4,GO:0046620,6,38,389,2734,1.11,0.8140016471786345,0.09,A0A8V0YS46 A0A8V1AK88 Q98938 Q76KB2 A0A8V0XYR2 A0A8V0XXK8
Biological Process,DNA repair,5,GO:0006281,6,39,389,2734,1.08,0.8170372286016243,0.09,A0A8V1ACS0 A0A1D5PNL3 A0A3Q2TTB3 A0A8V0YW57 A0A8V0Z4J0 A0A8V1AJ90
Biological Process,endothelium development,5,GO:0003158,6,39,389,2734,1.08,0.8170372286016243,0.09,A0A8V0YNQ0 A0A8V1AHJ8 A0A8V0ZTP1 A0A8V1AB05 A0A8V1ABC8 A0A8V0Y070
Biological Process,positive regulation of stress-activated protein kinase signaling cascade,6,GO:0070304,6,39,389,2734,1.08,0.8170372286016243,0.09,A0A8V1AG56 A0A8V1ABC8 A0A1D5PNL3 A0A8V0Z4M1 A0A8V0XYR2 A0A1D5P0D7
Biological Process,wound healing,4,GO:0042060,22,164,389,2734,0.94,0.8185236728951453,0.09,A0A8V1AG56 A0A8V1A2P5 A0A8V0XGL8 A0A1L1RX77 A0A8V0XPE8 E1C2T4 A0A1D5PE57 A0A8V0ZAU8 A0A8V0ZE58 A0A8V0XJ84 A0A8V0Z7D4 A0A8V1ABC9 A0A8V0YSI0 A0A8V0YYQ9 Q9I946 A0A3Q2TU24 O12971 A0A8V0YDT4 A0A8V0ZTG6 A0A8V0ZFH4 A0A8V0YDD6 A0A8V0Z4M1
Biological Process,positive regulation of apoptotic process,6,GO:0043065,22,166,389,2734,0.93,0.8186392607921125,0.09,A0A8V0YNQ0 A0A8V1AG56 A0A8V0ZI29 A0A3Q3A4U3 A0A8V0Z4J0 A0A8V1ACS0 A0A8V0X637 A0A8V0ZRU9 A0A8V0X852 A0A8V0Z307 A0A8V0XB58 A0A8V0ZE58 A0A8V0XJ84 A0A8V0XAF8 A0A8V0ZKI8 A0A8V1A9R2 A0A8V0ZDZ5 A0A8V1AJI2 A0A8V1AJV5 A0A8V0XFB5 A0A8V0ZQS2 A0A8V0YWM3
Biological Process,stem cell division,3,GO:0017145,6,40,389,2734,1.05,0.8206935744724194,0.09,A0A8V0YB43 A0A8V0ZKI8 Q0PVE4 Q98938 A0A8V1A9R2 A0A8V0XFL3
Biological Process,sexual reproduction,2,GO:0019953,60,435,389,2734,0.97,0.8225652093662248,0.08,Q98938 A0A8V0ZI29 A0A8V0XXM5 A0A8V0YM05 A0A8V1A2P5 A0A8V0ZYM1 A0A1D5NTR5 A0A8V0YDT5 A0A8V0YPA6 A0A1D5NYG2 A0A8V0XFL3 A0A8V0Y8L6 E1BS94 A0A8V0YC57 A0A8V0YB43 A0A8V0ZDK0 A0A8V1ALE0 A0A8V0WZN3 A0A8V0ZTA5 A0A8V0XXW6 A0A8V0YW57 A0A3Q2TYT2 A0A1D5NZN4 A0A8V1A7R0 A0A8V0XF68 A0A1L1RZ23 A0A8V0YS46 A0A8V0WZJ4 A0A8V0XB58 A0A8V0Z6B9 A0A8V0ZZU1 A0A8V1A3N1 A0A8V1AK88 Q0PVE4 A0A8V1AA32 Q5ZJ58 A0A3Q2UEL1 A0A8V0Y1A4 A0A8V0Y9F8 A0A8V0YPB9 A0A8V0Z7D4 A0A8V0ZH54 A0A1D5NWP2 A0A8V0ZE30 A0A1D5PLP1 A0A8V0ZF83 A0A8V0ZJ97 A0A1D5PBU5 Q05744 O12971 A0A8V1AB05 A0A8V1A9R2 A0A8V1AB67 A0A1D5P655 A0A8V0X5K9 A0A8V0YMM6 A0A8V0Y070 A0A8V0YIE9 A0A8V0ZX23 A0A8V0YRG2
Biological Process,macromolecule metabolic process,3,GO:0043170,162,1155,389,2734,0.99,0.8246486819114547,0.08,A0A8V1A3D7 A0A8V1A4K1 A0A8V1A6A3 A0A8V0YDT5 A0A8V0XEJ0 A0A8V0YW12 A0A8V0YIV5 A0A8V0YB43 A0A8V0ZY61 A0A8V1ACS0 A0A8V0ZZG2 A0A8V0YPH9 A0A8V1ABC8 A0A8V0XXW6 A0A1L1RX77 A0A8V0XPE8 A0A8V0YW57 A0A8V0X2C5 A0A8V1A4P2 A0A8V1A7R0 A0A8V0Z0B9 A0A8V0ZA56 A0A1L1RZ23 A0A8V0ZZD4 A0A8V1A3N1 A0A8V0ZKV3 A0A1D5PNL3 A0A8V0YYQ9 F1NGB8 A0A3Q2TU24 A0A8V0ZJ97 A0A8V1AB05 A0A8V1A9R2 A0A8V1AB67 A0A8V0Y070 A0A8V0ZX23 P28687 A0A8V1AG56 E1C744 A0A8V0XBI2 A0A8V0YM05 A0A8V0XDL7 E1BS94 P02460 E1C3Z8 A0A3Q2TTB3 E1BYF1 A0A8V0ZP32 A0A8V0XK73 A0A8V0ZRU9 A0A3Q2TYT2 A0A1L1RSD2 A0A8V0YRF2 E1C2T4 A0A1D5NZN4 A0A8V0XA12 A0A1D5P0D7 A0A8V0ZG43 A0A8V0Z6S1 A0A8V0XA92 A0A1D5PJE0 A0A8V0ZW46 A0A8V0ZE58 A0A8V0YZJ3 A0A8V0XPN5 A0A8V1ABC9 A0A8V0YF22 A0A8V0ZE30 A0A8V0YSI0 A0A8V0YRK4 A0A8V0ZVP0 A0A8V1ADF6 A0A8V0Y513 A0A8V0ZZJ1 Q05744 A0A8V1AFH0 A0A1D5P201 A0A8V1ACQ8 A0A1D5PT01 Q5ZKV5 A0A8V0YRG2 Q76KB2 Q5ZIB0 A0A8V0X4D8 A0A8V0ZI29 A0A1D5NVM6 A0A8V0XMA2 A0A8V0YXG4 A0A8V0ZHL4 A0A8V0ZIF0 A0A1L1RP76 A0A8V0X7F0 A0A8V0XE95 A0A8V0Y8L6 A0A8V0X643 A0A8V0Z4J0 A0A8V0ZDK0 A0A8V1A8E4 A0A8V0ZSG8 A0A8V0ZQJ4 A0A8V0ZTA5 E1C733 A0A8V0YLN5 A0A8V0ZSX6 A0A1D5PE57 Q8AWB4 A0A8V0Z1E9 A0A8V0XWZ8 A0A8V0Y1A4 A0A8V0ZY42 A0A8V0Z865 A0A8V0ZF83 O12971 A0A8V0YDT4 A0A8V0ZTG6 A0A8V0Y6W2 A0A8V0XK27 A0A8V0ZFH4 A0A8V0YQC4 A0A8V0XQS7 A0A8V0Z9Y8 A0A8V0Z4M1 P01875 A0A8V0YFD4 Q98938 A0A8V0XRC4 A0A8V0XL09 A0A8V1A2P5 A0A8V0ZR84 A0A8V0ZFG7 A0A1D5PA74 A0A8V1AAN6 A0A8V0ZWH1 A0A8V0ZNH3 A0A8V1A8N2 A0A8V0WZN3 A0A8V0Y7C8 A0A8V0XT35 A0A8V0ZYN6 A0A1D5PNG3 Q6JHU8 A0A8V1AJ90 A0A8V0XF68 A0A8V0YS46 A0A8V0WZJ4 A0A8V0XB58 A0A8V0ZZU1 A0A8V0X6J5 A0A8V0YDG8 A0A8V1A2F4 A0A8V0Z2J4 A0A8V0ZBJ8 A0A8V0Y2E5 A0A8V0ZH54 A0A8V0Y218 A0A8V0ZZH6 A0A8V0YDD6 R4GH52 F1NSM7 A0A8V1AN12 A0A8V0ZPH9 A0A8V0YWM3
Biological Process,response to calcium ion,4,GO:0051592,5,42,389,2734,0.84,0.8252229082897099,0.08,A0A8V1AG56 A0A8V0XB58 A0A8V0ZTA5 A0A1D5NWP2 A0A8V0XYR2
Biological Process,cell-cell junction assembly,6,GO:0007043,5,42,389,2734,0.84,0.8252229082897099,0.08,Q0PVE4 A0A8V0ZSG8 A0A8V1A2P5 A0A8V0XX41 A0A8V1ABC9
Biological Process,epigenetic regulation of gene expression,7,GO:0040029,5,42,389,2734,0.84,0.8252229082897099,0.08,A0A8V0ZJ97 A0A8V1AFC3 A0A8V0ZY91 A0A1D5PNG3 A0A8V1A7R0
Biological Process,endosome organization,6,GO:0007032,5,42,389,2734,0.84,0.8252229082897099,0.08,A0A8V0ZZU1 A0A1D5NVM6 A0A8V0ZH54 A0A8V0XFL3 A0A1D5PC37
Biological Process,positive regulation of cysteine-type endopeptidase activity involved in apoptotic process,9,GO:0043280,5,42,389,2734,0.84,0.8252229082897099,0.08,A0A8V0XAF8 A0A8V0ZDZ5 A0A8V0ZE58 A0A3Q3A4U3 A0A8V0YWM3
Biological Process,regulation of protein localization to cell periphery,6,GO:1904375,5,43,389,2734,0.82,0.8257791544053457,0.08,A0A8V0XB58 A0A8V0YY70 A0A8V0X5U3 A0A8V0Z9Y8 A0A8V0YRG2
Biological Process,cellular response to ketone,5,GO:1901655,5,43,389,2734,0.82,0.8257791544053457,0.08,A0A8V0YJV4 A0A8V0Y1A4 A0A8V0YDD6 A0A8V0Z4M1 A0A8V0YWM3
Biological Process,regulation of muscle cell differentiation,5,GO:0051147,5,43,389,2734,0.82,0.8257791544053457,0.08,A0A8V1AK88 A0A8V0ZSG8 E1BYF1 A0A8V0XYR2 A0A8V0XXK8
Biological Process,embryo development,3,GO:0009790,63,456,389,2734,0.97,0.8258530367912711,0.08,A0A8V0YNQ0 A0A1D5PCU0 A0A8V0ZWX9 A0A8V1AG56 Q98938 A0A8V0XCI3 A0A8V0YM05 A0A8V0ZW33 A0A8V0XDL7 A0A8V1A9A7 A0A3Q3A4U3 A0A1D5NTR5 A0A8V0YVT3 A0A8V0YXG4 A0A8V0ZHL4 A0A1D5NYG2 A0A8V0Y8L6 A0A8V0XYR2 P02460 A0A8V0Z8V4 A0A8V0XGL8 A0A1D5PQV0 A0A8V0YW57 A0A8V0Y7C8 A0A8V0YHH6 A0A8V1ACD6 A0A8V0XKU5 Q8AWB4 A0A8V1AAH7 A0A1D5P0D7 A0A8V0YS46 A0A8V0WZJ4 A0A8V0ZZU1 Q0PVE4 A0A8V0XDM2 A0A8V0ZTP1 A0A8V0ZE58 A0A8V0ZBJ8 A0A8V0XJ84 A0A8V0Z4M1 A0A8V0ZH54 A0A8V0XM58 A0A8V0YRG2 A0A8V0ZF83 A0A8V0ZKI8 F1NGB8 A0A3Q2TU24 A0A8V0ZJ97 A0A8V0YEQ1 O12971 A0A8V0YDT4 A0A8V0X9N1 A0A8V1A9R2 A0A8V1AFR2 A0A1D5P655 A0A8V0ZHK9 A0A8V0YMM6 A0A8V0Y070 A0A8V0XK27 A0A8V0YDD6 A0A8V1AJV5 P33005 Q76KB2
Biological Process,response to hydrogen peroxide,4,GO:0042542,5,44,389,2734,0.8,0.8269819934695475,0.08,A0A8V0ZWX9 A0A8V0YJV4 Q00649 A0A1D5P1F1 A0A8V0YWM3
Biological Process,vascular process in circulatory system,4,GO:0003018,5,44,389,2734,0.8,0.8269819934695475,0.08,A0A8V0XAF8 A0A8V0Y513 A0A8V0Z4M1 A0A8V0XYR2 A0A8V0YC57
Biological Process,positive regulation of phosphatidylinositol 3-kinase/protein kinase B signal transduction,7,GO:0051897,5,44,389,2734,0.8,0.8269819934695475,0.08,A0A3Q2TU24 A0A8V1A3N1 A0A8V1AJT2 A0A8V0YY90 A0A8V0Z4M1
Biological Process,response to anesthetic,3,GO:0072347,7,45,389,2734,1.09,0.8287878720057205,0.08,A0A8V0ZWX9 A0A8V0X637 A0A8V1AEJ4 A0A1D5PNL3 A0A8V0ZY91 A0A8V0YXG4 A0A8V0YLT1
Biological Process,response to antineoplastic agent,3,GO:0097327,7,45,389,2734,1.09,0.8287878720057205,0.08,A0A8V0XAF8 A0A8V1AHJ8 A0A8V0ZW33 A0A8V0ZSX6 A0A8V0Z4M1 A0A8V0XYR2 A0A8V0Y513
Biological Process,response to organophosphorus,4,GO:0046683,7,45,389,2734,1.09,0.8287878720057205,0.08,A0A8V0ZTA5 A0A8V0ZY91 A0A8V0Z4R1 A0A8V0Y513 A0A8V0Z1C5 A0A1D5P1F1 A0A8V0YC57
Biological Process,glycerophospholipid biosynthetic process,5,GO:0046474,7,45,389,2734,1.09,0.8287878720057205,0.08,A0A8V0XCX4 A0A8V0X6J5 Q5ZJ58 A0A8V0ZYM1 A0A8V0Z1C5 A0A8V0XAN3 A0A8V0ZQS2
Biological Process,regulation of protein kinase activity,6,GO:0045859,28,190,389,2734,1.04,0.8295823536393161,0.08,A0A8V1AG56 A0A8V1A9A7 A0A3Q3A4U3 A0A8V0ZC57 A0A8V0XYR2 A0A8V0Z4J0 A0A8V1A3H9 A0A8V1ACS0 A0A8V0X637 A0A1L1RX77 A0A8V0X1T3 Q0PVE4 A0A8V1A3N1 A0A8V0ZE58 A0A1D5PNL3 Q00649 A0A8V0XJ84 A0A8V0ZH54 A0A8V1ABC9 Q9I946 A0A8V0ZKI8 A0A3Q2TU24 A0A8V1A3S8 A0A8V1A9R2 A0A8V1AJV5 A0A8V0Z4M1 A0A8V0ZPH9 A0A8V0YRG2
Biological Process,phosphatidylinositol metabolic process,6,GO:0046488,7,46,389,2734,1.07,0.8311500772664986,0.08,A0A3Q2TU24 A0A8V0XCX4 A0A8V0X6J5 Q5ZJ58 A0A8V0ZYM1 A0A8V0XAN3 A0A8V0ZQS2
Biological Process,protein autophosphorylation,6,GO:0046777,7,46,389,2734,1.07,0.8311500772664986,0.08,A0A8V0XB58 A0A8V1A9R2 A0A8V0ZSX6 A0A8V1ABC9 A0A8V0YW12 A0A8V0ZPH9 A0A8V0YRG2
Biological Process,eye development,5,GO:0001654,29,196,389,2734,1.04,0.8318096471499581,0.08,A0A8V0YNQ0 A0A8V1AG56 A0A8V1A9L3 Q98938 A0A8V0ZI29 A0A8V1A9A7 A0A1D5NTR5 A0A8V0YDT5 A0A1D5NYG2 A0A8V0XFL3 A0A8V0XGL8 A0A8V0ZKS6 A0A8V0Y7C8 A0A8V1A7R0 A0A8V0ZMU3 A0A8V1AAH7 A0A1D5P0D7 A0A8V0XM58 A0A8V0ZKI8 A0A8V0YEQ1 O12971 A0A1D5P655 A0A8V1AB05 A0A8V1A9R2 A0A8V0ZHK9 A0A8V0X5K9 A0A8V0YY70 A0A8V0Z4M1 A0A8V0YRG2
Biological Process,positive regulation of Wnt signaling pathway,6,GO:0030177,7,47,389,2734,1.05,0.8340197047449798,0.08,A0A8V0ZKI8 F1NGB8 A0A8V1AG56 A0A8V0ZBJ8 A0A8V0YVT3 A0A8V0YRF2 A0A8V0Y8L6
Biological Process,positive regulation of apoptotic signaling pathway,6,GO:2001235,7,47,389,2734,1.05,0.8340197047449798,0.08,A0A8V0XAF8 A0A8V0Z307 A0A8V1A9R2 A0A8V0ZDZ5 A0A8V1AJI2 A0A8V1AJV5 A0A8V0XFB5
Biological Process,response to wounding,3,GO:0009611,28,209,389,2734,0.94,0.8366381580160656,0.08,A0A8V1AG56 A0A8V0XRC4 A0A8V1A2P5 A0A8V1AAN6 A0A8V1AHJ8 A0A8V0XGL8 A0A8V0ZTA5 A0A1L1RX77 A0A8V0XPE8 E1C2T4 A0A1D5PE57 A0A8V0ZAU8 A0A8V0XDM2 A0A8V0YE20 A0A8V0ZE58 A0A8V0XJ84 A0A8V0Z7D4 A0A8V1ABC9 A0A8V0YSI0 A0A8V0YYQ9 Q9I946 A0A3Q2TU24 O12971 A0A8V0YDT4 A0A8V0ZTG6 A0A8V0ZFH4 A0A8V0YDD6 A0A8V0Z4M1
Biological Process,glial cell differentiation,4,GO:0010001,7,48,389,2734,1.02,0.837346546755403,0.08,A0A8V0ZKI8 A0A8V0XGL8 Q98938 A0A8V1A2P5 A0A8V0XX41 A0A8V0ZSX0 A0A8V1A7R0
Biological Process,hormone metabolic process,2,GO:0042445,7,48,389,2734,1.02,0.837346546755403,0.08,A0A8V0Y4Q2 A0A8V0X4D8 A0A8V0XA92 A0A8V0YJV4 A0A8V0ZP32 A0A8V0YF22 A0A8V0ZA56
Biological Process,steroid metabolic process,4,GO:0008202,7,48,389,2734,1.02,0.837346546755403,0.08,A0A8V1AK88 A0A8V0YJV4 A0A8V1A9A7 A0A8V0Y9F8 A0A8V0ZRU9 A0A8V1A3H7 A0A8V0YU83
Biological Process,muscle contraction,4,GO:0006936,7,48,389,2734,1.02,0.837346546755403,0.08,A0A8V0XB58 A0A8V0XGL8 A0A8V0YM05 A0A8V0ZY91 A0A8V0XZQ1 A0A8V0Z7D4 A0A8V0XYR2
Biological Process,negative regulation of secretion by cell,5,GO:1903531,6,49,389,2734,0.86,0.8376493268230238,0.08,A0A8V1A3S8 A0A8V0ZKS6 A0A8V0YDT4 A0A8V0ZY91 A0A8V0YDD6 A0A8V0XYR2
Biological Process,negative regulation of defense response,5,GO:0031348,6,49,389,2734,0.86,0.8376493268230238,0.08,A0A8V0ZWX9 A0A8V0ZZG2 A0A8V1AFP7 A0A8V0ZTG6 A0A8V0YY90 A0A8V0XUK6
Biological Process,glycosyl compound metabolic process,4,GO:1901657,6,50,389,2734,0.84,0.8380782121512409,0.08,A0A8V0ZWX9 A0A8V0ZG46 A0A8V0YJV4 A0A1D5PNB8 A0A8V0YC98 E1BS94
Biological Process,regulation of wound healing,6,GO:0061041,6,50,389,2734,0.84,0.8380782121512409,0.08,A0A3Q2TU24 A0A8V1A2P5 A0A8V0ZTG6 A0A8V1ABC9 A0A8V0X852 A0A8V0XYR2
Biological Process,salivary gland development,5,GO:0007431,6,50,389,2734,0.84,0.8380782121512409,0.08,A0A8V1AG56 A0A8V0Z8V4 A0A8V0ZKS6 A0A8V0ZTP1 A0A3Q3A4U3 A0A8V0XJ84
Biological Process,regulation of JNK cascade,7,GO:0046328,6,50,389,2734,0.84,0.8380782121512409,0.08,A0A8V1AG56 A0A8V0ZZG2 A0A8V1ABC8 A0A1D5PNL3 A0A8V0XYR2 E1BQI2
Biological Process,positive regulation of transmembrane transport,5,GO:0034764,6,51,389,2734,0.83,0.8390297576810284,0.08,A0A8V1AFH0 A0A8V0ZY91 A0A8V0YY90 A0A8V0YLT1 A0A1D5NWP2 A0A8V0YRG2
Biological Process,positive regulation of plasma membrane bounded cell projection assembly,6,GO:0120034,8,52,389,2734,1.08,0.840473670148268,0.08,Q0PVE4 A0A8V0ZBA3 A0A8V0ZI29 A0A1D5P655 A0A8V1AB05 A0A1D5NTR5 A0A8V0YDT5 A0A8V0XJ84
Biological Process,cellular response to unfolded protein,5,GO:0034620,8,52,389,2734,1.08,0.840473670148268,0.08,F1NGB8 A0A8V0ZW46 A0A8V1AJT2 A0A8V1AMI7 E1BYF1 A0A8V0ZSX6 A0A8V0XQS7 A0A8V0ZXC9
Biological Process,membrane lipid metabolic process,4,GO:0006643,8,52,389,2734,1.08,0.840473670148268,0.08,A0A8V0X637 A0A8V0XXM5 A0A8V0WZN3 A0A8V0YZJ3 A0A8V0Z086 A0A8V0YC98 A0A1D5P1F1 A0A8V0YYQ9
Biological Process,neuron migration,4,GO:0001764,8,54,389,2734,1.04,0.844704978464264,0.07,A0A8V0Z8V4 A0A8V0ZKS6 A0A8V0ZBR8 A0A8V0YE20 A0A3Q3A4U3 A0A1D5PIZ5 A0A8V0Z4M1 P33005
Biological Process,regulation of monoatomic ion transmembrane transporter activity,5,GO:0032412,8,55,389,2734,1.02,0.8474211926984457,0.07,A0A8V0XB58 A0A8V1AFH0 A0A8V0ZY91 A0A8V1AJV5 A0A8V0ZRU9 A0A1D5NWP2 A0A8V1ABC9 A0A8V0YRG2
Biological Process,establishment of cell polarity,3,GO:0030010,8,55,389,2734,1.02,0.8474211926984457,0.07,A0A8V0YB43 A0A8V1AG56 Q0PVE4 A0A1D5PBU5 Q5ZJ58 A0A8V0ZYM1 A0A8V0X5U3 A0A8V1AJV5
Biological Process,positive regulation of phosphorylation,8,GO:0042327,33,244,389,2734,0.95,0.8476386655486294,0.07,Q5ZMG0 A0A8V0Y0V1 A0A8V1AG56 A0A8V1AJT2 A0A3Q3A4U3 A0A8V0XRN3 A0A8V0XYR2 A0A8V0Z4J0 A0A8V1ACS0 A0A8V1ABC8 E1C733 A0A8V0ZSX6 A0A8V0X1T3 A0A8V1A7R0 A0A1D5P1F1 A0A1D5P0D7 A0A8V0YS46 A0A8V0XB58 A0A8V1A3N1 A0A8V0ZE58 A0A1D5PNL3 A0A8V0XWZ8 A0A8V0XJ84 A0A8V1ABC9 Q9I946 E1BQI2 A0A3Q2TU24 A0A8V0ZB91 A0A8V1A3S8 A0A8V1A9R2 A0A8V0Y413 A0A8V0XFB5 A0A8V0Z4M1
Biological Process,Wnt signaling pathway,4,GO:0016055,7,56,389,2734,0.88,0.8477059609069799,0.07,A0A8V0ZKI8 A0A8V1ACS0 A0A8V0YS46 A0A8V1AG56 A0A8V1A9A7 A0A8V0Z9Y8 A0A8V0Z4J0
Biological Process,negative regulation of secretion,5,GO:0051048,7,56,389,2734,0.88,0.8477059609069799,0.07,A0A8V0ZWX9 A0A8V1A3S8 A0A8V0ZKS6 A0A8V0YDT4 A0A8V0ZY91 A0A8V0YDD6 A0A8V0XYR2
Biological Process,regulation of lipid localization,4,GO:1905952,7,56,389,2734,0.88,0.8477059609069799,0.07,P11602 A0A3Q2U2N5 A0A8V0Z4R1 A0A8V1AM47 A0A8V0ZRU9 A0A8V0XYR2 A0A8V0YWM3
Biological Process,response to starvation,3,GO:0042594,9,59,389,2734,1.07,0.8500066443413843,0.07,A0A8V0Y7Y9 A0A8V0ZSG8 A0A8V0XCI3 A0A8V1AMI7 Q00649 A0A8V0ZSX6 A0A8V0ZRU9 A0A1D5P1F1 A0A8V0Y513
Biological Process,cellular response to inorganic substance,4,GO:0071241,9,61,389,2734,1.04,0.8535173552851338,0.07,A0A8V1AG56 A0A8V0XB58 A0A8V0ZW33 A0A8V1AEJ4 A0A8V0YDD6 A0A8V0YLT1 A0A1D5NZN4 A0A8V0XYR2 A0A8V0YWM3
Biological Process,regulation of transporter activity,3,GO:0032409,9,62,389,2734,1.02,0.8557885456448625,0.07,A0A8V0XB58 A0A8V1AFH0 A0A8V0ZY91 A0A8V1AJV5 A0A8V0ZRU9 A0A1D5NWP2 A0A8V1ABC9 A0A8V0YRG2 A0A8V0YWM3
Biological Process,organic anion transport,5,GO:0015711,9,62,389,2734,1.02,0.8557885456448625,0.07,A0A3Q2U2N5 A0A8V0XDM2 A0A8V1AB67 A0A8V0Z249 F1P4D6 A0A8V1AM47 A0A8V1AJV5 A0A8V0YLT1 A0A8V0YU83
Biological Process,hexose metabolic process,4,GO:0019318,9,62,389,2734,1.02,0.8557885456448625,0.07,O12971 A0A8V0YJV4 A0A8V0YZJ3 A0A8V1A9A7 A0A8V0Y7C8 A0A8V1A4P2 A0A8V0ZI47 Q8AWB4 E1BS94
Biological Process,positive regulation of cell cycle process,6,GO:0090068,8,64,389,2734,0.88,0.8563337340105145,0.07,A0A8V1AG56 A0A8V0ZDK0 A0A8V0ZTA5 A0A8V1A9A7 A0A8V0Y1A4 A0A8V0X5U3 A0A8V0YRK4 A0A8V0XYR2
Biological Process,positive regulation of innate immune response,6,GO:0045089,8,64,389,2734,0.88,0.8563337340105145,0.07,A0A8V1ACS0 A0A8V1AG56 A0A8V0ZZG2 A0A8V1AFH0 A0A8V1ABC8 A0A1D5PNL3 A0A8V0Z4J0 A0A8V0YR09
Biological Process,antigen processing and presentation,2,GO:0019882,8,65,389,2734,0.87,0.8569775033950882,0.07,A0A8V0YB43 A0A8V0ZZU1 A0A1D5PBU5 Q05744 A0A8V1AFH0 A0A8V0YVT3 A0A3Q2TYT2 A0A8V0Z9Y8
Biological Process,regulation of chromosome organization,6,GO:0033044,10,67,389,2734,1.05,0.859302086319145,0.07,A0A8V0ZDK0 A0A8V0XB58 A0A8V1A9R2 A0A8V0ZW33 Q5ZJ58 A0A1D5PNL3 A0A8V0Z9Z7 A0A8V1AFC3 A0A8V0X5U3 A0A8V0Z4M1
Biological Process,liver development,5,GO:0001889,10,67,389,2734,1.05,0.859302086319145,0.07,A0A8V0XAF8 A0A8V0YNQ0 A0A8V0YR09 A0A8V0ZWX9 A0A8V0ZHK9 A0A1D5PQV0 A0A8V0ZTG6 A0A8V0Y7C8 A0A8V0ZRU9 A0A8V0Y513
Biological Process,hepaticobiliary system development,4,GO:0061008,10,68,389,2734,1.03,0.8609446483775594,0.07,A0A8V0XAF8 A0A8V0YNQ0 A0A8V0YR09 A0A8V0ZWX9 A0A8V0ZHK9 A0A1D5PQV0 A0A8V0ZTG6 A0A8V0Y7C8 A0A8V0ZRU9 A0A8V0Y513
Biological Process,glycerophospholipid metabolic process,5,GO:0006650,9,72,389,2734,0.88,0.8639080960795623,0.06,A0A3Q2TU24 A0A8V0XCX4 A0A8V0X6J5 Q5ZJ58 A0A8V0XWZ8 A0A8V0ZYM1 A0A8V0Z1C5 A0A8V0XAN3 A0A8V0ZQS2
Biological Process,regulation of peptidyl-tyrosine phosphorylation,8,GO:0050730,11,73,389,2734,1.06,0.8647577271197711,0.06,A0A8V0Y0V1 A0A3Q2TU24 A0A8V1A3S8 A0A8V0Y413 A0A8V0XWZ8 A0A8V0ZH54 A0A8V1ABC9 A0A8V0YPA6 A0A8V0Z4M1 A0A8V1A7R0 Q9I946
Biological Process,regulation of synapse assembly,6,GO:0051963,11,74,389,2734,1.04,0.8658980873240354,0.06,A0A8V1AG56 A0A8V0Z8V4 A0A8V0X4D8 A0A8V0XB58 F1NEZ4 Q5ZJ58 A0A8V0ZYM1 A0A8V0YDT5 A0A1D5PDV9 A0A8V1ABC9 A0A8V0YRG2
Biological Process,regulation of response to wounding,5,GO:1903034,11,74,389,2734,1.04,0.8658980873240354,0.06,A0A3Q2TU24 A0A8V0ZI29 A0A8V0ZKS6 A0A8V1AB05 A0A8V1A2P5 A0A8V0ZTG6 A0A1D5PT01 A0A8V0YDT5 A0A8V0X852 A0A8V1ABC9 A0A8V0XYR2
Biological Process,negative regulation of cell projection organization,6,GO:0031345,11,75,389,2734,1.03,0.8673135644242495,0.06,A0A8V1AG56 A0A8V0Z8V4 A0A8V0XGL8 A0A8V0ZI29 A0A8V0ZKS6 A0A8V1AB05 A0A8V0YDT5 A0A8V1ACD6 A0A8V0YRG2 A0A8V0YRK4 A0A8V0YMR1
Biological Process,angiogenesis,3,GO:0001525,11,75,389,2734,1.03,0.8673135644242495,0.06,A0A3Q2TU24 A0A8V0XA92 Q98938 A0A8V0YRG2 A0A8V0ZTP1 A0A8V0ZE58 Q8AWB4 A0A3Q3A4U3 A0A8V0Z4M1 Q76KB2 A0A8V0XYR2
Biological Process,monoatomic anion transport,5,GO:0006820,11,76,389,2734,1.02,0.8689875120744529,0.06,A0A8V0Y4Q2 A0A3Q2U2N5 A0A8V0XDM2 A0A8V1AB67 A0A8V0Z249 F1P4D6 A0A8V0Z5R3 A0A8V1AM47 A0A8V1AJV5 A0A8V0YLT1 A0A8V0YU83
Biological Process,monosaccharide metabolic process,3,GO:0005996,10,77,389,2734,0.91,0.8692339614490756,0.06,O12971 A0A8V0YJV4 A0A8V0YZJ3 A0A8V1A9A7 A0A8V0Y7C8 A0A8V1A4P2 A0A8V0ZI47 Q8AWB4 A0A8V0XMD4 E1BS94
Biological Process,positive regulation of protein serine/threonine kinase activity,8,GO:0071902,12,81,389,2734,1.04,0.8716165372527973,0.06,A0A8V1ACS0 A0A8V1AG56 A0A3Q2TU24 A0A8V1A3N1 A0A1D5PNL3 A0A8V0X1T3 A0A3Q3A4U3 A0A8V0XJ84 A0A8V0Z4M1 A0A8V0XYR2 A0A8V0Z4J0 Q9I946
Biological Process,immune response-activating signaling pathway,3,GO:0002757,12,82,389,2734,1.03,0.8728522322578549,0.06,A0A8V1ACS0 A0A8V0ZZG2 A0A1D5P655 A0A8V1AFH0 A0A8V1ABC8 A0A1D5PNL3 A0A8V0XUK6 A0A8V0XEJ0 P01875 A0A8V0Z4J0 A0A8V0ZQS2 A0A8V0YR09
Biological Process,regulation of phosphorylation,7,GO:0042325,54,373,389,2734,1.02,0.8733985465299499,0.06,Q5ZMG0 A0A8V0Y0V1 A0A8V1AG56 A0A8V1AJT2 A0A8V1A9A7 A0A3Q3A4U3 A0A8V0XRN3 A0A8V0YPA6 A0A8V0Y290 A0A8V0ZC57 A0A8V0XYR2 A0A8V0Z4J0 A0A8V1A3H9 A0A8V1ACS0 A0A8V0Y0F3 A0A8V0ZZG2 A0A8V0X637 A0A8V1ABC8 A0A8V0ZTA5 E1C733 A0A1L1RX77 A0A8V0ZSX6 A0A8V0X1T3 A0A1D5PNG3 A0A8V1A7R0 A0A1D5P1F1 A0A1D5P0D7 A0A8V0YS46 Q0PVE4 A0A8V0XB58 A0A8V1A3N1 Q5ZJ58 A0A1D5PNL3 A0A8V0ZE58 A0A8V0XWZ8 Q00649 A0A8V0XJ84 A0A8V0ZH54 A0A8V1ABC9 Q9I946 E1BQI2 A0A8V0ZKI8 A0A3Q2TU24 A0A8V0ZB91 A0A8V1A3S8 A0A8V0YDT4 A0A8V1A9R2 A0A8V0Y413 A0A8V0YDD6 A0A8V1AJV5 A0A8V0XFB5 A0A8V0Z4M1 A0A8V0ZPH9 A0A8V0YRG2
Biological Process,response to lipopolysaccharide,4,GO:0032496,11,85,389,2734,0.91,0.8747144407312237,0.06,A0A8V0XAF8 A0A8V0Y4Q2 A0A8V0YR09 A0A8V1AG56 A0A8V1ABC8 A0A1L1RX77 A0A8V0ZSX0 A0A8V0YDD6 A0A8V0XYR2 A0A8V1A653 A0A8V0Y513
Biological Process,positive regulation of defense response,5,GO:0031349,11,86,389,2734,0.9,0.8751196474127833,0.06,Q5ZMG0 P11602 A0A8V1ACS0 A0A8V0ZZG2 A0A8V1AG56 A0A8V1AFH0 A0A8V1ABC8 A0A1D5PNL3 A0A8V1ABC9 A0A8V0Z4J0 A0A8V0YR09
Biological Process,inflammatory response,4,GO:0006954,13,87,389,2734,1.05,0.8757629132784712,0.06,Q5ZMG0 A0A1D5P1F1 A0A8V0ZZG2 A0A8V0XDM2 A0A8V0ZSG8 A0A8V1A9R2 A0A8V1ABC8 A0A1D5PNB8 E1C733 A0A8V0YXG4 A0A8V1A7R0 A0A8V0ZEJ3 A0A8V0YR09
Biological Process,positive regulation of protein metabolic process,6,GO:0051247,56,405,389,2734,0.97,0.8775157839413403,0.06,Q5ZMG0 A0A8V0Y0V1 A0A8V1AG56 A0A8V0X4D8 A0A8V0YBZ6 A0A8V1AJT2 A0A3Q3A4U3 A0A8V0XRN3 A0A8V0XFL3 A0A8V0XYR2 A0A8V0Z4J0 A0A8V1ACS0 A0A8V0ZDK0 A0A8V0ZZG2 A0A8V0XGL8 A0A8V0X637 A0A8V1ABC8 E1C733 A0A8V1AFC3 A0A8V0ZSX6 A0A8V0ZRU9 A0A8V0YRF2 A0A8V0X1T3 A0A1D5PNG3 A0A8V1A7R0 A0A1D5P1F1 A0A1D5PC37 A0A1D5P0D7 A0A8V0YS46 A0A8V0XB58 A0A8V1AA32 A0A8V1A3N1 A0A8V0ZE58 A0A1D5PNL3 A0A8V0XWZ8 Q00649 A0A8V0XJ84 A0A8V1ABC9 A0A8V0XM58 A0A8V0YRK4 Q9I946 E1BQI2 A0A8V0XAF8 A0A8V0YR09 A0A3Q2TU24 A0A8V0ZB91 A0A8V1A3S8 A0A8V0YDT4 A0A8V1A9R2 A0A1D5P201 A0A8V0Y413 A0A8V0ZDZ5 A0A8V0YDD6 A0A8V0XFB5 A0A8V0Z4M1 A0A8V0YWM3
Biological Process,regulation of Wnt signaling pathway,5,GO:0030111,12,92,389,2734,0.92,0.8793868929459405,0.06,A0A8V0ZKI8 A0A8V1AG56 F1NGB8 A0A8V0XDM2 A0A8V1A9A7 A0A8V0ZBJ8 A0A8V0YVT3 A0A1D5NZT1 A0A8V1AJV5 A0A8V0YRF2 A0A8V0Y8L6 A0A8V0X097
Biological Process,regulation of plasma membrane bounded cell projection assembly,6,GO:0120032,12,93,389,2734,0.91,0.8797418387854175,0.06,Q0PVE4 A0A8V0XB58 A0A1D5PBU5 A0A8V0ZI29 A0A1D5P655 A0A8V1AB05 A0A8V0ZBA3 A0A1D5NTR5 A0A8V0YDT5 A0A8V0XJ84 A0A8V0XAN3 A0A8V0ZAU8
Biological Process,epithelium migration,3,GO:0090132,14,97,389,2734,1.01,0.8832147460485751,0.05,A0A8V0YS46 A0A8V0Z8V4 A0A8V0ZZU1 Q0PVE4 Q98938 A0A8V0ZI29 A0A8V1AB05 A0A8V1A9R2 A0A1D5P655 A0A3Q2UEL1 A0A3Q3A4U3 A0A8V0YLN5 A0A8V0YDT5 A0A8V0Z4M1
Biological Process,epithelial cell migration,5,GO:0010631,14,97,389,2734,1.01,0.8832147460485751,0.05,A0A8V0YS46 A0A8V0Z8V4 A0A8V0ZZU1 Q0PVE4 Q98938 A0A8V0ZI29 A0A8V1AB05 A0A8V1A9R2 A0A1D5P655 A0A3Q2UEL1 A0A3Q3A4U3 A0A8V0YLN5 A0A8V0YDT5 A0A8V0Z4M1
Biological Process,axis specification,3,GO:0009798,14,97,389,2734,1.01,0.8832147460485751,0.05,A0A8V0ZKI8 A0A1L1RZ23 A0A8V1AG56 Q0PVE4 A0A8V1A4I0 Q98938 Q5ZJ58 A0A8V0YY70 A0A8V1A9A7 A0A8V0Y070 A0A8V0YMM6 A0A8V0ZH54 A0A8V0XKU5 A0A8V0ZF83
Biological Process,epidermis development,4,GO:0008544,13,98,389,2734,0.93,0.8834361818742925,0.05,A0A8V1AG56 A0A3Q2TU24 A0A8V0X4D8 Q98938 A0A8V1AFR2 A0A8V0ZTP1 A0A8V0XCI3 A0A8V0ZA56 A0A8V0XK73 A0A8V0YVT3 A0A8V1AJV5 P33005 E1BQI2
Biological Process,metal ion transport,6,GO:0030001,13,99,389,2734,0.92,0.8835511537743987,0.05,A0A8V0XB58 A0A8V0ZES4 A0A8V0ZY91 E1C733 A0A8V0XLN9 A0A8V1AM47 A0A8V1AJV5 A0A1D5NWP2 A0A8V0YG88 Q5ZHL0 A0A8V0YLZ5 A0A3Q2U2N6 A0A8V0YFB8
Biological Process,tissue migration,2,GO:0090130,15,101,389,2734,1.04,0.884370901488794,0.05,A0A8V0YS46 A0A8V0Z8V4 A0A8V0ZZU1 Q0PVE4 Q98938 A0A8V0ZI29 A0A8V1AB05 A0A8V1A9R2 A0A1D5P655 A0A3Q2UEL1 A0A3Q3A4U3 A0A8V0YLN5 A0A8V0YDT5 A0A8V0XJ84 A0A8V0Z4M1
Biological Process,multi-organism reproductive process,2,GO:0044703,70,486,389,2734,1.01,0.8863244500404424,0.05,Q98938 A0A8V0ZI29 A0A8V0XXM5 A0A8V0YM05 A0A8V1A2P5 A0A8V0ZYM1 A0A1D5NTR5 A0A8V0YDT5 A0A8V0YPA6 A0A1D5NYG2 A0A8V0XFL3 A0A8V0XUJ8 A0A8V0Y8L6 A0A8V0XYR2 E1BS94 A0A8V0YC57 A0A8V0YB43 A0A8V0ZDK0 A0A8V1A3H9 A0A8V0XGL8 A0A8V1ALE0 A0A8V0WZN3 A0A8V0ZTA5 A0A8V0XXW6 A0A8V0YW57 A0A8V0ZSX6 A0A3Q2TYT2 A0A1D5NZN4 A0A8V1A7R0 A0A1D5P1F1 A0A8V0XF68 A0A1L1RZ23 A0A8V0YS46 A0A8V0WZJ4 A0A8V0XB58 A0A8V0Z6B9 A0A8V0ZZU1 A0A8V1A3N1 A0A8V1AK88 Q0PVE4 A0A8V1AA32 Q5ZJ58 A0A3Q2UEL1 A0A8V0Y1A4 A0A8V0Y9F8 Q00649 A0A8V0YPB9 A0A8V0XJ84 A0A8V0Z7D4 A0A8V0ZH54 A0A1D5NWP2 A0A8V0ZE30 A0A1D5PLP1 A0A8V0ZF83 A0A8V0ZJ97 A0A1D5PBU5 Q05744 O12971 A0A8V1AB05 A0A8V1A9R2 A0A8V1AB67 A0A8V0YJV4 A0A1D5P655 A0A8V0X5K9 A0A8V0Y070 A0A8V0YMM6 A0A8V0YIE9 A0A8V0ZX23 A0A8V0Z4M1 A0A8V0YRG2
Biological Process,defense response to other organism,3,GO:0098542,16,109,389,2734,1.03,0.8886494375145224,0.05,A0A1D5PCU0 Q05744 A0A8V0XXM5 A0A8V1A9R2 A0A8V1ABC8 A0A8V0YWM3 A0A1D5PNL3 A0A8V0ZTA5 A0A8V0Y614 A0A8V0Y9F8 Q00649 A0A8V0XEJ0 A0A8V0Z888 P01875 E1BS94 A0A8V0YR09
Biological Process,post-transcriptional regulation of gene expression,7,GO:0010608,16,111,389,2734,1.01,0.890382948669415,0.05,A0A8V1ACS0 A0A8V0ZJ97 A0A8V0XGL8 A0A1D5P655 A0A8V0Z438 A0A8V1ABC8 A0A1D5PQV0 A0A8V0XPN5 Q00649 A0A8V0ZSX6 A0A8V1ABC9 A0A8V0Z4M1 A0A1D5PNG3 A0A8V1A7R0 A0A8V0Z4J0 A0A8V0ZE30
Biological Process,positive regulation of catabolic process,5,GO:0009896,15,114,389,2734,0.92,0.8909260587765226,0.05,A0A8V1AG56 A0A8V0ZDK0 A0A8V0X4D8 A0A8V0ZZG2 A0A8V0YBZ6 A0A8V0ZE30 A0A8V1AA32 A0A1L1RX77 A0A8V0YGN8 A0A8V0ZSX6 A0A8V0ZRU9 A0A8V0XFL3 A0A8V0YRK4 A0A1D5PC37 A0A8V0XM58
Biological Process,response to decreased oxygen levels,4,GO:0036293,17,117,389,2734,1.02,0.8926186482534435,0.05,A0A8V0YNQ0 A0A1D5PCU0 A0A8V0ZWX9 A0A8V1ACS0 A0A8V0XB58 A0A3Q2TU24 A0A8V0YQ88 A0A1D5PNB8 A0A8V1AMI7 Q00649 A0A8V0ZSX6 A0A8V0XJ84 A0A8V0Z4M1 A0A8V0XYR2 A0A8V0Z4J0 A0A1D5PC37 A0A8V0YWM3
Biological Process,instar larval or pupal morphogenesis,4,GO:0048707,18,123,389,2734,1.03,0.8948692670110617,0.05,A0A8V0ZKI8 A0A8V0YS46 A0A8V0ZZG2 A0A8V0ZZU1 Q98938 O12971 A0A8V1A9R2 A0A3Q2UEL1 A0A8V0ZF83 A0A8V0Y070 A0A8V1A9A7 A0A8V0XK73 A0A8V0YMM6 A0A8V0ZH54 A0A1D5NWP2 A0A8V0ZQP1 A0A8V0XFL3 Q76KB2
Biological Process,metamorphosis,3,GO:0007552,18,125,389,2734,1.01,0.896313872645552,0.05,A0A8V0ZKI8 A0A8V0YS46 A0A8V0ZZG2 A0A8V0ZZU1 Q98938 O12971 A0A8V1A9R2 A0A3Q2UEL1 A0A8V0ZF83 A0A8V0Y070 A0A8V1A9A7 A0A8V0XK73 A0A8V0YMM6 A0A8V0ZH54 A0A1D5NWP2 A0A8V0ZQP1 A0A8V0XFL3 Q76KB2
Biological Process,cellular response to organic cyclic compound,5,GO:0071407,17,127,389,2734,0.94,0.8965755607605673,0.05,A0A8V0YNQ0 A0A8V0ZKI8 A0A8V1AHJ8 A0A8V0ZJ97 A0A8V0YC57 A0A8V0XDM2 A0A8V0YM05 A0A8V0YWM3 A0A8V0Y1A4 A0A8V0ZY91 A0A8V0XPE8 A0A8V1AFC3 A0A8V0Y513 A0A8V0Z4M1 A0A8V1A7R0 A0A8V0XYR2 P02460
Biological Process,response to oxygen levels,3,GO:0070482,19,130,389,2734,1.03,0.8975901227029444,0.05,A0A8V0YNQ0 A0A1D5PCU0 A0A8V0ZWX9 A0A8V1AG56 A0A1D5PNB8 A0A8V0XYR2 A0A8V0Z4J0 A0A8V1ACS0 A0A8V0YQ88 A0A8V1AMI7 A0A8V0ZSX6 A0A1D5PC37 A0A8V0XB58 Q00649 A0A8V0XJ84 A0A8V0Z4M1 A0A3Q2TU24 Q5ZHL0 A0A8V0YWM3
Biological Process,regulation of cytokine production,4,GO:0001817,19,131,389,2734,1.02,0.8981918745263836,0.05,Q5ZMG0 P11602 A0A8V1AG56 A0A8V0X4D8 A0A8V0XUK6 A0A8V0ZZG2 A0A8V0ZSG8 A0A8V1ABC8 A0A1D5P1F1 A0A8V1AJ90 Q00649 A0A8V0XJ84 A0A8V0YR09 A0A8V0ZB91 A0A8V0YDT4 A0A8V1AB05 A0A8V1A9R2 A0A8V0YDD6 A0A8V0ZQS2
Biological Process,monoatomic cation homeostasis,4,GO:0055080,19,140,389,2734,0.95,0.901513222705886,0.05,A0A8V0YPA6 A0A8V0XYR2 A0A3Q2U2N6 A0A8V0YFB8 A0A8V0ZKS6 A0A1D5PQV0 E1C733 A0A8V1A4P2 A0A8V0YRF2 A0A8V0XB58 A0A1D5NWP2 A0A8V1ABC9 A0A8V0XX49 A0A8V0ZKI8 A0A8V1A9R2 A0A8V0ZES4 A0A8V0XLN9 A0A8V0YLT1 Q5ZHL0
Biological Process,sulfur compound metabolic process,3,GO:0006790,21,154,389,2734,0.96,0.9058067985105134,0.04,A0A8V0XRC4 A0A1D5PNB8 A0A8V0Z4R1 A0A1D5PA74 A0A8V0Y8L6 A0A8V0YIV5 A0A8V0ZIZ5 A0A8V1AHJ8 E1C3Z8 E1BYF1 A0A1L1RX77 A0A8V0YLN5 E1C2T4 A0A8V0YS46 A0A8V0WZJ4 A0A8V0YZJ3 A0A8V0ZBJ8 A0A8V0Y9F8 A0A8V0Y513 F1NGB8 A0A8V0ZX23
Biological Process,regulation of defense response,5,GO:0031347,26,179,389,2734,1.02,0.911845709935897,0.04,Q5ZMG0 P11602 A0A8V0ZWX9 A0A8V1AG56 A0A8V1AFP7 A0A8V1A8R6 A0A8V0XUK6 A0A8V0Z4J0 A0A8V1ACS0 A0A8V0ZZG2 A0A8V1A8N2 A0A8V1ABC8 A0A8V0ZP32 A0A8V0ZSX6 A0A8V1AKH4 A0A8V0YRF2 A0A8V1AA32 A0A1D5PNL3 A0A8V0YY90 A0A8V1ABC9 A0A8V0YR09 A0A8V0ZJ97 A0A8V0ZB91 A0A8V1AFH0 A0A8V1AB05 A0A8V0ZTG6
Biological Process,cellular response to stimulus,2,GO:0051716,167,1167,389,2734,1.01,0.9120101695183589,0.04,P11602 A0A8V1A4K1 A0A8V1AEJ4 A0A8V1AJT2 A0A8V0Z4R1 A0A1D5NTR5 A0A8V0YVT3 A0A8V0YDT5 A0A8V0YEZ4 A0A8V0XEJ0 A0A8V0YW12 A0A8V0ZEJ3 A0A8V0YB43 A0A8V0ZY61 A0A8V0Z8V4 A0A8V0ZZG2 A0A8V1ACS0 A0A8V0YPH9 A0A8V1ABC8 A0A8V0Y722 A0A1L1RX77 A0A8V0XPE8 A0A8V0YW57 A0A8V1ACD6 A0A8V1A4P2 A0A8V1A7R0 A0A8V0Y4Q2 A0A8V1A3N1 A0A8V0ZTP1 A0A1D5PNL3 A0A8V0Y9F8 A0A8V0XJ84 A0A1D5NWP2 F1NGB8 A0A3Q2TU24 A0A8V0YEQ1 A0A8V0ZJ97 A0A8V0ZB91 A0A8V1AB05 A0A8V1A9R2 A0A8V1AB67 A0A8V0ZDZ5 A0A8V0Y070 A0A8V0ZQS2 A0A8V1AG56 A0A8V0YM05 A0A8V1A9A7 A0A3Q3A4U3 A0A8V0XUK6 A0A8V0XRN3 P02460 A0A8V0X637 A0A3Q2TTB3 E1BYF1 A0A8V0ZRU9 A0A3Q2TYT2 A0A8V0ZXC9 A0A8V0YRF2 A0A1D5NZN4 A0A1D5P7Y2 A0A8V0Y5K2 A0A1D5P0D7 A0A8V0Y7Y9 A0A8V0ZW46 A0A8V0ZE58 Q00649 A0A1D5PDV9 A0A8V0Z7D4 A0A8V1ABC9 A0A8V0XM58 A0A8V0YRK4 A0A8V1ADF6 E1BQI2 A0A8V0Y513 A0A8V0YR09 A0A8V1AFH0 A0A8V0Y413 A0A8V0YJV4 A0A8V0YMM6 A0A8V1AJI2 A0A1D5PT01 A0A8V1AJV5 A0A8V0YLT1 P33005 A0A8V0YRG2 A0A8V1A653 A0A8V0Y0V1 Q5ZIB0 A0A8V0X4D8 A0A8V1A803 A0A8V0ZI29 A0A8V0YBZ6 A0A8V0ZYM1 A0A8V0YGN8 A0A8V0YXG4 A0A1D5PIZ5 A0A8V0YPA6 A0A8V0Y8L6 A0A8V0Z4J0 A0A8V0YC57 A0A8V1AHJ8 A0A8V0ZSG8 A0A8V0ZKS6 A0A8V0ZTA5 E1C733 A0A8V1AMI7 A0A8V0ZSX6 A0A8V0XKU5 A0A1D5PE57 Q8AWB4 A0A1D5PC37 A0A8V0XZV7 A0A8V0XWZ8 A0A8V0ZY91 A0A8V0Y1A4 A0A8V0ZF83 A0A8V0ZKI8 O12971 A0A1D5P655 A0A8V0XQS7 A0A8V0Z9Y8 A0A8V0Z4M1 P01875 A0A8V1AL54 A0A3Q2U3T5 A0A8V0YNQ0 Q98938 A0A8V0XRC4 A0A8V0XCI3 A0A8V0Y999 A0A8V0ZW33 A0A8V1A2P5 A0A1D5NZT1 A0A8V0XWF0 A0A8V0XUJ8 A0A8V0XYR2 A0A8V1AAN6 A0A8V1A3H9 A0A8V0XGL8 A0A8V0YQ88 A0A8V1AFC3 A0A8V0YHH6 A0A8V0Y1N7 A0A8V0X852 A0A1D5P1F1 A0A8V1AJ90 A0A8V0XF68 A0A8V0YS46 A0A8V0XB58 A0A8V0ZZU1 A0A8V0XDM2 A0A8V0X6J5 A0A8V0YE20 Q5ZJ58 A0A8V1A2F4 A0A8V0Z2J4 A0A8V0ZBJ8 A0A8V0Y2E5 Q9I946 A0A8V0YU83 A0A8V0XAF8 A0A8V1A4I0 A0A8V0YDD6 A0A8V0XFB5 Q5ZHL0 A0A8V0ZPH9 A0A8V0YWM3
Biological Process,response to extracellular stimulus,3,GO:0009991,25,183,389,2734,0.96,0.9128478574266894,0.04,A0A8V0YNQ0 A0A8V0ZWX9 A0A8V0XXM5 A0A8V0XCI3 A0A1D5PNB8 A0A8V0YEZ4 A0A8V0YPA6 P02460 A0A8V0XGL8 A0A8V0ZSG8 A0A8V1AMI7 A0A8V0XPE8 A0A8V0YLN5 A0A8V0ZSX6 A0A8V0ZRU9 A0A1D5P1F1 A0A8V0XDM2 A0A8V0Y7Y9 A0A8V0Y1A4 Q00649 A0A8V0Y513 A0A8V0ZKI8 Q05744 A0A8V0Z4M1 A0A8V0YWM3
Biological Process,positive regulation of RNA biosynthetic process,7,GO:1902680,26,190,389,2734,0.96,0.9143465940308143,0.04,A0A8V1AG56 Q98938 A0A8V0YM05 A0A8V1AJT2 A0A8V1A9A7 A0A8V0XRN3 A0A8V0Y290 A0A8V0XYR2 A0A8V0Z4J0 A0A8V1ACS0 A0A8V0Y0F3 A0A8V1ABC8 A0A8V1AFC3 A0A1L1RX77 A0A8V0YHH6 A0A8V0ZSX6 A0A1D5NZN4 A0A8V0X1T3 A0A8V1A7R0 A0A1D5P0D7 A0A8V0ZE58 A0A8V0XJ84 A0A1D5PLP1 A0A8V0ZKI8 A0A8V1A9R2 A0A8V0Z4M1
Biological Process,positive regulation of RNA metabolic process,6,GO:0051254,27,198,389,2734,0.96,0.9158487054262918,0.04,A0A8V1AG56 Q98938 A0A8V0YM05 A0A8V1AJT2 A0A8V1A9A7 A0A8V0XRN3 A0A8V0Y290 A0A8V0XYR2 A0A8V0Z4J0 A0A8V1ACS0 A0A8V0Y0F3 A0A8V1ABC8 A0A8V1AFC3 A0A1L1RX77 A0A8V0YHH6 A0A8V0ZSX6 A0A1D5NZN4 A0A8V0X1T3 A0A8V1A7R0 A0A1D5P0D7 A0A8V0ZE58 A0A8V0XJ84 A0A8V0ZE30 A0A1D5PLP1 A0A8V0ZKI8 A0A8V1A9R2 A0A8V0Z4M1
Biological Process,nervous system process,3,GO:0050877,34,245,389,2734,0.98,0.9238653753474886,0.03,A0A8V0YNQ0 A0A8V1A9A7 A0A8V0YVT3 R4GGQ4 A0A1D5PA74 A0A1D5NYG2 A0A8V0XYR2 P02460 A0A8V0Y8G8 A0A3Q2U2N5 A0A8V1ALE0 A0A8V0ZSG8 A0A3Q2UGW3 A0A8V0ZSX6 A0A8V0Y1N7 A0A8V0Z888 A0A8V0XB58 A0A1D5P0X0 A0A8V0ZY91 A0A8V0Z086 A0A8V1ABC9 A0A8V0YRK4 A0A8V0ZKI8 A0A8V0YEQ1 A0A1D5P655 A0A8V0ZRE1 A0A8V1A9R2 A0A8V1AB67 A0A8V0YY70 A0A8V0XX41 A0A8V0X370 A0A8V1AJV5 A0A8V0XFB5 A0A8V0YRG2
Biological Process,defense response,3,GO:0006952,36,249,389,2734,1.02,0.9241820959625543,0.03,Q5ZMG0 A0A1D5PCU0 A0A8V1AG56 A0A8V0XXM5 A0A1D5PNB8 A0A8V0YXG4 A0A8V0XUK6 A0A8V0XEJ0 A0A8V0YW12 A0A8V0XYR2 A0A8V0ZEJ3 E1BS94 P01875 A0A8V0ZZG2 A0A8V0XGL8 A0A8V0ZSG8 A0A8V1ABC8 A0A8V0ZTA5 E1C733 A0A8V0Z888 A0A8V1A7R0 A0A1D5P1F1 A0A8V1AAH7 A0A8V1AJ90 A0A8V0XB58 A0A8V0XDM2 A0A8V1A3N1 A0A1D5PNL3 A0A8V0Y9F8 Q00649 A0A8V0YR09 Q05744 A0A8V1A9R2 A0A8V0Y614 A0A8V0YRG2 A0A8V0YWM3
Biological Process,positive regulation of phosphate metabolic process,7,GO:0045937,36,262,389,2734,0.97,0.9258675779063783,0.03,Q5ZMG0 A0A8V0Y0V1 A0A8V1AG56 Q98938 A0A8V1AJT2 A0A3Q3A4U3 A0A8V0XRN3 A0A8V0XYR2 A0A8V0Z4J0 A0A8V1ACS0 A0A8V0X637 A0A8V1ABC8 E1C733 A0A8V0ZSX6 A0A8V0X1T3 A0A8V1A7R0 A0A1D5P1F1 A0A1D5P0D7 A0A8V0YS46 A0A8V0XB58 A0A8V1A3N1 Q5ZJ58 A0A1D5PNL3 A0A8V0ZE58 A0A8V0XWZ8 A0A8V0XJ84 A0A8V1ABC9 Q9I946 E1BQI2 A0A3Q2TU24 A0A8V0ZB91 A0A8V1A3S8 A0A8V1A9R2 A0A8V0Y413 A0A8V0XFB5 A0A8V0Z4M1
Biological Process,positive regulation of phosphorus metabolic process,6,GO:0010562,36,262,389,2734,0.97,0.9258675779063783,0.03,Q5ZMG0 A0A8V0Y0V1 A0A8V1AG56 Q98938 A0A8V1AJT2 A0A3Q3A4U3 A0A8V0XRN3 A0A8V0XYR2 A0A8V0Z4J0 A0A8V1ACS0 A0A8V0X637 A0A8V1ABC8 E1C733 A0A8V0ZSX6 A0A8V0X1T3 A0A8V1A7R0 A0A1D5P1F1 A0A1D5P0D7 A0A8V0YS46 A0A8V0XB58 A0A8V1A3N1 Q5ZJ58 A0A1D5PNL3 A0A8V0ZE58 A0A8V0XWZ8 A0A8V0XJ84 A0A8V1ABC9 Q9I946 E1BQI2 A0A3Q2TU24 A0A8V0ZB91 A0A8V1A3S8 A0A8V1A9R2 A0A8V0Y413 A0A8V0XFB5 A0A8V0Z4M1
Biological Process,negative regulation of developmental process,4,GO:0051093,38,263,389,2734,1.02,0.9260151336325051,0.03,A0A8V0Y0V1 A0A8V0YNQ0 A0A8V1AG56 A0A8V0X4D8 Q98938 A0A8V0ZI29 A0A8V1A9A7 A0A3Q3A4U3 A0A8V0YXG4 A0A8V0YDT5 A0A8V0XUK6 A0A8V0XUJ8 A0A8V0Y290 A0A8V0YMR1 A0A8V0Y0F3 A0A8V0Z8V4 A0A8V0XGL8 A0A8V0YQ88 A0A8V0ZSG8 A0A8V0ZKS6 A0A1L1RX77 A0A8V0ZSX6 A0A8V1ACD6 A0A1D5NZN4 A0A1D5PE57 A0A8V1A7R0 A0A8V0Y1A4 A0A8V0YRK4 A0A8V0ZKI8 O12971 A0A8V0YDT4 A0A8V1AB05 A0A8V1A9R2 A0A8V0Y413 A0A8V0YMM6 A0A8V0Z4M1 A0A8V0YRG2 A0A8V0ZQS2
Biological Process,organonitrogen compound catabolic process,4,GO:1901565,41,286,389,2734,1.01,0.9288877607122292,0.03,A0A8V1A9L3 A0A8V0ZWX9 Q5ZIB0 A0A8V0XRC4 A0A1D5NVM6 A0A1D5PNB8 A0A8V0YXG4 A0A8V0ZIF0 A0A8V0ZFG7 A0A8V0YC98 A0A8V0Z4J0 E1BS94 A0A8V0YC57 A0A8V1ACS0 A0A8V0ZZG2 A0A8V0ZG46 A0A8V0X637 E1BYF1 A0A1L1RX77 A0A8V0ZP32 A0A8V0YLN5 A0A8V0ZRU9 A0A1L1RSD2 A0A1D5P1F1 A0A8V1AJ90 A0A8V0XA92 A0A8V0ZW46 A0A8V0Z1E9 A0A1D5PNL3 A0A8V0YZJ3 A0A8V0ZY42 A0A8V0XWZ8 A0A8V0Z086 A0A8V0ZH54 A0A8V0YF22 Q05744 A0A8V1AFH0 A0A8V0XQS7 A0A8V0Z9Y8 Q5ZKV5 A0A8V0YFD4
Biological Process,regulation of cell projection organization,5,GO:0031344,42,291,389,2734,1.01,0.9292564450704438,0.03,A0A8V0Y0V1 A0A8V0YNQ0 A0A8V1AG56 A0A8V0X4D8 A0A8V0ZI29 A0A3Q3A4U3 A0A8V0YGN8 A0A1D5NTR5 A0A8V0YDT5 A0A1D5NYG2 A0A8V0YMR1 A0A8V0Z8V4 A0A8V0XGL8 A0A8V0ZKS6 A0A8V0YLN5 A0A8V1ACD6 A0A8V0X852 A0A8V0ZAU8 A0A1D5P1F1 Q6JHU8 Q0PVE4 A0A8V0XB58 A0A8V0ZBA3 A0A8V0XWZ8 A0A8V0Y1A4 Q00649 A0A8V0XJ84 A0A8V0XAN3 A0A8V0YRK4 E1BQI2 A0A8V0ZKI8 A0A8V0ZB91 A0A1D5PBU5 A0A1D5P655 A0A8V1A3S8 A0A8V1AB05 A0A8V0YY70 A0A8V1AJI2 A0A1D5PT01 A0A8V0YDD6 A0A8V0Z4M1 A0A8V0YRG2
Biological Process,response to organonitrogen compound,4,GO:0010243,44,306,389,2734,1.01,0.9308527408094736,0.03,A0A8V0YNQ0 P11602 A0A8V0ZWX9 Q5ZIB0 A0A8V0ZW33 A0A8V1A2P5 A0A8V0Z4R1 A0A8V0YEZ4 A0A8V0YPA6 A0A8V0XYR2 A0A8V0YC57 A0A8V0YB43 P02460 A0A8V1AHJ8 Q5ZHL0 A0A8V0X637 A0A8V1ABC8 A0A8V0ZTA5 A0A8V0YW57 A0A8V0Y1N7 A0A8V0Z1C5 A0A8V0ZRU9 A0A1D5PE57 A0A1D5PNG3 A0A8V1A7R0 A0A1D5P1F1 A0A8V1AJ90 A0A8V0XDM2 A0A8V0ZW46 A0A8V0ZY91 Q00649 A0A8V1ABC9 Q9I946 A0A8V0Y513 A0A8V0ZKI8 A0A1D5P655 A0A8V1A9R2 A0A8V0YJV4 A0A8V0YDD6 A0A8V0YLT1 A0A8V0XQS7 A0A8V0Z4M1 A0A8V1A653 A0A8V0YWM3
Biological Process,morphogenesis of an epithelium,4,GO:0002009,46,320,389,2734,1.01,0.9321808919308272,0.03,A0A8V1AG56 Q98938 A0A8V0ZW33 A0A8V0YM05 A0A8V1A9A7 A0A3Q3A4U3 P33005 A0A8V0YVT3 A0A8V0XRN3 A0A8V0XFL3 A0A8V0XYR2 A0A8V1AAN6 A0A8V1A3H9 A0A8V0YB43 Q5ZHL0 A0A8V0ZZG2 Q76KB2 A0A8V0Y722 E1C733 A0A8V0XK73 A0A8V0XKU5 A0A8V1AAH7 A0A8V0YS46 A0A8V0WZJ4 A0A8V0ZZU1 Q0PVE4 A0A8V0XDM2 A0A8V0ZTP1 A0A3Q2UEL1 A0A8V0ZE58 A0A8V0ZH54 A0A1D5NWP2 A0A8V0XM58 A0A8V0ZF83 A0A8V0ZKI8 O12971 A0A8V1A9R2 A0A8V0ZHK9 A0A8V0YY70 A0A8V0YMM6 A0A8V0Y070 A0A8V1AJV5 A0A8V0YLT1 A0A8V0ZQP1 A0A8V0Z4M1 A0A8V0YRG2
Biological Process,regulation of intracellular signal transduction,5,GO:1902531,58,404,389,2734,1.01,0.9385407334711446,0.03,Q5ZMG0 A0A8V0Y0V1 A0A8V0ZWX9 A0A8V1AG56 A0A8V1A9L3 A0A8V0YBZ6 A0A8V1AJT2 A0A3Q3A4U3 A0A8V0YDT5 A0A8V0XRN3 A0A8V0YPA6 A0A8V0Y290 A0A8V0XYR2 A0A8V0Z4J0 A0A8V1A3H9 A0A8V0YC57 A0A8V1ACS0 A0A8V0Y0F3 A0A8V0ZZG2 A0A8V0ZSG8 A0A8V0X637 A0A8V1ABC8 A0A8V0ZTA5 E1C733 E1BYF1 A0A1L1RX77 A0A8V0YRF2 A0A1D5PE57 A0A8V0X1T3 A0A8V1A7R0 A0A1D5P1F1 A0A8V1AJ90 A0A1D5P0D7 A0A8V0YS46 A0A8V0Z307 A0A8V0XB58 A0A8V1A3N1 Q5ZJ58 A0A1D5PNL3 A0A8V0ZE58 Q00649 A0A8V0YY90 A0A8V0XJ84 A0A8V1ABC9 Q9I946 E1BQI2 A0A3Q2TU24 A0A8V0ZB91 A0A8V0YDT4 A0A8V1A9R2 A0A8V0ZDZ5 A0A8V0YJV4 A0A8V1AJI2 A0A8V0YDD6 A0A8V1AJV5 A0A8V0XFB5 A0A8V0Z4M1 A0A8V0YRG2
Biological Process,response to endogenous stimulus,2,GO:0009719,62,432,389,2734,1.01,0.940200111073294,0.03,A0A8V0YNQ0 P11602 A0A8V1AG56 A0A8V0X4D8 A0A8V0ZW33 A0A8V0YM05 A0A8V1A2P5 A0A8V0Z4R1 A0A8V0YEZ4 A0A8V0YXG4 A0A8V0YPA6 A0A8V0XUJ8 A0A8V0XYR2 A0A8V0Z4J0 P02460 A0A8V0YB43 A0A8V0YC57 A0A8V0ZY61 A0A8V1ACS0 A0A8V1AHJ8 Q5ZHL0 A0A8V0ZKS6 A0A8V0XGL8 A0A8V1ABC8 A0A8V0ZTA5 A0A8V1AFC3 A0A8V0XPE8 A0A8V0ZP32 A0A8V0YHH6 A0A8V0Y1N7 A0A8V0Z1C5 A0A8V0ZRU9 A0A8V0X852 A0A1D5PE57 A0A1D5PNG3 A0A8V1A7R0 A0A1D5P1F1 A0A8V0Y5K2 A0A1D5P0D7 A0A8V0YS46 A0A8V0XDM2 A0A8V0Z2J4 A0A8V0ZY91 A0A8V0Y1A4 Q00649 A0A8V0XJ84 A0A8V0Y2E5 A0A8V0Z4M1 A0A8V1ABC9 Q9I946 A0A8V0Y513 A0A3Q2TU24 A0A1D5P655 A0A8V1AFH0 A0A8V1A9R2 A0A8V0YJV4 A0A8V0YMM6 A0A8V0YDD6 A0A8V0YLT1 P33005 A0A8V1A653 A0A8V0YWM3
Biological Process,cellular response to organic substance,4,GO:0071310,80,560,389,2734,1.0,0.946029410903447,0.02,A0A8V1AJT2 A0A8V0Z4R1 A0A8V0YEZ4 A0A8V0YB43 A0A8V0ZY61 A0A8V1ACS0 A0A8V0YPH9 A0A8V1ABC8 A0A1L1RX77 A0A8V0XPE8 A0A8V1A7R0 A0A8V1A3N1 A0A8V0ZTP1 A0A1D5PNL3 A0A8V0XJ84 F1NGB8 A0A3Q2TU24 A0A8V0ZJ97 A0A8V1A9R2 A0A8V0ZQS2 A0A8V1AG56 A0A8V0YM05 A0A8V0XRN3 P02460 E1BYF1 A0A8V0ZRU9 A0A8V0ZXC9 A0A8V0Y5K2 A0A1D5P0D7 A0A8V0ZW46 Q00649 A0A8V1ABC9 A0A8V0Y513 A0A8V0YR09 A0A8V1AFH0 A0A8V0YJV4 A0A8V0YMM6 A0A8V0YLT1 P33005 Q5ZIB0 A0A8V0X4D8 A0A8V0YXG4 A0A8V0YPA6 A0A8V0Z4J0 A0A8V0YC57 A0A8V1AHJ8 A0A8V0ZKS6 E1C733 A0A8V1AMI7 A0A8V0ZSX6 A0A1D5PE57 A0A8V0ZY91 A0A8V0Y1A4 A0A8V0ZKI8 A0A1D5P655 A0A8V0XQS7 A0A8V0Z4M1 A0A8V0YNQ0 A0A8V0Y999 A0A8V0ZW33 A0A8V0XUJ8 A0A8V0XYR2 A0A8V0XGL8 A0A8V1AFC3 A0A8V0YHH6 A0A8V0Y1N7 A0A8V0X852 A0A1D5P1F1 A0A8V1AJ90 A0A8V0YS46 A0A8V0XB58 A0A8V0XDM2 A0A8V0Z2J4 A0A8V0Y2E5 Q9I946 A0A8V0XAF8 A0A8V0YDD6 A0A8V0XFB5 Q5ZHL0 A0A8V0YWM3
Biological Process,response to chemical,2,GO:0042221,144,1017,389,2734,1.0,0.9548868333412421,0.02,P11602 A0A8V0ZWX9 A0A8V1AEJ4 A0A8V1AJT2 A0A8V0Z4R1 A0A1D5NTR5 A0A8V0YVT3 A0A8V0YDT5 A0A8V0YEZ4 A0A1D5NYG2 A0A8V0YB43 A0A8V0ZY61 A0A8V0Z8V4 A0A8V1ACS0 A0A8V0YPH9 A0A8V1ABC8 A0A1L1RX77 A0A8V0XPE8 A0A8V0YW57 A0A8V1ACD6 A0A8V1A7R0 A0A8V0X783 A0A8V0Y4Q2 A0A8V1A3N1 A0A8V0ZTP1 A0A1D5PNL3 A0A8V0Y9F8 A0A8V0XJ84 A0A1D5NWP2 A0A8V0Z249 F1NGB8 A0A3Q2TU24 A0A8V0YEQ1 A0A8V0ZJ97 A0A8V0ZB91 A0A8V1AB05 A0A8V1A9R2 A0A8V1AB67 A0A8V0ZHK9 A0A8V0Y070 A0A8V0ZQS2 A0A8V1AG56 A0A8V0XXM5 A0A8V0YM05 A0A3Q3A4U3 A0A8V0XRN3 P02460 A0A8V0ZDU4 A0A8V0YUF6 A0A8V0X637 E1BYF1 A0A8V0ZP32 A0A8V0ZSX0 A0A8V0ZRU9 A0A3Q2TYT2 A0A8V0ZXC9 A0A1D5NZN4 A0A8V0Y5K2 A0A8V1AAH7 A0A1D5P0D7 A0A8V0ZW46 A0A8V0ZE58 Q00649 A0A8V1ABC9 A0A8V0XM58 A0A8V1ADF6 E1BQI2 A0A8V0Y513 A0A8V0YR09 A0A8V1AFH0 A0A8V0YJV4 A0A8V0YY70 A0A8V0YMM6 A0A1D5PT01 A0A8V0YLT1 P33005 A0A8V0YRG2 A0A8V1A653 A0A8V0Y0V1 Q5ZIB0 A0A8V0X4D8 A0A8V0ZBR8 A0A8V0ZI29 A0A1D5PNB8 A0A8V0YXG4 A0A8V0YPA6 A0A8V0Y8L6 A0A8V0Z4J0 A0A8V0YC57 A0A8V1AHJ8 A0A8V0ZKS6 A0A8V0ZTA5 E1C733 A0A8V1AMI7 A0A8V0YLN5 A0A8V0ZSX6 A0A1D5PE57 A0A1D5PC37 A0A1D5PMF4 A0A8V0YRN1 A0A8V0XWZ8 A0A8V0ZY91 A0A8V0Y1A4 A0A8V0YBD7 A0A8V0ZF83 A0A8V0ZKI8 A0A1D5P655 A0A8V0ZES4 A0A8V0XK27 A0A8V0XQS7 A0A8V0Z4M1 A0A8V0YNQ0 Q98938 A0A8V0Y999 A0A8V0ZW33 A0A8V1A2P5 A0A1D5NZT1 A0A8V0XUJ8 A0A8V0XYR2 A0A8V0XGL8 A0A8V0YQ88 A0A1D5PQV0 A0A8V1AFC3 A0A8V0YHH6 A0A8V0Y1N7 A0A8V0Z1C5 A0A8V0X852 A0A1D5PNG3 A0A1D5P1F1 A0A8V1AJ90 A0A8V0YS46 A0A8V0XB58 A0A8V0XDM2 A0A8V0YE20 A0A8V0Z2J4 A0A8V0Y2E5 Q9I946 A0A8V0XAF8 A0A8V0Z9Z7 A0A8V0YDD6 A0A8V1AM47 A0A8V0XFB5 Q5ZHL0 A0A8V0YWM3
Biological Process,negative regulation of endocytosis,5,GO:0045806,2,19,389,2734,0.74,1.0,-0.0,A0A8V0ZRU9 A0A1D5PC37
Biological Process,epithelial cell morphogenesis,4,GO:0003382,3,25,389,2734,0.84,1.0,-0.0,A0A8V1A9R2 A0A8V0XDL7 Q98938
Biological Process,regulation of lymphocyte mediated immunity,6,GO:0002706,3,24,389,2734,0.88,1.0,-0.0,A0A8V0YW57 A0A8V0XUK6 A0A8V1AA32
Biological Process,regulation of focal adhesion assembly,7,GO:0051893,3,25,389,2734,0.84,1.0,-0.0,A0A8V0Z4M1 A0A8V0X5K9 A0A8V0XWZ8
Biological Process,positive regulation of adaptive immune response based on somatic recombination of immune receptors built from immunoglobulin superfamily domains,7,GO:0002824,2,14,389,2734,1.0,1.0,-0.0,A0A8V0YW57 A0A8V0ZWX9
Biological Process,microtubule cytoskeleton organization involved in mitosis,4,GO:1902850,6,46,389,2734,0.92,1.0,-0.0,A0A8V0ZDK0 Q0PVE4 A0A1D5PBU5 A0A8V0X5U3 A0A8V0ZE30 A0A8V0YRK4
Biological Process,regulation of lamellipodium organization,7,GO:1902743,4,28,389,2734,1.0,1.0,-0.0,A0A8V0ZAU8 Q0PVE4 A0A8V0XWZ8 A0A8V0X852
Biological Process,positive regulation of peptidyl-tyrosine phosphorylation,9,GO:0050731,6,45,389,2734,0.94,1.0,-0.0,A0A8V0Y0V1 A0A8V1A3S8 A0A8V0Y413 A0A8V0XWZ8 A0A8V0Z4M1 A0A8V1A7R0
Biological Process,positive regulation of lamellipodium organization,7,GO:1902745,2,14,389,2734,1.0,1.0,-0.0,Q0PVE4 A0A8V0XWZ8
Biological Process,negative regulation of lipid metabolic process,5,GO:0045833,2,19,389,2734,0.74,1.0,-0.0,A0A8V0YB43 A0A3Q2TU24
Biological Process,regulation of protein maturation,6,GO:1903317,8,56,389,2734,1.0,1.0,-0.0,A0A8V0X4D8 A0A8V1A8N2 A0A8V1AA32 A0A8V0Y999 A0A8V0ZP32 A0A8V1A8R6 A0A8V1AKH4 A0A8V0YRF2
Biological Process,response to salt,3,GO:1902074,2,14,389,2734,1.0,1.0,-0.0,A0A8V0ZSX6 A0A8V0XYR2
Biological Process,negative regulation of extrinsic apoptotic signaling pathway via death domain receptors,8,GO:1902042,2,14,389,2734,1.0,1.0,-0.0,A0A8V0ZC57 A0A8V0ZDZ5
Biological Process,regulation of extrinsic apoptotic signaling pathway via death domain receptors,7,GO:1902041,2,19,389,2734,0.74,1.0,-0.0,A0A8V0ZC57 A0A8V0ZDZ5
Biological Process,reproductive behavior,2,GO:0019098,7,55,389,2734,0.89,1.0,-0.0,A0A8V0WZJ4 A0A8V0XB58 A0A1D5PBU5 A0A8V1AB67 A0A8V0Y9F8 A0A3Q2TYT2 A0A1D5P1F1
Biological Process,negative regulation of synapse assembly,6,GO:0051964,2,16,389,2734,0.88,1.0,-0.0,A0A8V1AG56 A0A8V0Z8V4
Biological Process,cardiac cell development,4,GO:0055006,2,18,389,2734,0.78,1.0,-0.0,A0A8V0Z4M1 A0A8V0XB58
Biological Process,organelle disassembly,5,GO:1903008,2,20,389,2734,0.7,1.0,-0.0,A0A8V1A449 A0A8V0Y7Y9
Biological Process,regulation of sodium ion transmembrane transport,7,GO:1902305,3,21,389,2734,1.0,1.0,-0.0,A0A8V1AJV5 A0A8V0XB58 A0A8V0ZRU9
Biological Process,negative regulation of proteolysis involved in protein catabolic process,8,GO:1903051,2,20,389,2734,0.7,1.0,-0.0,A0A8V0Y7Y9 A0A1L1RP76
Biological Process,negative regulation of cellular catabolic process,6,GO:0031330,8,60,389,2734,0.94,1.0,-0.0,A0A8V0X4D8 A0A8V0Y7Y9 A0A8V1ABC8 A0A1L1RP76 A0A8V1ACU1 A0A8V0Z4M1 A0A8V1A7R0 A0A8V1A653
Biological Process,calcium ion homeostasis,4,GO:0055074,11,83,389,2734,0.93,1.0,-0.0,A0A8V0ZKI8 A0A8V0XB58 A0A8V1A9R2 E1C733 A0A8V1A4P2 A0A1D5NWP2 A0A8V1ABC9 A0A8V0YPA6 A0A8V0XYR2 A0A3Q2U2N6 A0A8V0YFB8
Biological Process,immune response-regulating signaling pathway,3,GO:0002764,12,86,389,2734,0.98,1.0,-0.0,A0A8V1ACS0 A0A8V0ZZG2 A0A1D5P655 A0A8V1AFH0 A0A8V1ABC8 A0A1D5PNL3 A0A8V0XUK6 A0A8V0XEJ0 P01875 A0A8V0Z4J0 A0A8V0ZQS2 A0A8V0YR09
Biological Process,asymmetric neuroblast division,4,GO:0055059,2,18,389,2734,0.78,1.0,-0.0,A0A8V0YB43 Q0PVE4
Biological Process,hexose catabolic process,5,GO:0019320,3,26,389,2734,0.81,1.0,-0.0,A0A8V1A4P2 A0A8V0YZJ3 A0A8V1A9A7
Biological Process,regulation of vulval development,4,GO:0040028,2,18,389,2734,0.78,1.0,-0.0,A0A8V0ZES4 A0A8V1AAH7
Biological Process,regulation of amine transport,5,GO:0051952,2,19,389,2734,0.74,1.0,-0.0,A0A1D5P1F1 A0A3Q2TYT2
Biological Process,dauer larval development,5,GO:0040024,3,25,389,2734,0.84,1.0,-0.0,A0A1D5NZT1 A0A8V0XK27 A0A8V1AEJ4
Biological Process,regulation of membrane depolarization,4,GO:0003254,2,18,389,2734,0.78,1.0,-0.0,A0A1L1RX77 A0A8V0XB58
Biological Process,lipoprotein metabolic process,4,GO:0042157,2,17,389,2734,0.83,1.0,-0.0,A0A8V0ZRU9 A0A8V0XK73
Biological Process,positive regulation of cell size,6,GO:0045793,2,15,389,2734,0.94,1.0,-0.0,A0A8V0ZSX6 A0A8V0XYR2
Biological Process,cellular ketone metabolic process,3,GO:0042180,2,19,389,2734,0.74,1.0,-0.0,A0A8V1AKQ0 A0A8V0YJV4
Biological Process,regulation of actin filament-based movement,5,GO:1903115,2,15,389,2734,0.94,1.0,-0.0,A0A8V0XCI3 A0A8V0XB58
Biological Process,heart process,4,GO:0003015,3,26,389,2734,0.81,1.0,-0.0,A0A8V0YM05 A0A8V0XB58 A0A8V0ZY91
Biological Process,"molting cycle, collagen and cuticulin-based cuticle",3,GO:0018996,2,14,389,2734,1.0,1.0,-0.0,A0A8V0ZHL4 A0A8V0ZX23
Biological Process,viral life cycle,2,GO:0019058,7,52,389,2734,0.95,1.0,-0.0,A0A8V1ACS0 A0A8V0X4D8 A0A8V0ZZG2 A0A1D5NVM6 A0A8V0ZYM1 A0A8V0Z4J0 A0A8V0XAE5
Biological Process,negative regulation of inflammatory response,6,GO:0050728,4,30,389,2734,0.94,1.0,-0.0,A0A8V0ZTG6 A0A8V0ZWX9 A0A8V0YY90 A0A8V1AFP7
Biological Process,cardiac muscle cell development,5,GO:0055013,2,16,389,2734,0.88,1.0,-0.0,A0A8V0Z4M1 A0A8V0XB58
Biological Process,cytokine-mediated signaling pathway,4,GO:0019221,17,119,389,2734,1.0,1.0,-0.0,A0A8V1ACS0 A0A8V0XB58 A0A8V0XGL8 A0A8V1A3N1 A0A8V0ZTP1 A0A8V1A9R2 A0A8V1ABC8 A0A1D5PNL3 E1C733 A0A1L1RX77 A0A8V1AJ90 A0A8V0YDD6 A0A8V0Z4M1 A0A8V1A7R0 A0A8V0Z4J0 A0A8V0ZQS2 A0A8V0YR09
Biological Process,positive regulation of amine transport,5,GO:0051954,2,16,389,2734,0.88,1.0,-0.0,A0A1D5P1F1 A0A3Q2TYT2
Biological Process,regulation of systemic arterial blood pressure,4,GO:0003073,2,20,389,2734,0.7,1.0,-0.0,A0A8V0XYR2 A0A8V0XA92
Biological Process,response to mechanical stimulus,3,GO:0009612,10,76,389,2734,0.92,1.0,-0.0,A0A8V0Z6B9 A0A8V0ZSG8 A0A8V1ABC8 A0A1L1RX77 A0A8V0XPE8 Q00649 A0A8V1ABC9 A0A1D5PE57 A0A8V0XYR2 P02460
Biological Process,regulation of adherens junction organization,5,GO:1903391,4,30,389,2734,0.94,1.0,-0.0,A0A8V0Z4M1 A0A8V0X5K9 A0A8V0XWZ8 A0A8V1AAH7
Biological Process,cellular lipid catabolic process,4,GO:0044242,9,67,389,2734,0.94,1.0,-0.0,P11602 A0A8V0X637 A0A8V0YJV4 A0A8V0XWZ8 A0A8V0Z086 A0A8V0Y9F8 A0A8V0YC98 A0A1D5P1F1 A0A8V0Y513
Biological Process,negative regulation of DNA-binding transcription factor activity,4,GO:0043433,2,18,389,2734,0.78,1.0,-0.0,A0A8V0ZZG2 A0A8V0ZSX6
Biological Process,regulation of transmembrane transporter activity,4,GO:0022898,8,57,389,2734,0.99,1.0,-0.0,A0A8V0XB58 A0A8V1AFH0 A0A8V0ZY91 A0A8V1AJV5 A0A8V0ZRU9 A0A1D5NWP2 A0A8V1ABC9 A0A8V0YRG2
Biological Process,negative regulation of MAP kinase activity,8,GO:0043407,2,20,389,2734,0.7,1.0,-0.0,A0A8V1ABC9 A0A8V0X637
Biological Process,response to hypoxia,3,GO:0001666,16,114,389,2734,0.99,1.0,-0.0,A0A8V0YNQ0 A0A1D5PCU0 A0A8V0ZWX9 A0A8V1ACS0 A0A8V0XB58 A0A3Q2TU24 A0A8V0YQ88 A0A1D5PNB8 A0A8V1AMI7 Q00649 A0A8V0ZSX6 A0A8V0XJ84 A0A8V0Z4M1 A0A8V0XYR2 A0A8V0Z4J0 A0A1D5PC37
Biological Process,positive regulation of reproductive process,4,GO:2000243,6,46,389,2734,0.92,1.0,-0.0,A0A8V1AG56 O12971 A0A1D5P655 A0A8V0ZES4 A0A8V0YXG4 A0A8V0YC57
Biological Process,regulation of lymphocyte activation,5,GO:0051249,10,70,389,2734,1.0,1.0,-0.0,A0A8V0ZWX9 A0A8V0ZZG2 Q98938 A0A8V1A9R2 A0A8V1ABC8 A0A8V0YW57 A0A8V0XUK6 A0A8V0XEJ0 P01875 A0A8V0ZQS2
Biological Process,negative regulation of actin filament depolymerization,7,GO:0030835,2,16,389,2734,0.88,1.0,-0.0,Q00649 A0A8V0X852
Biological Process,positive regulation of monoatomic ion transport,5,GO:0043270,10,73,389,2734,0.96,1.0,-0.0,A0A1D5P1F1 A0A3Q2U2N5 A0A8V1AFH0 A0A8V1A9R2 A0A8V0ZY91 A0A3Q2TYT2 A0A1D5NWP2 A0A8V0YRG2 A0A8V0XYR2 A0A8V0YWM3
Biological Process,regulation of monoatomic ion transport,5,GO:0043269,19,139,389,2734,0.96,1.0,-0.0,A0A8V0YPA6 A0A8V0XYR2 A0A8V0X643 A0A3Q2U2N5 A0A8V0ZRU9 A0A3Q2TYT2 A0A1D5P7Y2 A0A1D5P1F1 A0A8V0XB58 A0A8V0ZY91 A0A1D5NWP2 A0A8V1ABC9 A0A8V1AFH0 A0A8V1A9R2 A0A8V0X5K9 A0A8V1AJV5 A0A8V0YLT1 A0A8V0YRG2 A0A8V0YWM3
Biological Process,maintenance of cell polarity,3,GO:0030011,2,19,389,2734,0.74,1.0,-0.0,A0A8V0YXG4 A0A8V0ZH54
Biological Process,endoderm formation,4,GO:0001706,2,19,389,2734,0.74,1.0,-0.0,A0A8V0YDD6 A0A8V1AFR2
Biological Process,establishment of planar polarity,4,GO:0001736,5,40,389,2734,0.88,1.0,-0.0,A0A8V1AG56 A0A8V1A9R2 A0A8V0ZHK9 A0A8V0YY70 A0A8V0XK73
Biological Process,digestive system process,3,GO:0022600,2,18,389,2734,0.78,1.0,-0.0,A0A1D5PQV0 A0A8V0ZY91
Biological Process,positive regulation of ubiquitin-dependent protein catabolic process,6,GO:2000060,2,20,389,2734,0.7,1.0,-0.0,A0A8V0XM58 A0A8V0YRK4
Biological Process,multicellular organismal-level water homeostasis,4,GO:0050891,2,18,389,2734,0.78,1.0,-0.0,A0A8V0YJV4 A0A8V0Y2E5
Biological Process,multi-multicellular organism process,2,GO:0044706,11,78,389,2734,0.99,1.0,-0.0,A0A8V0Z6B9 A0A8V0XGL8 A0A8V0XUJ8 A0A8V0YJV4 Q00649 A0A8V0ZSX6 A0A8V0XJ84 A0A8V0Z4M1 A0A1D5P1F1 A0A8V0XYR2 A0A8V1A3H9
Biological Process,peptide catabolic process,4,GO:0043171,2,18,389,2734,0.78,1.0,-0.0,A0A8V0ZP32 A0A8V0XA92
Biological Process,ubiquitin-dependent protein catabolic process via the multivesicular body sorting pathway,8,GO:0043162,2,15,389,2734,0.94,1.0,-0.0,A0A1D5NVM6 A0A8V0ZH54
Biological Process,establishment of spindle localization,4,GO:0051293,4,29,389,2734,0.97,1.0,-0.0,A0A8V0ZE30 Q0PVE4 A0A1D5PBU5 A0A8V0X5U3
Biological Process,establishment of chromosome localization,4,GO:0051303,2,20,389,2734,0.7,1.0,-0.0,A0A8V0Z9Z7 A0A1D5PBU5
Biological Process,hair cycle process,3,GO:0022405,2,18,389,2734,0.78,1.0,-0.0,A0A8V0ZTP1 A0A3Q2TU24
Biological Process,entry into host,5,GO:0044409,2,15,389,2734,0.94,1.0,-0.0,A0A8V0ZZG2 A0A8V0XAE5
Biological Process,metencephalon development,3,GO:0022037,5,35,389,2734,1.0,1.0,-0.0,A0A8V0YNQ0 A0A8V0ZKI8 A0A8V1AB05 A0A8V0ZHK9 A0A3Q2UGW3
Biological Process,regulation of carbohydrate catabolic process,5,GO:0043470,2,17,389,2734,0.83,1.0,-0.0,A0A1D5PNG3 A0A8V1A7R0
Biological Process,lamellipodium assembly,7,GO:0030032,2,17,389,2734,0.83,1.0,-0.0,A0A1D5P655 A0A1D5PC37
Biological Process,T cell differentiation,5,GO:0030217,2,14,389,2734,1.0,1.0,-0.0,A0A8V1A7R0 O12971
Biological Process,skin development,4,GO:0043588,9,65,389,2734,0.97,1.0,-0.0,A0A8V0YNQ0 A0A8V1AG56 A0A3Q2TU24 A0A8V0X4D8 A0A8V0YDT4 A0A8V0ZTP1 A0A8V0XCI3 A0A1D5PE57 A0A8V0ZA56
Biological Process,regulation of kinase activity,5,GO:0043549,28,201,389,2734,0.98,1.0,-0.0,A0A8V1AG56 A0A8V1A9A7 A0A3Q3A4U3 A0A8V0ZC57 A0A8V0XYR2 A0A8V0Z4J0 A0A8V1A3H9 A0A8V1ACS0 A0A8V0X637 A0A1L1RX77 A0A8V0X1T3 Q0PVE4 A0A8V1A3N1 A0A8V0ZE58 A0A1D5PNL3 Q00649 A0A8V0XJ84 A0A8V0ZH54 A0A8V1ABC9 Q9I946 A0A8V0ZKI8 A0A3Q2TU24 A0A8V1A3S8 A0A8V1A9R2 A0A8V1AJV5 A0A8V0Z4M1 A0A8V0ZPH9 A0A8V0YRG2
Biological Process,negative regulation of chromosome organization,7,GO:2001251,2,14,389,2734,1.0,1.0,-0.0,Q5ZJ58 A0A8V0Z9Z7
Biological Process,protein acylation,5,GO:0043543,2,14,389,2734,1.0,1.0,-0.0,A0A8V0ZSG8 A0A8V0XK73
Biological Process,positive regulation of extrinsic apoptotic signaling pathway,7,GO:2001238,2,16,389,2734,0.88,1.0,-0.0,A0A8V1A9R2 A0A8V0ZDZ5
Biological Process,negative regulation of extrinsic apoptotic signaling pathway,7,GO:2001237,4,33,389,2734,0.85,1.0,-0.0,A0A8V0Z4M1 A0A8V0ZDZ5 A0A8V0ZC57 P02460
Biological Process,regulation of actin nucleation,7,GO:0051125,2,17,389,2734,0.83,1.0,-0.0,A0A1D5P655 A0A8V0X852
Biological Process,glucan metabolic process,5,GO:0044042,2,17,389,2734,0.83,1.0,-0.0,A0A8V0X2C5 A0A8V1A4P2
Biological Process,positive regulation of small GTPase mediated signal transduction,7,GO:0051057,3,22,389,2734,0.96,1.0,-0.0,A0A1D5PE57 A0A8V0XB58 A0A3Q3A4U3
Biological Process,regulation of cellular pH,3,GO:0030641,3,26,389,2734,0.81,1.0,-0.0,Q5ZHL0 A0A8V0XX49 A0A8V0YLT1
Biological Process,bone mineralization,5,GO:0030282,2,14,389,2734,1.0,1.0,-0.0,A0A8V0YNQ0 A0A8V0ZFG7
Biological Process,regulation of ATP biosynthetic process,8,GO:2001169,2,18,389,2734,0.78,1.0,-0.0,A0A1D5PNG3 A0A8V1A7R0
Biological Process,negative regulation of transcription by RNA polymerase II,9,GO:0000122,13,97,389,2734,0.94,1.0,-0.0,A0A8V0Y0V1 A0A8V1ACS0 A0A8V0XFL3 A0A8V0ZSG8 A0A8V0ZW33 A0A8V0YM05 A0A1D5NTR5 A0A8V0Z4M1 A0A8V0YW12 A0A8V1A7R0 A0A8V0XYR2 A0A8V0Z4J0 A0A8V0ZE30
Biological Process,positive regulation of muscle cell differentiation,6,GO:0051149,3,27,389,2734,0.78,1.0,-0.0,A0A8V1AK88 A0A8V0XYR2 E1BYF1
Biological Process,regulation of striated muscle cell differentiation,6,GO:0051153,4,28,389,2734,1.0,1.0,-0.0,A0A8V1AK88 A0A8V0XYR2 A0A8V0XXK8 A0A8V0ZSG8
Biological Process,positive regulation of striated muscle cell differentiation,7,GO:0051155,2,18,389,2734,0.78,1.0,-0.0,A0A8V1AK88 A0A8V0XYR2
Biological Process,negative regulation of neuron apoptotic process,7,GO:0043524,5,41,389,2734,0.86,1.0,-0.0,A0A8V0YLX0 A0A8V0YW57 A0A8V0XJ84 A0A8V0YRF2 A0A8V0Z4M1
Biological Process,regulation of neuron apoptotic process,6,GO:0043523,9,67,389,2734,0.94,1.0,-0.0,A0A8V0YLX0 A0A8V0ZI29 A0A8V0YPH9 A0A8V0YW57 A0A8V0ZRU9 A0A8V0XJ84 A0A8V0YRF2 A0A8V0Z4M1 A0A8V0YWM3
Biological Process,regulation of bone mineralization,5,GO:0030500,2,17,389,2734,0.83,1.0,-0.0,A0A8V0X5K9 A0A8V0XJ84
Biological Process,positive regulation of bone mineralization,6,GO:0030501,2,14,389,2734,1.0,1.0,-0.0,A0A8V0X5K9 A0A8V0XJ84
Biological Process,regulation of JUN kinase activity,9,GO:0043506,2,16,389,2734,0.88,1.0,-0.0,A0A8V1AG56 A0A8V0XYR2
Biological Process,regulation of excretion,5,GO:0044062,2,14,389,2734,1.0,1.0,-0.0,A0A8V1AJV5 A0A8V0XYR2
Biological Process,regulation of leukocyte mediated immunity,5,GO:0002703,4,34,389,2734,0.83,1.0,-0.0,A0A8V1A9R2 A0A8V0XUK6 A0A8V1AA32 A0A8V0YW57
Biological Process,cognition,4,GO:0050890,15,109,389,2734,0.97,1.0,-0.0,A0A8V0YNQ0 A0A8V0ZKI8 A0A3Q2U2N5 A0A8V0XB58 A0A8V0ZSG8 A0A1D5P655 A0A3Q2UGW3 A0A8V1A9R2 A0A8V0YY70 A0A8V1A9A7 A0A8V0Z086 A0A8V0ZSX6 A0A8V1ABC9 A0A8V0YRG2 A0A8V0YRK4
Biological Process,receptor metabolic process,4,GO:0043112,5,38,389,2734,0.92,1.0,-0.0,A0A8V0YB43 A0A8V0ZZG2 A0A8V1A2P5 A0A8V0ZRU9 A0A8V0Z9Y8
Biological Process,cyclic-nucleotide-mediated signaling,5,GO:0019935,3,21,389,2734,1.0,1.0,-0.0,A0A8V0XUJ8 A0A8V1AJV5 A0A8V0YC57
Biological Process,Golgi to plasma membrane protein transport,5,GO:0043001,2,16,389,2734,0.88,1.0,-0.0,A0A8V0YB43 A0A8V0XTW4
Biological Process,myeloid cell homeostasis,2,GO:0002262,3,27,389,2734,0.78,1.0,-0.0,A0A8V0Z4M1 A0A8V1A9R2 A0A8V0YM05
Biological Process,negative regulation of viral life cycle,5,GO:1903901,2,16,389,2734,0.88,1.0,-0.0,A0A8V0ZSX6 A0A8V1AJ90
Biological Process,spindle localization,3,GO:0051653,4,33,389,2734,0.85,1.0,-0.0,A0A8V0ZE30 Q0PVE4 A0A1D5PBU5 A0A8V0X5U3
Biological Process,antigen processing and presentation of exogenous peptide antigen via MHC class II,5,GO:0019886,5,41,389,2734,0.86,1.0,-0.0,A0A1D5PBU5 Q05744 A0A8V1AFH0 A0A8V0YVT3 A0A8V0Z9Y8
Biological Process,regulation of circadian rhythm,3,GO:0042752,4,29,389,2734,0.97,1.0,-0.0,A0A8V0ZWX9 A0A8V0ZW33 A0A8V0ZFG7 A0A3Q3A4U3
Biological Process,regulation of nitric oxide biosynthetic process,6,GO:0045428,2,19,389,2734,0.74,1.0,-0.0,A0A8V0XAF8 A0A8V0XYR2
Biological Process,antigen processing and presentation of peptide antigen via MHC class II,4,GO:0002495,5,41,389,2734,0.86,1.0,-0.0,A0A1D5PBU5 Q05744 A0A8V1AFH0 A0A8V0YVT3 A0A8V0Z9Y8
Biological Process,monoatomic ion homeostasis,3,GO:0050801,23,164,389,2734,0.99,1.0,-0.0,A0A8V0YPA6 A0A8V0XYR2 A0A3Q2U2N6 A0A8V0YFB8 A0A8V0ZKS6 A0A1D5PQV0 E1C733 A0A1L1RX77 A0A8V1A4P2 A0A8V0YRF2 A0A8V0XB58 A0A3Q2UEL1 A0A1D5NWP2 A0A8V1ABC9 A0A8V0XX49 A0A8V0Y513 A0A8V0ZKI8 A0A8V1A9R2 A0A8V0ZES4 A0A8V0XLN9 A0A8V1AJV5 A0A8V0YLT1 Q5ZHL0
Biological Process,activation of innate immune response,3,GO:0002218,7,49,389,2734,1.0,1.0,-0.0,A0A8V1ACS0 A0A8V0ZZG2 A0A8V1AFH0 A0A8V1ABC8 A0A1D5PNL3 A0A8V0Z4J0 A0A8V0YR09
Biological Process,actin filament capping,8,GO:0051693,2,16,389,2734,0.88,1.0,-0.0,Q00649 A0A8V0X852
Biological Process,regulation of phospholipid metabolic process,6,GO:1903725,3,23,389,2734,0.92,1.0,-0.0,A0A8V0YB43 A0A3Q2TU24 Q5ZJ58
Biological Process,regulation of insulin secretion,6,GO:0050796,4,34,389,2734,0.83,1.0,-0.0,A0A8V0YY90 A0A8V1ABC9 A0A8V1A9A7 A0A8V0ZY91
Biological Process,regulation of imaginal disc growth,5,GO:0045570,2,14,389,2734,1.0,1.0,-0.0,A0A8V0YS46 Q76KB2
Biological Process,myelination,4,GO:0042552,3,22,389,2734,0.96,1.0,-0.0,A0A1D5PRH9 A0A8V0WZN3 A0A8V1A2P5
Biological Process,stem cell population maintenance,2,GO:0019827,6,44,389,2734,0.96,1.0,-0.0,O12971 A0A8V1A9R2 A0A8V1A9A7 A0A8V0ZPH9 A0A8V1A7R0 E1BQI2
Biological Process,positive regulation of cell division,5,GO:0051781,4,30,389,2734,0.94,1.0,-0.0,A0A8V0ZDK0 A0A8V0XYR2 A0A8V1A9A7 A0A8V0ZTA5
Biological Process,regulation of leukocyte activation,4,GO:0002694,12,87,389,2734,0.97,1.0,-0.0,A0A8V1AG56 A0A8V0ZWX9 A0A8V0ZZG2 Q98938 A0A8V1A9R2 A0A8V1ABC8 A0A8V0YW57 A0A8V0XUK6 A0A8V0XEJ0 P01875 A0A8V0ZQS2 A0A8V0YR09
Biological Process,negative regulation of nuclear division,7,GO:0051784,2,14,389,2734,1.0,1.0,-0.0,A0A8V0YW57 A0A8V0Z9Z7
Biological Process,secondary metabolic process,2,GO:0019748,4,34,389,2734,0.83,1.0,-0.0,A0A8V0YRG2 A0A8V0YJV4 A0A8V1AAH7 E1BYF1
Biological Process,positive regulation of adherens junction organization,6,GO:1903393,2,15,389,2734,0.94,1.0,-0.0,A0A8V0Z4M1 A0A8V0XWZ8
Biological Process,antigen processing and presentation of peptide or polysaccharide antigen via MHC class II,3,GO:0002504,5,41,389,2734,0.86,1.0,-0.0,A0A1D5PBU5 Q05744 A0A8V1AFH0 A0A8V0YVT3 A0A8V0Z9Y8
Biological Process,placenta development,4,GO:0001890,5,41,389,2734,0.86,1.0,-0.0,A0A8V0ZWX9 A0A8V0XGL8 A0A8V0ZE58 A0A1L1RX77 Q76KB2
Biological Process,positive regulation of cation transmembrane transport,7,GO:1904064,4,33,389,2734,0.85,1.0,-0.0,A0A8V0YRG2 A0A1D5NWP2 A0A8V0ZY91 A0A8V1AFH0
Biological Process,sprouting angiogenesis,4,GO:0002040,2,17,389,2734,0.83,1.0,-0.0,A0A8V0Z4M1 A0A3Q3A4U3
Biological Process,endocrine process,3,GO:0050886,2,15,389,2734,0.94,1.0,-0.0,A0A8V0XYR2 A0A8V0XA92
Biological Process,tissue homeostasis,4,GO:0001894,10,70,389,2734,1.0,1.0,-0.0,Q98938 A0A8V1AFH0 A0A8V0YJV4 E1BQB4 P02460 A0A8V0ZH54 A0A8V0Z4M1 A0A8V0YLZ5 A0A8V0XXK8 A0A1D5P0D7
Biological Process,retina homeostasis,5,GO:0001895,3,23,389,2734,0.92,1.0,-0.0,A0A8V0YLZ5 E1BQB4 A0A1D5P0D7
Biological Process,protein targeting to ER,5,GO:0045047,5,41,389,2734,0.86,1.0,-0.0,A0A8V1ACS0 A0A8V0XDM2 A0A8V0XPN5 P28687 A0A8V0Z4J0
Biological Process,positive regulation of protein phosphorylation,8,GO:0001934,33,237,389,2734,0.98,1.0,-0.0,Q5ZMG0 A0A8V0Y0V1 A0A8V1AG56 A0A8V1AJT2 A0A3Q3A4U3 A0A8V0XRN3 A0A8V0XYR2 A0A8V0Z4J0 A0A8V1ACS0 A0A8V1ABC8 E1C733 A0A8V0ZSX6 A0A8V0X1T3 A0A8V1A7R0 A0A1D5P1F1 A0A1D5P0D7 A0A8V0YS46 A0A8V0XB58 A0A8V1A3N1 A0A8V0ZE58 A0A1D5PNL3 A0A8V0XWZ8 A0A8V0XJ84 A0A8V1ABC9 Q9I946 E1BQI2 A0A3Q2TU24 A0A8V0ZB91 A0A8V1A3S8 A0A8V1A9R2 A0A8V0Y413 A0A8V0XFB5 A0A8V0Z4M1
Biological Process,hair follicle development,3,GO:0001942,2,16,389,2734,0.88,1.0,-0.0,A0A8V0ZTP1 A0A3Q2TU24
Biological Process,hindbrain development,3,GO:0030902,6,45,389,2734,0.94,1.0,-0.0,A0A8V0YNQ0 A0A8V0ZKI8 A0A8V1AB05 A0A3Q2UGW3 A0A8V0ZHK9 A0A8V0XKU5
Biological Process,establishment or maintenance of microtubule cytoskeleton polarity,4,GO:0030951,2,20,389,2734,0.7,1.0,-0.0,A0A8V0YVT3 Q5ZJ58
Biological Process,regulation of calcium-mediated signaling,6,GO:0050848,2,17,389,2734,0.83,1.0,-0.0,A0A8V0ZWX9 A0A8V0XB58
Biological Process,defense response to fungus,4,GO:0050832,3,27,389,2734,0.78,1.0,-0.0,Q00649 A0A8V1ABC8 A0A8V0YWM3
Biological Process,pallium development,3,GO:0021543,6,46,389,2734,0.92,1.0,-0.0,A0A8V0ZKI8 A0A8V1AB05 A0A8V0ZTA5 A0A3Q3A4U3 A0A8V0YVT3 A0A1D5PE57
Biological Process,intracellular pH reduction,4,GO:0051452,2,15,389,2734,0.94,1.0,-0.0,Q5ZHL0 A0A8V0XX49
Biological Process,cerebral cortex cell migration,6,GO:0021795,2,18,389,2734,0.78,1.0,-0.0,A0A8V0ZKI8 A0A3Q3A4U3
Biological Process,defense response to Gram-positive bacterium,5,GO:0050830,4,33,389,2734,0.85,1.0,-0.0,A0A1D5PCU0 A0A8V1ABC8 A0A8V0ZTA5 A0A8V0YR09
Biological Process,limbic system development,4,GO:0021761,3,26,389,2734,0.81,1.0,-0.0,A0A8V1AB05 A0A8V0YVT3 A0A8V0ZTA5
Biological Process,defense response to Gram-negative bacterium,5,GO:0050829,5,40,389,2734,0.88,1.0,-0.0,Q05744 A0A8V0ZTA5 A0A8V0Y614 A0A8V0Z888 A0A8V0YR09
Biological Process,cell fate commitment,3,GO:0045165,13,94,389,2734,0.97,1.0,-0.0,A0A8V0YB43 A0A8V1AG56 Q0PVE4 A0A1D5PBU5 Q98938 O12971 A0A8V0Y999 A0A8V0YM05 A0A3Q3A4U3 A0A8V0ZCA3 A0A8V0YHH6 A0A8V1A7R0 A0A1D5P0D7
Biological Process,regulation of macrophage activation,5,GO:0043030,2,14,389,2734,1.0,1.0,-0.0,A0A8V1AG56 A0A8V0YR09
Biological Process,response to cAMP,4,GO:0051591,4,31,389,2734,0.91,1.0,-0.0,A0A8V0ZTA5 A0A8V0Z4R1 A0A8V0ZY91 A0A8V0Y513
Biological Process,positive regulation of protein localization to cell periphery,6,GO:1904377,3,27,389,2734,0.78,1.0,-0.0,A0A8V0YRG2 A0A8V0YY70 A0A8V0X5U3
Biological Process,positive regulation of mitotic cell cycle phase transition,7,GO:1901992,2,16,389,2734,0.88,1.0,-0.0,A0A8V0ZDK0 A0A8V0Y1A4
Biological Process,regulation of sodium ion transport,7,GO:0002028,4,30,389,2734,0.94,1.0,-0.0,A0A8V0ZRU9 A0A8V1AJV5 A0A8V0XB58 A0A8V0X643
Biological Process,regulation of intracellular pH,3,GO:0051453,3,25,389,2734,0.84,1.0,-0.0,Q5ZHL0 A0A8V0XX49 A0A8V0YLT1
Biological Process,negative regulation of mitotic cell cycle phase transition,7,GO:1901991,2,20,389,2734,0.7,1.0,-0.0,A0A8V0YRK4 A0A8V0Z9Z7
Biological Process,response to nutrient levels,4,GO:0031667,25,180,389,2734,0.98,1.0,-0.0,A0A8V0YNQ0 A0A8V0ZWX9 A0A8V0XXM5 A0A8V0XCI3 A0A1D5PNB8 A0A8V0YEZ4 A0A8V0YPA6 P02460 A0A8V0XGL8 A0A8V0ZSG8 A0A8V1AMI7 A0A8V0XPE8 A0A8V0YLN5 A0A8V0ZSX6 A0A8V0ZRU9 A0A1D5P1F1 A0A8V0XDM2 A0A8V0Y7Y9 A0A8V0Y1A4 Q00649 A0A8V0Y513 A0A8V0ZKI8 Q05744 A0A8V0Z4M1 A0A8V0YWM3
Biological Process,positive regulation of cell cycle phase transition,7,GO:1901989,2,19,389,2734,0.74,1.0,-0.0,A0A8V0ZDK0 A0A8V0Y1A4
Biological Process,regulation of epithelial to mesenchymal transition,5,GO:0010717,3,23,389,2734,0.92,1.0,-0.0,A0A8V0Z4M1 A0A8V0XJ84 A0A8V0YQ88
Biological Process,imaginal disc-derived wing vein specification,4,GO:0007474,2,18,389,2734,0.78,1.0,-0.0,A0A8V0YS46 Q98938
Biological Process,regulation of Rho protein signal transduction,8,GO:0035023,2,18,389,2734,0.78,1.0,-0.0,A0A1D5PE57 A0A3Q3A4U3
Biological Process,"blood coagulation, fibrin clot formation",6,GO:0072378,2,19,389,2734,0.74,1.0,-0.0,A0A8V0YSI0 A0A8V0YDT4
Biological Process,regulation of insulin secretion involved in cellular response to glucose stimulus,7,GO:0061178,2,14,389,2734,1.0,1.0,-0.0,A0A8V0YY90 A0A8V1A9A7
Biological Process,monocarboxylic acid biosynthetic process,6,GO:0072330,6,48,389,2734,0.88,1.0,-0.0,P11602 A0A8V0XRC4 E1C3Z8 A0A1L1RX77 A0A1D5P1F1 A0A8V0XYR2
Biological Process,endoderm development,4,GO:0007492,3,27,389,2734,0.78,1.0,-0.0,A0A8V0Y8L6 A0A8V0YDD6 A0A8V1AFR2
Biological Process,neuron fate commitment,4,GO:0048663,2,16,389,2734,0.88,1.0,-0.0,Q98938 A0A1D5P0D7
Biological Process,carboxylic acid transport,6,GO:0046942,4,33,389,2734,0.85,1.0,-0.0,A0A8V1AB67 A0A8V1AM47 A0A8V1AJV5 A0A8V0XDM2
Biological Process,vesicle transport along microtubule,5,GO:0047496,2,14,389,2734,1.0,1.0,-0.0,A0A8V0YVT3 A0A8V0XTW4
Biological Process,melanization defense response,4,GO:0035006,2,14,389,2734,1.0,1.0,-0.0,A0A8V0YRG2 A0A8V1AAH7
Biological Process,stem cell proliferation,3,GO:0072089,4,28,389,2734,1.0,1.0,-0.0,A0A8V0YB43 Q0PVE4 A0A8V0ZKI8 A0A8V1AG56
Biological Process,receptor catabolic process,4,GO:0032801,2,14,389,2734,1.0,1.0,-0.0,A0A8V0ZRU9 A0A8V0Z9Y8
Biological Process,nephron tubule development,5,GO:0072080,3,21,389,2734,1.0,1.0,-0.0,A0A8V0ZTP1 A0A8V0ZW33 A0A8V0XRN3
Biological Process,regulation of lamellipodium assembly,7,GO:0010591,2,19,389,2734,0.74,1.0,-0.0,A0A8V0ZAU8 Q0PVE4
Biological Process,kidney epithelium development,5,GO:0072073,6,45,389,2734,0.94,1.0,-0.0,A0A8V0ZTP1 A0A8V0XRC4 A0A8V0YM05 A0A8V0ZW33 A0A8V0Y722 A0A8V0XRN3
Biological Process,nephron epithelium development,6,GO:0072009,3,26,389,2734,0.81,1.0,-0.0,A0A8V0ZTP1 A0A8V0ZW33 A0A8V0XRN3
Biological Process,nephron development,3,GO:0072006,4,34,389,2734,0.83,1.0,-0.0,A0A8V0ZTP1 A0A8V0XRN3 A0A8V0ZW33 A0A8V0XA92
Biological Process,vascular endothelial growth factor receptor signaling pathway,6,GO:0048010,3,25,389,2734,0.84,1.0,-0.0,A0A8V0Z4M1 Q00649 A0A1D5P655
Biological Process,response to endoplasmic reticulum stress,4,GO:0034976,14,98,389,2734,1.0,1.0,-0.0,F1NGB8 Q5ZIB0 A0A8V1A4K1 A0A8V0ZW46 A0A8V0Y413 A0A8V1AJT2 A0A8V1AMI7 E1BYF1 A0A8V0ZSX6 A0A8V0XQS7 A0A8V0ZXC9 A0A8V1AJ90 A0A8V0YU83 A0A8V0YWM3
Biological Process,skeletal muscle tissue development,5,GO:0007519,3,27,389,2734,0.78,1.0,-0.0,A0A1L1RX77 A0A8V0ZAU8 A0A1D5P0D7
Biological Process,phosphatidylinositol-mediated signaling,4,GO:0048015,2,18,389,2734,0.78,1.0,-0.0,A0A8V0XYR2 A0A8V0ZYM1
Biological Process,plasma lipoprotein particle organization,2,GO:0071827,2,16,389,2734,0.88,1.0,-0.0,A0A8V0Y9F8 P11602
Biological Process,protein-lipid complex organization,5,GO:0071825,2,20,389,2734,0.7,1.0,-0.0,A0A8V0Y9F8 P11602
Biological Process,renal tubule development,4,GO:0061326,5,35,389,2734,1.0,1.0,-0.0,A0A8V0ZTP1 A0A8V0ZW33 A0A8V0YY70 A0A8V0YMM6 A0A8V0XRN3
Biological Process,photoreceptor cell axon guidance,9,GO:0072499,2,15,389,2734,0.94,1.0,-0.0,A0A8V1AAH7 A0A3Q3A4U3
Biological Process,"dorsal/ventral pattern formation, imaginal disc",5,GO:0007450,2,16,389,2734,0.88,1.0,-0.0,A0A8V0ZZG2 O12971
Biological Process,regulation of lipid biosynthetic process,5,GO:0046890,6,45,389,2734,0.94,1.0,-0.0,A0A8V0YB43 A0A3Q2TU24 A0A8V1AK88 Q5ZJ58 A0A8V0ZE58 A0A1D5PNG3
Biological Process,clathrin-dependent endocytosis,5,GO:0072583,2,20,389,2734,0.7,1.0,-0.0,A0A8V0ZZU1 A0A8V0Z9Y8
Biological Process,regulation of establishment of planar polarity,6,GO:0090175,3,23,389,2734,0.92,1.0,-0.0,A0A8V0ZKI8 A0A8V1AG56 A0A8V0Z9Y8
Biological Process,regulation of lipid storage,4,GO:0010883,3,27,389,2734,0.78,1.0,-0.0,P11602 A0A8V1AM47 A0A8V0Z4R1
Biological Process,establishment of epithelial cell polarity,4,GO:0090162,2,16,389,2734,0.88,1.0,-0.0,A0A8V1AG56 A0A8V1AJV5
Biological Process,integrin-mediated signaling pathway,4,GO:0007229,4,29,389,2734,0.97,1.0,-0.0,A0A8V0ZTP1 A0A1D5PE57 A0A8V0ZB91 A0A8V0Y1A4
Biological Process,lipid localization,3,GO:0010876,9,63,389,2734,1.0,1.0,-0.0,A0A8V0ZKI8 A0A8V0ZDK0 A0A3Q2U2N5 A0A8V0ZZG2 A0A8V0Z086 A0A8V0Y9F8 A0A8V1A3H7 A0A8V0YU83 A0A8V0YR09
Biological Process,left/right pattern formation,4,GO:0060972,2,17,389,2734,0.83,1.0,-0.0,A0A8V1A4I0 A0A8V0XKU5
Biological Process,regulation of cell-substrate junction assembly,6,GO:0090109,3,25,389,2734,0.84,1.0,-0.0,A0A8V0Z4M1 A0A8V0X5K9 A0A8V0XWZ8
Biological Process,Ras protein signal transduction,5,GO:0007265,9,69,389,2734,0.92,1.0,-0.0,A0A8V0YB43 A0A8V0ZZU1 A0A8V0YBZ6 A0A1D5P655 A0A8V1AB67 A0A8V0YGN8 A0A3Q2TYT2 A0A8V0YRK4 E1BQI2
Biological Process,neuromuscular synaptic transmission,8,GO:0007274,3,24,389,2734,0.88,1.0,-0.0,A0A8V1AB67 A0A1D5NTR5 A0A1D5NYG2
Biological Process,muscle cell cellular homeostasis,3,GO:0046716,2,20,389,2734,0.7,1.0,-0.0,A0A8V0YYQ9 A0A3Q3A4U3
Biological Process,follicle cell of egg chamber migration,3,GO:0007297,8,58,389,2734,0.97,1.0,-0.0,Q0PVE4 A0A8V0ZZU1 A0A8V0ZI29 A0A1D5P655 A0A8V1AB05 A0A8V1A9R2 A0A3Q2UEL1 A0A8V0YDT5
Biological Process,response to nicotine,3,GO:0035094,2,17,389,2734,0.83,1.0,-0.0,A0A8V0XYR2 P02460
Biological Process,renal tubule morphogenesis,5,GO:0061333,3,27,389,2734,0.78,1.0,-0.0,A0A8V0ZTP1 A0A8V0ZW33 A0A8V0XRN3
Biological Process,single fertilization,3,GO:0007338,6,43,389,2734,0.98,1.0,-0.0,A0A8V1AA32 A0A8V1A3N1 A0A8V0XXM5 A0A8V1A2P5 A0A8V0ZX23 E1BS94
Biological Process,viral budding,2,GO:0046755,2,18,389,2734,0.78,1.0,-0.0,A0A1D5NVM6 A0A8V0XAE5
Biological Process,regulation of cardiac muscle cell contraction,6,GO:0086004,2,14,389,2734,1.0,1.0,-0.0,A0A8V0XCI3 A0A8V0XB58
Biological Process,regulation of cellular component size,4,GO:0032535,24,170,389,2734,0.99,1.0,-0.0,A0A8V0Y0V1 A0A8V1AG56 A0A8V0ZI29 A0A8V0YGN8 A0A8V0YDT5 A0A8V0XUK6 A0A8V0XYR2 A0A8V0YMR1 A0A8V0Z8V4 A0A8V0ZKS6 E1C733 A0A8V0ZSX6 A0A3Q2TYT2 A0A8V1ACD6 A0A8V0X852 Q00649 A0A8V0ZB91 A0A1D5P655 A0A8V1AB05 A0A8V0YDD6 A0A8V1AJV5 A0A8V0XZQ1 A0A8V0Z9Y8 A0A8V0Z4M1
Biological Process,neuroblast proliferation,4,GO:0007405,3,25,389,2734,0.84,1.0,-0.0,A0A8V0YB43 Q0PVE4 A0A8V0ZKI8
Biological Process,cardiocyte differentiation,4,GO:0035051,5,39,389,2734,0.9,1.0,-0.0,A0A8V0ZKI8 A0A8V0XB58 A0A8V0XDM2 A0A3Q3A4U3 A0A8V0Z4M1
Biological Process,peripheral nervous system development,4,GO:0007422,4,29,389,2734,0.97,1.0,-0.0,A0A8V1AHJ8 A0A8V0YRG2 Q5ZJ58 A0A8V0ZKS6
Biological Process,sperm-egg recognition,2,GO:0035036,3,22,389,2734,0.96,1.0,-0.0,A0A8V0XXM5 A0A8V1AA32 E1BS94
Biological Process,regulation of peptidyl-threonine phosphorylation,8,GO:0010799,2,14,389,2734,1.0,1.0,-0.0,A0A8V1AG56 A0A1D5P1F1
Biological Process,establishment of protein localization to mitochondrion,5,GO:0072655,2,17,389,2734,0.83,1.0,-0.0,A0A8V0XF68 R4GGQ4
Biological Process,establishment of protein localization to endoplasmic reticulum,5,GO:0072599,6,42,389,2734,1.0,1.0,-0.0,A0A8V0YB43 A0A8V1ACS0 A0A8V0XDM2 A0A8V0XPN5 P28687 A0A8V0Z4J0
Biological Process,negative regulation of hormone secretion,5,GO:0046888,2,18,389,2734,0.78,1.0,-0.0,A0A8V0XYR2 A0A8V0ZY91
Biological Process,positive regulation of lipid biosynthetic process,6,GO:0046889,3,21,389,2734,1.0,1.0,-0.0,A0A8V1AK88 Q5ZJ58 A0A8V0ZE58
Biological Process,binding of sperm to zona pellucida,3,GO:0007339,3,22,389,2734,0.96,1.0,-0.0,A0A8V0XXM5 A0A8V1AA32 E1BS94
Biological Process,regulation of kidney development,4,GO:0090183,2,17,389,2734,0.83,1.0,-0.0,A0A8V0Z4M1 A0A3Q2TU24
Biological Process,neural precursor cell proliferation,3,GO:0061351,4,31,389,2734,0.91,1.0,-0.0,A0A8V0YB43 A0A8V0YVT3 Q0PVE4 A0A8V0ZKI8
Biological Process,positive regulation of muscle organ development,5,GO:0048636,2,20,389,2734,0.7,1.0,-0.0,A0A8V1AK88 A0A8V0XYR2
Biological Process,protein trimerization,7,GO:0070206,2,17,389,2734,0.83,1.0,-0.0,A0A8V0Y290 A0A8V0Y0F3
Biological Process,plasma lipoprotein particle clearance,2,GO:0034381,2,16,389,2734,0.88,1.0,-0.0,A0A8V0ZRU9 A0A8V0Z9Y8
Biological Process,cellular response to cAMP,5,GO:0071320,2,17,389,2734,0.83,1.0,-0.0,A0A8V0ZY91 A0A8V0Y513
Biological Process,amino acid biosynthetic process,4,GO:0008652,3,22,389,2734,0.96,1.0,-0.0,A0A8V0Y513 A0A1D5PNB8 E1BYF1
Biological Process,cellular response to retinoic acid,5,GO:0071300,2,16,389,2734,0.88,1.0,-0.0,A0A8V1AG56 P02460
Biological Process,regulation of intracellular steroid hormone receptor signaling pathway,5,GO:0033143,2,15,389,2734,0.94,1.0,-0.0,A0A8V0ZE30 A0A8V1AFC3
Biological Process,unsaturated fatty acid metabolic process,5,GO:0033559,2,15,389,2734,0.94,1.0,-0.0,A0A1D5P1F1 A0A8V0XYR2
Biological Process,cellular response to mechanical stimulus,4,GO:0071260,4,30,389,2734,0.94,1.0,-0.0,A0A8V0XPE8 A0A8V1ABC8 A0A8V0ZSG8 P02460
Biological Process,tissue development,3,GO:0009888,96,675,389,2734,1.0,1.0,-0.0,A0A8V0ZWX9 A0A8V0YVT3 A0A8V0YDT5 A0A8V0YB43 A0A8V0Z8V4 A0A8V0ZZG2 A0A8V1ABC8 A0A8V0Y722 A0A1L1RX77 A0A8V1ACD6 A0A8V0ZA56 A0A8V0ZTP1 A0A8V0ZT48 A0A8V0Y9F8 A0A8V0XJ84 A0A1D5NWP2 A0A8V0YYQ9 A0A8V0XXK8 A0A3Q2TU24 A0A8V0YEQ1 A0A8V1AB05 A0A8V1A9R2 A0A8V0ZHK9 A0A8V0Y070 A0A8V1AG56 A0A8V0YM05 A0A8V0XDL7 A0A8V1A9A7 A0A3Q3A4U3 A0A8V0XRN3 P02460 A0A8V0XK73 A0A8V0ZF99 A0A8V1AAH7 A0A1D5P0D7 Q0PVE4 A0A8V0ZE58 A0A8V1ABC9 A0A8V0XM58 A0A8V0ZE30 A0A8V1ADF6 E1BQI2 A0A8V0Y513 A0A8V1AFR2 A0A8V0Y413 A0A8V0YY70 A0A8V0YMM6 A0A8V1AJV5 A0A8V0YLT1 A0A8V0ZQP1 P33005 A0A8V0YRG2 Q76KB2 A0A8V0X4D8 A0A8V0ZI29 A0A8V0XFL3 A0A8V0Y8L6 A0A8V0ZDK0 A0A8V1AHJ8 E1C733 A0A8V0XKU5 A0A1D5PE57 A0A8V0ZAU8 Q8AWB4 A0A8V0ZF83 A0A8V0ZKI8 O12971 A0A1D5P655 A0A8V0ZES4 A0A8V0ZFH4 A0A8V0Z4M1 A0A8V0YNQ0 Q98938 A0A8V0XRC4 A0A8V0XCI3 A0A8V0ZW33 A0A1D5NZT1 A0A8V0ZFG7 A0A8V0XUJ8 A0A8V0XYR2 A0A8V1AAN6 A0A8V1A3H9 A0A8V0XGL8 A0A8V0YHH6 A0A8V0YS46 A0A8V0WZJ4 A0A8V0XB58 A0A8V0ZZU1 A0A8V0XDM2 A0A3Q2UEL1 A0A8V0ZBJ8 A0A8V0Y2E5 A0A8V0ZH54 A0A8V0YDD6 F1NSM7 Q5ZHL0
Biological Process,aspartate family amino acid metabolic process,5,GO:0009066,2,20,389,2734,0.7,1.0,-0.0,A0A1D5PNB8 E1BYF1
Biological Process,embryo development ending in birth or egg hatching,4,GO:0009792,39,273,389,2734,1.0,1.0,-0.0,A0A8V0YNQ0 A0A1D5PCU0 A0A8V0ZWX9 A0A8V1AG56 Q98938 A0A8V0XCI3 A0A8V0YM05 A0A8V0ZW33 A0A1D5NTR5 A0A8V0YVT3 A0A8V0YXG4 A0A8V0ZHL4 A0A1D5NYG2 A0A8V0Y8L6 A0A8V0XYR2 P02460 A0A8V0XGL8 A0A8V0YW57 A0A8V0Y7C8 A0A8V0XKU5 Q8AWB4 A0A8V1AAH7 A0A1D5P0D7 A0A8V0YS46 A0A8V0WZJ4 A0A8V0ZZU1 A0A8V0XDM2 A0A8V0ZE58 A0A8V0XJ84 A0A8V0Z4M1 A0A8V0YRG2 A0A8V0ZKI8 A0A8V0YEQ1 O12971 A0A8V0X9N1 A0A8V0ZHK9 A0A8V0YMM6 P33005 Q76KB2
Biological Process,triglyceride homeostasis,5,GO:0070328,2,15,389,2734,0.94,1.0,-0.0,P11602 A0A3Q2UEL1
Biological Process,hormone-mediated signaling pathway,3,GO:0009755,3,23,389,2734,0.92,1.0,-0.0,A0A8V0XUJ8 A0A8V0YEZ4 A0A8V1AFC3
Biological Process,transferrin transport,5,GO:0033572,2,18,389,2734,0.78,1.0,-0.0,Q5ZHL0 A0A8V0YG88
Biological Process,regulation of toll-like receptor signaling pathway,6,GO:0034121,2,17,389,2734,0.83,1.0,-0.0,A0A8V1AB05 A0A8V0YR09
Biological Process,response to testosterone,5,GO:0033574,2,20,389,2734,0.7,1.0,-0.0,A0A8V1AG56 A0A8V0XYR2
Biological Process,homotypic cell-cell adhesion,4,GO:0034109,2,20,389,2734,0.7,1.0,-0.0,A0A8V0XCI3 A0A8V0Y4R7
Biological Process,protein localization to endoplasmic reticulum,6,GO:0070972,6,45,389,2734,0.94,1.0,-0.0,A0A8V0YB43 A0A8V1ACS0 A0A8V0XDM2 A0A8V0XPN5 P28687 A0A8V0Z4J0
Biological Process,erythrocyte homeostasis,3,GO:0034101,3,24,389,2734,0.88,1.0,-0.0,A0A8V0Z4M1 A0A8V1A9R2 A0A8V0YM05
Biological Process,fertilization,2,GO:0009566,6,48,389,2734,0.88,1.0,-0.0,A0A8V1AA32 A0A8V1A3N1 A0A8V0XXM5 A0A8V1A2P5 A0A8V0ZX23 E1BS94
Biological Process,detection of light stimulus,4,GO:0009583,2,19,389,2734,0.74,1.0,-0.0,Q5ZJ58 A0A8V1ABC9
Biological Process,detection of visible light,5,GO:0009584,2,14,389,2734,1.0,1.0,-0.0,Q5ZJ58 A0A8V1ABC9
Biological Process,positive regulation of behavior,5,GO:0048520,3,24,389,2734,0.88,1.0,-0.0,A0A1L1RZ23 A0A1D5NZT1 A0A1D5P655
Biological Process,protein localization to mitochondrion,6,GO:0070585,2,19,389,2734,0.74,1.0,-0.0,A0A8V0XF68 R4GGQ4
Biological Process,cell adhesion mediated by integrin,3,GO:0033627,3,24,389,2734,0.88,1.0,-0.0,A0A8V0Y413 A0A8V0XRN3 A0A1D5P655
Biological Process,positive regulation of biomineral tissue development,5,GO:0070169,2,14,389,2734,1.0,1.0,-0.0,A0A8V0X5K9 A0A8V0XJ84
Biological Process,regulation of biomineral tissue development,5,GO:0070167,2,19,389,2734,0.74,1.0,-0.0,A0A8V0X5K9 A0A8V0XJ84
Biological Process,lipid biosynthetic process,4,GO:0008610,16,112,389,2734,1.0,1.0,-0.0,P11602 A0A8V1AK88 A0A8V0XCX4 A0A8V0X637 A0A8V0X6J5 A0A8V0YJV4 Q5ZJ58 A0A8V0WZN3 A0A8V0YYQ9 A0A8V0ZYM1 A0A8V0Y9F8 A0A8V0Z1C5 A0A8V0XAN3 A0A1D5P1F1 A0A8V0XYR2 A0A8V0ZQS2
Biological Process,anterior/posterior axis specification,4,GO:0009948,8,60,389,2734,0.94,1.0,-0.0,A0A8V0ZKI8 A0A8V1AG56 Q0PVE4 Q98938 A0A8V0YMM6 A0A8V0Y070 A0A8V0ZH54 A0A8V0ZF83
Biological Process,regulation of phospholipase activity,6,GO:0010517,3,21,389,2734,1.0,1.0,-0.0,A0A8V0Z4M1 A0A8V0ZE58 A0A8V0ZEJ3
Biological Process,sensory perception of smell,6,GO:0007608,2,16,389,2734,0.88,1.0,-0.0,A0A8V0YVT3 A0A8V0YY70
Biological Process,learning or memory,3,GO:0007611,14,104,389,2734,0.95,1.0,-0.0,A0A8V0YNQ0 A0A8V0ZKI8 A0A3Q2U2N5 A0A8V0XB58 A0A8V0ZSG8 A0A3Q2UGW3 A0A8V1A9R2 A0A8V0YY70 A0A8V1A9A7 A0A8V0Z086 A0A8V0ZSX6 A0A8V1ABC9 A0A8V0YRG2 A0A8V0YRK4
Biological Process,positive regulation of autophagy,7,GO:0010508,4,29,389,2734,0.97,1.0,-0.0,A0A1L1RX77 A0A8V0YGN8 A0A8V0YRK4 A0A8V0ZSX6
Biological Process,mating behavior,3,GO:0007617,4,28,389,2734,1.0,1.0,-0.0,A0A8V0Y9F8 A0A8V1AB67 A0A8V0XB58 A0A3Q2TYT2
Biological Process,circadian rhythm,2,GO:0007623,5,40,389,2734,0.88,1.0,-0.0,A0A8V1A9R2 A0A8V0ZW33 A0A1D5PNB8 A0A8V0Z4R1 A0A8V0ZFG7
Biological Process,response to dexamethasone,5,GO:0071548,3,23,389,2734,0.92,1.0,-0.0,A0A8V0Z4M1 A0A8V0XYR2 A0A8V0Y513
Biological Process,regulation of synaptic plasticity,3,GO:0048167,6,48,389,2734,0.88,1.0,-0.0,A0A8V0YNQ0 A0A8V1AB67 A0A8V0ZSX6 A0A3Q2TYT2 A0A8V0YRG2 A0A8V0YRK4
Biological Process,semaphorin-plexin signaling pathway,4,GO:0071526,2,19,389,2734,0.74,1.0,-0.0,A0A8V0Y0V1 A0A8V1ACD6
Biological Process,wing disc dorsal/ventral pattern formation,6,GO:0048190,2,16,389,2734,0.88,1.0,-0.0,A0A8V0ZZG2 O12971
Biological Process,negative regulation of response to stimulus,4,GO:0048585,66,465,389,2734,1.0,1.0,-0.0,Q5ZMG0 A0A8V0ZWX9 A0A8V1AG56 A0A8V1A9L3 A0A8V0ZI29 A0A8V1AFP7 A0A8V1A2P5 A0A3Q3A4U3 A0A1D5NZT1 A0A8V0YDT5 A0A8V0XUK6 A0A8V0YPA6 A0A8V0XFL3 A0A8V0Y290 A0A8V0X097 A0A8V0ZC57 A0A8V0XYR2 A0A8V0Z4J0 A0A8V0ZIZ5 A0A8V0YC57 P02460 A0A8V1ACS0 A0A8V0Z8V4 A0A8V0ZZG2 A0A8V0Y0F3 A0A8V0YMR1 A0A8V0ZSG8 A0A8V0X637 A0A8V0ZKS6 A0A3Q2UGW3 A0A8V0YQ88 A0A8V0ZTA5 E1BYF1 A0A1L1RX77 A0A8V0XPE8 A0A8V0ZRU9 A0A8V1ACD6 A0A1D5NZN4 A0A1D5PE57 A0A8V1AAH7 A0A8V1AA32 A0A8V0Z2J4 A0A3Q2TT95 Q00649 A0A8V0YY90 A0A8V0XJ84 A0A8V0ZH54 A0A8V1ABC9 A0A8V0ZE30 A0A8V0YRK4 A0A8V0ZKI8 A0A3Q2TU24 O12971 A0A8V0YDT4 A0A8V1AB05 A0A8V1A9R2 A0A8V0ZDZ5 A0A8V0ZHK9 A0A8V0YMM6 A0A8V0ZTG6 A0A8V0XK27 A0A8V1AJV5 A0A8V0Z4M1 Q5ZKV5 A0A8V0YRG2 A0A8V0ZQS2
Biological Process,nucleobase-containing small molecule catabolic process,4,GO:0034656,2,15,389,2734,0.94,1.0,-0.0,A0A8V0ZWX9 A0A1D5PNB8
Biological Process,body fluid secretion,4,GO:0007589,2,19,389,2734,0.74,1.0,-0.0,A0A8V0Z4M1 A0A8V0XYR2
Biological Process,mesodermal cell migration,5,GO:0008078,2,15,389,2734,0.94,1.0,-0.0,A0A8V0YS46 A0A8V0Z8V4
Biological Process,response to iron ion,5,GO:0010039,2,15,389,2734,0.94,1.0,-0.0,A0A8V0YDD6 A0A1D5PQV0
Biological Process,cellular response to osmotic stress,4,GO:0071470,2,15,389,2734,0.94,1.0,-0.0,A0A8V0ZSX6 A0A8V0YJV4
Biological Process,"vesicle targeting, rough ER to cis-Golgi",4,GO:0048207,3,27,389,2734,0.78,1.0,-0.0,A0A8V0YSI0 A0A8V0XDM2 A0A8V1AFR2
Biological Process,COPII vesicle coating,6,GO:0048208,3,27,389,2734,0.78,1.0,-0.0,A0A8V0YSI0 A0A8V0XDM2 A0A8V1AFR2
Biological Process,cellular response to UV,6,GO:0034644,2,17,389,2734,0.83,1.0,-0.0,A0A8V0YNQ0 A0A8V0ZSX6
Biological Process,cellular pigmentation,2,GO:0033059,2,20,389,2734,0.7,1.0,-0.0,A0A8V0XM58 A0A8V0XTW4
Biological Process,cellular response to glucocorticoid stimulus,7,GO:0071385,2,20,389,2734,0.7,1.0,-0.0,A0A8V0Z4M1 A0A8V0XYR2
Biological Process,cellular response to corticosteroid stimulus,6,GO:0071384,3,22,389,2734,0.96,1.0,-0.0,A0A8V0Z4M1 A0A8V0XYR2 A0A8V0YWM3
Biological Process,regulation of cell shape,3,GO:0008360,10,74,389,2734,0.95,1.0,-0.0,A0A8V0Y0V1 A0A8V0YNQ0 A0A1D5P655 A0A8V1A9R2 E1C733 A0A8V0YVT3 A0A8V1AJV5 A0A8V0X852 A0A8V0Z4M1 A0A8V0YU83
Biological Process,cellular response to peptide hormone stimulus,5,GO:0071375,13,94,389,2734,0.97,1.0,-0.0,A0A8V0YB43 A0A1D5P655 A0A8V1A9R2 P02460 A0A8V0YDD6 A0A8V0Y1N7 A0A8V0YLT1 A0A8V0ZRU9 A0A8V0YPA6 Q5ZHL0 A0A8V1A7R0 A0A8V0XYR2 A0A8V0Y513
Biological Process,response to tumor necrosis factor,5,GO:0034612,7,49,389,2734,1.0,1.0,-0.0,A0A8V0XAF8 E1C733 A0A8V0XRN3 A0A8V0Y2E5 A0A8V0XFB5 A0A8V0XYR2 P02460
Biological Process,cell-cell recognition,3,GO:0009988,3,27,389,2734,0.78,1.0,-0.0,A0A8V0XXM5 A0A8V1AA32 E1BS94
Biological Process,axo-dendritic transport,5,GO:0008088,4,32,389,2734,0.88,1.0,-0.0,A0A8V0YGN8 A0A8V0YVT3 Q00649 A0A8V1A6Y8
Biological Process,regulation of multicellular organism growth,4,GO:0040014,7,52,389,2734,0.95,1.0,-0.0,A0A8V0ZKS6 A0A8V0ZES4 A0A1D5NZT1 A0A8V0YHH6 A0A8V0ZHL4 A0A8V1A7R0 Q76KB2
Biological Process,cellular component assembly involved in morphogenesis,3,GO:0010927,7,55,389,2734,0.89,1.0,-0.0,Q98938 A0A3Q2UEL1 A0A8V1A2P5 A0A1D5NTR5 A0A8V0YXG4 A0A1D5NYG2 A0A1D5PLP1
Biological Process,positive regulation of cytosolic calcium ion concentration,3,GO:0007204,5,39,389,2734,0.9,1.0,-0.0,A0A8V0ZKI8 A0A8V1A9R2 A0A1D5NWP2 A0A8V0YPA6 A0A8V0XYR2
Biological Process,histone modification,6,GO:0016570,4,28,389,2734,1.0,1.0,-0.0,A0A8V1A9R2 A0A1D5PNL3 A0A8V1ABC9 A0A8V0ZSG8
Biological Process,canonical Wnt signaling pathway,5,GO:0060070,3,22,389,2734,0.96,1.0,-0.0,A0A8V0ZKI8 A0A8V1A9A7 A0A8V1AG56
Biological Process,"Wnt signaling pathway, planar cell polarity pathway",6,GO:0060071,2,17,389,2734,0.83,1.0,-0.0,A0A8V1AG56 A0A8V0Z9Y8
Biological Process,proteolysis,4,GO:0006508,40,285,389,2734,0.99,1.0,-0.0,Q5ZIB0 A0A8V0X4D8 Q98938 A0A8V0XBI2 A0A8V0XL09 A0A1D5NVM6 A0A8V0ZFG7 A0A8V0XE95 A0A8V0Z4J0 A0A8V1ACS0 A0A8V0ZDK0 A0A8V0ZZG2 A0A8V1A8E4 A0A8V0ZNH3 A0A8V0ZP32 A0A8V0ZRU9 A0A8V1AJ90 A0A8V0ZA56 A0A8V0XF68 A0A8V0XA92 Q5ZKV5 A0A8V0ZW46 A0A8V0YDG8 A0A1D5PNL3 A0A8V0Y1A4 A0A8V0ZY42 A0A8V0ZH54 A0A8V0Y218 A0A8V0YF22 A0A8V0ZF83 A0A8V0Y513 Q05744 A0A8V1AFH0 A0A8V0Y070 A0A8V0ZTG6 A0A8V0XK27 A0A8V0XQS7 A0A8V1AN12 P28687 A0A8V0YFD4
Biological Process,melanin metabolic process,3,GO:0006582,2,14,389,2734,1.0,1.0,-0.0,A0A8V0YRG2 A0A8V1AAH7
Biological Process,multivesicular body organization,7,GO:0036257,3,27,389,2734,0.78,1.0,-0.0,A0A8V0XFL3 A0A1D5NVM6 A0A8V0ZH54
Biological Process,protein-containing complex localization,2,GO:0031503,11,79,389,2734,0.98,1.0,-0.0,A0A8V0XAF8 A0A8V0YEQ1 A0A8V1A4I0 A0A8V0Y722 A0A8V0YY70 E1BQB4 A0A1D5NZT1 A0A8V0XK27 A0A8V0YVT3 A0A8V0XM58 A0A1D5PNG3
Biological Process,regulation of calcium ion transmembrane transporter activity,6,GO:1901019,2,15,389,2734,0.94,1.0,-0.0,A0A8V0XB58 A0A1D5NWP2
Biological Process,protein targeting to mitochondrion,5,GO:0006626,2,14,389,2734,1.0,1.0,-0.0,A0A8V0XF68 R4GGQ4
Biological Process,endodermal cell differentiation,4,GO:0035987,2,18,389,2734,0.78,1.0,-0.0,A0A8V0YDD6 A0A8V1AFR2
Biological Process,calcium-dependent cell-cell adhesion via plasma membrane cell adhesion molecules,5,GO:0016339,2,17,389,2734,0.83,1.0,-0.0,A0A8V0XCI3 A0A8V0Y103
Biological Process,maternal process involved in female pregnancy,3,GO:0060135,2,20,389,2734,0.7,1.0,-0.0,A0A8V0YJV4 A0A8V0XGL8
Biological Process,zymogen activation,6,GO:0031638,2,19,389,2734,0.74,1.0,-0.0,A0A8V0X4D8 A0A8V1A8E4
Biological Process,response to topologically incorrect protein,3,GO:0035966,10,73,389,2734,0.96,1.0,-0.0,F1NGB8 Q5ZIB0 A0A8V0ZW46 A0A8V1AJT2 A0A8V1AMI7 E1BYF1 Q00649 A0A8V0ZSX6 A0A8V0XQS7 A0A8V0ZXC9
Biological Process,male mating behavior,4,GO:0060179,2,18,389,2734,0.78,1.0,-0.0,A0A8V0Y9F8 A0A8V0XB58
Biological Process,chromosome localization,3,GO:0050000,2,20,389,2734,0.7,1.0,-0.0,A0A8V0Z9Z7 A0A1D5PBU5
Biological Process,pigment biosynthetic process,3,GO:0046148,2,18,389,2734,0.78,1.0,-0.0,A0A8V0ZWX9 A0A8V0Y7C8
Biological Process,regulation of protein processing,7,GO:0070613,8,56,389,2734,1.0,1.0,-0.0,A0A8V0X4D8 A0A8V1A8N2 A0A8V1AA32 A0A8V0Y999 A0A8V0ZP32 A0A8V1A8R6 A0A8V1AKH4 A0A8V0YRF2
Biological Process,steroid biosynthetic process,5,GO:0006694,3,21,389,2734,1.0,1.0,-0.0,A0A8V0Y9F8 A0A8V0YJV4 A0A8V1AK88
Biological Process,positive regulation of substrate adhesion-dependent cell spreading,7,GO:1900026,2,20,389,2734,0.7,1.0,-0.0,A0A8V0XWZ8 A0A8V0Y2E5
Biological Process,positive regulation of dendrite development,5,GO:1900006,5,37,389,2734,0.95,1.0,-0.0,A0A8V0X4D8 A0A1D5P655 A0A8V0ZI29 A0A8V0YGN8 A0A8V0YDT5
Biological Process,positive regulation of macroautophagy,8,GO:0016239,2,16,389,2734,0.88,1.0,-0.0,A0A1L1RX77 A0A8V0YGN8
Biological Process,multicellular organismal-level homeostasis,2,GO:0048871,13,96,389,2734,0.95,1.0,-0.0,Q98938 A0A8V1AFH0 A0A8V0YJV4 A0A8V1AFP7 E1BQB4 P02460 A0A8V0Y2E5 A0A8V0ZH54 A0A8V0Z4M1 A0A8V0YLZ5 A0A8V1A7R0 A0A8V0XXK8 A0A1D5P0D7
Biological Process,regulation of glucose import,6,GO:0046324,2,14,389,2734,1.0,1.0,-0.0,A0A8V0YY90 A0A8V1ABC9
Biological Process,positive regulation of JNK cascade,8,GO:0046330,4,28,389,2734,1.0,1.0,-0.0,A0A8V1AG56 A0A8V0XYR2 A0A8V1ABC8 A0A1D5PNL3
Biological Process,heart contraction,5,GO:0060047,3,25,389,2734,0.84,1.0,-0.0,A0A8V0YM05 A0A8V0XB58 A0A8V0ZY91
Biological Process,negative regulation of mitotic cell cycle,6,GO:0045930,5,41,389,2734,0.86,1.0,-0.0,A0A8V0Y999 A0A8V0Z9Z7 A0A8V0YW57 A0A8V1AJV5 A0A8V0YRK4
Biological Process,'de novo' protein folding,3,GO:0006458,3,21,389,2734,1.0,1.0,-0.0,A0A8V0YGQ5 A0A8V0XQS7 A0A8V0ZW46
Biological Process,IRE1-mediated unfolded protein response,4,GO:0036498,3,24,389,2734,0.88,1.0,-0.0,F1NGB8 A0A8V1AJT2 A0A8V0ZXC9
Biological Process,negative regulation of cell cycle phase transition,7,GO:1901988,2,20,389,2734,0.7,1.0,-0.0,A0A8V0YRK4 A0A8V0Z9Z7
Biological Process,egg-laying behavior,3,GO:0018991,3,25,389,2734,0.84,1.0,-0.0,A0A1D5P1F1 A0A8V0WZJ4 A0A1D5PBU5
Biological Process,positive regulation of cell junction assembly,6,GO:1901890,2,15,389,2734,0.94,1.0,-0.0,A0A8V0Z4M1 A0A8V0XWZ8
Biological Process,phenol-containing compound metabolic process,4,GO:0018958,4,34,389,2734,0.83,1.0,-0.0,A0A8V0Y4Q2 A0A8V0YRG2 A0A8V0YJV4 A0A8V1AAH7
Biological Process,glycogen metabolic process,6,GO:0005977,2,17,389,2734,0.83,1.0,-0.0,A0A8V0X2C5 A0A8V1A4P2
Biological Process,positive regulation of muscle tissue development,5,GO:1901863,2,17,389,2734,0.83,1.0,-0.0,A0A8V1AK88 A0A8V0XYR2
Biological Process,lipid homeostasis,3,GO:0055088,4,34,389,2734,0.83,1.0,-0.0,P11602 A0A3Q2UEL1 A0A8V0ZRU9 A0A8V1A9A7
Biological Process,positive regulation of striated muscle tissue development,6,GO:0045844,2,17,389,2734,0.83,1.0,-0.0,A0A8V1AK88 A0A8V0XYR2
Biological Process,negative regulation of proteasomal protein catabolic process,7,GO:1901799,2,18,389,2734,0.78,1.0,-0.0,A0A8V0Y7Y9 A0A1L1RP76
Biological Process,alcohol metabolic process,3,GO:0006066,9,65,389,2734,0.97,1.0,-0.0,A0A8V1AK88 A0A8V0XCX4 A0A8V0YJV4 A0A8V1A9A7 A0A8V0Y9F8 A0A8V0ZRU9 A0A8V1A3H7 A0A1D5P1F1 A0A8V0ZQS2
Biological Process,pH reduction,3,GO:0045851,2,16,389,2734,0.88,1.0,-0.0,Q5ZHL0 A0A8V0XX49
Biological Process,regulation of carbohydrate metabolic process,5,GO:0006109,5,41,389,2734,0.86,1.0,-0.0,A0A8V0YY90 A0A8V0Y2E5 A0A1D5PNG3 A0A8V1A7R0 A0A8V1A3H9
Biological Process,water-soluble vitamin metabolic process,4,GO:0006767,2,19,389,2734,0.74,1.0,-0.0,A0A8V0X783 A0A8V0XDM2
Biological Process,acylglycerol homeostasis,4,GO:0055090,2,15,389,2734,0.94,1.0,-0.0,P11602 A0A3Q2UEL1
Biological Process,cellular response to peptide,5,GO:1901653,15,107,389,2734,0.99,1.0,-0.0,A0A8V0YB43 A0A1D5P655 A0A8V1A9R2 A0A8V0ZW33 A0A8V0YJV4 P02460 A0A8V0YDD6 A0A8V0Y1N7 A0A8V0YLT1 A0A8V0ZRU9 A0A8V0YPA6 Q5ZHL0 A0A8V1A7R0 A0A8V0XYR2 A0A8V0Y513
Biological Process,establishment of mitotic spindle localization,5,GO:0040001,3,23,389,2734,0.92,1.0,-0.0,A0A8V0ZE30 Q0PVE4 A0A8V0X5U3
Biological Process,organic hydroxy compound biosynthetic process,4,GO:1901617,4,32,389,2734,0.88,1.0,-0.0,A0A8V0Y9F8 A0A1D5P1F1 A0A8V0YJV4 A0A8V1AK88
Biological Process,organic hydroxy compound catabolic process,4,GO:1901616,2,14,389,2734,1.0,1.0,-0.0,A0A8V0YJV4 A0A8V0XCX4
Biological Process,peptidyl-lysine modification,6,GO:0018205,3,27,389,2734,0.78,1.0,-0.0,R4GH52 A0A8V0ZSG8 E1BYF1
Biological Process,energy reserve metabolic process,5,GO:0006112,2,19,389,2734,0.74,1.0,-0.0,A0A8V0X2C5 A0A8V1A4P2
Biological Process,peptidyl-threonine phosphorylation,6,GO:0018107,2,15,389,2734,0.94,1.0,-0.0,A0A8V0XB58 A0A8V1ABC9
Biological Process,fatty acid derivative biosynthetic process,5,GO:1901570,3,26,389,2734,0.81,1.0,-0.0,A0A1D5P1F1 A0A8V0XYR2 A0A8V0ZIZ5
Biological Process,regulation of calcium ion-dependent exocytosis,7,GO:0017158,2,18,389,2734,0.78,1.0,-0.0,A0A8V1AB67 A0A3Q2TYT2
Biological Process,negative regulation of epithelial cell proliferation,6,GO:0050680,6,42,389,2734,1.0,1.0,-0.0,A0A8V0YNQ0 A0A8V0ZKI8 A0A8V1AG56 A0A3Q3A4U3 A0A1D5NZT1 A0A8V0ZH54
Biological Process,ERAD pathway,5,GO:0036503,4,28,389,2734,1.0,1.0,-0.0,Q5ZIB0 A0A8V0XQS7 A0A8V1AJ90 A0A8V0ZW46
Biological Process,positive regulation of DNA-templated transcription,8,GO:0045893,25,176,389,2734,1.0,1.0,-0.0,A0A8V1AG56 Q98938 A0A8V0YM05 A0A8V1AJT2 A0A8V1A9A7 A0A8V0XRN3 A0A8V0Y290 A0A8V0XYR2 A0A8V0Z4J0 A0A8V1ACS0 A0A8V0Y0F3 A0A8V1ABC8 A0A8V1AFC3 A0A1L1RX77 A0A8V0YHH6 A0A8V0ZSX6 A0A1D5NZN4 A0A8V0X1T3 A0A8V1A7R0 A0A1D5P0D7 A0A8V0ZE58 A0A8V0XJ84 A0A8V0ZKI8 A0A8V1A9R2 A0A8V0Z4M1
Biological Process,regulation of cardiac muscle contraction,7,GO:0055117,3,24,389,2734,0.88,1.0,-0.0,A0A8V0XCI3 A0A8V0XB58 A0A8V0ZY91
Biological Process,wing disc pattern formation,5,GO:0035222,3,21,389,2734,1.0,1.0,-0.0,A0A8V0ZZG2 Q98938 O12971
Biological Process,positive regulation of actin filament bundle assembly,6,GO:0032233,3,26,389,2734,0.81,1.0,-0.0,A0A8V0ZPH9 A0A8V0XJ84 A0A8V0X852
Biological Process,sodium ion transmembrane transport,5,GO:0035725,3,21,389,2734,1.0,1.0,-0.0,A0A8V0YLZ5 A0A8V1AM47 A0A8V0ZES4
Biological Process,regulation of striated muscle contraction,7,GO:0006942,3,25,389,2734,0.84,1.0,-0.0,A0A8V0XCI3 A0A8V0XB58 A0A8V0ZY91
Biological Process,lamellipodium organization,6,GO:0097581,2,20,389,2734,0.7,1.0,-0.0,A0A1D5P655 A0A1D5PC37
Biological Process,acute-phase response,6,GO:0006953,2,16,389,2734,0.88,1.0,-0.0,A0A8V1A7R0 A0A8V0YR09
Biological Process,exocrine system development,4,GO:0035272,7,54,389,2734,0.91,1.0,-0.0,A0A8V1AG56 A0A8V0Z8V4 A0A8V0ZKS6 A0A8V0XZV7 A0A8V0ZTP1 A0A3Q3A4U3 A0A8V0XJ84
Biological Process,response to activity,2,GO:0014823,5,36,389,2734,0.98,1.0,-0.0,A0A8V0YNQ0 A0A8V1AFP7 A0A8V0ZTA5 A0A8V0YDD6 A0A8V0XYR2
Biological Process,DNA damage response,4,GO:0006974,11,78,389,2734,0.99,1.0,-0.0,A0A8V0XF68 A0A8V1ACS0 A0A8V1A803 A0A8V0ZW33 A0A1D5PNL3 A0A3Q2TTB3 A0A8V0YW57 A0A8V0YRF2 A0A8V0YRK4 A0A8V0Z4J0 A0A8V1AJ90
Biological Process,response to unfolded protein,4,GO:0006986,9,66,389,2734,0.96,1.0,-0.0,F1NGB8 A0A8V0ZW46 A0A8V1AJT2 A0A8V1AMI7 E1BYF1 Q00649 A0A8V0ZSX6 A0A8V0XQS7 A0A8V0ZXC9
Biological Process,response to amine,5,GO:0014075,2,15,389,2734,0.94,1.0,-0.0,A0A1D5P1F1 A0A8V0Y513
Biological Process,response to purine-containing compound,5,GO:0014074,6,44,389,2734,0.96,1.0,-0.0,A0A8V0ZTA5 A0A8V0ZY91 A0A8V0Z4R1 A0A8V0Y513 A0A1D5P1F1 A0A8V0YC57
Biological Process,cellular response to toxic substance,4,GO:0097237,8,57,389,2734,0.99,1.0,-0.0,A0A8V1AHJ8 A0A8V0ZW33 A0A8V0YJV4 P02460 Q00649 A0A8V0Y513 A0A1D5P1F1 A0A8V0YWM3
Biological Process,execution phase of apoptosis,2,GO:0097194,2,17,389,2734,0.83,1.0,-0.0,A0A1D5PC37 A0A8V0YWM3
Biological Process,skeletal muscle organ development,5,GO:0060538,8,61,389,2734,0.92,1.0,-0.0,A0A8V1AG56 A0A8V0Y413 A0A8V0Z2J4 A0A1L1RX77 A0A8V0ZFH4 A0A8V0ZAU8 A0A8V0YYQ9 A0A1D5P0D7
Biological Process,regulation of mitotic nuclear division,6,GO:0007088,7,51,389,2734,0.96,1.0,-0.0,A0A8V0ZDK0 Q5ZJ58 A0A8V0Z9Z7 A0A8V1A9A7 A0A8V0ZTA5 A0A8V0X5U3 A0A8V0XYR2
Biological Process,mitotic cell cycle checkpoint signaling,4,GO:0007093,3,21,389,2734,1.0,1.0,-0.0,A0A8V0YW57 A0A8V0YRK4 A0A8V0Z9Z7
Biological Process,regulation of plasma lipoprotein particle levels,3,GO:0097006,4,29,389,2734,0.97,1.0,-0.0,A0A8V0Y9F8 P11602 A0A8V0ZRU9 A0A8V0Z9Y8
Biological Process,multicellular organism growth,2,GO:0035264,2,20,389,2734,0.7,1.0,-0.0,A0A8V0YY70 Q98938
Biological Process,positive regulation of gliogenesis,7,GO:0014015,2,19,389,2734,0.74,1.0,-0.0,A0A8V0XGL8 A0A8V0XWZ8
Biological Process,homophilic cell adhesion via plasma membrane adhesion molecules,5,GO:0007156,4,28,389,2734,1.0,1.0,-0.0,A0A3Q3A4U3 A0A8V0Y103 A0A8V0ZI29 A0A1D5NYG2
Biological Process,gonad morphogenesis,3,GO:0035262,2,16,389,2734,0.88,1.0,-0.0,A0A8V0ZES4 A0A8V0ZKS6
Biological Process,positive regulation of proteasomal ubiquitin-dependent protein catabolic process,7,GO:0032436,3,21,389,2734,1.0,1.0,-0.0,A0A8V0XM58 A0A8V0ZDK0 A0A8V0YRK4
Biological Process,establishment of tissue polarity,3,GO:0007164,5,40,389,2734,0.88,1.0,-0.0,A0A8V1AG56 A0A8V1A9R2 A0A8V0ZHK9 A0A8V0YY70 A0A8V0XK73
Biological Process,adenylate cyclase-modulating G protein-coupled receptor signaling pathway,4,GO:0007188,3,25,389,2734,0.84,1.0,-0.0,A0A8V0XUJ8 A0A8V1AJV5 A0A8V0XYR2
Biological Process,adenylate cyclase-activating G protein-coupled receptor signaling pathway,5,GO:0007189,2,14,389,2734,1.0,1.0,-0.0,A0A8V0XUJ8 A0A8V1AJV5
Biological Process,phospholipase C-activating G protein-coupled receptor signaling pathway,4,GO:0007200,2,14,389,2734,1.0,1.0,-0.0,A0A8V1AJV5 A0A8V0XYR2
Biological Process,positive regulation of organ growth,5,GO:0046622,2,16,389,2734,0.88,1.0,-0.0,A0A8V1AK88 A0A8V0XYR2
Biological Process,striated muscle contraction,5,GO:0006941,3,23,389,2734,0.92,1.0,-0.0,A0A8V0YM05 A0A8V0XB58 A0A8V0ZY91
Biological Process,myotube differentiation,6,GO:0014902,5,38,389,2734,0.92,1.0,-0.0,A0A8V0ZKS6 A0A1D5NWP2 A0A8V0ZAU8 A0A8V1AAH7 A0A1D5P0D7
Biological Process,regulation of smooth muscle cell migration,6,GO:0014910,4,30,389,2734,0.94,1.0,-0.0,A0A3Q2TU24 A0A8V0XB58 A0A8V0Y2E5 A0A8V0Y1A4
Biological Process,activation of cysteine-type endopeptidase activity involved in apoptotic process,10,GO:0006919,3,25,389,2734,0.84,1.0,-0.0,A0A3Q3A4U3 A0A8V0ZDZ5 A0A8V0YWM3
Biological Process,carboxylic acid biosynthetic process,5,GO:0046394,11,79,389,2734,0.98,1.0,-0.0,P11602 A0A8V0XRC4 E1C3Z8 A0A1D5PNB8 E1BYF1 A0A1L1RX77 A0A8V0Y2E5 A0A1D5P1F1 A0A8V0XYR2 A0A8V0ZIZ5 A0A8V0Y513
Biological Process,calcium ion transport,5,GO:0006816,5,40,389,2734,0.88,1.0,-0.0,A0A8V0XB58 E1C733 A0A1D5NWP2 A0A3Q2U2N6 A0A8V0YFB8
Biological Process,vesicle cytoskeletal trafficking,5,GO:0099518,2,18,389,2734,0.78,1.0,-0.0,A0A8V0YVT3 A0A8V0XTW4
Biological Process,organic acid biosynthetic process,4,GO:0016053,11,79,389,2734,0.98,1.0,-0.0,P11602 A0A8V0XRC4 E1C3Z8 A0A1D5PNB8 E1BYF1 A0A1L1RX77 A0A8V0Y2E5 A0A1D5P1F1 A0A8V0XYR2 A0A8V0ZIZ5 A0A8V0Y513
Biological Process,dendrite morphogenesis,7,GO:0048813,8,60,389,2734,0.94,1.0,-0.0,A0A8V1AG56 A0A8V0Z8V4 A0A8V0X4D8 A0A8V0ZZU1 A0A8V0ZKS6 A0A3Q3A4U3 A0A1D5NYG2 A0A8V0YRG2
Biological Process,regulation of postsynapse organization,6,GO:0099175,2,18,389,2734,0.78,1.0,-0.0,A0A8V0YNQ0 A0A8V1A3S8
Biological Process,phospholipid transport,6,GO:0015914,2,15,389,2734,0.94,1.0,-0.0,A0A3Q2U2N5 A0A8V0YU83
Biological Process,organophosphate catabolic process,4,GO:0046434,7,55,389,2734,0.89,1.0,-0.0,A0A8V1A9L3 A0A8V0ZWX9 A0A8V0XCX4 A0A8V0ZG46 A0A8V0X637 A0A8V0XWZ8 A0A8V0YC57
Biological Process,lipid transport,5,GO:0006869,6,47,389,2734,0.9,1.0,-0.0,A0A8V0ZKI8 A0A3Q2U2N5 A0A8V0Y9F8 A0A8V1A3H7 A0A8V0YU83 A0A8V0YR09
Biological Process,intracellular monoatomic ion homeostasis,4,GO:0006873,18,126,389,2734,1.0,1.0,-0.0,A0A8V0ZKI8 A0A8V0XB58 A0A8V1A9R2 A0A1D5PQV0 A0A8V0ZES4 E1C733 A0A8V0XLN9 A0A8V1AJV5 A0A8V0YLT1 A0A1D5NWP2 A0A8V1ABC9 A0A8V0YPA6 Q5ZHL0 A0A8V0XX49 A0A8V1A4P2 A0A8V0XYR2 A0A3Q2U2N6 A0A8V0YFB8
Biological Process,intracellular calcium ion homeostasis,5,GO:0006874,11,77,389,2734,1.0,1.0,-0.0,A0A8V0ZKI8 A0A8V0XB58 A0A8V1A9R2 E1C733 A0A8V1A4P2 A0A1D5NWP2 A0A8V1ABC9 A0A8V0YPA6 A0A8V0XYR2 A0A3Q2U2N6 A0A8V0YFB8
Biological Process,organic acid transport,5,GO:0015849,4,33,389,2734,0.85,1.0,-0.0,A0A8V1AB67 A0A8V1AM47 A0A8V1AJV5 A0A8V0XDM2
Biological Process,monosaccharide catabolic process,4,GO:0046365,4,30,389,2734,0.94,1.0,-0.0,A0A8V1A4P2 A0A8V0XMD4 A0A8V0YZJ3 A0A8V1A9A7
Biological Process,organophosphate ester transport,5,GO:0015748,2,18,389,2734,0.78,1.0,-0.0,A0A3Q2U2N5 A0A8V0YU83
Biological Process,regulation of pH,2,GO:0006885,4,30,389,2734,0.94,1.0,-0.0,Q5ZHL0 A0A8V0YLT1 A0A8V0XYR2 A0A8V0XX49
Biological Process,monocarboxylic acid transport,7,GO:0015718,2,19,389,2734,0.74,1.0,-0.0,A0A8V1AM47 A0A8V1AJV5
Biological Process,skin epidermis development,5,GO:0098773,2,16,389,2734,0.88,1.0,-0.0,A0A8V0ZTP1 A0A3Q2TU24
Biological Process,inorganic ion homeostasis,3,GO:0098771,20,144,389,2734,0.98,1.0,-0.0,A0A8V0YPA6 A0A8V0XYR2 A0A3Q2U2N6 A0A8V0YFB8 A0A8V0ZKS6 A0A1D5PQV0 E1C733 A0A8V1A4P2 A0A8V0YRF2 A0A8V0XB58 A0A1D5NWP2 A0A8V1ABC9 A0A8V0XX49 A0A8V0ZKI8 A0A8V1A9R2 A0A8V0ZES4 A0A8V0XLN9 A0A8V1AJV5 A0A8V0YLT1 Q5ZHL0
Biological Process,inorganic anion transport,4,GO:0015698,3,23,389,2734,0.92,1.0,-0.0,A0A8V0Z5R3 A0A8V0Y4Q2 A0A8V0Z249
Biological Process,response to estradiol,4,GO:0032355,8,62,389,2734,0.91,1.0,-0.0,A0A8V0YNQ0 A0A8V1AG56 A0A3Q2TU24 A0A8V0XGL8 A0A8V1ABC9 A0A8V0Z4M1 A0A8V1A7R0 A0A8V0YWM3
Biological Process,muscle tissue morphogenesis,4,GO:0060415,2,17,389,2734,0.83,1.0,-0.0,A0A8V1AG56 A0A1D5PE57
Biological Process,regulation of lipid transport,5,GO:0032368,4,32,389,2734,0.88,1.0,-0.0,A0A3Q2U2N5 A0A8V0XYR2 A0A8V0ZRU9 A0A8V0YWM3
Biological Process,maintenance of cell number,2,GO:0098727,6,44,389,2734,0.96,1.0,-0.0,O12971 A0A8V1A9R2 A0A8V1A9A7 A0A8V0ZPH9 A0A8V1A7R0 E1BQI2
Biological Process,asymmetric stem cell division,4,GO:0098722,3,26,389,2734,0.81,1.0,-0.0,A0A8V0YB43 A0A8V0XFL3 Q0PVE4
Biological Process,protein localization to synapse,6,GO:0035418,2,17,389,2734,0.83,1.0,-0.0,Q00649 A0A8V0ZBR8
Biological Process,"phagocytosis, engulfment",7,GO:0006911,2,18,389,2734,0.78,1.0,-0.0,P01875 A0A8V0XEJ0
Biological Process,regulation of action potential,3,GO:0098900,2,16,389,2734,0.88,1.0,-0.0,A0A8V0XCI3 A0A8V0XB58
Biological Process,keratinocyte differentiation,6,GO:0030216,4,30,389,2734,0.94,1.0,-0.0,A0A8V1AG56 A0A8V0XCI3 A0A8V0X4D8 A0A8V0ZA56
