short_name,structure,species,model,n_candidates,n_hotspots,hotspot_frac,n_shielded_cands,shielded_sasa_delta,hotspot_sasa_mean,hotspot_sasa_std,iface_full_sasa,iface_alone_sasa,iface_shielding
A1,Anas_G20030CU,Anas,1,90,68,0.7555555555555555,14,9.435265442317796,45.60960703289872,37.441120001114754,37.35900416479721,40.65934782608696,3.3003436612897445
A1,Anas_G20030CU,Anas,2,90,68,0.7555555555555555,13,9.272021577942112,45.875995609966346,37.56682340479436,37.675978297173806,40.65934782608696,2.983369528913151
A1,Anas_G20030CU,Anas,3,90,68,0.7555555555555555,13,9.272021577942112,45.875995609966346,37.56682340479436,37.675978297173806,40.65934782608696,2.983369528913151
A1,Anas_G20030CU,Anas,4,90,68,0.7555555555555555,14,9.435265442317796,45.52919612093441,37.27189548244733,35.60670946242447,40.65934782608696,5.0526383636624885
A1,Anas_G20030CU,Anas,5,90,68,0.7555555555555555,13,9.272021577942112,45.69001794486303,37.63234732252253,37.55582665814061,40.65934782608696,3.1035211679463472
A1,Anas_G20030CU,Anas,6,90,68,0.7555555555555555,13,9.272021577942112,45.4487852089701,37.12497464986037,37.85438648797785,40.65934782608696,2.804961338109109
A1,Anas_G20030CU,Anas,7,90,68,0.7555555555555555,14,9.435265442317796,45.60960703289872,37.441120001114754,37.35900416479721,40.65934782608696,3.3003436612897445
A1,Anas_G20030CU,Anas,8,90,68,0.7555555555555555,13,9.272021577942112,45.875995609966346,37.56682340479436,37.675978297173806,40.65934782608696,2.983369528913151
A1,Anas_G20030CU,Anas,9,90,68,0.7555555555555555,13,9.272021577942112,45.4487852089701,37.12497464986037,37.85438648797785,40.65934782608696,2.804961338109109
A1,Anas_G20030CU,Anas,10,90,68,0.7555555555555555,13,9.272021577942112,45.70678850564616,37.198315224075735,36.25706026802139,40.65934782608696,4.402287558065567
A1,Anas_G20030CU,Anas,11,90,68,0.7555555555555555,14,9.435265442317796,45.60960703289872,37.441120001114754,37.35900416479721,40.65934782608696,3.3003436612897445
A1,Anas_G20030CU,Anas,12,90,68,0.7555555555555555,14,9.003969650874968,45.706788505646166,37.415531292575245,37.57656116965429,40.65934782608696,3.082786656432667
A1,Anas_G20030CU,Anas,13,90,68,0.7555555555555555,13,9.272021577942112,45.69001794486303,37.63234732252253,37.66561104141696,40.65934782608696,2.9937367846699985
A1,Anas_G20030CU,Anas,14,90,68,0.7555555555555555,13,9.272021577942112,45.60960703289872,37.452421261399614,37.66359927972133,40.65934782608696,2.995748546365625
A1,Anas_G20030CU,Anas,15,90,68,0.7555555555555555,13,9.272021577942112,45.60960703289872,37.452421261399614,37.76100464554521,40.65934782608696,2.898343180541744
A1,Anas_G20030CU,Anas,16,90,68,0.7555555555555555,13,9.272021577942112,45.52081084054284,37.266231708709256,37.34662514734474,40.65934782608696,3.312722678742219
A1,Anas_G20030CU,Anas,17,90,68,0.7555555555555555,14,9.435265442317796,45.60960703289872,37.441120001114754,37.34662514734474,40.65934782608696,3.312722678742219
A1,Anas_G20030CU,Anas,18,90,68,0.7555555555555555,13,9.272021577942112,45.875995609966346,37.56682340479436,37.57857293134992,40.65934782608696,3.08077489473704
A1,Anas_G20030CU,Anas,19,90,68,0.7555555555555555,14,9.003969650874968,45.7788141372189,37.57726127624048,37.56820567559308,40.65934782608696,3.09114215049388
A1,Anas_G20030CU,Anas,20,90,68,0.7555555555555555,14,9.003969650874968,45.53758140132598,37.069712487008665,35.55046467234925,40.65934782608696,5.108883153737708
A1,Anas_G20030CU,Anas,21,90,68,0.7555555555555555,13,9.272021577942112,45.52081084054284,37.266231708709256,37.34662514734474,40.65934782608696,3.312722678742219
A1,Anas_G20030CU,Anas,22,90,68,0.7555555555555555,14,9.003969650874968,45.7788141372189,37.57726127624048,37.56820567559308,40.65934782608696,3.09114215049388
A1,Anas_G20030CU,Anas,23,90,68,0.7555555555555555,13,9.272021577942112,45.4487852089701,37.12497464986037,37.85438648797785,40.65934782608696,2.804961338109109
A1,Anas_G20030CU,Anas,24,90,68,0.7555555555555555,13,9.272021577942112,45.70678850564616,37.198315224075735,36.25706026802139,40.65934782608696,4.402287558065567
A1,Anas_G20030CU,Anas,25,90,68,0.7555555555555555,15,9.74904361784037,45.27957810464992,37.02435668425176,35.93606261225354,40.65934782608696,4.723285213833421
A1,Anas_G20030CU,Anas,26,90,68,0.7555555555555555,13,9.272021577942112,45.69001794486303,37.63234732252253,37.66561104141696,40.65934782608696,2.9937367846699985
A1,Anas_G20030CU,Anas,27,90,68,0.7555555555555555,14,9.435265442317796,45.52919612093441,37.27189548244733,35.60670946242447,40.65934782608696,5.0526383636624885
A1,Anas_G20030CU,Anas,28,90,68,0.7555555555555555,16,9.16016564689087,45.10198571993816,37.32507326118655,35.504972125930614,40.65934782608696,5.154375700156344
A1,Anas_G20030CU,Anas,29,90,68,0.7555555555555555,16,9.16016564689087,45.10198571993816,37.32507326118655,35.504972125930614,40.65934782608696,5.154375700156344
A1,Anas_G20030CU,Anas,30,90,68,0.7555555555555555,13,9.272021577942112,45.60960703289872,37.452421261399614,37.66359927972133,40.65934782608696,2.995748546365625
A1,Anas_G20030CU,Anas,31,90,68,0.7555555555555555,14,9.003969650874968,45.53758140132598,37.069712487008665,35.55046467234925,40.65934782608696,5.108883153737708
A1,Anas_G20030CU,Anas,32,90,68,0.7555555555555555,13,9.272021577942112,45.95640652193066,37.75849773433068,37.38577396139778,40.65934782608696,3.273573864689176
A1,Anas_G20030CU,Anas,33,90,68,0.7555555555555555,15,9.886854490018823,45.02320196816884,37.2269947797958,35.069858116216444,40.65934782608696,5.589489709870513
A1,Anas_G20030CU,Anas,34,90,68,0.7555555555555555,14,9.003969650874968,45.60122175250715,37.66167914709089,37.348636909040366,40.65934782608696,3.310710917046592
A1,Anas_G20030CU,Anas,35,90,68,0.7555555555555555,13,9.272021577942112,45.52081084054284,37.266231708709256,37.34662514734474,40.65934782608696,3.312722678742219
A1,Anas_G20030CU,Anas,36,90,68,0.7555555555555555,13,9.272021577942112,45.60960703289872,37.452421261399614,37.76100464554521,40.65934782608696,2.898343180541744
A1,Anas_G20030CU,Anas,37,90,68,0.7555555555555555,13,9.272021577942112,45.52919612093441,37.28324803793173,37.661587518025705,40.65934782608696,2.9977603080612525
A1,Anas_G20030CU,Anas,38,90,68,0.7555555555555555,13,9.272021577942112,45.60960703289872,37.452421261399614,37.66359927972133,40.65934782608696,2.995748546365625
A1,Anas_G20030CU,Anas,39,90,68,0.7555555555555555,14,9.003969650874968,45.698403225254594,37.39726111263797,37.675978297173806,40.65934782608696,2.983369528913151
A1,Anas_G20030CU,Anas,40,90,68,0.7555555555555555,15,9.471329698037836,45.20242151307559,37.32688404814139,36.00437797250251,40.65934782608696,4.654969853584447
A1,Anas_G20030CU,Anas,41,90,68,0.7555555555555555,16,9.16016564689087,45.10198571993816,37.32507326118655,35.504972125930614,40.65934782608696,5.154375700156344
A1,Anas_G20030CU,Anas,42,90,68,0.7555555555555555,13,9.272021577942112,45.60960703289872,37.452421261399614,37.76100464554521,40.65934782608696,2.898343180541744
A1,Anas_G20030CU,Anas,43,90,68,0.7555555555555555,14,9.003969650874968,45.7788141372189,37.57726127624048,37.56820567559308,40.65934782608696,3.09114215049388
A1,Anas_G20030CU,Anas,44,90,68,0.7555555555555555,13,9.272021577942112,45.875995609966346,37.56682340479436,37.57857293134992,40.65934782608696,3.08077489473704
A1,Anas_G20030CU,Anas,45,90,68,0.7555555555555555,14,9.435265442317796,45.60960703289872,37.441120001114754,37.34662514734474,40.65934782608696,3.312722678742219
A1,Anas_G20030CU,Anas,46,90,68,0.7555555555555555,13,9.272021577942112,45.875995609966346,37.56682340479436,37.57857293134992,40.65934782608696,3.08077489473704
A1,Anas_G20030CU,Anas,47,90,68,0.7555555555555555,13,9.272021577942112,45.79558469800204,37.38575561465609,37.68634555293065,40.65934782608696,2.973002273156304
A1,Anas_G20030CU,Anas,48,90,68,0.7555555555555555,14,9.003969650874968,45.7788141372189,37.57726127624048,37.56820567559308,40.65934782608696,3.09114215049388
A1,Anas_G20030CU,Anas,49,90,68,0.7555555555555555,13,9.272021577942112,45.60960703289872,37.452421261399614,37.66359927972133,40.65934782608696,2.995748546365625
A1,Anas_G20030CU,Anas,50,90,68,0.7555555555555555,14,9.003969650874968,45.53758140132598,37.069712487008665,37.36735965885843,40.65934782608696,3.2919881672285243
A2,Anas_G39213VZ,Anas,1,97,77,0.7938144329896907,18,9.933936604095644,45.91581115686028,36.53629782656258,37.32166216235063,39.8692,2.547537837649372
A2,Anas_G39213VZ,Anas,2,97,77,0.7938144329896907,17,9.934209663218796,46.06524080742876,36.68291722627782,37.4175909696063,39.8692,2.4516090303936977
A2,Anas_G39213VZ,Anas,3,97,77,0.7938144329896907,18,10.68461690092349,46.10967190352953,35.57429754819562,37.583544223640665,39.8692,2.2856557763593344
A2,Anas_G39213VZ,Anas,4,97,77,0.7938144329896907,18,9.933936604095644,45.91581115686028,36.53629782656258,37.32166216235063,39.8692,2.547537837649372
A2,Anas_G39213VZ,Anas,5,97,77,0.7938144329896907,18,10.9883914572331,45.89066699165828,35.51692852311008,37.36973845076946,39.8692,2.4994615492305385
A2,Anas_G39213VZ,Anas,6,97,77,0.7938144329896907,18,10.380842344613878,45.78859705434219,35.89722053361807,37.14981153263321,39.8692,2.719388467366791
A2,Anas_G39213VZ,Anas,7,97,77,0.7938144329896907,18,10.380842344613878,45.78859705434219,35.89722053361807,37.14981153263321,39.8692,2.719388467366791
A2,Anas_G39213VZ,Anas,8,97,77,0.7938144329896907,19,12.94822666401694,45.17004520478548,35.13351659309183,35.63242117863613,39.8692,4.23677882136387
A2,Anas_G39213VZ,Anas,9,97,77,0.7938144329896907,18,10.9883914572331,45.89066699165828,35.51692852311008,37.36973845076946,39.8692,2.4994615492305385
A2,Anas_G39213VZ,Anas,10,97,77,0.7938144329896907,18,11.292166013542715,45.96764743564452,35.35760498483483,37.48567424281904,39.8692,2.383525757180955
A2,Anas_G39213VZ,Anas,11,97,77,0.7938144329896907,19,12.94822666401694,45.17004520478548,35.13351659309183,35.63242117863613,39.8692,4.23677882136387
A2,Anas_G39213VZ,Anas,12,97,77,0.7938144329896907,18,9.933936604095644,45.98682339080279,36.71030443386989,37.217671036263965,39.8692,2.651528963736034
A2,Anas_G39213VZ,Anas,13,97,77,0.7938144329896907,18,10.380842344613876,46.18068413747204,35.6982576333884,37.58548539720662,39.8692,2.283714602793381
A2,Anas_G39213VZ,Anas,14,97,77,0.7938144329896907,17,9.934209663218796,46.06524080742876,36.68291722627782,37.4175909696063,39.8692,2.4516090303936977
A2,Anas_G39213VZ,Anas,15,97,77,0.7938144329896907,18,10.077067788304264,46.25169637141455,35.83248590528091,37.775401838152,39.8692,2.0937981618479995
A2,Anas_G39213VZ,Anas,16,97,77,0.7938144329896907,18,10.68461690092349,46.10967190352953,35.57429754819562,37.583544223640665,39.8692,2.2856557763593344
A2,Anas_G39213VZ,Anas,17,97,77,0.7938144329896907,17,9.934209663218796,46.06380383478903,36.44668537803168,37.427594462003256,39.8692,2.441605537996743
A2,Anas_G39213VZ,Anas,18,97,77,0.7938144329896907,17,9.934209663218796,46.06380383478903,36.44668537803168,37.427594462003256,39.8692,2.441605537996743
A2,Anas_G39213VZ,Anas,19,97,77,0.7938144329896907,18,9.933936604095644,45.91581115686028,36.53629782656258,37.32166216235063,39.8692,2.547537837649372
A2,Anas_G39213VZ,Anas,20,97,77,0.7938144329896907,18,10.9883914572331,45.89066699165828,35.51692852311008,37.36973845076946,39.8692,2.4994615492305385
A2,Anas_G39213VZ,Anas,21,97,77,0.7938144329896907,18,10.380842344613876,46.18068413747204,35.6982576333884,37.58548539720662,39.8692,2.283714602793381
A2,Anas_G39213VZ,Anas,22,97,77,0.7938144329896907,18,10.9883914572331,45.89066699165828,35.51692852311008,37.36973845076946,39.8692,2.4994615492305385
A2,Anas_G39213VZ,Anas,23,97,77,0.7938144329896907,18,10.68461690092349,46.04009664222676,35.59496723554681,37.57159955767775,39.8692,2.297600442322249
A2,Anas_G39213VZ,Anas,24,97,77,0.7938144329896907,18,10.68461690092349,46.04009664222676,35.59496723554681,37.67753185733038,39.8692,2.19166814266962
A2,Anas_G39213VZ,Anas,25,97,77,0.7938144329896907,18,10.9883914572331,45.89066699165828,35.51692852311008,37.36973845076946,39.8692,2.4994615492305385
A2,Anas_G39213VZ,Anas,26,97,77,0.7938144329896907,18,10.9883914572331,45.89066699165828,35.51692852311008,37.36973845076946,39.8692,2.4994615492305385
A2,Anas_G39213VZ,Anas,27,97,77,0.7938144329896907,18,10.9883914572331,45.89066699165828,35.51692852311008,37.36973845076946,39.8692,2.4994615492305385
A2,Anas_G39213VZ,Anas,28,97,77,0.7938144329896907,18,10.68461690092349,46.10967190352953,35.57429754819562,37.583544223640665,39.8692,2.2856557763593344
A2,Anas_G39213VZ,Anas,29,97,77,0.7938144329896907,18,10.380842344613878,45.78859705434219,35.89722053361807,37.14981153263321,39.8692,2.719388467366791
A2,Anas_G39213VZ,Anas,30,97,77,0.7938144329896907,18,10.9883914572331,45.89066699165828,35.51692852311008,37.36973845076946,39.8692,2.4994615492305385
A2,Anas_G39213VZ,Anas,31,97,77,0.7938144329896907,18,10.077067788304264,46.25169637141455,35.83248590528091,37.681414204462286,39.8692,2.187785795537714
A2,Anas_G39213VZ,Anas,32,97,77,0.7938144329896907,18,10.077067788304264,46.25169637141455,35.83248590528091,37.6933588704252,39.8692,2.175841129574799
A2,Anas_G39213VZ,Anas,33,97,77,0.7938144329896907,18,10.9883914572331,45.89066699165828,35.51692852311008,37.36973845076946,39.8692,2.4994615492305385
A2,Anas_G39213VZ,Anas,34,97,77,0.7938144329896907,19,10.220950849966458,45.63319919372999,35.97085681034892,36.73996817355158,39.8692,3.129231826448418
A2,Anas_G39213VZ,Anas,35,97,77,0.7938144329896907,18,9.933936604095644,45.91581115686028,36.53629782656258,37.32166216235063,39.8692,2.547537837649372
A2,Anas_G39213VZ,Anas,36,97,77,0.7938144329896907,17,9.934209663218796,46.06380383478903,36.44668537803168,37.32166216235063,39.8692,2.547537837649372
A2,Anas_G39213VZ,Anas,37,97,77,0.7938144329896907,18,10.9883914572331,45.89066699165828,35.51692852311008,37.36973845076946,39.8692,2.4994615492305385
A2,Anas_G39213VZ,Anas,38,97,77,0.7938144329896907,18,10.68461690092349,46.10967190352953,35.57429754819562,37.583544223640665,39.8692,2.2856557763593344
A2,Anas_G39213VZ,Anas,39,97,77,0.7938144329896907,18,10.380842344613878,45.78859705434219,35.89722053361807,37.14981153263321,39.8692,2.719388467366791
A2,Anas_G39213VZ,Anas,40,97,77,0.7938144329896907,18,10.68461690092349,46.10967190352953,35.57429754819562,37.583544223640665,39.8692,2.2856557763593344
A2,Anas_G39213VZ,Anas,41,97,77,0.7938144329896907,18,9.77329323199465,46.392283866659824,35.91306164247398,37.96531827909738,39.8692,1.9038817209026175
A2,Anas_G39213VZ,Anas,42,97,77,0.7938144329896907,18,10.68461690092349,46.10967190352953,35.57429754819562,37.48955658995095,39.8692,2.3796434100490487
A2,Anas_G39213VZ,Anas,43,97,77,0.7938144329896907,18,10.68461690092349,46.10967190352953,35.57429754819562,37.583544223640665,39.8692,2.2856557763593344
A2,Anas_G39213VZ,Anas,44,97,77,0.7938144329896907,18,10.077067788304264,46.25169637141455,35.83248590528091,37.681414204462286,39.8692,2.187785795537714
A2,Anas_G39213VZ,Anas,45,97,77,0.7938144329896907,18,10.9883914572331,45.89066699165828,35.51692852311008,37.36973845076946,39.8692,2.4994615492305385
A2,Anas_G39213VZ,Anas,46,97,77,0.7938144329896907,17,9.934209663218796,46.06524080742876,36.68291722627782,37.4175909696063,39.8692,2.4516090303936977
A2,Anas_G39213VZ,Anas,47,97,77,0.7938144329896907,17,9.934209663218796,46.06380383478903,36.44668537803168,37.32166216235063,39.8692,2.547537837649372
A2,Anas_G39213VZ,Anas,48,97,77,0.7938144329896907,18,10.68461690092349,46.04009664222676,35.59496723554681,37.57159955767775,39.8692,2.297600442322249
A2,Anas_G39213VZ,Anas,49,97,77,0.7938144329896907,17,9.934209663218796,46.06380383478903,36.44668537803168,37.427594462003256,39.8692,2.441605537996743
A2,Anas_G39213VZ,Anas,50,97,77,0.7938144329896907,18,10.9883914572331,45.89066699165828,35.51692852311008,37.36973845076946,39.8692,2.4994615492305385
A3,Anas_G59471TH,Anas,1,95,75,0.7894736842105263,18,9.996714381873424,45.65567778692526,36.26677909761388,37.02995946224687,40.38106382978724,3.3511043675403727
A3,Anas_G59471TH,Anas,2,95,75,0.7894736842105263,18,10.700058123899767,45.76512165963788,35.555492344570375,37.49617523923157,40.38106382978724,2.8848885905556685
A3,Anas_G59471TH,Anas,3,95,75,0.7894736842105263,18,9.661262099640112,46.10684316454434,36.87510114993003,37.15815814806256,40.38106382978724,3.222905681724676
A3,Anas_G59471TH,Anas,4,95,75,0.7894736842105263,19,9.80885159300581,46.0643478879168,35.865356390585895,37.80680563924257,40.38106382978724,2.5742581905446684
A3,Anas_G59471TH,Anas,5,95,75,0.7894736842105263,17,9.934209663218796,46.11444581876604,36.67163399505093,37.375715152919646,40.38106382978724,3.005348676867591
A3,Anas_G59471TH,Anas,6,95,75,0.7894736842105263,18,9.78873445497093,46.13577848952097,35.88032560994426,37.90421100506646,40.38106382978724,2.47685282472078
A3,Anas_G59471TH,Anas,7,95,75,0.7894736842105263,18,9.661262099640112,46.10684316454434,36.87510114993003,37.15815814806256,40.38106382978724,3.222905681724676
A3,Anas_G59471TH,Anas,8,95,75,0.7894736842105263,18,10.396283567590157,45.98996670249236,35.61510033415761,37.70537675002743,40.38106382978724,2.675687079759804
A3,Anas_G59471TH,Anas,9,95,75,0.7894736842105263,18,10.700058123899767,45.774199605769695,35.58437684207811,37.41114889086016,40.38106382978724,2.969914938927083
A3,Anas_G59471TH,Anas,10,95,75,0.7894736842105263,17,9.934209663218796,46.04153992525173,36.493039620810286,37.37370339122402,40.38106382978724,3.007360438563218
A3,Anas_G59471TH,Anas,11,95,75,0.7894736842105263,18,9.996714381873424,45.65567778692526,36.26677909761388,37.02995946224687,40.38106382978724,3.3511043675403727
A3,Anas_G59471TH,Anas,12,95,75,0.7894736842105263,18,10.700058123899767,45.76512165963788,35.555492344570375,37.49617523923157,40.38106382978724,2.8848885905556685
A3,Anas_G59471TH,Anas,13,95,75,0.7894736842105263,17,9.934209663218796,46.11444581876604,36.67163399505093,37.375715152919646,40.38106382978724,3.005348676867591
A3,Anas_G59471TH,Anas,14,95,75,0.7894736842105263,18,9.996714381873424,45.953428723294046,36.71466075488933,36.75414590561893,40.38106382978724,3.626917924168304
A3,Anas_G59471TH,Anas,15,95,75,0.7894736842105263,18,9.78873445497093,46.13577848952097,35.88032560994426,37.90421100506646,40.38106382978724,2.47685282472078
A3,Anas_G59471TH,Anas,16,95,75,0.7894736842105263,18,10.092509011280542,46.06287259600666,35.74245709118209,37.80479387754694,40.38106382978724,2.5762699522402954
A3,Anas_G59471TH,Anas,17,95,75,0.7894736842105263,18,9.996714381873424,45.72858368043956,36.42423102724891,37.12937658976637,40.38106382978724,3.251687240020864
A3,Anas_G59471TH,Anas,18,95,75,0.7894736842105263,18,11.307607236518995,45.62838781874108,35.38310018394856,37.4071253674689,40.38106382978724,2.973938462318337
A3,Anas_G59471TH,Anas,19,95,75,0.7894736842105263,18,10.396283567590157,45.918536100888176,35.636054950183144,37.70537675002743,40.38106382978724,2.675687079759804
A3,Anas_G59471TH,Anas,20,95,75,0.7894736842105263,18,9.661262099640112,45.736186334661255,36.23905050526462,37.2371492113471,40.38106382978724,3.143914618440135
A3,Anas_G59471TH,Anas,21,95,75,0.7894736842105263,18,9.996714381873424,45.953428723294046,36.71466075488933,37.14376736891447,40.38106382978724,3.23729646087277
A3,Anas_G59471TH,Anas,22,95,75,0.7894736842105263,18,9.78873445497093,46.13577848952097,35.88032560994426,37.90421100506646,40.38106382978724,2.47685282472078
A3,Anas_G59471TH,Anas,23,95,75,0.7894736842105263,17,9.934209663218796,46.11444581876604,36.67163399505093,37.375715152919646,40.38106382978724,3.005348676867591
A3,Anas_G59471TH,Anas,24,95,75,0.7894736842105263,19,9.80885159300581,46.0643478879168,35.865356390585895,37.80680563924257,40.38106382978724,2.5742581905446684
A3,Anas_G59471TH,Anas,25,95,75,0.7894736842105263,18,11.003832680209385,45.84415491546375,35.39236665129367,37.421516146617,40.38106382978724,2.959547683170236
A3,Anas_G59471TH,Anas,26,95,75,0.7894736842105263,19,10.401168407842018,45.53267396256171,35.58687030330554,36.03346797807742,40.38106382978724,4.347595851709819
A3,Anas_G59471TH,Anas,27,95,75,0.7894736842105263,18,10.700058123899767,45.76512165963788,35.555492344570375,37.49617523923157,40.38106382978724,2.8848885905556685
A3,Anas_G59471TH,Anas,28,95,75,0.7894736842105263,18,10.396283567590157,45.98996670249236,35.61510033415761,37.70537675002743,40.38106382978724,2.675687079759804
A3,Anas_G59471TH,Anas,29,95,75,0.7894736842105263,17,9.934209663218796,46.04153992525173,36.493039620810286,37.37370339122402,40.38106382978724,3.007360438563218
A3,Anas_G59471TH,Anas,30,95,75,0.7894736842105263,18,10.700058123899767,45.774199605769695,35.58437684207811,37.41114889086016,40.38106382978724,2.969914938927083
A3,Anas_G59471TH,Anas,31,95,75,0.7894736842105263,18,9.78873445497093,46.13577848952097,35.88032560994426,37.90421100506646,40.38106382978724,2.47685282472078
A3,Anas_G59471TH,Anas,32,95,75,0.7894736842105263,18,10.092509011280542,46.06287259600666,35.74245709118209,37.80479387754694,40.38106382978724,2.5762699522402954
A3,Anas_G59471TH,Anas,33,95,75,0.7894736842105263,18,9.78873445497093,46.13577848952097,35.88032560994426,37.90421100506646,40.38106382978724,2.47685282472078
A3,Anas_G59471TH,Anas,34,95,75,0.7894736842105263,18,10.700058123899767,45.76512165963788,35.555492344570375,37.49617523923157,40.38106382978724,2.8848885905556685
A3,Anas_G59471TH,Anas,35,95,75,0.7894736842105263,18,10.396283567590157,45.918536100888176,35.636054950183144,37.70537675002743,40.38106382978724,2.675687079759804
A3,Anas_G59471TH,Anas,36,95,75,0.7894736842105263,18,10.396283567590157,45.918536100888176,35.636054950183144,37.70537675002743,40.38106382978724,2.675687079759804
A3,Anas_G59471TH,Anas,37,95,75,0.7894736842105263,18,10.700058123899767,45.774199605769695,35.58437684207811,37.41114889086016,40.38106382978724,2.969914938927083
A3,Anas_G59471TH,Anas,38,95,75,0.7894736842105263,18,9.996714381873424,45.953428723294046,36.71466075488933,37.03398298563811,40.38106382978724,3.3470808441491258
A3,Anas_G59471TH,Anas,39,95,75,0.7894736842105263,17,9.934209663218796,46.04153992525173,36.493039620810286,37.37370339122402,40.38106382978724,3.007360438563218
A3,Anas_G59471TH,Anas,40,95,75,0.7894736842105263,18,10.700058123899767,45.76512165963788,35.555492344570375,37.49617523923157,40.38106382978724,2.8848885905556685
A3,Anas_G59471TH,Anas,41,95,75,0.7894736842105263,18,10.396283567590157,45.98996670249236,35.61510033415761,37.70537675002743,40.38106382978724,2.675687079759804
A3,Anas_G59471TH,Anas,42,95,75,0.7894736842105263,17,9.934209663218796,46.19495436650204,36.66972693730562,37.46074150129106,40.38106382978724,2.920322328496177
A3,Anas_G59471TH,Anas,43,95,75,0.7894736842105263,18,10.092509011280542,46.06287259600666,35.74245709118209,37.80479387754694,40.38106382978724,2.5762699522402954
A3,Anas_G59471TH,Anas,44,95,75,0.7894736842105263,18,9.94736246401962,45.97623668595911,36.003768343523326,36.55128812718866,40.38106382978724,3.829775702598575
A3,Anas_G59471TH,Anas,45,95,75,0.7894736842105263,18,9.996714381873424,45.953428723294046,36.71466075488933,37.14376736891447,40.38106382978724,3.23729646087277
A3,Anas_G59471TH,Anas,46,95,75,0.7894736842105263,18,9.78873445497093,46.13577848952097,35.88032560994426,37.90421100506646,40.38106382978724,2.47685282472078
A3,Anas_G59471TH,Anas,47,95,75,0.7894736842105263,18,10.427961293513857,45.67848574959032,35.81361816359139,36.85387148041716,40.38106382978724,3.5271923493700754
A3,Anas_G59471TH,Anas,48,95,75,0.7894736842105263,18,10.396283567590157,45.686088403812,35.74460006685878,36.24266948887328,40.38106382978724,4.138394340913955
A3,Anas_G59471TH,Anas,49,95,75,0.7894736842105263,19,9.80885159300581,46.0643478879168,35.865356390585895,37.80680563924257,40.38106382978724,2.5742581905446684
A3,Anas_G59471TH,Anas,50,95,75,0.7894736842105263,18,10.700058123899767,45.76512165963788,35.555492344570375,37.49617523923157,40.38106382978724,2.8848885905556685
C1,Columba_G18938DW,Columba,1,110,83,0.7545454545454545,23,10.031438743978004,49.473935099551255,40.608237994764075,34.75741817887903,39.02727272727273,4.2698545483937025
C1,Columba_G18938DW,Columba,2,110,83,0.7545454545454545,23,10.031438743978004,49.473935099551255,40.608237994764075,34.75741817887903,39.02727272727273,4.2698545483937025
C1,Columba_G18938DW,Columba,3,110,83,0.7545454545454545,23,9.938174137816835,50.09242763686111,41.42698980006553,35.66579481343616,39.02727272727273,3.3614779138365734
C1,Columba_G18938DW,Columba,4,110,83,0.7545454545454545,23,10.031438743978004,49.473935099551255,40.608237994764075,34.75741817887903,39.02727272727273,4.2698545483937025
C1,Columba_G18938DW,Columba,5,110,83,0.7545454545454545,24,10.043158166299186,49.73211799691576,41.17065938795183,34.72934887525411,39.02727272727273,4.29792385201862
C1,Columba_G18938DW,Columba,6,110,83,0.7545454545454545,23,10.031438743978004,49.473935099551255,40.608237994764075,34.75741817887903,39.02727272727273,4.2698545483937025
C1,Columba_G18938DW,Columba,7,110,83,0.7545454545454545,23,10.031438743978004,49.473935099551255,40.608237994764075,34.75741817887903,39.02727272727273,4.2698545483937025
C1,Columba_G18938DW,Columba,8,110,82,0.7454545454545455,24,10.01478958463727,50.27327437345969,40.97923843662486,34.417673121561286,39.02727272727273,4.609599605711445
C1,Columba_G18938DW,Columba,9,110,83,0.7545454545454545,25,10.162452794732038,49.34484365086899,40.66605273788672,35.16308156626157,39.02727272727273,3.8641911610111634
C1,Columba_G18938DW,Columba,10,110,83,0.7545454545454545,24,10.02666480486784,49.405955576589236,40.711854158047814,35.44392672173395,39.02727272727273,3.583346005538779
C1,Columba_G18938DW,Columba,11,110,83,0.7545454545454545,23,9.791067198150234,49.94693026143462,41.2461356362871,34.84222574814099,39.02727272727273,4.185046979131741
C1,Columba_G18938DW,Columba,12,110,83,0.7545454545454545,23,10.20070201086899,50.01967894914787,41.490725429600296,35.65385014747324,39.02727272727273,3.373422579799488
C1,Columba_G18938DW,Columba,13,110,83,0.7545454545454545,24,9.775075593192858,49.88238453709349,41.29381110422605,35.25401028078858,39.02727272727273,3.7732624464841535
C1,Columba_G18938DW,Columba,14,110,83,0.7545454545454545,25,9.83810217727812,49.34961281562023,40.647092604983015,35.45587138769687,39.02727272727273,3.571401339575864
C1,Columba_G18938DW,Columba,15,110,83,0.7545454545454545,23,9.938174137816835,50.09242763686111,41.42698980006553,35.66579481343616,39.02727272727273,3.3614779138365734
C1,Columba_G18938DW,Columba,16,110,83,0.7545454545454545,24,10.02666480486784,49.405955576589236,40.711854158047814,35.44392672173395,39.02727272727273,3.583346005538779
C1,Columba_G18938DW,Columba,17,110,83,0.7545454545454545,23,9.938174137816835,50.09242763686111,41.42698980006553,35.66579481343616,39.02727272727273,3.3614779138365734
C1,Columba_G18938DW,Columba,18,110,83,0.7545454545454545,24,10.043158166299186,49.73211799691576,41.17065938795183,34.72934887525411,39.02727272727273,4.29792385201862
C1,Columba_G18938DW,Columba,19,110,83,0.7545454545454545,25,9.83810217727812,49.34961281562023,40.647092604983015,35.45587138769687,39.02727272727273,3.571401339575864
C1,Columba_G18938DW,Columba,20,110,82,0.7454545454545455,25,10.172638446480166,49.9514373621522,40.46562324798892,34.770186272811145,39.02727272727273,4.257086454461586
C1,Columba_G18938DW,Columba,21,110,83,0.7545454545454545,23,10.350543872459093,49.65460014445129,41.03608451580478,35.004367203089,39.02727272727273,4.022905524183734
C1,Columba_G18938DW,Columba,22,110,83,0.7545454545454545,24,10.02666480486784,49.405955576589236,40.711854158047814,35.44392672173395,39.02727272727273,3.583346005538779
C1,Columba_G18938DW,Columba,23,110,83,0.7545454545454545,23,10.031438743978004,49.473935099551255,40.608237994764075,34.75741817887903,39.02727272727273,4.2698545483937025
C1,Columba_G18938DW,Columba,24,110,82,0.7454545454545455,24,10.34677150362472,49.94313436264138,40.533481906098565,34.558321673505894,39.02727272727273,4.468951053766837
C1,Columba_G18938DW,Columba,25,110,82,0.7454545454545455,24,10.01478958463727,50.27327437345969,40.97923843662486,34.81945416181191,39.02727272727273,4.207818565460819
C1,Columba_G18938DW,Columba,26,110,83,0.7545454545454545,24,10.02666480486784,49.405955576589236,40.711854158047814,35.44392672173395,39.02727272727273,3.583346005538779
C1,Columba_G18938DW,Columba,27,110,83,0.7545454545454545,23,9.791067198150234,49.94693026143462,41.2461356362871,35.04214568148332,39.02727272727273,3.9851270457894117
C1,Columba_G18938DW,Columba,28,110,83,0.7545454545454545,24,10.02666480486784,49.405955576589236,40.711854158047814,35.44392672173395,39.02727272727273,3.583346005538779
C1,Columba_G18938DW,Columba,29,110,82,0.7454545454545455,25,10.172638446480166,49.9514373621522,40.46562324798892,34.972047379719434,39.02727272727273,4.0552253475532964
C1,Columba_G18938DW,Columba,30,110,83,0.7545454545454545,23,10.20070201086899,50.01967894914787,41.490725429600296,35.65385014747324,39.02727272727273,3.373422579799488
C1,Columba_G18938DW,Columba,31,110,83,0.7545454545454545,23,9.938174137816835,50.09242763686111,41.42698980006553,35.66579481343616,39.02727272727273,3.3614779138365734
C1,Columba_G18938DW,Columba,32,110,83,0.7545454545454545,24,10.02666480486784,50.003273022403626,41.77714583986472,35.43004088220509,39.02727272727273,3.5972318450676397
C1,Columba_G18938DW,Columba,33,110,83,0.7545454545454545,24,10.07631277529798,49.88105144199398,41.44058278903424,35.441985548168,39.02727272727273,3.585287179104732
C1,Columba_G18938DW,Columba,34,110,83,0.7545454545454545,23,9.938174137816835,50.09242763686111,41.42698980006553,35.66579481343616,39.02727272727273,3.3614779138365734
C1,Columba_G18938DW,Columba,35,110,82,0.7454545454545455,24,10.01478958463727,50.27327437345969,40.97923843662486,34.81945416181191,39.02727272727273,4.207818565460819
C1,Columba_G18938DW,Columba,36,110,82,0.7454545454545455,23,10.387619452513915,50.147435964114884,40.572413742999444,35.349939088044245,39.02727272727273,3.677333639228486
C1,Columba_G18938DW,Columba,37,110,83,0.7545454545454545,23,9.938174137816835,50.09242763686111,41.42698980006553,35.66579481343616,39.02727272727273,3.3614779138365734
C1,Columba_G18938DW,Columba,38,110,83,0.7545454545454545,25,10.162452794732038,49.34484365086899,40.66605273788672,35.16308156626157,39.02727272727273,3.8641911610111634
C1,Columba_G18938DW,Columba,39,110,83,0.7545454545454545,23,10.20070201086899,50.01967894914787,41.490725429600296,35.65385014747324,39.02727272727273,3.373422579799488
C1,Columba_G18938DW,Columba,40,110,83,0.7545454545454545,24,10.02666480486784,49.405955576589236,40.711854158047814,35.44392672173395,39.02727272727273,3.583346005538779
C1,Columba_G18938DW,Columba,41,110,83,0.7545454545454545,24,10.043158166299186,49.73211799691576,41.17065938795183,34.72934887525411,39.02727272727273,4.29792385201862
C1,Columba_G18938DW,Columba,42,110,83,0.7545454545454545,23,10.20070201086899,49.946930261434616,41.48490365346005,35.347997914478285,39.02727272727273,3.6792748127944463
C1,Columba_G18938DW,Columba,43,110,83,0.7545454545454545,23,9.791067198150234,49.94693026143462,41.2461356362871,35.04214568148332,39.02727272727273,3.9851270457894117
C1,Columba_G18938DW,Columba,44,110,83,0.7545454545454545,23,10.20070201086899,49.946930261434616,41.48490365346005,35.73589311520005,39.02727272727273,3.2913796120726815
C1,Columba_G18938DW,Columba,45,110,83,0.7545454545454545,24,9.775075593192858,49.80963584938025,41.15419689902074,35.242065614825655,39.02727272727273,3.7852071124470754
C1,Columba_G18938DW,Columba,46,110,83,0.7545454545454545,23,10.20070201086899,49.946930261434616,41.48490365346005,35.73589311520005,39.02727272727273,3.2913796120726815
C1,Columba_G18938DW,Columba,47,110,83,0.7545454545454545,23,9.791067198150234,49.94693026143462,41.2461356362871,34.84222574814099,39.02727272727273,4.185046979131741
C1,Columba_G18938DW,Columba,48,110,83,0.7545454545454545,23,10.031438743978004,49.473935099551255,40.608237994764075,34.75741817887903,39.02727272727273,4.2698545483937025
C1,Columba_G18938DW,Columba,49,110,83,0.7545454545454545,23,9.938174137816835,50.09242763686111,41.42698980006553,35.66579481343616,39.02727272727273,3.3614779138365734
C1,Columba_G18938DW,Columba,50,110,83,0.7545454545454545,23,10.20070201086899,49.946930261434616,41.48490365346005,35.73589311520005,39.02727272727273,3.2913796120726815
C10,Columba_Hex11_GS00635,Columba,1,109,82,0.7522935779816514,24,9.646420926758488,49.019284678516,41.04546497071414,36.45671598165095,40.697916666666664,4.241200685015713
C10,Columba_Hex11_GS00635,Columba,2,109,82,0.7522935779816514,23,10.067583821264108,49.413724662290086,41.16333487293547,36.96643784465032,40.697916666666664,3.731478822016342
C10,Columba_Hex11_GS00635,Columba,3,109,82,0.7522935779816514,23,10.330111694316264,49.39711866326848,41.481064038806984,36.76483823896315,40.697916666666664,3.9330784277035136
C10,Columba_Hex11_GS00635,Columba,4,109,82,0.7522935779816514,23,10.330111694316264,49.24984692960507,41.33357678523777,37.1086026374531,40.697916666666664,3.5893140292135612
C10,Columba_Hex11_GS00635,Columba,5,109,82,0.7522935779816514,24,10.09286218678462,49.1143538696663,40.75641056028919,36.57516638505583,40.697916666666664,4.122750281610834
C10,Columba_Hex11_GS00635,Columba,6,109,82,0.7522935779816514,23,9.834657946467864,49.47075453010018,41.100155138941346,37.12911157231397,40.697916666666664,3.5688050943526974
C10,Columba_Hex11_GS00635,Columba,7,109,82,0.7522935779816514,23,10.067583821264108,49.479057529610984,41.289881995980004,36.96462396115427,40.697916666666664,3.7332927055123974
C10,Columba_Hex11_GS00635,Columba,8,109,82,0.7522935779816514,23,10.330111694316264,49.18451406228417,41.207879898712434,35.09714489442776,40.697916666666664,5.600771772238907
C10,Columba_Hex11_GS00635,Columba,9,109,82,0.7522935779816514,23,10.067583821264108,49.187989736498,41.027290625684806,36.75081540539398,40.697916666666664,3.9471012612726852
C10,Columba_Hex11_GS00635,Columba,10,109,82,0.7522935779816514,24,9.841272975109637,49.34008879545838,40.873237971374905,36.95346255197581,40.697916666666664,3.7444541146908534
C10,Columba_Hex11_GS00635,Columba,11,109,82,0.7522935779816514,23,10.330111694316264,49.32348279643678,41.48478291922254,36.56686640026808,40.697916666666664,4.1310502663985815
C10,Columba_Hex11_GS00635,Columba,12,109,82,0.7522935779816514,23,10.330111694316264,49.39711866326848,41.481064038806984,36.76483823896315,40.697916666666664,3.9330784277035136
C10,Columba_Hex11_GS00635,Columba,13,109,82,0.7522935779816514,23,10.067583821264108,49.3269584706506,41.28736447304332,36.849801324741506,40.697916666666664,3.8481153419251584
C10,Columba_Hex11_GS00635,Columba,14,109,82,0.7522935779816514,23,10.330111694316264,49.388815663757676,41.62731378026236,36.91997832444044,40.697916666666664,3.7779383422262214
C10,Columba_Hex11_GS00635,Columba,15,109,82,0.7522935779816514,24,10.064493605122705,49.20112006130579,40.913648449148866,36.76846600595526,40.697916666666664,3.929450660711403
C10,Columba_Hex11_GS00635,Columba,16,109,82,0.7522935779816514,23,10.330111694316264,49.39711866326848,41.481064038806984,36.76483823896315,40.697916666666664,3.9330784277035136
C10,Columba_Hex11_GS00635,Columba,17,109,82,0.7522935779816514,23,10.330111694316264,49.388815663757676,41.62731378026236,36.6435295012587,40.697916666666664,4.054387165407967
C10,Columba_Hex11_GS00635,Columba,18,109,82,0.7522935779816514,24,9.646420926758488,49.019284678516,41.04546497071414,36.45671598165095,40.697916666666664,4.241200685015713
C10,Columba_Hex11_GS00635,Columba,19,109,82,0.7522935779816514,23,9.834657946467864,49.38398833846069,41.22341583378181,36.92465054223607,40.697916666666664,3.7732661244305916
C10,Columba_Hex11_GS00635,Columba,20,109,82,0.7522935779816514,23,9.834657946467864,49.38398833846069,41.22341583378181,36.92465054223607,40.697916666666664,3.7732661244305916
C10,Columba_Hex11_GS00635,Columba,21,109,82,0.7522935779816514,23,10.330111694316264,49.47075453010018,41.487932423192795,36.95346255197581,40.697916666666664,3.7444541146908534
C10,Columba_Hex11_GS00635,Columba,22,109,82,0.7522935779816514,23,10.330111694316264,49.32348279643678,41.48478291922254,36.654690910437154,40.697916666666664,4.043225756229511
C10,Columba_Hex11_GS00635,Columba,23,109,82,0.7522935779816514,23,9.834657946467864,49.60972326425277,41.376817707532865,37.2280974916615,40.697916666666664,3.4698191750051635
C10,Columba_Hex11_GS00635,Columba,24,109,82,0.7522935779816514,23,10.330111694316264,49.388815663757676,41.62731378026236,36.6435295012587,40.697916666666664,4.054387165407967
C10,Columba_Hex11_GS00635,Columba,25,109,82,0.7522935779816514,23,10.330111694316264,49.24984692960507,41.33357678523777,37.1086026374531,40.697916666666664,3.5893140292135612
C10,Columba_Hex11_GS00635,Columba,26,109,82,0.7522935779816514,23,10.067583821264108,49.187989736498,41.027290625684806,36.75081540539398,40.697916666666664,3.9471012612726852
C10,Columba_Hex11_GS00635,Columba,27,109,82,0.7522935779816514,24,10.064493605122705,49.20112006130579,40.913648449148866,36.76846600595526,40.697916666666664,3.929450660711403
C10,Columba_Hex11_GS00635,Columba,28,109,82,0.7522935779816514,24,10.09286218678462,49.040718002834595,40.91915959580919,36.47255269871618,40.697916666666664,4.225363967950486
C10,Columba_Hex11_GS00635,Columba,29,109,82,0.7522935779816514,23,10.330111694316264,49.39711866326848,41.481064038806984,36.76483823896315,40.697916666666664,3.9330784277035136
C10,Columba_Hex11_GS00635,Columba,30,109,82,0.7522935779816514,23,10.330111694316264,49.32348279643678,41.48478291922254,36.56686640026808,40.697916666666664,4.1310502663985815
C10,Columba_Hex11_GS00635,Columba,31,109,82,0.7522935779816514,23,10.067583821264108,49.187989736498,41.027290625684806,36.75081540539398,40.697916666666664,3.9471012612726852
C10,Columba_Hex11_GS00635,Columba,32,109,82,0.7522935779816514,23,10.067583821264108,49.187989736498,41.027290625684806,36.75081540539398,40.697916666666664,3.9471012612726852
C10,Columba_Hex11_GS00635,Columba,33,109,82,0.7522935779816514,23,10.067583821264108,49.187989736498,41.027290625684806,36.662990895224894,40.697916666666664,4.03492577144177
C10,Columba_Hex11_GS00635,Columba,34,109,82,0.7522935779816514,23,10.330111694316264,49.388815663757676,41.62731378026236,36.91997832444044,40.697916666666664,3.7779383422262214
C10,Columba_Hex11_GS00635,Columba,35,109,82,0.7522935779816514,24,10.064493605122705,49.20112006130579,40.913648449148866,36.76846600595526,40.697916666666664,3.929450660711403
C10,Columba_Hex11_GS00635,Columba,36,109,82,0.7522935779816514,24,11.014113288498804,48.84954672616888,40.690980228430654,36.65831867742927,40.697916666666664,4.039597989237393
C10,Columba_Hex11_GS00635,Columba,37,109,82,0.7522935779816514,24,9.89801013843347,49.17138373747639,40.84361003932846,36.5492157997068,40.697916666666664,4.148700866959864
C10,Columba_Hex11_GS00635,Columba,38,109,82,0.7522935779816514,23,10.330111694316264,49.45414853107857,41.777634799032214,36.81917852159684,40.697916666666664,3.878738145069825
C10,Columba_Hex11_GS00635,Columba,39,109,82,0.7522935779816514,23,10.330111694316264,49.18451406228417,41.207879898712434,35.09714489442776,40.697916666666664,5.600771772238907
C10,Columba_Hex11_GS00635,Columba,40,109,82,0.7522935779816514,24,11.014113288498804,48.84954672616888,40.690980228430654,36.65831867742927,40.697916666666664,4.039597989237393
C10,Columba_Hex11_GS00635,Columba,41,109,82,0.7522935779816514,23,10.330111694316264,49.388815663757676,41.62731378026236,36.6435295012587,40.697916666666664,4.054387165407967
C10,Columba_Hex11_GS00635,Columba,42,109,82,0.7522935779816514,24,10.09286218678462,49.040718002834595,40.91915959580919,36.47255269871618,40.697916666666664,4.225363967950486
C10,Columba_Hex11_GS00635,Columba,43,109,82,0.7522935779816514,23,10.330111694316264,49.040718002834595,41.10558374216452,34.50971547963425,40.697916666666664,6.188201187032412
C10,Columba_Hex11_GS00635,Columba,44,109,82,0.7522935779816514,24,10.316082816797687,49.05384832764238,40.98064655327294,36.47722800660296,40.697916666666664,4.220688660063708
C10,Columba_Hex11_GS00635,Columba,45,109,82,0.7522935779816514,24,10.316082816797687,49.05384832764238,40.98064655327294,36.47722800660296,40.697916666666664,4.220688660063708
C10,Columba_Hex11_GS00635,Columba,46,109,82,0.7522935779816514,23,10.067583821264108,49.413724662290086,41.16333487293547,36.96643784465032,40.697916666666664,3.731478822016342
C10,Columba_Hex11_GS00635,Columba,47,109,82,0.7522935779816514,23,10.067583821264108,49.3269584706506,41.28736447304332,36.849801324741506,40.697916666666664,3.8481153419251584
C10,Columba_Hex11_GS00635,Columba,48,109,82,0.7522935779816514,23,10.330111694316264,49.32348279643678,41.48478291922254,36.654690910437154,40.697916666666664,4.043225756229511
C10,Columba_Hex11_GS00635,Columba,49,109,82,0.7522935779816514,23,10.067583821264108,49.17968673698719,41.160031799799725,36.47436658221223,40.697916666666664,4.223550084454438
C10,Columba_Hex11_GS00635,Columba,50,109,82,0.7522935779816514,23,9.834657946467864,49.47075453010018,41.100155138941346,37.12911157231397,40.697916666666664,3.5688050943526974
C11,Columba_NeuAc1_GS00061,Columba,1,102,76,0.7450980392156863,21,9.683137144345903,47.504876532092084,41.0576830018946,32.98443997203121,37.14833333333333,4.163893361302122
C11,Columba_NeuAc1_GS00061,Columba,2,102,76,0.7450980392156863,22,10.643815535820108,47.14346440628348,40.82196581954206,32.630975193785616,37.14833333333333,4.517358139547717
C11,Columba_NeuAc1_GS00061,Columba,3,102,76,0.7450980392156863,22,9.896958901279838,48.13929305949764,42.41246449227553,32.54338444901088,37.14833333333333,4.604948884322454
C11,Columba_NeuAc1_GS00061,Columba,4,102,76,0.7450980392156863,21,9.683137144345903,47.58432575683155,41.14125795377661,32.258007408346536,37.14833333333333,4.890325924986797
C11,Columba_NeuAc1_GS00061,Columba,5,102,76,0.7450980392156863,21,9.683137144345903,47.58432575683155,41.14125795377661,32.15737172367655,37.14833333333333,4.990961609656786
C11,Columba_NeuAc1_GS00061,Columba,6,102,76,0.7450980392156863,22,9.882327748509798,47.36389508155751,40.93743730988044,32.45161957479708,37.14833333333333,4.696713758536255
C11,Columba_NeuAc1_GS00061,Columba,7,102,76,0.7450980392156863,22,10.156788706700688,47.284445856818046,40.88558374175629,32.352828005014736,37.14833333333333,4.7955053283185975
C11,Columba_NeuAc1_GS00061,Columba,8,102,76,0.7450980392156863,21,9.683137144345903,47.504876532092084,41.0576830018946,32.71657521601553,37.14833333333333,4.431758117317806
C11,Columba_NeuAc1_GS00061,Columba,9,102,76,0.7450980392156863,21,9.683137144345903,47.64585798262665,41.21376297885166,33.283441052836615,37.14833333333333,3.8648922804967185
C11,Columba_NeuAc1_GS00061,Columba,10,102,76,0.7450980392156863,22,9.638814333950089,47.4343858068248,40.9930589590003,32.54275194168996,37.14833333333333,4.605581391643376
C11,Columba_NeuAc1_GS00061,Columba,11,102,76,0.7450980392156863,21,9.683137144345903,47.51383503156427,41.066538572542555,32.25800740834654,37.14833333333333,4.89032592498679
C11,Columba_NeuAc1_GS00061,Columba,12,102,76,0.7450980392156863,21,9.683137144345903,47.51383503156427,41.066538572542555,32.25800740834654,37.14833333333333,4.89032592498679
C11,Columba_NeuAc1_GS00061,Columba,13,102,76,0.7450980392156863,21,9.683137144345903,47.65481648209884,41.22488281439445,32.92075570015274,37.14833333333333,4.227577633180594
C11,Columba_NeuAc1_GS00061,Columba,14,102,76,0.7450980392156863,22,10.156788706700688,47.284445856818046,40.88558374175629,32.42601559467032,37.14833333333333,4.7223177386630155
C11,Columba_NeuAc1_GS00061,Columba,15,102,76,0.7450980392156863,21,9.683137144345903,47.65481648209884,41.22488281439445,32.92075570015274,37.14833333333333,4.227577633180594
C11,Columba_NeuAc1_GS00061,Columba,16,102,76,0.7450980392156863,22,10.156788706700688,47.284445856818046,40.88558374175629,32.33672734266509,37.14833333333333,4.811605990668241
C11,Columba_NeuAc1_GS00061,Columba,17,102,76,0.7450980392156863,22,10.156788706700688,47.284445856818046,40.88558374175629,32.33672734266509,37.14833333333333,4.811605990668241
C11,Columba_NeuAc1_GS00061,Columba,18,102,76,0.7450980392156863,21,9.683137144345903,47.504876532092084,41.0576830018946,32.61593953134554,37.14833333333333,4.532393801987794
C11,Columba_NeuAc1_GS00061,Columba,19,102,76,0.7450980392156863,22,9.882327748509798,47.36389508155751,40.93743730988044,32.45161957479708,37.14833333333333,4.696713758536255
C11,Columba_NeuAc1_GS00061,Columba,20,102,76,0.7450980392156863,22,9.607866790318909,47.44334430629698,41.00077335847911,31.090236578302722,37.14833333333333,6.058096755030611
C11,Columba_NeuAc1_GS00061,Columba,21,102,76,0.7450980392156863,22,10.156788706700688,47.284445856818046,40.88558374175629,32.42601559467032,37.14833333333333,4.7223177386630155
C11,Columba_NeuAc1_GS00061,Columba,22,102,76,0.7450980392156863,21,9.683137144345903,47.504876532092084,41.0576830018946,32.705227783350765,37.14833333333333,4.443105549982569
C11,Columba_NeuAc1_GS00061,Columba,23,102,76,0.7450980392156863,21,9.683137144345903,47.65481648209884,41.22488281439445,32.92075570015274,37.14833333333333,4.227577633180594
C11,Columba_NeuAc1_GS00061,Columba,24,102,76,0.7450980392156863,22,9.607866790318909,47.44334430629698,41.00077335847911,32.069927586558975,37.14833333333333,5.078405746774358
C11,Columba_NeuAc1_GS00061,Columba,25,102,76,0.7450980392156863,21,9.683137144345903,47.58432575683155,41.14125795377661,32.15737172367655,37.14833333333333,4.990961609656786
C11,Columba_NeuAc1_GS00061,Columba,26,102,76,0.7450980392156863,21,9.683137144345903,47.64585798262665,41.21376297885166,33.283441052836615,37.14833333333333,3.8648922804967185
C11,Columba_NeuAc1_GS00061,Columba,27,102,76,0.7450980392156863,22,9.882327748509798,47.36389508155751,40.93743730988044,32.45161957479708,37.14833333333333,4.696713758536255
C11,Columba_NeuAc1_GS00061,Columba,28,102,76,0.7450980392156863,22,9.638814333950089,47.4343858068248,40.9930589590003,32.54275194168996,37.14833333333333,4.605581391643376
C11,Columba_NeuAc1_GS00061,Columba,29,102,76,0.7450980392156863,21,9.683137144345903,47.504876532092084,41.0576830018946,32.63204019369518,37.14833333333333,4.516293139638151
C11,Columba_NeuAc1_GS00061,Columba,30,102,76,0.7450980392156863,22,10.156788706700688,47.284445856818046,40.88558374175629,32.33672734266509,37.14833333333333,4.811605990668241
C11,Columba_NeuAc1_GS00061,Columba,31,102,76,0.7450980392156863,21,9.683137144345903,47.51383503156427,41.066538572542555,32.25800740834654,37.14833333333333,4.89032592498679
C11,Columba_NeuAc1_GS00061,Columba,32,102,76,0.7450980392156863,21,9.683137144345903,47.504876532092084,41.0576830018946,32.61593953134554,37.14833333333333,4.532393801987794
C11,Columba_NeuAc1_GS00061,Columba,33,102,76,0.7450980392156863,22,9.607866790318909,47.44334430629698,41.00077335847911,32.069927586558975,37.14833333333333,5.078405746774358
C11,Columba_NeuAc1_GS00061,Columba,34,102,76,0.7450980392156863,22,9.607866790318909,47.44334430629698,41.00077335847911,31.090236578302722,37.14833333333333,6.058096755030611
C11,Columba_NeuAc1_GS00061,Columba,35,102,76,0.7450980392156863,22,9.496940949263829,47.44334430629698,41.115441322238745,30.332384946489494,37.14833333333333,6.815948386843839
C11,Columba_NeuAc1_GS00061,Columba,36,102,76,0.7450980392156863,21,9.683137144345903,47.504876532092084,41.0576830018946,32.71657521601553,37.14833333333333,4.431758117317806
C11,Columba_NeuAc1_GS00061,Columba,37,102,76,0.7450980392156863,22,10.156788706700688,47.284445856818046,40.88558374175629,32.26169563812186,37.14833333333333,4.886637695211476
C11,Columba_NeuAc1_GS00061,Columba,38,102,76,0.7450980392156863,22,9.638814333950089,47.4343858068248,40.9930589590003,32.90834326757841,37.14833333333333,4.239990065754924
C11,Columba_NeuAc1_GS00061,Columba,39,102,76,0.7450980392156863,22,9.882327748509798,47.36389508155751,40.93743730988044,32.45161957479708,37.14833333333333,4.696713758536255
C11,Columba_NeuAc1_GS00061,Columba,40,102,76,0.7450980392156863,21,9.683137144345903,47.65481648209884,41.22488281439445,32.92075570015274,37.14833333333333,4.227577633180594
C11,Columba_NeuAc1_GS00061,Columba,41,102,76,0.7450980392156863,22,9.607866790318909,47.44334430629698,41.00077335847911,31.090236578302722,37.14833333333333,6.058096755030611
C11,Columba_NeuAc1_GS00061,Columba,42,102,76,0.7450980392156863,21,9.683137144345903,47.65481648209884,41.22488281439445,32.92075570015274,37.14833333333333,4.227577633180594
C11,Columba_NeuAc1_GS00061,Columba,43,102,76,0.7450980392156863,21,9.683137144345903,47.58432575683155,41.14125795377661,32.15737172367655,37.14833333333333,4.990961609656786
C11,Columba_NeuAc1_GS00061,Columba,44,102,76,0.7450980392156863,21,9.683137144345903,47.504876532092084,41.0576830018946,32.71657521601553,37.14833333333333,4.431758117317806
C11,Columba_NeuAc1_GS00061,Columba,45,102,76,0.7450980392156863,22,10.156788706700688,47.284445856818046,40.88558374175629,32.33672734266509,37.14833333333333,4.811605990668241
C11,Columba_NeuAc1_GS00061,Columba,46,102,76,0.7450980392156863,21,9.683137144345903,47.58432575683155,41.14125795377661,31.773835620550795,37.14833333333333,5.374497712782539
C11,Columba_NeuAc1_GS00061,Columba,47,102,76,0.7450980392156863,21,9.683137144345903,47.58432575683155,41.14125795377661,32.447931345021765,37.14833333333333,4.700401988311569
C11,Columba_NeuAc1_GS00061,Columba,48,102,76,0.7450980392156863,22,9.638814333950089,47.4343858068248,40.9930589590003,32.90834326757841,37.14833333333333,4.239990065754924
C11,Columba_NeuAc1_GS00061,Columba,49,102,76,0.7450980392156863,21,9.683137144345903,47.65481648209884,41.22488281439445,31.762488187886028,37.14833333333333,5.3858451454473055
C11,Columba_NeuAc1_GS00061,Columba,50,102,76,0.7450980392156863,22,9.638814333950089,47.4343858068248,40.9930589590003,32.54275194168996,37.14833333333333,4.605581391643376
C12,Columba_NeuAc1_GS00062,Columba,1,105,80,0.7619047619047619,22,9.612790188009898,47.89605243739475,42.04977046841744,40.231341781622405,45.589642857142856,5.358301075520451
C12,Columba_NeuAc1_GS00062,Columba,2,105,80,0.7619047619047619,21,9.887389419960332,48.320403065078395,42.586368562393204,41.06573770244179,45.589642857142856,4.523905154701069
C12,Columba_NeuAc1_GS00062,Columba,3,105,80,0.7619047619047619,21,9.599858892331781,48.04700596439974,42.14451642238454,40.65529786222867,45.589642857142856,4.934344994914184
C12,Columba_NeuAc1_GS00062,Columba,4,105,80,0.7619047619047619,21,9.599858892331781,48.04700596439974,42.14451642238454,40.65529786222867,45.589642857142856,4.934344994914184
C12,Columba_NeuAc1_GS00062,Columba,5,105,80,0.7619047619047619,21,9.599858892331781,48.40300731691372,42.53505191556533,40.900721852320615,45.589642857142856,4.688921004822241
C12,Columba_NeuAc1_GS00062,Columba,6,105,80,0.7619047619047619,21,9.599858892331781,48.34178553007689,42.451358039091346,40.91330115890474,45.589642857142856,4.676341698238119
C12,Columba_NeuAc1_GS00062,Columba,7,105,80,0.7619047619047619,21,9.887389419960332,48.60528897009122,43.02402203491065,41.07575014302834,45.589642857142856,4.513892714114519
C12,Columba_NeuAc1_GS00062,Columba,8,105,80,0.7619047619047619,22,9.861333006808671,47.82770316222509,42.02089310109135,40.308498373196734,45.589642857142856,5.281144483946122
C12,Columba_NeuAc1_GS00062,Columba,9,105,80,0.7619047619047619,23,9.830402953618433,47.66962214688727,41.81450293248143,39.80738570101614,45.589642857142856,5.782257156126718
C12,Columba_NeuAc1_GS00062,Columba,10,105,80,0.7619047619047619,23,9.830402953618433,47.66962214688727,41.81450293248143,39.80738570101614,45.589642857142856,5.782257156126718
C12,Columba_NeuAc1_GS00062,Columba,11,105,80,0.7619047619047619,21,9.599858892331781,48.34178553007689,42.451358039091346,40.91330115890474,45.589642857142856,4.676341698238119
C12,Columba_NeuAc1_GS00062,Columba,12,105,80,0.7619047619047619,21,9.599858892331781,48.11535523956941,42.20137788681968,40.6469125818371,45.589642857142856,4.942730275305756
C12,Columba_NeuAc1_GS00062,Columba,13,105,80,0.7619047619047619,21,9.599858892331781,48.34178553007689,42.451358039091346,40.60817859241402,45.589642857142856,4.981464264728835
C12,Columba_NeuAc1_GS00062,Columba,14,105,80,0.7619047619047619,21,9.599858892331781,48.04700596439974,42.14451642238454,40.65529786222867,45.589642857142856,4.934344994914184
C12,Columba_NeuAc1_GS00062,Columba,15,105,80,0.7619047619047619,21,9.599858892331781,48.04700596439974,42.14451642238454,40.56650166987279,45.589642857142856,5.023141187270063
C12,Columba_NeuAc1_GS00062,Columba,16,105,80,0.7619047619047619,21,9.599858892331781,48.11535523956941,42.20137788681968,40.6469125818371,45.589642857142856,4.942730275305756
C12,Columba_NeuAc1_GS00062,Columba,17,105,80,0.7619047619047619,23,9.830402953618433,47.66962214688727,41.81450293248143,39.80738570101614,45.589642857142856,5.782257156126718
C12,Columba_NeuAc1_GS00062,Columba,18,105,80,0.7619047619047619,21,9.599858892331781,48.41013480524655,42.54523721448922,40.83614456733041,45.589642857142856,4.753498289812448
C12,Columba_NeuAc1_GS00062,Columba,19,105,80,0.7619047619047619,21,9.599858892331781,48.1908320030719,42.274224356490066,40.73570877419298,45.589642857142856,4.853934082949877
C12,Columba_NeuAc1_GS00062,Columba,20,105,80,0.7619047619047619,21,9.599858892331781,48.34178553007689,42.451358039091346,40.91330115890474,45.589642857142856,4.676341698238119
C12,Columba_NeuAc1_GS00062,Columba,21,105,80,0.7619047619047619,21,9.599858892331781,48.04700596439974,42.14451642238454,40.56650166987279,45.589642857142856,5.023141187270063
C12,Columba_NeuAc1_GS00062,Columba,22,105,80,0.7619047619047619,21,9.599858892331781,48.1908320030719,42.274224356490066,40.73570877419298,45.589642857142856,4.853934082949877
C12,Columba_NeuAc1_GS00062,Columba,23,105,80,0.7619047619047619,21,9.599858892331781,48.04700596439974,42.14451642238454,40.65529786222867,45.589642857142856,4.934344994914184
C12,Columba_NeuAc1_GS00062,Columba,24,105,80,0.7619047619047619,21,9.599858892331781,48.34178553007689,42.451358039091346,40.91330115890474,45.589642857142856,4.676341698238119
C12,Columba_NeuAc1_GS00062,Columba,25,105,80,0.7619047619047619,21,9.599858892331781,48.34178553007689,42.451358039091346,40.91330115890474,45.589642857142856,4.676341698238119
C12,Columba_NeuAc1_GS00062,Columba,26,105,80,0.7619047619047619,21,9.887389419960332,47.806320697226596,41.94174757803548,40.11995384209586,45.589642857142856,5.4696890150469955
C12,Columba_NeuAc1_GS00062,Columba,27,105,80,0.7619047619047619,21,9.599858892331781,48.34178553007689,42.451358039091346,40.91330115890474,45.589642857142856,4.676341698238119
C12,Columba_NeuAc1_GS00062,Columba,28,105,80,0.7619047619047619,23,9.830402953618433,47.66962214688727,41.81450293248143,39.80738570101614,45.589642857142856,5.782257156126718
C12,Columba_NeuAc1_GS00062,Columba,29,105,80,0.7619047619047619,22,10.13579396499956,47.676749635220105,41.87889784869116,39.81577098140771,45.589642857142856,5.773871875735146
C12,Columba_NeuAc1_GS00062,Columba,30,105,80,0.7619047619047619,22,9.887251146200787,47.745098910389764,41.90811925609003,39.89618189337202,45.589642857142856,5.693460963770839
C12,Columba_NeuAc1_GS00062,Columba,31,105,80,0.7619047619047619,22,9.887251146200787,47.745098910389764,41.90811925609003,39.89618189337202,45.589642857142856,5.693460963770839
C12,Columba_NeuAc1_GS00062,Columba,32,105,80,0.7619047619047619,23,9.830402953618433,47.66962214688727,41.81450293248143,39.80738570101614,45.589642857142856,5.782257156126718
C12,Columba_NeuAc1_GS00062,Columba,33,105,80,0.7619047619047619,21,9.599858892331781,48.04700596439974,42.14451642238454,40.65529786222867,45.589642857142856,4.934344994914184
C12,Columba_NeuAc1_GS00062,Columba,34,105,80,0.7619047619047619,22,9.861333006808671,47.82770316222509,42.02089310109135,40.308498373196734,45.589642857142856,5.281144483946122
C12,Columba_NeuAc1_GS00062,Columba,35,105,80,0.7619047619047619,21,9.599858892331781,48.04700596439974,42.14451642238454,40.65529786222867,45.589642857142856,4.934344994914184
C12,Columba_NeuAc1_GS00062,Columba,36,105,80,0.7619047619047619,21,9.599858892331781,48.34178553007689,42.451358039091346,40.91330115890474,45.589642857142856,4.676341698238119
C12,Columba_NeuAc1_GS00062,Columba,37,105,80,0.7619047619047619,21,9.599858892331781,48.1908320030719,42.274224356490066,40.73570877419298,45.589642857142856,4.853934082949877
C12,Columba_NeuAc1_GS00062,Columba,38,105,80,0.7619047619047619,21,9.599858892331781,48.1908320030719,42.274224356490066,40.73570877419298,45.589642857142856,4.853934082949877
C12,Columba_NeuAc1_GS00062,Columba,39,105,80,0.7619047619047619,21,9.599858892331781,48.04700596439974,42.14451642238454,40.56650166987279,45.589642857142856,5.023141187270063
C12,Columba_NeuAc1_GS00062,Columba,40,105,80,0.7619047619047619,21,9.599858892331781,48.34178553007689,42.451358039091346,40.91330115890474,45.589642857142856,4.676341698238119
C12,Columba_NeuAc1_GS00062,Columba,41,105,80,0.7619047619047619,22,9.612790188009898,47.89605243739475,42.04977046841744,40.231341781622405,45.589642857142856,5.358301075520451
C12,Columba_NeuAc1_GS00062,Columba,42,105,80,0.7619047619047619,23,9.830402953618433,47.66962214688727,41.81450293248143,39.80738570101614,45.589642857142856,5.782257156126718
C12,Columba_NeuAc1_GS00062,Columba,43,105,80,0.7619047619047619,21,9.599858892331781,48.47710099425048,42.64416073761144,40.92494075968628,45.589642857142856,4.664702097456576
C12,Columba_NeuAc1_GS00062,Columba,44,105,80,0.7619047619047619,22,9.55348997526246,48.03275098773408,42.071657691142974,40.15581235024307,45.589642857142856,5.433830506899788
C12,Columba_NeuAc1_GS00062,Columba,45,105,80,0.7619047619047619,22,9.861333006808671,47.82770316222509,42.02089310109135,40.308498373196734,45.589642857142856,5.281144483946122
C12,Columba_NeuAc1_GS00062,Columba,46,105,80,0.7619047619047619,21,9.599858892331781,48.40300731691372,42.53505191556533,40.900721852320615,45.589642857142856,4.688921004822241
C12,Columba_NeuAc1_GS00062,Columba,47,105,80,0.7619047619047619,22,9.861333006808671,47.82770316222509,42.02089310109135,40.308498373196734,45.589642857142856,5.281144483946122
C12,Columba_NeuAc1_GS00062,Columba,48,105,80,0.7619047619047619,21,9.887389419960332,47.806320697226596,41.94174757803548,40.11995384209586,45.589642857142856,5.4696890150469955
C12,Columba_NeuAc1_GS00062,Columba,49,105,80,0.7619047619047619,22,10.65133380802602,48.16232204974058,42.429444659596165,40.70635890682574,45.589642857142856,4.883283950317114
C12,Columba_NeuAc1_GS00062,Columba,50,105,80,0.7619047619047619,21,9.599858892331781,48.2663087665744,42.357571690885635,40.43058620770227,45.589642857142856,5.159056649440586
C13,Columba_NeuAc1_GS00496,Columba,1,110,81,0.7363636363636363,23,9.865494285602294,49.14955616740222,40.59508627132936,37.97144106849061,43.94510638297872,5.973665314488109
C13,Columba_NeuAc1_GS00496,Columba,2,110,81,0.7363636363636363,23,9.865494285602294,49.14955616740222,40.59508627132936,38.259136409293085,43.94510638297872,5.685969973685637
C13,Columba_NeuAc1_GS00496,Columba,3,110,81,0.7363636363636363,23,10.12802215865445,49.07501121579482,40.660000305488545,38.0313741367478,43.94510638297872,5.913732246230921
C13,Columba_NeuAc1_GS00496,Columba,4,110,81,0.7363636363636363,23,10.12802215865445,49.07501121579482,40.660000305488545,38.052578289739536,43.94510638297872,5.892528093239186
C13,Columba_NeuAc1_GS00496,Columba,5,110,81,0.7363636363636363,22,9.851560773798465,49.21569561333202,40.58412807144669,38.22451712319718,43.94510638297872,5.720589259781541
C13,Columba_NeuAc1_GS00496,Columba,6,110,81,0.7363636363636363,23,9.865494285602294,49.14955616740222,40.59508627132936,38.259136409293085,43.94510638297872,5.685969973685637
C13,Columba_NeuAc1_GS00496,Columba,7,110,81,0.7363636363636363,23,9.860683551112754,49.018643286570516,40.46571377386827,37.2945013329617,43.94510638297872,6.65060505001702
C13,Columba_NeuAc1_GS00496,Columba,8,110,81,0.7363636363636363,23,10.12802215865445,49.07501121579482,40.660000305488545,38.052578289739536,43.94510638297872,5.892528093239186
C13,Columba_NeuAc1_GS00496,Columba,9,110,81,0.7363636363636363,23,9.865494285602294,49.14955616740222,40.59508627132936,38.259136409293085,43.94510638297872,5.685969973685637
C13,Columba_NeuAc1_GS00496,Columba,10,110,81,0.7363636363636363,22,9.741870812550296,49.2832010702897,40.50498218817078,38.245721276188924,43.94510638297872,5.699385106789798
C13,Columba_NeuAc1_GS00496,Columba,11,110,81,0.7363636363636363,23,9.865494285602294,49.14955616740222,40.59508627132936,38.06224268069931,43.94510638297872,5.882863702279408
C13,Columba_NeuAc1_GS00496,Columba,12,110,81,0.7363636363636363,23,9.865494285602294,49.14955616740222,40.59508627132936,38.259136409293085,43.94510638297872,5.685969973685637
C13,Columba_NeuAc1_GS00496,Columba,13,110,81,0.7363636363636363,23,10.12802215865445,49.07501121579482,40.660000305488545,37.95023691549887,43.94510638297872,5.994869467479852
C13,Columba_NeuAc1_GS00496,Columba,14,110,81,0.7363636363636363,23,9.860683551112754,49.018643286570516,40.46571377386827,37.2945013329617,43.94510638297872,6.65060505001702
C13,Columba_NeuAc1_GS00496,Columba,15,110,81,0.7363636363636363,23,10.12802215865445,49.07501121579482,40.660000305488545,38.052578289739536,43.94510638297872,5.892528093239186
C13,Columba_NeuAc1_GS00496,Columba,16,110,81,0.7363636363636363,23,9.865494285602294,49.14955616740222,40.59508627132936,38.259136409293085,43.94510638297872,5.685969973685637
C13,Columba_NeuAc1_GS00496,Columba,17,110,81,0.7363636363636363,23,9.865494285602294,49.14955616740222,40.59508627132936,38.259136409293085,43.94510638297872,5.685969973685637
C13,Columba_NeuAc1_GS00496,Columba,18,110,81,0.7363636363636363,23,10.12802215865445,49.07501121579482,40.660000305488545,38.052578289739536,43.94510638297872,5.892528093239186
C13,Columba_NeuAc1_GS00496,Columba,19,110,81,0.7363636363636363,23,9.860683551112754,49.018643286570516,40.46571377386827,37.2945013329617,43.94510638297872,6.65060505001702
C13,Columba_NeuAc1_GS00496,Columba,20,110,81,0.7363636363636363,23,10.12802215865445,49.07501121579482,40.660000305488545,38.052578289739536,43.94510638297872,5.892528093239186
C13,Columba_NeuAc1_GS00496,Columba,21,110,81,0.7363636363636363,23,9.860683551112754,49.018643286570516,40.46571377386827,37.2945013329617,43.94510638297872,6.65060505001702
C13,Columba_NeuAc1_GS00496,Columba,22,110,81,0.7363636363636363,22,9.851560773798465,49.572975371041714,40.56661213008804,38.407995718686784,43.94510638297872,5.537110664291937
C13,Columba_NeuAc1_GS00496,Columba,23,110,81,0.7363636363636363,23,10.12802215865445,49.07501121579482,40.660000305488545,38.0313741367478,43.94510638297872,5.913732246230921
C13,Columba_NeuAc1_GS00496,Columba,24,110,81,0.7363636363636363,23,9.865494285602294,49.14955616740222,40.59508627132936,38.259136409293085,43.94510638297872,5.685969973685637
C13,Columba_NeuAc1_GS00496,Columba,25,110,81,0.7363636363636363,23,10.12802215865445,49.07501121579482,40.660000305488545,37.95023691549887,43.94510638297872,5.994869467479852
C13,Columba_NeuAc1_GS00496,Columba,26,110,81,0.7363636363636363,23,10.12802215865445,49.07501121579482,40.660000305488545,38.052578289739536,43.94510638297872,5.892528093239186
C13,Columba_NeuAc1_GS00496,Columba,27,110,81,0.7363636363636363,23,10.12802215865445,49.07501121579482,40.660000305488545,38.145255273020446,43.94510638297872,5.799851109958276
C13,Columba_NeuAc1_GS00496,Columba,28,110,81,0.7363636363636363,23,9.865494285602294,49.14955616740222,40.59508627132936,38.06224268069931,43.94510638297872,5.882863702279408
C13,Columba_NeuAc1_GS00496,Columba,29,110,81,0.7363636363636363,23,9.865494285602294,49.14955616740222,40.59508627132936,37.97144106849061,43.94510638297872,5.973665314488109
C13,Columba_NeuAc1_GS00496,Columba,30,110,81,0.7363636363636363,23,10.064007427653085,48.960909346318324,40.50803367638427,37.404631727089956,43.94510638297872,6.540474655888765
C13,Columba_NeuAc1_GS00496,Columba,31,110,81,0.7363636363636363,23,9.865494285602294,49.14955616740222,40.59508627132936,37.97144106849061,43.94510638297872,5.973665314488109
C13,Columba_NeuAc1_GS00496,Columba,32,110,81,0.7363636363636363,23,9.860683551112754,49.018643286570516,40.46571377386827,37.2945013329617,43.94510638297872,6.65060505001702
C13,Columba_NeuAc1_GS00496,Columba,33,110,81,0.7363636363636363,22,9.851560773798465,49.21569561333202,40.58412807144669,38.22451712319718,43.94510638297872,5.720589259781541
C13,Columba_NeuAc1_GS00496,Columba,34,110,81,0.7363636363636363,23,9.895096283858207,48.93432681825761,40.43381491904333,37.55241118056816,43.94510638297872,6.3926952024105645
C13,Columba_NeuAc1_GS00496,Columba,35,110,81,0.7363636363636363,23,9.865494285602294,49.14955616740222,40.59508627132936,38.259136409293085,43.94510638297872,5.685969973685637
C13,Columba_NeuAc1_GS00496,Columba,36,110,81,0.7363636363636363,23,10.12802215865445,49.07501121579482,40.660000305488545,38.052578289739536,43.94510638297872,5.892528093239186
C13,Columba_NeuAc1_GS00496,Columba,37,110,81,0.7363636363636363,23,9.895096283858207,49.14115066172461,40.61949353870978,37.79985792721816,43.94510638297872,6.145248455760559
C13,Columba_NeuAc1_GS00496,Columba,38,110,81,0.7363636363636363,23,10.12802215865445,49.07501121579482,40.660000305488545,37.92903276250713,43.94510638297872,6.0160736204715946
C13,Columba_NeuAc1_GS00496,Columba,39,110,81,0.7363636363636363,24,9.849767930234632,48.735908480468225,40.25288806384141,37.39201210914249,43.94510638297872,6.55309427383623
C13,Columba_NeuAc1_GS00496,Columba,40,110,81,0.7363636363636363,23,10.12802215865445,49.07501121579482,40.660000305488545,38.0313741367478,43.94510638297872,5.913732246230921
C13,Columba_NeuAc1_GS00496,Columba,41,110,81,0.7363636363636363,23,10.12802215865445,49.07501121579482,40.660000305488545,38.052578289739536,43.94510638297872,5.892528093239186
C13,Columba_NeuAc1_GS00496,Columba,42,110,81,0.7363636363636363,23,9.895096283858207,49.14115066172461,40.61949353870978,38.01983437471584,43.94510638297872,5.92527200826288
C13,Columba_NeuAc1_GS00496,Columba,43,110,81,0.7363636363636363,22,9.741870812550296,49.2832010702897,40.50498218817078,37.850850768245905,43.94510638297872,6.094255614732816
C13,Columba_NeuAc1_GS00496,Columba,44,110,81,0.7363636363636363,23,9.865494285602294,49.14955616740222,40.59508627132936,38.06224268069931,43.94510638297872,5.882863702279408
C13,Columba_NeuAc1_GS00496,Columba,45,110,81,0.7363636363636363,23,10.12802215865445,49.07501121579482,40.660000305488545,38.052578289739536,43.94510638297872,5.892528093239186
C13,Columba_NeuAc1_GS00496,Columba,46,110,81,0.7363636363636363,23,9.865494285602294,49.14955616740222,40.59508627132936,38.259136409293085,43.94510638297872,5.685969973685637
C13,Columba_NeuAc1_GS00496,Columba,47,110,81,0.7363636363636363,23,10.12802215865445,49.07501121579482,40.660000305488545,38.0313741367478,43.94510638297872,5.913732246230921
C13,Columba_NeuAc1_GS00496,Columba,48,110,81,0.7363636363636363,23,9.895096283858207,48.80204792639802,40.359093093744875,37.37080795615075,43.94510638297872,6.574298426827973
C13,Columba_NeuAc1_GS00496,Columba,49,110,81,0.7363636363636363,23,9.860683551112754,49.018643286570516,40.46571377386827,37.2945013329617,43.94510638297872,6.65060505001702
C13,Columba_NeuAc1_GS00496,Columba,50,110,81,0.7363636363636363,23,10.12802215865445,49.07501121579482,40.660000305488545,38.145255273020446,43.94510638297872,5.799851109958276
C14,Columba_NeuAc1_GS00917,Columba,1,101,75,0.7425742574257426,20,9.868119399530087,49.99292206760143,42.423911108481164,33.59980752503419,39.35116279069767,5.751355265663484
C14,Columba_NeuAc1_GS00917,Columba,2,101,75,0.7425742574257426,20,9.868119399530087,49.99292206760143,42.423911108481164,33.210186061738646,39.35116279069767,6.140976728959025
C14,Columba_NeuAc1_GS00917,Columba,3,101,75,0.7425742574257426,20,9.868119399530087,49.99292206760143,42.423911108481164,33.587428507581706,39.35116279069767,5.763734283115966
C14,Columba_NeuAc1_GS00917,Columba,4,101,75,0.7425742574257426,20,9.868119399530087,49.99292206760143,42.423911108481164,33.904402639958306,39.35116279069767,5.446760150739365
C14,Columba_NeuAc1_GS00917,Columba,5,101,75,0.7425742574257426,20,9.868119399530087,49.99292206760143,42.423911108481164,33.46526510685288,39.35116279069767,5.885897683844789
C14,Columba_NeuAc1_GS00917,Columba,6,101,75,0.7425742574257426,20,9.868119399530087,49.99292206760143,42.423911108481164,33.70959190831054,39.35116279069767,5.6415708823871284
C14,Columba_NeuAc1_GS00917,Columba,7,101,75,0.7425742574257426,20,9.868119399530087,49.99292206760143,42.423911108481164,33.70959190831054,39.35116279069767,5.6415708823871284
C14,Columba_NeuAc1_GS00917,Columba,8,101,75,0.7425742574257426,20,9.868119399530087,49.99292206760143,42.423911108481164,33.904402639958306,39.35116279069767,5.446760150739365
C14,Columba_NeuAc1_GS00917,Columba,9,101,75,0.7425742574257426,20,9.868119399530087,49.99292206760143,42.423911108481164,31.02919419544636,39.35116279069767,8.32196859525131
C14,Columba_NeuAc1_GS00917,Columba,10,101,75,0.7425742574257426,20,9.868119399530087,49.99292206760143,42.423911108481164,33.210186061738646,39.35116279069767,6.140976728959025
C14,Columba_NeuAc1_GS00917,Columba,11,101,75,0.7425742574257426,20,9.868119399530087,49.99292206760143,42.423911108481164,33.30356790417128,39.35116279069767,6.04759488652639
C14,Columba_NeuAc1_GS00917,Columba,12,101,75,0.7425742574257426,20,9.868119399530087,49.99292206760143,42.423911108481164,33.70959190831054,39.35116279069767,5.6415708823871284
C14,Columba_NeuAc1_GS00917,Columba,13,101,75,0.7425742574257426,20,9.868119399530087,49.99292206760143,42.423911108481164,33.47764412430536,39.35116279069767,5.8735186663923145
C14,Columba_NeuAc1_GS00917,Columba,14,101,75,0.7425742574257426,20,9.868119399530087,49.99292206760143,42.423911108481164,33.70959190831054,39.35116279069767,5.6415708823871284
C14,Columba_NeuAc1_GS00917,Columba,15,101,75,0.7425742574257426,20,9.868119399530087,49.99292206760143,42.423911108481164,33.904402639958306,39.35116279069767,5.446760150739365
C14,Columba_NeuAc1_GS00917,Columba,16,101,75,0.7425742574257426,20,9.868119399530087,49.99292206760143,42.423911108481164,33.4736206009141,39.35116279069767,5.8775421897835685
C14,Columba_NeuAc1_GS00917,Columba,17,101,75,0.7425742574257426,20,9.868119399530087,49.99292206760143,42.423911108481164,30.953681732027345,39.35116279069767,8.397481058670326
C14,Columba_NeuAc1_GS00917,Columba,18,101,75,0.7425742574257426,20,9.868119399530087,49.99292206760143,42.423911108481164,33.904402639958306,39.35116279069767,5.446760150739365
C14,Columba_NeuAc1_GS00917,Columba,19,101,75,0.7425742574257426,20,9.868119399530087,49.99292206760143,42.423911108481164,33.59980752503418,39.35116279069767,5.751355265663491
C14,Columba_NeuAc1_GS00917,Columba,20,101,75,0.7425742574257426,20,9.868119399530087,49.99292206760143,42.423911108481164,33.19780704428618,39.35116279069767,6.153355746411492
C14,Columba_NeuAc1_GS00917,Columba,21,101,75,0.7425742574257426,20,9.868119399530087,49.99292206760143,42.423911108481164,33.70959190831054,39.35116279069767,5.6415708823871284
C14,Columba_NeuAc1_GS00917,Columba,22,101,75,0.7425742574257426,20,9.868119399530087,49.99292206760143,42.423911108481164,30.854264604507836,39.35116279069767,8.496898186189835
C14,Columba_NeuAc1_GS00917,Columba,23,101,75,0.7425742574257426,20,9.868119399530087,49.99292206760143,42.423911108481164,33.29118888671881,39.35116279069767,6.0599739039788645
C14,Columba_NeuAc1_GS00917,Columba,24,101,75,0.7425742574257426,20,9.868119399530087,49.99292206760143,42.423911108481164,33.210186061738646,39.35116279069767,6.140976728959025
C14,Columba_NeuAc1_GS00917,Columba,25,101,75,0.7425742574257426,20,9.868119399530087,49.99292206760143,42.423911108481164,33.806997274134424,39.35116279069767,5.544165516563247
C14,Columba_NeuAc1_GS00917,Columba,26,101,75,0.7425742574257426,20,9.868119399530087,49.99292206760143,42.423911108481164,33.07564364355735,39.35116279069767,6.275519147140322
C14,Columba_NeuAc1_GS00917,Columba,27,101,75,0.7425742574257426,20,9.868119399530087,49.99292206760143,42.423911108481164,33.70959190831054,39.35116279069767,5.6415708823871284
C14,Columba_NeuAc1_GS00917,Columba,28,101,75,0.7425742574257426,20,9.868119399530087,49.99292206760143,42.423911108481164,33.30356790417128,39.35116279069767,6.04759488652639
C14,Columba_NeuAc1_GS00917,Columba,29,101,75,0.7425742574257426,20,9.868119399530087,49.99292206760143,42.423911108481164,33.59980752503419,39.35116279069767,5.751355265663484
C14,Columba_NeuAc1_GS00917,Columba,30,101,75,0.7425742574257426,20,9.868119399530087,49.99292206760143,42.423911108481164,30.854264604507836,39.35116279069767,8.496898186189835
C14,Columba_NeuAc1_GS00917,Columba,31,101,75,0.7425742574257426,20,9.868119399530087,49.99292206760143,42.423911108481164,31.140136969613895,39.35116279069767,8.211025821083776
C14,Columba_NeuAc1_GS00917,Columba,32,101,75,0.7425742574257426,20,9.868119399530087,49.99292206760143,42.423911108481164,33.70959190831054,39.35116279069767,5.6415708823871284
C14,Columba_NeuAc1_GS00917,Columba,33,101,75,0.7425742574257426,20,9.868119399530087,49.99292206760143,42.423911108481164,33.46526510685288,39.35116279069767,5.885897683844789
C14,Columba_NeuAc1_GS00917,Columba,34,101,75,0.7425742574257426,20,9.868119399530087,49.99292206760143,42.423911108481164,33.07564364355735,39.35116279069767,6.275519147140322
C14,Columba_NeuAc1_GS00917,Columba,35,101,75,0.7425742574257426,20,9.868119399530087,49.99292206760143,42.423911108481164,33.4736206009141,39.35116279069767,5.8775421897835685
C14,Columba_NeuAc1_GS00917,Columba,36,101,75,0.7425742574257426,20,9.868119399530087,49.99292206760143,42.423911108481164,33.806997274134424,39.35116279069767,5.544165516563247
C14,Columba_NeuAc1_GS00917,Columba,37,101,75,0.7425742574257426,20,9.868119399530087,49.99292206760143,42.423911108481164,33.37621523509022,39.35116279069767,5.97494755560745
C14,Columba_NeuAc1_GS00917,Columba,38,101,75,0.7425742574257426,20,9.868119399530087,49.99292206760143,42.423911108481164,33.587428507581706,39.35116279069767,5.763734283115966
C14,Columba_NeuAc1_GS00917,Columba,39,101,75,0.7425742574257426,20,9.868119399530087,49.99292206760143,42.423911108481164,33.59980752503418,39.35116279069767,5.751355265663491
C14,Columba_NeuAc1_GS00917,Columba,40,101,75,0.7425742574257426,20,9.868119399530087,49.99292206760143,42.423911108481164,33.29118888671881,39.35116279069767,6.0599739039788645
C14,Columba_NeuAc1_GS00917,Columba,41,101,75,0.7425742574257426,20,9.868119399530087,49.99292206760143,42.423911108481164,31.55536983861882,39.35116279069767,7.795792952078852
C14,Columba_NeuAc1_GS00917,Columba,42,101,75,0.7425742574257426,20,9.868119399530087,49.99292206760143,42.423911108481164,33.806997274134424,39.35116279069767,5.544165516563247
C14,Columba_NeuAc1_GS00917,Columba,43,101,75,0.7425742574257426,20,9.868119399530087,49.99292206760143,42.423911108481164,33.80699727413442,39.35116279069767,5.544165516563254
C14,Columba_NeuAc1_GS00917,Columba,44,101,75,0.7425742574257426,20,9.868119399530087,49.99292206760143,42.423911108481164,33.30356790417128,39.35116279069767,6.04759488652639
C14,Columba_NeuAc1_GS00917,Columba,45,101,75,0.7425742574257426,20,9.868119399530087,49.99292206760143,42.423911108481164,33.806997274134424,39.35116279069767,5.544165516563247
C14,Columba_NeuAc1_GS00917,Columba,46,101,75,0.7425742574257426,20,9.868119399530087,49.99292206760143,42.423911108481164,33.4736206009141,39.35116279069767,5.8775421897835685
C14,Columba_NeuAc1_GS00917,Columba,47,101,75,0.7425742574257426,20,9.868119399530087,49.99292206760143,42.423911108481164,33.29118888671881,39.35116279069767,6.0599739039788645
C14,Columba_NeuAc1_GS00917,Columba,48,101,75,0.7425742574257426,20,9.868119399530087,49.99292206760143,42.423911108481164,32.741105152253866,39.35116279069767,6.610057638443806
C14,Columba_NeuAc1_GS00917,Columba,49,101,75,0.7425742574257426,20,9.868119399530087,49.99292206760143,42.423911108481164,33.70959190831054,39.35116279069767,5.6415708823871284
C14,Columba_NeuAc1_GS00917,Columba,50,101,75,0.7425742574257426,20,9.868119399530087,49.99292206760143,42.423911108481164,33.70959190831054,39.35116279069767,5.6415708823871284
C2,Columba_G19958IL,Columba,1,107,79,0.7383177570093458,23,10.195536166755973,49.31329674239019,40.826115204395,34.7823859334976,41.19175,6.409364066502398
C2,Columba_G19958IL,Columba,2,107,79,0.7383177570093458,23,10.195536166755973,49.31329674239019,40.826115204395,34.55014973810532,41.19175,6.641600261894681
C2,Columba_G19958IL,Columba,3,107,79,0.7383177570093458,23,9.95779955747019,49.38251119825821,40.783583725968576,34.77690143770736,41.19175,6.41484856229264
C2,Columba_G19958IL,Columba,4,107,79,0.7383177570093458,23,9.700082418907574,49.457542770244785,40.747787631986355,34.13592228859543,41.19175,7.055827711404568
C2,Columba_G19958IL,Columba,5,107,79,0.7383177570093458,23,9.96261029195973,49.38111060467265,40.78435399001034,34.756199550425066,41.19175,6.435550449574933
C2,Columba_G19958IL,Columba,6,107,79,0.7383177570093458,23,10.195536166755973,49.31329674239019,40.826115204395,34.55014973810532,41.19175,6.641600261894681
C2,Columba_G19958IL,Columba,7,107,79,0.7383177570093458,23,10.428462041552217,49.245482880107744,40.87660988009828,34.79547912503387,41.19175,6.3962708749661275
C2,Columba_G19958IL,Columba,8,107,79,0.7383177570093458,23,9.96261029195973,49.38111060467265,40.78435399001034,34.756199550425066,41.19175,6.435550449574933
C2,Columba_G19958IL,Columba,9,107,79,0.7383177570093458,23,9.700082418907574,49.457542770244785,40.747787631986355,34.04599057397182,41.19175,7.145759426028178
C2,Columba_G19958IL,Columba,10,107,79,0.7383177570093458,23,9.95779955747019,49.38251119825821,40.783583725968576,34.90063185606412,41.19175,6.291118143935876
C2,Columba_G19958IL,Columba,11,107,79,0.7383177570093458,22,9.846234509540965,49.82386758511169,40.727684405398406,34.57846394604822,41.19175,6.613286053951782
C2,Columba_G19958IL,Columba,12,107,79,0.7383177570093458,23,10.428462041552217,49.245482880107744,40.87660988009828,35.001528937353626,41.19175,6.190221062646373
C2,Columba_G19958IL,Columba,13,107,79,0.7383177570093458,23,10.195536166755973,49.31329674239019,40.826115204395,34.7823859334976,41.19175,6.409364066502398
C2,Columba_G19958IL,Columba,14,107,79,0.7383177570093458,23,10.195536166755973,49.31329674239019,40.826115204395,34.55014973810532,41.19175,6.641600261894681
C2,Columba_G19958IL,Columba,15,107,79,0.7383177570093458,23,9.96261029195973,49.38111060467265,40.78435399001034,34.26513357782785,41.19175,6.9266164221721525
C2,Columba_G19958IL,Columba,16,107,79,0.7383177570093458,23,10.195536166755973,49.31329674239019,40.826115204395,34.55014973810532,41.19175,6.641600261894681
C2,Columba_G19958IL,Columba,17,107,79,0.7383177570093458,23,9.96261029195973,49.38111060467265,40.78435399001034,33.831429462170576,41.19175,7.360320537829423
C2,Columba_G19958IL,Columba,18,107,79,0.7383177570093458,22,9.846234509540965,49.82386758511169,40.727684405398406,34.57846394604822,41.19175,6.613286053951782
C2,Columba_G19958IL,Columba,19,107,79,0.7383177570093458,23,10.43327277604176,49.24408228652218,40.87774460280983,34.04386274910145,41.19175,7.147887250898549
C2,Columba_G19958IL,Columba,20,107,79,0.7383177570093458,23,9.96261029195973,49.38111060467265,40.78435399001034,34.04599057397183,41.19175,7.145759426028171
C2,Columba_G19958IL,Columba,21,107,79,0.7383177570093458,23,9.96261029195973,49.38111060467265,40.78435399001034,33.91252363499866,41.19175,7.2792263650013425
C2,Columba_G19958IL,Columba,22,107,79,0.7383177570093458,23,9.95779955747019,49.38251119825821,40.783583725968576,34.90063185606412,41.19175,6.291118143935876
C2,Columba_G19958IL,Columba,23,107,79,0.7383177570093458,23,9.95779955747019,49.38251119825821,40.783583725968576,35.003656762224004,41.19175,6.188093237775995
C2,Columba_G19958IL,Columba,24,107,79,0.7383177570093458,23,9.96261029195973,49.38111060467265,40.78435399001034,34.48640440655425,41.19175,6.705345593445749
C2,Columba_G19958IL,Columba,25,107,79,0.7383177570093458,23,9.700082418907574,49.457542770244785,40.747787631986355,34.13592228859543,41.19175,7.055827711404568
C2,Columba_G19958IL,Columba,26,107,79,0.7383177570093458,22,9.846234509540965,49.82386758511169,40.727684405398406,33.377596195737866,41.19175,7.8141538042621335
C2,Columba_G19958IL,Columba,27,107,79,0.7383177570093458,22,9.846234509540965,49.74743541953955,40.710659128511566,33.80278901191364,41.19175,7.38896098808636
C2,Columba_G19958IL,Columba,28,107,79,0.7383177570093458,23,10.428462041552217,49.245482880107744,40.87660988009828,34.79547912503387,41.19175,6.3962708749661275
C2,Columba_G19958IL,Columba,29,107,79,0.7383177570093458,23,9.96261029195973,49.38111060467265,40.78435399001034,33.91252363499866,41.19175,7.2792263650013425
C2,Columba_G19958IL,Columba,30,107,79,0.7383177570093458,22,9.846234509540965,49.82386758511169,40.727684405398406,33.377596195737866,41.19175,7.8141538042621335
C2,Columba_G19958IL,Columba,31,107,79,0.7383177570093458,23,10.195536166755973,49.31329674239019,40.826115204395,34.907341572989274,41.19175,6.2844084270107246
C2,Columba_G19958IL,Columba,32,107,79,0.7383177570093458,23,10.195536166755973,49.31329674239019,40.826115204395,34.7823859334976,41.19175,6.409364066502398
C2,Columba_G19958IL,Columba,33,107,79,0.7383177570093458,22,9.846234509540965,49.82386758511169,40.727684405398406,33.377596195737866,41.19175,7.8141538042621335
C2,Columba_G19958IL,Columba,34,107,79,0.7383177570093458,23,10.195536166755973,49.31329674239019,40.826115204395,34.55014973810532,41.19175,6.641600261894681
C2,Columba_G19958IL,Columba,35,107,79,0.7383177570093458,23,10.195536166755973,49.31329674239019,40.826115204395,34.7823859334976,41.19175,6.409364066502398
C2,Columba_G19958IL,Columba,36,107,79,0.7383177570093458,23,10.195536166755973,49.31329674239019,40.826115204395,34.7823859334976,41.19175,6.409364066502398
C2,Columba_G19958IL,Columba,37,107,79,0.7383177570093458,23,9.95779955747019,49.38251119825821,40.783583725968576,35.003656762224004,41.19175,6.188093237775995
C2,Columba_G19958IL,Columba,38,107,79,0.7383177570093458,23,9.95779955747019,49.38251119825821,40.783583725968576,34.77690143770736,41.19175,6.41484856229264
C2,Columba_G19958IL,Columba,39,107,79,0.7383177570093458,23,9.96261029195973,49.38111060467265,40.78435399001034,34.756199550425066,41.19175,6.435550449574933
C2,Columba_G19958IL,Columba,40,107,79,0.7383177570093458,23,10.195536166755973,49.31329674239019,40.826115204395,34.91159722273002,41.19175,6.280152777269976
C2,Columba_G19958IL,Columba,41,107,79,0.7383177570093458,23,9.96261029195973,49.38111060467265,40.78435399001034,35.001528937353626,41.19175,6.190221062646373
C2,Columba_G19958IL,Columba,42,107,79,0.7383177570093458,23,10.195536166755973,49.31329674239019,40.826115204395,34.580918013232626,41.19175,6.610831986767373
C2,Columba_G19958IL,Columba,43,107,79,0.7383177570093458,23,10.195536166755973,49.31329674239019,40.826115204395,34.7823859334976,41.19175,6.409364066502398
C2,Columba_G19958IL,Columba,44,107,79,0.7383177570093458,23,9.96261029195973,49.38111060467265,40.78435399001034,33.831429462170576,41.19175,7.360320537829423
C2,Columba_G19958IL,Columba,45,107,79,0.7383177570093458,23,9.96261029195973,49.38111060467265,40.78435399001034,34.756199550425066,41.19175,6.435550449574933
C2,Columba_G19958IL,Columba,46,107,79,0.7383177570093458,23,10.428462041552217,49.245482880107744,40.87660988009828,34.79547912503387,41.19175,6.3962708749661275
C2,Columba_G19958IL,Columba,47,107,79,0.7383177570093458,23,10.428462041552217,49.245482880107744,40.87660988009828,35.001528937353626,41.19175,6.190221062646373
C2,Columba_G19958IL,Columba,48,107,79,0.7383177570093458,22,9.846234509540965,49.82386758511169,40.727684405398406,33.377596195737866,41.19175,7.8141538042621335
C2,Columba_G19958IL,Columba,49,107,79,0.7383177570093458,23,10.195536166755973,49.31329674239019,40.826115204395,34.7823859334976,41.19175,6.409364066502398
C2,Columba_G19958IL,Columba,50,107,79,0.7383177570093458,23,9.700082418907574,49.457542770244785,40.747787631986355,34.13592228859543,41.19175,7.055827711404568
C3,Columba_G20030CU,Columba,1,107,80,0.7476635514018691,24,9.33074787910856,50.788629890890405,43.01507826523243,39.85528546224704,43.0595918367347,3.2043063744876576
C3,Columba_G20030CU,Columba,2,107,80,0.7476635514018691,23,10.12935959391563,51.157503133904314,43.42063357406499,41.12920453320114,43.0595918367347,1.930387303533557
C3,Columba_G20030CU,Columba,3,107,80,0.7476635514018691,24,9.466903847363488,50.70464255288935,42.860327080414756,39.1442986291194,43.0595918367347,3.9152932076152993
C3,Columba_G20030CU,Columba,4,107,80,0.7476635514018691,23,9.430581969526898,51.08202637040182,43.18190825987428,40.25806255651692,43.0595918367347,2.8015292802177783
C3,Columba_G20030CU,Columba,5,107,80,0.7476635514018691,23,10.17345110356513,50.68762140389219,42.95626808147937,39.02654631992379,43.0595918367347,4.033045516810908
C3,Columba_G20030CU,Columba,6,107,80,0.7476635514018691,23,9.430581969526898,50.93107284339683,43.0221933416663,39.957483637883946,43.0595918367347,3.1021081988507504
C3,Columba_G20030CU,Columba,7,107,80,0.7476635514018691,23,9.663507844323142,51.09053694490039,43.21521467676837,40.26980127996323,43.0595918367347,2.7897905567714645
C3,Columba_G20030CU,Columba,8,107,80,0.7476635514018691,23,9.430581969526898,51.08202637040182,43.18190825987428,40.25806255651692,43.0595918367347,2.8015292802177783
C3,Columba_G20030CU,Columba,9,107,80,0.7476635514018691,23,10.17345110356513,50.68762140389219,42.95626808147937,39.02654631992379,43.0595918367347,4.033045516810908
C3,Columba_G20030CU,Columba,10,107,80,0.7476635514018691,23,10.654415340019941,50.805651039887564,43.04283548350693,40.18124953282883,43.0595918367347,2.8783423039058675
C3,Columba_G20030CU,Columba,11,107,80,0.7476635514018691,23,9.430581969526898,50.93107284339683,43.0221933416663,39.957483637883946,43.0595918367347,3.1021081988507504
C3,Columba_G20030CU,Columba,12,107,80,0.7476635514018691,23,9.663507844323142,51.0150601813979,43.11972289388101,40.365983847322404,43.0595918367347,2.6936079894122926
C3,Columba_G20030CU,Columba,13,107,80,0.7476635514018691,22,9.618672099272446,50.92256226889825,43.02883659156369,39.841639033744535,43.0595918367347,3.217952802990162
C3,Columba_G20030CU,Columba,14,107,80,0.7476635514018691,23,9.430581969526898,50.93107284339683,43.0221933416663,40.15586438088002,43.0595918367347,2.9037274558546784
C3,Columba_G20030CU,Columba,15,107,80,0.7476635514018691,23,9.693109842579053,51.21595874840966,43.402443254405426,40.86112809883907,43.0595918367347,2.1984637378956293
C3,Columba_G20030CU,Columba,16,107,80,0.7476635514018691,23,10.188563590427453,51.14048198490716,43.41048112633473,40.821804025278624,43.0595918367347,2.237787811456073
C3,Columba_G20030CU,Columba,17,107,80,0.7476635514018691,23,9.693109842579053,51.21595874840966,43.402443254405426,40.75702221814598,43.0595918367347,2.30256961858872
C3,Columba_G20030CU,Columba,18,107,80,0.7476635514018691,22,9.618672099272446,51.42536788992,43.64920456274417,41.21284239610219,43.0595918367347,1.8467494406325073
C3,Columba_G20030CU,Columba,19,107,80,0.7476635514018691,23,9.53592156275507,51.34989112641749,43.71426607350772,41.09398836286221,43.0595918367347,1.9656034738724841
C3,Columba_G20030CU,Columba,20,107,80,0.7476635514018691,23,10.158961592171542,51.08202637040181,43.30589464147885,40.64198359501839,43.0595918367347,2.4176082417163087
C3,Columba_G20030CU,Columba,21,107,80,0.7476635514018691,24,11.26668330423567,50.813043207401456,44.0789624025948,39.060216610015594,43.0595918367347,3.9993752267191027
C3,Columba_G20030CU,Columba,22,107,80,0.7476635514018691,23,9.430581969526898,51.291435511912155,43.471122175982615,40.75702221814598,43.0595918367347,2.30256961858872
C3,Columba_G20030CU,Columba,23,107,80,0.7476635514018691,23,9.926035717375298,51.148992559405734,43.35010983155946,40.947479647808144,43.0595918367347,2.1121121889265524
C3,Columba_G20030CU,Columba,24,107,80,0.7476635514018691,23,9.926035717375298,51.148992559405734,43.35010983155946,40.947479647808144,43.0595918367347,2.1121121889265524
C3,Columba_G20030CU,Columba,25,107,80,0.7476635514018691,22,9.618672099272446,51.42536788992,43.64920456274417,41.21284239610219,43.0595918367347,1.8467494406325073
C3,Columba_G20030CU,Columba,26,107,80,0.7476635514018691,24,9.33074787910856,50.788629890890405,43.01507826523243,39.85528546224704,43.0595918367347,3.2043063744876576
C3,Columba_G20030CU,Columba,27,107,80,0.7476635514018691,23,10.12935959391563,51.157503133904314,43.42063357406499,41.12920453320114,43.0595918367347,1.930387303533557
C3,Columba_G20030CU,Columba,28,107,80,0.7476635514018691,22,9.618672099272446,50.92256226889825,43.02883659156369,39.841639033744535,43.0595918367347,3.217952802990162
C3,Columba_G20030CU,Columba,29,107,80,0.7476635514018691,23,9.663507844323142,51.0150601813979,43.11972289388101,40.365983847322404,43.0595918367347,2.6936079894122926
C3,Columba_G20030CU,Columba,30,107,80,0.7476635514018691,23,9.563472213073334,51.55078969342926,43.876554517118755,40.64645332304897,43.0595918367347,2.4131385136857233
C3,Columba_G20030CU,Columba,31,107,80,0.7476635514018691,23,9.430581969526898,51.08202637040182,43.18190825987428,40.3523374188199,43.0595918367347,2.707254417914797
C3,Columba_G20030CU,Columba,32,107,80,0.7476635514018691,23,9.430581969526898,51.291435511912155,43.471122175982615,40.75702221814598,43.0595918367347,2.30256961858872
C3,Columba_G20030CU,Columba,33,107,80,0.7476635514018691,23,9.430581969526898,50.93107284339683,43.0221933416663,39.957483637883946,43.0595918367347,3.1021081988507504
C3,Columba_G20030CU,Columba,34,107,80,0.7476635514018691,24,9.33074787910856,50.788629890890405,43.01507826523243,39.85528546224704,43.0595918367347,3.2043063744876576
C3,Columba_G20030CU,Columba,35,107,80,0.7476635514018691,24,9.33074787910856,50.788629890890405,43.01507826523243,39.85528546224704,43.0595918367347,3.2043063744876576
C3,Columba_G20030CU,Columba,36,107,80,0.7476635514018691,23,9.926035717375298,51.148992559405734,43.35010983155946,40.947479647808144,43.0595918367347,2.1121121889265524
C3,Columba_G20030CU,Columba,37,107,80,0.7476635514018691,23,10.421489465223697,50.87261722889148,43.07003594038565,40.07523594707954,43.0595918367347,2.9843558896551556
C3,Columba_G20030CU,Columba,38,107,80,0.7476635514018691,24,9.33074787910856,50.788629890890405,43.01507826523243,39.85528546224704,43.0595918367347,3.2043063744876576
C3,Columba_G20030CU,Columba,39,107,80,0.7476635514018691,22,9.618672099272446,51.42536788992,43.64920456274417,41.21284239610219,43.0595918367347,1.8467494406325073
C3,Columba_G20030CU,Columba,40,107,80,0.7476635514018691,23,9.430581969526898,50.93107284339683,43.0221933416663,40.15586438088002,43.0595918367347,2.9037274558546784
C3,Columba_G20030CU,Columba,41,107,80,0.7476635514018691,23,9.430581969526898,51.291435511912155,43.471122175982615,40.75702221814598,43.0595918367347,2.30256961858872
C3,Columba_G20030CU,Columba,42,107,80,0.7476635514018691,23,9.926035717375298,51.21595874840966,43.45949224973318,41.03984680505492,43.0595918367347,2.0197450316797756
C3,Columba_G20030CU,Columba,43,107,80,0.7476635514018691,23,9.663507844323142,51.157503133904314,43.308463633621066,40.456443299513,43.0595918367347,2.603148537221699
C3,Columba_G20030CU,Columba,44,107,80,0.7476635514018691,23,9.430581969526898,51.291435511912155,43.471122175982615,40.75702221814598,43.0595918367347,2.30256961858872
C3,Columba_G20030CU,Columba,45,107,80,0.7476635514018691,23,9.926035717375298,51.21595874840966,43.45949224973318,41.03984680505492,43.0595918367347,2.0197450316797756
C3,Columba_G20030CU,Columba,46,107,80,0.7476635514018691,23,10.12935959391563,51.157503133904314,43.42063357406499,41.12920453320114,43.0595918367347,1.930387303533557
C3,Columba_G20030CU,Columba,47,107,80,0.7476635514018691,23,10.158961592171542,51.08202637040181,43.30589464147885,40.64198359501839,43.0595918367347,2.4176082417163087
C3,Columba_G20030CU,Columba,48,107,80,0.7476635514018691,23,9.430581969526898,50.93107284339683,43.0221933416663,39.957483637883946,43.0595918367347,3.1021081988507504
C3,Columba_G20030CU,Columba,49,107,80,0.7476635514018691,23,9.926035717375298,51.148992559405734,43.35010983155946,40.947479647808144,43.0595918367347,2.1121121889265524
C3,Columba_G20030CU,Columba,50,107,80,0.7476635514018691,23,9.663507844323142,51.09053694490039,43.21521467676837,40.26980127996323,43.0595918367347,2.7897905567714645
C4,Columba_G49478NM,Columba,1,97,72,0.7422680412371134,19,9.265470196106733,48.926106317480716,43.065546794774164,33.38592085239427,37.695,4.309079147605729
C4,Columba_G49478NM,Columba,2,97,72,0.7422680412371134,20,9.77346320809898,48.702885687467656,42.87715743961499,31.807877918545095,37.695,5.887122081454905
C4,Columba_G49478NM,Columba,3,97,72,0.7422680412371134,19,10.818620693007361,48.600110229134714,43.079194899728265,30.869958573408518,37.695,6.825041426591483
C4,Columba_G49478NM,Columba,4,97,72,0.7422680412371134,19,9.265470196106733,48.926106317480716,43.065546794774164,31.05803839519608,37.695,6.636961604803922
C4,Columba_G49478NM,Columba,5,97,72,0.7422680412371134,20,9.77346320809898,48.702885687467656,42.87715743961499,31.384484429423246,37.695,6.310515570576754
C4,Columba_G49478NM,Columba,6,97,72,0.7422680412371134,19,9.265470196106733,48.926106317480716,43.065546794774164,33.18464948305429,37.695,4.510350516945714
C4,Columba_G49478NM,Columba,7,97,72,0.7422680412371134,19,9.265470196106733,48.926106317480716,43.065546794774164,33.18464948305429,37.695,4.510350516945714
C4,Columba_G49478NM,Columba,8,97,72,0.7422680412371134,19,9.265470196106733,48.926106317480716,43.065546794774164,32.35020163355634,37.695,5.344798366443662
C4,Columba_G49478NM,Columba,9,97,72,0.7422680412371134,20,10.075370262108958,48.61902261690933,42.827518210799894,31.79837460076799,37.695,5.896625399232011
C4,Columba_G49478NM,Columba,10,97,72,0.7422680412371134,20,9.5055984520833,48.77729256413867,42.93089051662713,32.18956990678319,37.695,5.505430093216809
C4,Columba_G49478NM,Columba,11,97,72,0.7422680412371134,20,9.77346320809898,48.702885687467656,42.87715743961499,31.384484429423246,37.695,6.310515570576754
C4,Columba_G49478NM,Columba,12,97,72,0.7422680412371134,20,9.5055984520833,48.77729256413867,42.93089051662713,31.37313699675848,37.695,6.321863003241521
C4,Columba_G49478NM,Columba,13,97,72,0.7422680412371134,20,9.237733696067618,48.8516994408097,42.993700206283044,31.775679735438455,37.695,5.919320264561545
C4,Columba_G49478NM,Columba,14,97,72,0.7422680412371134,20,10.343235018124638,48.5446157402383,42.79319841440204,31.784118053305995,37.695,5.910881946694005
C4,Columba_G49478NM,Columba,15,97,72,0.7422680412371134,19,9.265470196106733,49.009969388039046,43.157300172611365,31.158674079866067,37.695,6.536325920133933
C4,Columba_G49478NM,Columba,16,97,72,0.7422680412371134,19,9.265470196106733,48.926106317480716,43.065546794774164,31.05803839519608,37.695,6.636961604803922
C4,Columba_G49478NM,Columba,17,97,72,0.7422680412371134,20,9.77346320809898,48.702885687467656,42.87715743961499,31.283848744753254,37.695,6.411151255246747
C4,Columba_G49478NM,Columba,18,97,72,0.7422680412371134,20,9.77346320809898,48.702885687467656,42.87715743961499,31.283848744753254,37.695,6.411151255246747
C4,Columba_G49478NM,Columba,19,97,72,0.7422680412371134,19,9.265470196106733,49.158783141381086,43.34800273370556,30.843575478303666,37.695,6.851424521696334
C4,Columba_G49478NM,Columba,20,97,72,0.7422680412371134,19,9.265470196106733,48.926106317480716,43.065546794774164,33.19599691571905,37.695,4.49900308428095
C4,Columba_G49478NM,Columba,21,97,72,0.7422680412371134,19,9.265470196106733,49.00051319415174,43.14638513787739,33.27393773505951,37.695,4.421062264940488
C4,Columba_G49478NM,Columba,22,97,72,0.7422680412371134,19,9.265470196106733,49.00051319415174,43.14638513787739,33.27393773505951,37.695,4.421062264940488
C4,Columba_G49478NM,Columba,23,97,72,0.7422680412371134,19,9.265470196106733,48.935562511368026,43.075322592230044,32.88196017247356,37.695,4.813039827526438
C4,Columba_G49478NM,Columba,24,97,72,0.7422680412371134,20,9.5055984520833,48.77729256413867,42.93089051662713,32.18956990678319,37.695,5.505430093216809
C4,Columba_G49478NM,Columba,25,97,72,0.7422680412371134,20,9.77346320809898,48.702885687467656,42.87715743961499,31.283848744753254,37.695,6.411151255246747
C4,Columba_G49478NM,Columba,26,97,72,0.7422680412371134,19,9.265470196106733,48.926106317480716,43.065546794774164,32.45743466279887,37.695,5.237565337201133
C4,Columba_G49478NM,Columba,27,97,72,0.7422680412371134,19,9.265470196106733,49.158783141381086,43.34800273370556,30.843575478303666,37.695,6.851424521696334
C4,Columba_G49478NM,Columba,28,97,72,0.7422680412371134,20,9.237733696067618,48.8516994408097,42.993700206283044,31.97510698989078,37.695,5.719893010109221
C4,Columba_G49478NM,Columba,29,97,72,0.7422680412371134,19,9.265470196106733,48.926106317480716,43.065546794774164,32.45743466279887,37.695,5.237565337201133
C4,Columba_G49478NM,Columba,30,97,72,0.7422680412371134,20,9.237733696067618,48.8516994408097,42.993700206283044,31.462425248763704,37.695,6.232574751236296
C4,Columba_G49478NM,Columba,31,97,72,0.7422680412371134,20,9.5055984520833,48.77729256413867,42.93089051662713,32.18956990678319,37.695,5.505430093216809
C4,Columba_G49478NM,Columba,32,97,72,0.7422680412371134,20,9.77346320809898,48.702885687467656,42.87715743961499,31.283848744753254,37.695,6.411151255246747
C4,Columba_G49478NM,Columba,33,97,72,0.7422680412371134,20,9.237733696067618,48.8516994408097,42.993700206283044,31.775679735438455,37.695,5.919320264561545
C4,Columba_G49478NM,Columba,34,97,72,0.7422680412371134,19,9.265470196106733,48.935562511368026,43.075322592230044,32.88196017247356,37.695,4.813039827526438
C4,Columba_G49478NM,Columba,35,97,72,0.7422680412371134,20,9.5055984520833,48.77729256413867,42.93089051662713,31.462425248763704,37.695,6.232574751236296
C4,Columba_G49478NM,Columba,36,97,72,0.7422680412371134,19,9.265470196106733,48.935562511368026,43.075322592230044,32.88196017247356,37.695,4.813039827526438
C4,Columba_G49478NM,Columba,37,97,72,0.7422680412371134,20,10.611099774140317,48.47020886356728,42.76804310931691,32.067018471761756,37.695,5.627981528238244
C4,Columba_G49478NM,Columba,38,97,72,0.7422680412371134,19,9.265470196106733,49.158783141381086,43.34800273370556,30.843575478303666,37.695,6.851424521696334
C4,Columba_G49478NM,Columba,39,97,72,0.7422680412371134,20,9.77346320809898,48.702885687467656,42.87715743961499,31.37313699675848,37.695,6.321863003241521
C4,Columba_G49478NM,Columba,40,97,72,0.7422680412371134,20,9.5055984520833,48.77729256413867,42.93089051662713,31.183213060083265,37.695,6.511786939916735
C4,Columba_G49478NM,Columba,41,97,72,0.7422680412371134,19,9.265470196106733,49.009969388039046,43.157300172611365,31.158674079866067,37.695,6.536325920133933
C4,Columba_G49478NM,Columba,42,97,72,0.7422680412371134,20,9.237733696067618,48.8516994408097,42.993700206283044,31.462425248763704,37.695,6.232574751236296
C4,Columba_G49478NM,Columba,43,97,72,0.7422680412371134,20,9.237733696067618,48.8516994408097,42.993700206283044,31.462425248763704,37.695,6.232574751236296
C4,Columba_G49478NM,Columba,44,97,72,0.7422680412371134,20,9.77346320809898,48.702885687467656,42.87715743961499,31.283848744753254,37.695,6.411151255246747
C4,Columba_G49478NM,Columba,45,97,72,0.7422680412371134,19,9.265470196106733,48.926106317480716,43.065546794774164,32.35020163355634,37.695,5.344798366443662
C4,Columba_G49478NM,Columba,46,97,72,0.7422680412371134,20,9.5055984520833,48.77729256413867,42.93089051662713,31.462425248763704,37.695,6.232574751236296
C4,Columba_G49478NM,Columba,47,97,72,0.7422680412371134,19,9.265470196106733,48.926106317480716,43.065546794774164,32.35020163355634,37.695,5.344798366443662
C4,Columba_G49478NM,Columba,48,97,72,0.7422680412371134,19,9.265470196106733,48.926106317480716,43.065546794774164,31.05803839519608,37.695,6.636961604803922
C4,Columba_G49478NM,Columba,49,97,72,0.7422680412371134,19,9.265470196106733,48.926106317480716,43.065546794774164,32.45743466279887,37.695,5.237565337201133
C4,Columba_G49478NM,Columba,50,97,72,0.7422680412371134,19,9.583267095064604,48.99105700026443,43.30457904951348,33.340531121735204,37.695,4.354468878264797
C5,Columba_G57930PW,Columba,1,104,77,0.7403846153846154,22,10.231282010746082,48.98442175711385,41.28967617334319,36.686638130681466,43.736216216216214,7.049578085534748
C5,Columba_G57930PW,Columba,2,104,77,0.7403846153846154,22,10.221065516831837,49.28184408561107,41.294281411887155,36.29916148477042,43.736216216216214,7.437054731445791
C5,Columba_G57930PW,Columba,3,104,77,0.7403846153846154,22,10.469766021066725,48.916283468450814,41.33920982182816,36.19970482134336,43.736216216216214,7.5365113948728535
C5,Columba_G57930PW,Columba,4,104,77,0.7403846153846154,23,10.219803170242912,48.91484649581108,41.33938605184355,36.79168313304056,43.736216216216214,6.944533083175656
C5,Columba_G57930PW,Columba,5,104,77,0.7403846153846154,23,10.219803170242912,48.91484649581108,41.33938605184355,36.6732882098994,43.736216216216214,7.062928006316817
C5,Columba_G57930PW,Columba,6,104,77,0.7403846153846154,22,10.231282010746082,48.98442175711385,41.28967617334319,36.5682432075403,43.736216216216214,7.167973008675915
C5,Columba_G57930PW,Columba,7,104,77,0.7403846153846154,23,10.219803170242912,48.91484649581108,41.33938605184355,36.80503305382264,43.736216216216214,6.931183162393573
C5,Columba_G57930PW,Columba,8,104,77,0.7403846153846154,23,10.219803170242912,48.91484649581108,41.33938605184355,36.91007805618173,43.736216216216214,6.826138160034482
C5,Columba_G57930PW,Columba,9,104,77,0.7403846153846154,22,10.231282010746082,48.98442175711385,41.28967617334319,36.5682432075403,43.736216216216214,7.167973008675915
C5,Columba_G57930PW,Columba,10,104,77,0.7403846153846154,23,10.219803170242912,48.91484649581108,41.33938605184355,36.91007805618173,43.736216216216214,6.826138160034482
C5,Columba_G57930PW,Columba,11,104,77,0.7403846153846154,23,10.219803170242912,48.91484649581108,41.33938605184355,36.79168313304056,43.736216216216214,6.944533083175656
C5,Columba_G57930PW,Columba,12,104,77,0.7403846153846154,23,10.219803170242912,48.91484649581108,41.33938605184355,36.91007805618173,43.736216216216214,6.826138160034482
C5,Columba_G57930PW,Columba,13,104,77,0.7403846153846154,23,10.219803170242912,48.91484649581108,41.33938605184355,36.91007805618173,43.736216216216214,6.826138160034482
C5,Columba_G57930PW,Columba,14,104,77,0.7403846153846154,22,9.987768596186372,49.05399701841663,41.247864470047354,36.566073660613654,43.736216216216214,7.17014255560256
C5,Columba_G57930PW,Columba,15,104,77,0.7403846153846154,23,10.219803170242912,48.91484649581108,41.33938605184355,36.91007805618173,43.736216216216214,6.826138160034482
C5,Columba_G57930PW,Columba,16,104,77,0.7403846153846154,22,9.987768596186372,49.05399701841663,41.247864470047354,36.55272373983157,43.736216216216214,7.183492476384643
C5,Columba_G57930PW,Columba,17,104,77,0.7403846153846154,22,10.231282010746082,48.98442175711385,41.28967617334319,36.5682432075403,43.736216216216214,7.167973008675915
C5,Columba_G57930PW,Columba,18,104,77,0.7403846153846154,23,10.219803170242912,48.91484649581108,41.33938605184355,36.79168313304056,43.736216216216214,6.944533083175656
C5,Columba_G57930PW,Columba,19,104,77,0.7403846153846154,22,9.987768596186372,49.05399701841663,41.247864470047354,36.566073660613654,43.736216216216214,7.17014255560256
C5,Columba_G57930PW,Columba,20,104,77,0.7403846153846154,23,10.219803170242912,48.91484649581108,41.33938605184355,36.91007805618173,43.736216216216214,6.826138160034482
C5,Columba_G57930PW,Columba,21,104,77,0.7403846153846154,23,11.181108667683798,48.62770329527678,41.583198347926746,36.35815320282212,43.736216216216214,7.37806301339409
C5,Columba_G57930PW,Columba,22,104,77,0.7403846153846154,23,10.219803170242912,48.91484649581108,41.33938605184355,36.91007805618173,43.736216216216214,6.826138160034482
C5,Columba_G57930PW,Columba,23,104,77,0.7403846153846154,23,10.219803170242912,48.91484649581108,41.33938605184355,36.91007805618173,43.736216216216214,6.826138160034482
C5,Columba_G57930PW,Columba,24,104,77,0.7403846153846154,23,10.6856549198354,48.77569597320553,41.44918471503431,36.33704170019,43.736216216216214,7.399174516026214
C5,Columba_G57930PW,Columba,25,104,77,0.7403846153846154,23,10.219803170242912,48.91484649581108,41.33938605184355,36.91007805618173,43.736216216216214,6.826138160034482
C5,Columba_G57930PW,Columba,26,104,77,0.7403846153846154,23,10.447918310549614,48.84670820714804,41.38874566664796,35.85570042577528,43.736216216216214,7.880515790440931
C5,Columba_G57930PW,Columba,27,104,77,0.7403846153846154,23,10.219803170242912,48.91484649581108,41.33938605184355,36.80503305382264,43.736216216216214,6.931183162393573
C5,Columba_G57930PW,Columba,28,104,77,0.7403846153846154,22,10.47479542530579,48.98442175711386,41.29966310290434,36.568243207540306,43.736216216216214,7.167973008675908
C5,Columba_G57930PW,Columba,29,104,77,0.7403846153846154,23,10.219803170242912,48.91484649581108,41.33938605184355,36.80503305382264,43.736216216216214,6.931183162393573
C5,Columba_G57930PW,Columba,30,104,77,0.7403846153846154,23,10.219803170242912,48.91484649581108,41.33938605184355,36.6732882098994,43.736216216216214,7.062928006316817
C5,Columba_G57930PW,Columba,31,104,77,0.7403846153846154,23,10.219803170242912,48.91484649581108,41.33938605184355,36.79168313304056,43.736216216216214,6.944533083175656
C5,Columba_G57930PW,Columba,32,104,77,0.7403846153846154,23,10.219803170242912,48.91484649581108,41.33938605184355,36.91007805618173,43.736216216216214,6.826138160034482
C5,Columba_G57930PW,Columba,33,104,77,0.7403846153846154,23,10.219803170242912,48.91484649581108,41.33938605184355,36.91007805618173,43.736216216216214,6.826138160034482
C5,Columba_G57930PW,Columba,34,104,77,0.7403846153846154,22,9.987768596186372,49.05399701841663,41.247864470047354,36.566073660613654,43.736216216216214,7.17014255560256
C5,Columba_G57930PW,Columba,35,104,77,0.7403846153846154,23,10.219803170242912,48.91484649581108,41.33938605184355,36.80503305382264,43.736216216216214,6.931183162393573
C5,Columba_G57930PW,Columba,36,104,77,0.7403846153846154,22,10.231282010746082,48.98442175711385,41.28967617334319,36.5682432075403,43.736216216216214,7.167973008675915
C5,Columba_G57930PW,Columba,37,104,77,0.7403846153846154,23,10.219803170242912,48.91484649581108,41.33938605184355,36.16391530503482,43.736216216216214,7.572300911181394
C5,Columba_G57930PW,Columba,38,104,77,0.7403846153846154,22,10.226252606507016,48.98585872975358,41.28872292973882,36.44425624947574,43.736216216216214,7.291959966740471
C5,Columba_G57930PW,Columba,39,104,77,0.7403846153846154,23,10.219803170242912,48.91484649581108,41.33938605184355,36.80503305382264,43.736216216216214,6.931183162393573
C5,Columba_G57930PW,Columba,40,104,77,0.7403846153846154,22,10.231282010746082,48.98442175711385,41.28967617334319,36.5682432075403,43.736216216216214,7.167973008675915
C5,Columba_G57930PW,Columba,41,104,77,0.7403846153846154,23,10.219803170242912,48.91484649581108,41.33938605184355,36.91007805618173,43.736216216216214,6.826138160034482
C5,Columba_G57930PW,Columba,42,104,77,0.7403846153846154,22,9.987768596186372,49.05399701841663,41.247864470047354,36.566073660613654,43.736216216216214,7.17014255560256
C5,Columba_G57930PW,Columba,43,104,77,0.7403846153846154,22,10.231282010746082,48.98442175711385,41.28967617334319,36.79168313304056,43.736216216216214,6.944533083175656
C5,Columba_G57930PW,Columba,44,104,77,0.7403846153846154,22,9.987768596186372,49.05399701841663,41.247864470047354,36.566073660613654,43.736216216216214,7.17014255560256
C5,Columba_G57930PW,Columba,45,104,77,0.7403846153846154,23,10.219803170242912,48.91484649581108,41.33938605184355,36.6732882098994,43.736216216216214,7.062928006316817
C5,Columba_G57930PW,Columba,46,104,77,0.7403846153846154,22,10.231282010746082,48.98442175711385,41.28967617334319,36.79168313304056,43.736216216216214,6.944533083175656
C5,Columba_G57930PW,Columba,47,104,77,0.7403846153846154,22,10.469766021066725,48.916283468450814,41.33920982182816,36.19970482134336,43.736216216216214,7.5365113948728535
C5,Columba_G57930PW,Columba,48,104,77,0.7403846153846154,23,10.219803170242912,48.91484649581108,41.33938605184355,36.91007805618173,43.736216216216214,6.826138160034482
C5,Columba_G57930PW,Columba,49,104,77,0.7403846153846154,23,10.219803170242912,48.91484649581108,41.33938605184355,36.91007805618173,43.736216216216214,6.826138160034482
C5,Columba_G57930PW,Columba,50,104,77,0.7403846153846154,23,11.181108667683798,48.62770329527678,41.583198347926746,36.35815320282212,43.736216216216214,7.37806301339409
C6,Columba_G59471TH,Columba,1,110,81,0.7363636363636363,23,9.660911252586086,49.307103548321244,40.878927456137255,36.935106669013955,40.55452380952381,3.619417140509853
C6,Columba_G59471TH,Columba,2,110,81,0.7363636363636363,23,9.89383712738233,49.240964102391445,40.928103896845684,32.75742304145555,40.55452380952381,7.797100768068255
C6,Columba_G59471TH,Columba,3,110,81,0.7363636363636363,23,9.89383712738233,49.240964102391445,40.928103896845684,34.36606173671853,40.55452380952381,6.1884620728052795
C6,Columba_G59471TH,Columba,4,110,81,0.7363636363636363,23,9.660911252586086,49.307103548321244,40.878927456137255,36.935106669013955,40.55452380952381,3.619417140509853
C6,Columba_G59471TH,Columba,5,110,81,0.7363636363636363,22,9.618672099272446,49.449153956886335,40.80211109243681,35.90747034919468,40.55452380952381,4.647053460329126
C6,Columba_G59471TH,Columba,6,110,81,0.7363636363636363,22,9.618672099272446,49.805067703568135,40.78320680758439,36.682177044473434,40.55452380952381,3.8723467650503736
C6,Columba_G59471TH,Columba,7,110,81,0.7363636363636363,23,9.660911252586086,49.307103548321244,40.878927456137255,34.22946905805163,40.55452380952381,6.32505475147218
C6,Columba_G59471TH,Columba,8,110,81,0.7363636363636363,22,9.618672099272446,49.805067703568135,40.78320680758439,36.47928922099342,40.55452380952381,4.075234588530385
C6,Columba_G59471TH,Columba,9,110,81,0.7363636363636363,22,9.618672099272446,49.513927391788236,40.78017813326097,36.74847218928655,40.55452380952381,3.8060516202372554
C6,Columba_G59471TH,Columba,10,110,81,0.7363636363636363,22,9.618672099272446,49.805067703568135,40.78320680758439,36.09546702349668,40.55452380952381,4.459056786027126
C6,Columba_G59471TH,Columba,11,110,81,0.7363636363636363,23,9.89383712738233,49.240964102391445,40.928103896845684,34.36606173671853,40.55452380952381,6.1884620728052795
C6,Columba_G59471TH,Columba,12,110,81,0.7363636363636363,23,9.427985377789842,49.373242994251044,40.83826195550606,35.40731497573552,40.55452380952381,5.147208833788291
C6,Columba_G59471TH,Columba,13,110,81,0.7363636363636363,23,9.660911252586086,49.307103548321244,40.878927456137255,34.22946905805163,40.55452380952381,6.32505475147218
C6,Columba_G59471TH,Columba,14,110,81,0.7363636363636363,23,9.660911252586086,49.307103548321244,40.878927456137255,34.22946905805163,40.55452380952381,6.32505475147218
C6,Columba_G59471TH,Columba,15,110,81,0.7363636363636363,23,9.427985377789842,49.373242994251044,40.83826195550606,35.655818724545654,40.55452380952381,4.898705084978154
C6,Columba_G59471TH,Columba,16,110,81,0.7363636363636363,23,9.89383712738233,49.240964102391445,40.928103896845684,32.46934276503255,40.55452380952381,8.085181044491257
C6,Columba_G59471TH,Columba,17,110,81,0.7363636363636363,23,9.660911252586086,49.307103548321244,40.878927456137255,34.72741526355679,40.55452380952381,5.827108545967015
C6,Columba_G59471TH,Columba,18,110,81,0.7363636363636363,23,9.427985377789842,49.373242994251044,40.83826195550606,36.896468849285974,40.55452380952381,3.658054960237834
C6,Columba_G59471TH,Columba,19,110,81,0.7363636363636363,22,9.618672099272446,49.805067703568135,40.78320680758439,36.60005204259742,40.55452380952381,3.954471766926389
C6,Columba_G59471TH,Columba,20,110,81,0.7363636363636363,23,9.427985377789842,49.373242994251044,40.83826195550606,36.046619027644546,40.55452380952381,4.507904781879262
C6,Columba_G59471TH,Columba,21,110,81,0.7363636363636363,23,9.660911252586086,49.307103548321244,40.878927456137255,34.22946905805163,40.55452380952381,6.32505475147218
C6,Columba_G59471TH,Columba,22,110,81,0.7363636363636363,22,9.618672099272446,49.805067703568135,40.78320680758439,36.60005204259742,40.55452380952381,3.954471766926389
C6,Columba_G59471TH,Columba,23,110,81,0.7363636363636363,22,9.618672099272446,49.805067703568135,40.78320680758439,36.47928922099342,40.55452380952381,4.075234588530385
C6,Columba_G59471TH,Columba,24,110,81,0.7363636363636363,22,9.618672099272446,49.44778794585844,40.802662081063325,34.37525278018587,40.55452380952381,6.17927102933794
C6,Columba_G59471TH,Columba,25,110,81,0.7363636363636363,23,9.89383712738233,49.240964102391445,40.928103896845684,34.36606173671853,40.55452380952381,6.1884620728052795
C6,Columba_G59471TH,Columba,26,110,81,0.7363636363636363,22,9.618672099272446,49.805067703568135,40.78320680758439,36.60005204259742,40.55452380952381,3.954471766926389
C6,Columba_G59471TH,Columba,27,110,81,0.7363636363636363,23,9.89383712738233,49.240964102391445,40.928103896845684,32.46934276503255,40.55452380952381,8.085181044491257
C6,Columba_G59471TH,Columba,28,110,81,0.7363636363636363,22,9.618672099272446,49.449153956886335,40.80211109243681,35.90747034919468,40.55452380952381,4.647053460329126
C6,Columba_G59471TH,Columba,29,110,81,0.7363636363636363,23,9.427985377789842,49.373242994251044,40.83826195550606,36.046619027644546,40.55452380952381,4.507904781879262
C6,Columba_G59471TH,Columba,30,110,81,0.7363636363636363,23,9.89383712738233,49.240964102391445,40.928103896845684,32.46934276503255,40.55452380952381,8.085181044491257
C6,Columba_G59471TH,Columba,31,110,81,0.7363636363636363,23,9.427985377789842,49.373242994251044,40.83826195550606,35.51446087814179,40.55452380952381,5.0400629313820176
C6,Columba_G59471TH,Columba,32,110,81,0.7363636363636363,23,9.660911252586086,49.307103548321244,40.878927456137255,36.935106669013955,40.55452380952381,3.619417140509853
C6,Columba_G59471TH,Columba,33,110,81,0.7363636363636363,23,9.89383712738233,49.240964102391445,40.928103896845684,32.86678188172701,40.55452380952381,7.6877419277968
C6,Columba_G59471TH,Columba,34,110,81,0.7363636363636363,22,9.618672099272446,49.44778794585844,40.802662081063325,34.37525278018587,40.55452380952381,6.17927102933794
C6,Columba_G59471TH,Columba,35,110,81,0.7363636363636363,22,9.618672099272446,49.805067703568135,40.78320680758439,36.47928922099342,40.55452380952381,4.075234588530385
C6,Columba_G59471TH,Columba,36,110,81,0.7363636363636363,23,9.660911252586086,49.307103548321244,40.878927456137255,34.22946905805163,40.55452380952381,6.32505475147218
C6,Columba_G59471TH,Columba,37,110,81,0.7363636363636363,23,9.427985377789842,49.373242994251044,40.83826195550606,35.655818724545654,40.55452380952381,4.898705084978154
C6,Columba_G59471TH,Columba,38,110,81,0.7363636363636363,23,9.660911252586086,49.307103548321244,40.878927456137255,36.935106669013955,40.55452380952381,3.619417140509853
C6,Columba_G59471TH,Columba,39,110,81,0.7363636363636363,23,9.660911252586086,49.307103548321244,40.878927456137255,36.935106669013955,40.55452380952381,3.619417140509853
C6,Columba_G59471TH,Columba,40,110,81,0.7363636363636363,22,9.618672099272446,49.513927391788236,40.78017813326097,36.98999783249453,40.55452380952381,3.5645259770292768
C6,Columba_G59471TH,Columba,41,110,81,0.7363636363636363,22,9.618672099272446,49.805067703568135,40.78320680758439,36.60005204259742,40.55452380952381,3.954471766926389
C6,Columba_G59471TH,Columba,42,110,81,0.7363636363636363,22,9.618672099272446,49.805067703568135,40.78320680758439,36.47928922099342,40.55452380952381,4.075234588530385
C6,Columba_G59471TH,Columba,43,110,81,0.7363636363636363,22,9.618672099272446,49.381648499928644,40.83370477230363,35.28782638411181,40.55452380952381,5.266697425411998
C6,Columba_G59471TH,Columba,44,110,81,0.7363636363636363,23,9.660911252586086,49.307103548321244,40.878927456137255,36.48848026446076,40.55452380952381,4.066043545063046
C6,Columba_G59471TH,Columba,45,110,81,0.7363636363636363,22,9.618672099272446,49.805067703568135,40.78320680758439,36.09546702349668,40.55452380952381,4.459056786027126
C6,Columba_G59471TH,Columba,46,110,81,0.7363636363636363,23,9.89383712738233,49.240964102391445,40.928103896845684,32.75742304145555,40.55452380952381,7.797100768068255
C6,Columba_G59471TH,Columba,47,110,81,0.7363636363636363,22,9.618672099272446,49.805067703568135,40.78320680758439,36.60005204259742,40.55452380952381,3.954471766926389
C6,Columba_G59471TH,Columba,48,110,81,0.7363636363636363,22,9.618672099272446,49.449153956886335,40.80211109243681,35.90747034919468,40.55452380952381,4.647053460329126
C6,Columba_G59471TH,Columba,49,110,81,0.7363636363636363,23,10.359688876974817,49.108685210531846,41.05186196109152,36.12048792402694,40.55452380952381,4.4340358854968684
C6,Columba_G59471TH,Columba,50,110,81,0.7363636363636363,22,9.618672099272446,49.805067703568135,40.78320680758439,34.39679028278182,40.55452380952381,6.1577335267419855
C7,Columba_G64411TU,Columba,1,105,79,0.7523809523809524,22,9.737374896494792,48.01669782706071,40.052946966086154,37.886500419281504,44.13809523809524,6.251594818813736
C7,Columba_G64411TU,Columba,2,105,79,0.7523809523809524,22,9.768322440125973,48.08451168934315,40.16056284601462,37.666931652728785,44.13809523809524,6.471163585366455
C7,Columba_G64411TU,Columba,3,105,79,0.7523809523809524,22,10.011835854685682,48.2879532761905,40.655393083494914,38.15395848184821,44.13809523809524,5.9841367562470325
C7,Columba_G64411TU,Columba,4,105,79,0.7523809523809524,22,9.737374896494792,48.01669782706071,40.052946966086154,37.886500419281504,44.13809523809524,6.251594818813736
C7,Columba_G64411TU,Columba,5,105,79,0.7523809523809524,23,9.761320102693244,48.2879532761905,40.663377254213906,37.94475697105234,44.13809523809524,6.193338267042897
C7,Columba_G64411TU,Columba,6,105,79,0.7523809523809524,22,10.011835854685682,47.94026566148855,40.09761314200521,37.57989354266175,44.13809523809524,6.558201695433489
C7,Columba_G64411TU,Columba,7,105,79,0.7523809523809524,22,10.011835854685682,47.94026566148855,40.09761314200521,37.57989354266175,44.13809523809524,6.558201695433489
C7,Columba_G64411TU,Columba,8,105,79,0.7523809523809524,23,9.959833244744035,48.22154000749362,40.68043680099152,38.144749616982544,44.13809523809524,5.993345621112695
C7,Columba_G64411TU,Columba,9,105,79,0.7523809523809524,22,10.011835854685682,48.2879532761905,40.655393083494914,38.15395848184821,44.13809523809524,5.9841367562470325
C7,Columba_G64411TU,Columba,10,105,79,0.7523809523809524,22,9.768322440125973,48.423581000755405,40.75003893352766,38.46690909083356,44.13809523809524,5.671186147261679
C7,Columba_G64411TU,Columba,11,105,79,0.7523809523809524,24,10.402443879440108,47.96498800732253,40.89939472107658,36.06565845000208,44.13809523809524,8.072436788093157
C7,Columba_G64411TU,Columba,12,105,79,0.7523809523809524,22,10.255349269245391,48.28795327619051,40.83919248550993,38.16633749930068,44.13809523809524,5.971757738794558
C7,Columba_G64411TU,Columba,13,105,79,0.7523809523809524,23,9.761320102693244,48.35576713847296,40.798201195245525,38.36950372500967,44.13809523809524,5.768591513085568
C7,Columba_G64411TU,Columba,14,105,79,0.7523809523809524,22,10.011835854685682,48.00807952377101,40.18859759299757,37.666931652728785,44.13809523809524,6.471163585366455
C7,Columba_G64411TU,Columba,15,105,79,0.7523809523809524,22,10.011835854685682,48.2879532761905,40.655393083494914,38.15395848184821,44.13809523809524,5.9841367562470325
C7,Columba_G64411TU,Columba,16,105,79,0.7523809523809524,22,9.768322440125973,48.423581000755405,40.75003893352766,38.46690909083356,44.13809523809524,5.671186147261679
C7,Columba_G64411TU,Columba,17,105,79,0.7523809523809524,22,10.011835854685682,48.00807952377101,40.18859759299757,37.666931652728785,44.13809523809524,6.471163585366455
C7,Columba_G64411TU,Columba,18,105,79,0.7523809523809524,23,9.594993340783054,47.948883964778254,39.97075844276643,37.689677925938106,44.13809523809524,6.448417312157133
C7,Columba_G64411TU,Columba,19,105,79,0.7523809523809524,22,10.011835854685682,48.2879532761905,40.655393083494914,38.15395848184821,44.13809523809524,5.9841367562470325
C7,Columba_G64411TU,Columba,20,105,79,0.7523809523809524,22,10.011835854685682,48.2879532761905,40.655393083494914,38.15395848184821,44.13809523809524,5.9841367562470325
C7,Columba_G64411TU,Columba,21,105,79,0.7523809523809524,22,9.768322440125973,48.423581000755405,40.75003893352766,38.46690909083356,44.13809523809524,5.671186147261679
C7,Columba_G64411TU,Columba,22,105,79,0.7523809523809524,22,10.011835854685682,47.94026566148855,40.09761314200521,37.57989354266175,44.13809523809524,6.558201695433489
C7,Columba_G64411TU,Columba,23,105,79,0.7523809523809524,23,9.761320102693244,48.2879532761905,40.663377254213906,38.0545413543287,44.13809523809524,6.083553883766541
C7,Columba_G64411TU,Columba,24,105,79,0.7523809523809524,22,10.011835854685682,47.94026566148855,40.09761314200521,37.57989354266175,44.13809523809524,6.558201695433489
C7,Columba_G64411TU,Columba,25,105,79,0.7523809523809524,22,9.737374896494792,48.01669782706071,40.052946966086154,37.886500419281504,44.13809523809524,6.251594818813736
C7,Columba_G64411TU,Columba,26,105,79,0.7523809523809524,22,10.011835854685682,48.2879532761905,40.655393083494914,38.15395848184821,44.13809523809524,5.9841367562470325
C7,Columba_G64411TU,Columba,27,105,79,0.7523809523809524,22,9.763293035886905,48.21292170420392,40.35562036292735,37.95396240872602,44.13809523809524,6.184132829369219
C7,Columba_G64411TU,Columba,28,105,79,0.7523809523809524,22,10.011835854685682,48.2879532761905,40.655393083494914,38.15395848184821,44.13809523809524,5.9841367562470325
C7,Columba_G64411TU,Columba,29,105,79,0.7523809523809524,23,9.594993340783054,47.948883964778254,39.97075844276643,37.689677925938106,44.13809523809524,6.448417312157133
C7,Columba_G64411TU,Columba,30,105,79,0.7523809523809524,22,9.763293035886905,48.21292170420392,40.35562036292735,37.95396240872602,44.13809523809524,6.184132829369219
C7,Columba_G64411TU,Columba,31,105,79,0.7523809523809524,23,9.761320102693244,48.35576713847296,40.798201195245525,38.36950372500967,44.13809523809524,5.768591513085568
C7,Columba_G64411TU,Columba,32,105,79,0.7523809523809524,25,10.297458377374442,47.56672313691752,39.93238812354855,36.80103560397041,44.13809523809524,7.337059634124827
C7,Columba_G64411TU,Columba,33,105,79,0.7523809523809524,22,10.011835854685682,48.2879532761905,40.655393083494914,38.15395848184821,44.13809523809524,5.9841367562470325
C7,Columba_G64411TU,Columba,34,105,79,0.7523809523809524,22,10.011835854685682,48.00807952377101,40.18859759299757,37.666931652728785,44.13809523809524,6.471163585366455
C7,Columba_G64411TU,Columba,35,105,79,0.7523809523809524,22,10.255349269245391,48.28795327619051,40.83919248550993,38.16633749930068,44.13809523809524,5.971757738794558
C7,Columba_G64411TU,Columba,36,105,79,0.7523809523809524,23,9.594993340783054,47.948883964778254,39.97075844276643,37.689677925938106,44.13809523809524,6.448417312157133
C7,Columba_G64411TU,Columba,37,105,79,0.7523809523809524,23,9.994245977489488,48.08451168934315,40.459090493001675,37.666931652728785,44.13809523809524,6.471163585366455
C7,Columba_G64411TU,Columba,38,105,79,0.7523809523809524,22,10.011835854685682,48.00807952377101,40.18859759299757,37.67729890848563,44.13809523809524,6.460796329609607
C7,Columba_G64411TU,Columba,39,105,79,0.7523809523809524,23,9.594993340783054,47.948883964778254,39.97075844276643,37.689677925938106,44.13809523809524,6.448417312157133
C7,Columba_G64411TU,Columba,40,105,79,0.7523809523809524,22,10.011835854685682,48.2879532761905,40.655393083494914,38.15395848184821,44.13809523809524,5.9841367562470325
C7,Columba_G64411TU,Columba,41,105,79,0.7523809523809524,23,9.761320102693244,48.423581000755405,40.941343311182415,38.02978331942375,44.13809523809524,6.10831191867149
C7,Columba_G64411TU,Columba,42,105,79,0.7523809523809524,22,9.737374896494792,48.01669782706071,40.052946966086154,37.886500419281504,44.13809523809524,6.251594818813736
C7,Columba_G64411TU,Columba,43,105,79,0.7523809523809524,22,10.011835854685682,48.00807952377101,40.18859759299757,37.67729890848563,44.13809523809524,6.460796329609607
C7,Columba_G64411TU,Columba,44,105,79,0.7523809523809524,23,9.594993340783054,47.948883964778254,39.97075844276643,37.689677925938106,44.13809523809524,6.448417312157133
C7,Columba_G64411TU,Columba,45,105,79,0.7523809523809524,23,9.761320102693244,48.2879532761905,40.663377254213906,37.94475697105234,44.13809523809524,6.193338267042897
C7,Columba_G64411TU,Columba,46,105,79,0.7523809523809524,23,9.887123212091124,47.93164735819886,39.966375320676676,38.056553116024325,44.13809523809524,6.081542122070914
C7,Columba_G64411TU,Columba,47,105,79,0.7523809523809524,24,9.875462606552876,47.79601963363396,40.05367669481342,37.12837699210385,44.13809523809524,7.009718245991387
C7,Columba_G64411TU,Columba,48,105,79,0.7523809523809524,22,9.768322440125973,48.423581000755405,40.75003893352766,38.46690909083356,44.13809523809524,5.671186147261679
C7,Columba_G64411TU,Columba,49,105,79,0.7523809523809524,23,10.227171852285732,48.22013941390806,40.88702478381831,38.16633749930068,44.13809523809524,5.971757738794558
C7,Columba_G64411TU,Columba,50,105,79,0.7523809523809524,23,9.761320102693244,48.35576713847296,40.798201195245525,38.36950372500967,44.13809523809524,5.768591513085568
C8,Columba_G74645FT,Columba,1,110,80,0.7272727272727273,22,9.777662591153957,49.23968962418654,40.6222022400374,36.41083479434663,42.64439024390244,6.233555449555816
C8,Columba_G74645FT,Columba,2,110,80,0.7272727272727273,22,9.702099815607575,49.32862497061702,40.674460215384215,36.84173682821966,42.64439024390244,5.802653415682784
C8,Columba_G74645FT,Columba,3,110,80,0.7272727272727273,23,9.50182017086993,49.25314820711452,40.667013787292696,36.92788404080774,42.64439024390244,5.716506203094703
C8,Columba_G74645FT,Columba,4,110,80,0.7272727272727273,23,9.50182017086993,49.25314820711452,40.667013787292696,36.62255324355868,42.64439024390244,6.021837000343766
C8,Columba_G74645FT,Columba,5,110,80,0.7272727272727273,21,9.694234631628259,49.395591159620935,40.62515255451644,36.736480433751126,42.64439024390244,5.907909810151317
C8,Columba_G74645FT,Columba,6,110,80,0.7272727272727273,22,9.702099815607575,49.32862497061702,40.674460215384215,36.738568110982435,42.64439024390244,5.905822132920008
C8,Columba_G74645FT,Columba,7,110,80,0.7272727272727273,23,10.026875916974241,49.10219468010953,40.73628718755213,37.03972355376888,42.64439024390244,5.604666690133563
C8,Columba_G74645FT,Columba,8,110,80,0.7272727272727273,22,9.702099815607575,49.32862497061702,40.674460215384215,36.736480433751126,42.64439024390244,5.907909810151317
C8,Columba_G74645FT,Columba,9,110,80,0.7272727272727273,22,9.702099815607575,49.32862497061702,40.674460215384215,36.738568110982435,42.64439024390244,5.905822132920008
C8,Columba_G74645FT,Columba,10,110,80,0.7272727272727273,22,9.702099815607575,49.32862497061702,40.674460215384215,36.9535763411808,42.64439024390244,5.690813902721644
C8,Columba_G74645FT,Columba,11,110,80,0.7272727272727273,23,9.50182017086993,49.25314820711452,40.667013787292696,36.624640920789986,42.64439024390244,6.019749323112457
C8,Columba_G74645FT,Columba,12,110,80,0.7272727272727273,22,9.702099815607575,49.32862497061702,40.674460215384215,36.84173682821966,42.64439024390244,5.802653415682784
C8,Columba_G74645FT,Columba,13,110,80,0.7272727272727273,22,9.702099815607575,49.32862497061702,40.674460215384215,36.738568110982435,42.64439024390244,5.905822132920008
C8,Columba_G74645FT,Columba,14,110,80,0.7272727272727273,22,9.702099815607575,49.32862497061702,40.674460215384215,36.738568110982435,42.64439024390244,5.905822132920008
C8,Columba_G74645FT,Columba,15,110,80,0.7272727272727273,22,9.702099815607575,49.32862497061702,40.674460215384215,36.738568110982435,42.64439024390244,5.905822132920008
C8,Columba_G74645FT,Columba,16,110,80,0.7272727272727273,22,9.702099815607575,49.32862497061702,40.674460215384215,36.736480433751126,42.64439024390244,5.907909810151317
C8,Columba_G74645FT,Columba,17,110,80,0.7272727272727273,22,9.702099815607575,49.32862497061702,40.674460215384215,36.736480433751126,42.64439024390244,5.907909810151317
C8,Columba_G74645FT,Columba,18,110,80,0.7272727272727273,22,9.702099815607575,49.32862497061702,40.674460215384215,36.84173682821966,42.64439024390244,5.802653415682784
C8,Columba_G74645FT,Columba,19,110,80,0.7272727272727273,22,9.503201632963068,49.31516638768904,40.617727874039744,36.729011741782216,42.64439024390244,5.915378502120227
C8,Columba_G74645FT,Columba,20,110,80,0.7272727272727273,22,9.702099815607575,49.32862497061702,40.674460215384215,36.84173682821966,42.64439024390244,5.802653415682784
C8,Columba_G74645FT,Columba,21,110,80,0.7272727272727273,22,9.777662591153957,49.23968962418654,40.6222022400374,36.41083479434663,42.64439024390244,6.233555449555816
C8,Columba_G74645FT,Columba,22,110,80,0.7272727272727273,22,9.702099815607575,49.32862497061702,40.674460215384215,36.9535763411808,42.64439024390244,5.690813902721644
C8,Columba_G74645FT,Columba,23,110,80,0.7272727272727273,21,9.694234631628259,49.395591159620935,40.62515255451644,36.736480433751126,42.64439024390244,5.907909810151317
C8,Columba_G74645FT,Columba,24,110,80,0.7272727272727273,22,9.702099815607575,49.32862497061702,40.674460215384215,36.74932658393765,42.64439024390244,5.895063659964791
C8,Columba_G74645FT,Columba,25,110,80,0.7272727272727273,22,9.702099815607575,49.32862497061702,40.674460215384215,36.74932658393765,42.64439024390244,5.895063659964791
C8,Columba_G74645FT,Columba,26,110,80,0.7272727272727273,22,9.702099815607575,49.32862497061702,40.674460215384215,36.738568110982435,42.64439024390244,5.905822132920008
C8,Columba_G74645FT,Columba,27,110,80,0.7272727272727273,21,9.694234631628259,49.395591159620935,40.62515255451644,37.056745058418024,42.64439024390244,5.587645185484419
C8,Columba_G74645FT,Columba,28,110,80,0.7272727272727273,22,9.702099815607575,49.32862497061702,40.674460215384215,36.84173682821966,42.64439024390244,5.802653415682784
C8,Columba_G74645FT,Columba,29,110,80,0.7272727272727273,23,9.519030634972205,49.24820019868512,40.66691210190085,36.51400351158385,42.64439024390244,6.130386732318591
C8,Columba_G74645FT,Columba,30,110,80,0.7272727272727273,22,9.702099815607575,49.32862497061702,40.674460215384215,36.738568110982435,42.64439024390244,5.905822132920008
C8,Columba_G74645FT,Columba,31,110,80,0.7272727272727273,22,9.702099815607575,49.32862497061702,40.674460215384215,36.74932658393765,42.64439024390244,5.895063659964791
C8,Columba_G74645FT,Columba,32,110,80,0.7272727272727273,22,9.777662591153957,49.23968962418654,40.6222022400374,36.41083479434663,42.64439024390244,6.233555449555816
C8,Columba_G74645FT,Columba,33,110,80,0.7272727272727273,21,9.694234631628259,49.395591159620935,40.62515255451644,37.056745058418024,42.64439024390244,5.587645185484419
C8,Columba_G74645FT,Columba,34,110,80,0.7272727272727273,22,9.702099815607575,49.32862497061702,40.674460215384215,36.736480433751126,42.64439024390244,5.907909810151317
C8,Columba_G74645FT,Columba,35,110,80,0.7272727272727273,22,9.702099815607575,49.32862497061702,40.674460215384215,36.84173682821966,42.64439024390244,5.802653415682784
C8,Columba_G74645FT,Columba,36,110,80,0.7272727272727273,23,10.044086381076516,49.097246671680125,40.68666368614845,36.1614634680513,42.64439024390244,6.482926775851141
C8,Columba_G74645FT,Columba,37,110,80,0.7272727272727273,22,9.702099815607575,49.32862497061702,40.674460215384215,36.83964915098835,42.64439024390244,5.804741092914092
C8,Columba_G74645FT,Columba,38,110,80,0.7272727272727273,22,9.702099815607575,49.32862497061702,40.674460215384215,36.738568110982435,42.64439024390244,5.905822132920008
C8,Columba_G74645FT,Columba,39,110,80,0.7272727272727273,22,9.702099815607575,49.32862497061702,40.674460215384215,36.736480433751126,42.64439024390244,5.907909810151317
C8,Columba_G74645FT,Columba,40,110,80,0.7272727272727273,23,9.519030634972205,49.24820019868512,40.66691210190085,36.51400351158385,42.64439024390244,6.130386732318591
C8,Columba_G74645FT,Columba,41,110,80,0.7272727272727273,22,9.702099815607575,49.32862497061702,40.674460215384215,36.736480433751126,42.64439024390244,5.907909810151317
C8,Columba_G74645FT,Columba,42,110,80,0.7272727272727273,21,9.694234631628259,49.395591159620935,40.62515255451644,36.736480433751126,42.64439024390244,5.907909810151317
C8,Columba_G74645FT,Columba,43,110,80,0.7272727272727273,21,9.694234631628259,49.395591159620935,40.62515255451644,37.056745058418024,42.64439024390244,5.587645185484419
C8,Columba_G74645FT,Columba,44,110,80,0.7272727272727273,22,9.702099815607575,49.32862497061702,40.674460215384215,36.84173682821966,42.64439024390244,5.802653415682784
C8,Columba_G74645FT,Columba,45,110,80,0.7272727272727273,23,9.519030634972205,49.24820019868512,40.66691210190085,36.51400351158385,42.64439024390244,6.130386732318591
C8,Columba_G74645FT,Columba,46,110,80,0.7272727272727273,22,9.702099815607575,49.32862497061702,40.674460215384215,36.738568110982435,42.64439024390244,5.905822132920008
C8,Columba_G74645FT,Columba,47,110,80,0.7272727272727273,22,9.702099815607575,49.32862497061702,40.674460215384215,36.736480433751126,42.64439024390244,5.907909810151317
C8,Columba_G74645FT,Columba,48,110,80,0.7272727272727273,22,9.702099815607575,49.32862497061702,40.674460215384215,36.74932658393765,42.64439024390244,5.895063659964791
C8,Columba_G74645FT,Columba,49,110,80,0.7272727272727273,23,9.764348043922086,49.17767144361203,40.73281362167912,36.915037890621214,42.64439024390244,5.729352353281229
C8,Columba_G74645FT,Columba,50,110,80,0.7272727272727273,22,9.702099815607575,49.32862497061702,40.674460215384215,36.83964915098835,42.64439024390244,5.804741092914092
C9,Columba_G75051CY,Columba,1,107,79,0.7383177570093458,24,9.686632948132827,48.99227767028762,40.764944478319784,37.577517006128815,42.26274509803921,4.685228091910396
C9,Columba_G75051CY,Columba,2,107,79,0.7383177570093458,23,9.767348614334855,49.28076972599681,40.65012704339927,37.379169006984974,42.26274509803921,4.883576091054238
C9,Columba_G75051CY,Columba,3,107,79,0.7383177570093458,24,9.686632948132827,49.14514200143191,40.76950268108098,37.78327713710116,42.26274509803921,4.479467960938052
C9,Columba_G75051CY,Columba,4,107,79,0.7383177570093458,24,10.356294838172026,48.71240391786812,40.95520741664134,37.21911904912236,42.26274509803921,5.043626048916849
C9,Columba_G75051CY,Columba,5,107,79,0.7383177570093458,25,10.284314159104296,48.62234280755877,40.952470495841744,36.99777763200521,42.26274509803921,5.264967466034001
C9,Columba_G75051CY,Columba,6,107,79,0.7383177570093458,23,9.767348614334855,49.21295586371436,40.72796340363093,37.978055881623725,42.26274509803921,4.284689216415487
C9,Columba_G75051CY,Columba,7,107,79,0.7383177570093458,25,10.088948066895755,48.848031642433014,40.74400185840823,37.057284463949124,42.26274509803921,5.2054606340900875
C9,Columba_G75051CY,Columba,8,107,79,0.7383177570093458,24,9.70825386859977,49.13652369814221,40.688806547276904,36.796275879203954,42.26274509803921,5.4664692188352575
C9,Columba_G75051CY,Columba,9,107,79,0.7383177570093458,24,9.989608880606292,48.8121530636492,40.811820571659005,36.08008902879906,42.26274509803921,6.182656069240153
C9,Columba_G75051CY,Columba,10,107,79,0.7383177570093458,23,9.767348614334855,49.21295586371436,40.72796340363093,37.32776343041938,42.26274509803921,4.93498166761983
C9,Columba_G75051CY,Columba,11,107,79,0.7383177570093458,24,9.686632948132827,49.14514200143191,40.76950268108098,37.78327713710116,42.26274509803921,4.479467960938052
C9,Columba_G75051CY,Columba,12,107,79,0.7383177570093458,24,9.686632948132827,49.068709835859764,40.76163462459187,37.76131436420161,42.26274509803921,4.501430733837601
C9,Columba_G75051CY,Columba,13,107,79,0.7383177570093458,24,9.989608880606292,48.8121530636492,40.811820571659005,36.08008902879906,42.26274509803921,6.182656069240153
C9,Columba_G75051CY,Columba,14,107,79,0.7383177570093458,24,9.686632948132827,49.14514200143191,40.76950268108098,37.78327713710116,42.26274509803921,4.479467960938052
C9,Columba_G75051CY,Columba,15,107,79,0.7383177570093458,23,9.767348614334855,49.13652369814221,40.72021460815571,37.8587037364629,42.26274509803921,4.404041361576311
C9,Columba_G75051CY,Columba,16,107,79,0.7383177570093458,24,9.686632948132827,49.068709835859764,40.76163462459187,37.76131436420161,42.26274509803921,4.501430733837601
C9,Columba_G75051CY,Columba,17,107,79,0.7383177570093458,24,9.686632948132827,49.14514200143191,40.76950268108098,37.78327713710116,42.26274509803921,4.479467960938052
C9,Columba_G75051CY,Columba,18,107,79,0.7383177570093458,25,10.058622142870407,48.693764331683425,40.91739917172624,36.75413192046454,42.26274509803921,5.508613177574674
C9,Columba_G75051CY,Columba,19,107,79,0.7383177570093458,23,9.767348614334855,49.21295586371436,40.72796340363093,37.978055881623725,42.26274509803921,4.284689216415487
C9,Columba_G75051CY,Columba,20,107,79,0.7383177570093458,23,9.767348614334855,49.50284851300912,40.67039585029928,37.49289364762794,42.26274509803921,4.769851450411274
C9,Columba_G75051CY,Columba,21,107,79,0.7383177570093458,25,10.257080320708859,48.63096111084847,40.98240343495793,36.824961660382186,42.26274509803921,5.437783437657025
C9,Columba_G75051CY,Columba,22,107,79,0.7383177570093458,23,9.767348614334855,49.21295586371436,40.72796340363093,37.978055881623725,42.26274509803921,4.284689216415487
C9,Columba_G75051CY,Columba,23,107,79,0.7383177570093458,24,9.686632948132827,49.14514200143191,40.76950268108098,37.78327713710116,42.26274509803921,4.479467960938052
C9,Columba_G75051CY,Columba,24,107,79,0.7383177570093458,24,9.686632948132827,49.14514200143191,40.76950268108098,37.78327713710116,42.26274509803921,4.479467960938052
C9,Columba_G75051CY,Columba,25,107,79,0.7383177570093458,23,9.767348614334855,49.13652369814221,40.72021460815571,37.673121751079464,42.26274509803921,4.589623346959748
C9,Columba_G75051CY,Columba,26,107,79,0.7383177570093458,23,9.767348614334855,49.21295586371436,40.72796340363093,37.956093108724176,42.26274509803921,4.306651989315036
C9,Columba_G75051CY,Columba,27,107,79,0.7383177570093458,24,9.989608880606292,48.8121530636492,40.811820571659005,36.08008902879906,42.26274509803921,6.182656069240153
C9,Columba_G75051CY,Columba,28,107,79,0.7383177570093458,25,10.088948066895755,48.76658883541337,40.74747971805986,37.21451914942732,42.26274509803921,5.048225948611893
C9,Columba_G75051CY,Columba,29,107,79,0.7383177570093458,25,9.874656262083212,48.99227767028761,40.702173152491845,36.70986789339244,42.26274509803921,5.552877204646769
C9,Columba_G75051CY,Columba,30,107,79,0.7383177570093458,23,9.767348614334855,49.21295586371436,40.72796340363093,37.956093108724176,42.26274509803921,4.306651989315036
C9,Columba_G75051CY,Columba,31,107,79,0.7383177570093458,25,10.058622142870407,48.693764331683425,40.91739917172624,36.75413192046454,42.26274509803921,5.508613177574674
C9,Columba_G75051CY,Columba,32,107,79,0.7383177570093458,23,9.767348614334855,49.13652369814221,40.72021460815571,37.673121751079464,42.26274509803921,4.589623346959748
C9,Columba_G75051CY,Columba,33,107,79,0.7383177570093458,25,10.3032398717083,48.69877497313092,40.80606701188538,36.953510564682155,42.26274509803921,5.309234533357056
C9,Columba_G75051CY,Columba,34,107,79,0.7383177570093458,24,9.989608880606292,48.8121530636492,40.811820571659005,36.08008902879906,42.26274509803921,6.182656069240153
C9,Columba_G75051CY,Columba,35,107,79,0.7383177570093458,23,9.767348614334855,49.13652369814221,40.72021460815571,37.673121751079464,42.26274509803921,4.589623346959748
C9,Columba_G75051CY,Columba,36,107,79,0.7383177570093458,24,9.70825386859977,49.13652369814221,40.688806547276904,36.796275879203954,42.26274509803921,5.4664692188352575
C9,Columba_G75051CY,Columba,37,107,79,0.7383177570093458,24,10.13307420815896,48.77520713870307,40.88924640685314,37.106148390716264,42.26274509803921,5.156596707322947
C9,Columba_G75051CY,Columba,38,107,79,0.7383177570093458,24,10.13307420815896,48.77520713870307,40.88924640685314,37.106148390716264,42.26274509803921,5.156596707322947
C9,Columba_G75051CY,Columba,39,107,79,0.7383177570093458,24,9.686632948132827,48.98225638739262,40.766207271621624,37.67311871082851,42.26274509803921,4.5896263872107
C9,Columba_G75051CY,Columba,40,107,79,0.7383177570093458,24,9.686632948132827,49.14514200143191,40.76950268108098,37.78327713710116,42.26274509803921,4.479467960938052
C9,Columba_G75051CY,Columba,41,107,79,0.7383177570093458,25,9.874656262083212,48.99227767028761,40.702173152491845,36.972661105448246,42.26274509803921,5.290083992590965
C9,Columba_G75051CY,Columba,42,107,79,0.7383177570093458,24,9.989608880606292,48.8121530636492,40.811820571659005,36.08008902879906,42.26274509803921,6.182656069240153
C9,Columba_G75051CY,Columba,43,107,79,0.7383177570093458,24,9.686632948132827,49.068709835859764,40.76163462459187,37.77229575065139,42.26274509803921,4.490449347387823
C9,Columba_G75051CY,Columba,44,107,79,0.7383177570093458,25,9.870230386352834,48.83580329128138,40.69668534256202,37.043487805114935,42.26274509803921,5.219257292924276
C9,Columba_G75051CY,Columba,45,107,79,0.7383177570093458,24,9.686632948132827,49.068709835859764,40.76163462459187,37.77229575065138,42.26274509803921,4.49044934738783
C9,Columba_G75051CY,Columba,46,107,79,0.7383177570093458,24,9.959843080274753,49.06009153257007,40.66082003749628,36.79806050651459,42.26274509803921,5.464684591524623
C9,Columba_G75051CY,Columba,47,107,79,0.7383177570093458,24,9.959843080274753,49.06009153257007,40.66082003749628,36.79806050651459,42.26274509803921,5.464684591524623
C9,Columba_G75051CY,Columba,48,107,79,0.7383177570093458,23,9.767348614334855,49.13652369814221,40.72021460815571,37.673121751079464,42.26274509803921,4.589623346959748
C9,Columba_G75051CY,Columba,49,107,79,0.7383177570093458,25,10.058622142870407,48.693764331683425,40.91739917172624,36.75413192046454,42.26274509803921,5.508613177574674
C9,Columba_G75051CY,Columba,50,107,79,0.7383177570093458,24,9.959843080274753,49.06009153257007,40.66082003749628,36.79806050651459,42.26274509803921,5.464684591524623
G1,Gallus_G80966KZ,Gallus,1,107,90,0.8411214953271028,24,10.065586780166369,51.32447843437675,41.98719873325124,34.47498955047791,36.74511627906977,2.270126728591862
G1,Gallus_G80966KZ,Gallus,2,107,90,0.8411214953271028,24,10.065586780166369,51.63723585128053,41.74778357466367,35.943079860763305,36.74511627906977,0.8020364183064643
G1,Gallus_G80966KZ,Gallus,3,107,90,0.8411214953271028,24,10.065586780166369,51.32447843437675,41.98719873325124,34.533159146366984,36.74511627906977,2.2119571327027856
G1,Gallus_G80966KZ,Gallus,4,107,90,0.8411214953271028,24,10.065586780166369,51.577710349943715,41.77740288206474,35.88608735948337,36.74511627906977,0.8590289195864003
G1,Gallus_G80966KZ,Gallus,5,107,90,0.8411214953271028,24,10.065586780166369,51.63723585128053,41.74778357466367,35.61932269563562,36.74511627906977,1.1257935834341524
G1,Gallus_G80966KZ,Gallus,6,107,90,0.8411214953271028,24,10.065586780166369,51.32447843437675,41.98719873325124,34.46892360296061,36.74511627906977,2.2761926761091615
G1,Gallus_G80966KZ,Gallus,7,107,90,0.8411214953271028,24,10.065586780166369,51.63723585128053,41.74778357466367,35.943079860763305,36.74511627906977,0.8020364183064643
G1,Gallus_G80966KZ,Gallus,8,107,90,0.8411214953271028,24,10.065586780166369,51.5181848486069,41.81454357671285,35.64969721762805,36.74511627906977,1.0954190614417172
G1,Gallus_G80966KZ,Gallus,9,107,90,0.8411214953271028,24,10.065586780166369,51.63723585128053,41.74778357466367,35.943079860763305,36.74511627906977,0.8020364183064643
G1,Gallus_G80966KZ,Gallus,10,107,90,0.8411214953271028,24,10.065586780166369,51.63723585128053,41.74778357466367,35.98350614239928,36.74511627906977,0.761610136670491
G1,Gallus_G80966KZ,Gallus,11,107,90,0.8411214953271028,24,10.065586780166369,51.5181848486069,41.81454357671285,35.140975777112416,36.74511627906977,1.6041405019573531
G1,Gallus_G80966KZ,Gallus,12,107,90,0.8411214953271028,24,10.065586780166369,51.63723585128053,41.74778357466367,35.53453512045905,36.74511627906977,1.2105811586107222
G1,Gallus_G80966KZ,Gallus,13,107,90,0.8411214953271028,24,10.065586780166369,51.63723585128053,41.74778357466367,35.61932269563562,36.74511627906977,1.1257935834341524
G1,Gallus_G80966KZ,Gallus,14,107,90,0.8411214953271028,24,10.065586780166369,51.5181848486069,41.81454357671285,35.64969721762805,36.74511627906977,1.0954190614417172
G1,Gallus_G80966KZ,Gallus,15,107,90,0.8411214953271028,24,10.065586780166369,51.63723585128053,41.74778357466367,35.61932269563562,36.74511627906977,1.1257935834341524
G1,Gallus_G80966KZ,Gallus,16,107,90,0.8411214953271028,24,10.065586780166369,51.5181848486069,41.81454357671285,35.64969721762805,36.74511627906977,1.0954190614417172
G1,Gallus_G80966KZ,Gallus,17,107,90,0.8411214953271028,24,10.065586780166369,51.577710349943715,41.77740288206474,35.84122675323805,36.74511627906977,0.9038895258317226
G1,Gallus_G80966KZ,Gallus,18,107,90,0.8411214953271028,24,10.065586780166369,51.5181848486069,41.81454357671285,35.64969721762805,36.74511627906977,1.0954190614417172
G1,Gallus_G80966KZ,Gallus,19,107,90,0.8411214953271028,24,10.065586780166369,51.63723585128053,41.74778357466367,35.41869524138563,36.74511627906977,1.3264210376841419
G1,Gallus_G80966KZ,Gallus,20,107,90,0.8411214953271028,24,10.065586780166369,51.45109439216023,41.86539516175406,35.47147667166181,36.74511627906977,1.273639607407958
G1,Gallus_G80966KZ,Gallus,21,107,90,0.8411214953271028,24,10.065586780166369,51.32447843437675,41.98719873325124,34.77118091113027,36.74511627906977,1.9739353679394966
G1,Gallus_G80966KZ,Gallus,22,107,90,0.8411214953271028,24,10.065586780166369,51.45109439216023,41.86539516175406,35.772102356923504,36.74511627906977,0.973013922146265
G1,Gallus_G80966KZ,Gallus,23,107,90,0.8411214953271028,24,10.065586780166369,51.63723585128053,41.74778357466367,35.61932269563562,36.74511627906977,1.1257935834341524
G1,Gallus_G80966KZ,Gallus,24,107,90,0.8411214953271028,24,10.065586780166369,51.45109439216023,41.86539516175406,35.47147667166181,36.74511627906977,1.273639607407958
G1,Gallus_G80966KZ,Gallus,25,107,90,0.8411214953271028,24,10.065586780166369,51.63723585128053,41.74778357466367,35.943079860763305,36.74511627906977,0.8020364183064643
G1,Gallus_G80966KZ,Gallus,26,107,90,0.8411214953271028,24,10.065586780166369,51.63723585128053,41.74778357466367,35.55508715222924,36.74511627906977,1.1900291268405283
G1,Gallus_G80966KZ,Gallus,27,107,91,0.8504672897196262,24,10.065586780166369,50.77543682432615,41.8959035869028,34.20732385112016,36.74511627906977,2.5377924279496114
G1,Gallus_G80966KZ,Gallus,28,107,90,0.8411214953271028,24,10.065586780166369,51.39156889082342,41.918462988963846,35.1998231549059,36.74511627906977,1.5452931241638694
G1,Gallus_G80966KZ,Gallus,29,107,90,0.8411214953271028,24,10.065586780166369,51.577710349943715,41.77740288206474,35.16175306776011,36.74511627906977,1.5833632113096598
G1,Gallus_G80966KZ,Gallus,30,107,90,0.8411214953271028,24,10.065586780166369,51.63723585128053,41.74778357466367,35.74055074032193,36.74511627906977,1.0045655387478405
G1,Gallus_G80966KZ,Gallus,31,107,90,0.8411214953271028,24,10.065586780166369,51.577710349943715,41.77740288206474,35.28646761186794,36.74511627906977,1.4586486672018282
G1,Gallus_G80966KZ,Gallus,32,107,90,0.8411214953271028,24,10.065586780166369,51.45109439216023,41.86539516175406,35.47147667166181,36.74511627906977,1.273639607407958
G1,Gallus_G80966KZ,Gallus,33,107,89,0.8317757009345794,25,10.065763308959713,51.840963640152744,41.93715387136742,33.75835282917992,36.74511627906977,2.9867634498898497
G1,Gallus_G80966KZ,Gallus,34,107,90,0.8411214953271028,24,10.065586780166369,51.577710349943715,41.77740288206474,35.92787121020008,36.74511627906977,0.8172450688696884
G1,Gallus_G80966KZ,Gallus,35,107,89,0.8317757009345794,25,10.065763308959713,51.840963640152744,41.93715387136742,33.75835282917992,36.74511627906977,2.9867634498898497
G1,Gallus_G80966KZ,Gallus,36,107,90,0.8411214953271028,24,10.065586780166369,51.32447843437675,41.98719873325124,34.47498955047791,36.74511627906977,2.270126728591862
G1,Gallus_G80966KZ,Gallus,37,107,90,0.8411214953271028,24,10.065586780166369,51.63723585128053,41.74778357466367,35.74055074032193,36.74511627906977,1.0045655387478405
G1,Gallus_G80966KZ,Gallus,38,107,90,0.8411214953271028,24,10.065586780166369,51.39156889082342,41.918462988963846,35.1998231549059,36.74511627906977,1.5452931241638694
G1,Gallus_G80966KZ,Gallus,39,107,91,0.8504672897196262,24,10.065586780166369,50.77543682432615,41.8959035869028,34.20732385112016,36.74511627906977,2.5377924279496114
G1,Gallus_G80966KZ,Gallus,40,107,90,0.8411214953271028,24,10.065586780166369,51.63723585128053,41.74778357466367,35.87766722274778,36.74511627906977,0.8674490563219877
G1,Gallus_G80966KZ,Gallus,41,107,90,0.8411214953271028,24,10.065586780166369,51.5181848486069,41.81454357671285,35.64969721762805,36.74511627906977,1.0954190614417172
G1,Gallus_G80966KZ,Gallus,42,107,90,0.8411214953271028,24,10.065586780166369,51.63723585128053,41.74778357466367,35.53453512045905,36.74511627906977,1.2105811586107222
G1,Gallus_G80966KZ,Gallus,43,107,90,0.8411214953271028,24,10.065586780166369,51.45109439216023,41.86539516175406,35.64969721762805,36.74511627906977,1.0954190614417172
G1,Gallus_G80966KZ,Gallus,44,107,90,0.8411214953271028,24,10.065586780166369,51.577710349943715,41.77740288206474,35.61207965350918,36.74511627906977,1.1330366255605924
G1,Gallus_G80966KZ,Gallus,45,107,90,0.8411214953271028,24,10.065586780166369,51.63723585128053,41.74778357466367,35.61932269563562,36.74511627906977,1.1257935834341524
G1,Gallus_G80966KZ,Gallus,46,107,90,0.8411214953271028,24,10.065586780166369,51.63723585128053,41.74778357466367,35.61932269563562,36.74511627906977,1.1257935834341524
G1,Gallus_G80966KZ,Gallus,47,107,90,0.8411214953271028,24,10.065586780166369,51.32447843437675,41.98719873325124,34.77118091113027,36.74511627906977,1.9739353679394966
G1,Gallus_G80966KZ,Gallus,48,107,90,0.8411214953271028,24,10.065586780166369,51.577710349943715,41.77740288206474,35.31919632307866,36.74511627906977,1.4259199559911124
G1,Gallus_G80966KZ,Gallus,49,107,90,0.8411214953271028,24,10.065586780166369,51.32447843437675,41.98719873325124,34.77118091113027,36.74511627906977,1.9739353679394966
G1,Gallus_G80966KZ,Gallus,50,107,90,0.8411214953271028,24,10.065586780166369,51.63723585128053,41.74778357466367,35.760650249065215,36.74511627906977,0.9844660300045547
